{"type":"FeatureCollection","bbox":[-81.32823,-18.350928,-68.652279,-0.038606],"metadata":{"fuente":"IDE-INEI https://ide.inei.gob.pe/files/{Departamento,Provincia,Distrito}.rar","descarga_last_modified":"2026-03-06","portal":"Límites departamental, provincial y distrital actualizados al 2023 (ide.inei.gob.pe)","atributo_fuente_gpkg":"V Censo Nacional Economico","crs":"EPSG:4326","rfc":"RFC 7946 (sin miembro crs; WGS84 implícito)","precision_decimales":6,"simplificacion_grados":0.005,"simplificacion_preview_grados":0.005,"capitales":"El GPKG no incluye capital. Departamento: sede oficial. Provincia: union por nombre con peru_capital_provincia.geojson (IDEP-2016). Distrito: NOM_CAP de peru_distrital_simple.geojson cuando el ubigeo coincide.","generado_por":"scripts/normalize_geojson.py","compatibilidad":"Los archivos de la raíz no se modifican. En el validado, NOMBDEP, FIRST_IDDP, NOMBPROV, FIRST_IDPR, NOMBDIST, IDDIST, IDDPTO, IDPROV y NOM_CAP se conservan como alias.","variante":"preview"},"features":[{"type":"Feature","id":"0101","properties":{"ubigeo":"0101","nombre_departamento":"amazonas","nombre_provincia":"chachapoyas","nombre_distrito":"","capital":"chachapoyas"},"geometry":{"type":"Polygon","coordinates":[[[-77.72614,-5.94354],[-77.74483,-5.94494],[-77.769868,-5.966514],[-77.788105,-6.028092],[-77.80614,-6.03154],[-77.80781,-6.08093],[-77.78938,-6.1229],[-77.84145,-6.12865],[-77.87609,-6.10249],[-77.89124,-6.10291],[-77.91051,-6.18057],[-77.90282,-6.20807],[-77.92244,-6.24539],[-77.94024,-6.25923],[-77.92586,-6.35688],[-77.91949,-6.36875],[-77.90587,-6.36758],[-77.90474,-6.38281],[-77.88833,-6.4067],[-77.8744,-6.41059],[-77.87712,-6.42796],[-77.86082,-6.44999],[-77.86371,-6.4771],[-77.82742,-6.54575],[-77.83032,-6.56786],[-77.81129,-6.61344],[-77.81391,-6.63395],[-77.79795,-6.65681],[-77.7982,-6.69495],[-77.80242,-6.70687],[-77.82009,-6.71273],[-77.83487,-6.73297],[-77.85626,-6.72742],[-77.892815,-6.734124],[-77.907689,-6.701142],[-77.919483,-6.690257],[-77.935967,-6.689789],[-77.941833,-6.702975],[-77.959548,-6.713948],[-78.001025,-6.721212],[-78.00886,-6.74296],[-78.037772,-6.743968],[-78.029491,-6.767572],[-78.021615,-6.769333],[-78.024185,-6.798196],[-78.016428,-6.808118],[-78.021044,-6.818255],[-78.013692,-6.821253],[-78.030941,-6.847746],[-78.014,-6.851196],[-78.00115,-6.864997],[-78.006528,-6.875919],[-77.999651,-6.907923],[-78.013641,-6.931684],[-77.999667,-6.940158],[-78.000254,-6.970516],[-77.98358,-6.96309],[-77.96186,-6.97664],[-77.93982,-6.97614],[-77.92865,-6.986759],[-77.898665,-6.980124],[-77.880342,-6.962504],[-77.842195,-6.976885],[-77.834346,-6.957206],[-77.801932,-6.966144],[-77.7793,-6.941453],[-77.758934,-6.964508],[-77.738384,-6.948343],[-77.733816,-6.928577],[-77.715267,-6.920655],[-77.707266,-6.907829],[-77.723325,-6.893456],[-77.764749,-6.799758],[-77.731898,-6.783467],[-77.748013,-6.745824],[-77.7395,-6.7111],[-77.745606,-6.665158],[-77.738965,-6.646469],[-77.70169,-6.67689],[-77.67969,-6.6741],[-77.662662,-6.6599],[-77.651198,-6.629822],[-77.626664,-6.61274],[-77.655873,-6.603662],[-77.666545,-6.578261],[-77.691377,-6.586089],[-77.706184,-6.58159],[-77.706722,-6.559768],[-77.726178,-6.552056],[-77.728844,-6.494119],[-77.739133,-6.464784],[-77.732605,-6.453146],[-77.746056,-6.436604],[-77.743518,-6.420665],[-77.751772,-6.401684],[-77.729855,-6.371617],[-77.70431,-6.361471],[-77.710602,-6.348814],[-77.70606,-6.33888],[-77.670045,-6.339824],[-77.629087,-6.313743],[-77.617573,-6.280756],[-77.58901,-6.304418],[-77.567883,-6.309463],[-77.554808,-6.302578],[-77.540131,-6.287454],[-77.527696,-6.258959],[-77.52976,-6.245708],[-77.5153,-6.225037],[-77.468983,-6.184645],[-77.499735,-6.154003],[-77.4976,-6.132823],[-77.50938,-6.118729],[-77.50652,-6.089313],[-77.521168,-6.085426],[-77.542228,-6.052788],[-77.554735,-6.050729],[-77.565133,-6.029178],[-77.596362,-6.033331],[-77.596466,-6.00528],[-77.63914,-6.001079],[-77.671675,-5.974104],[-77.68756,-5.9791],[-77.70373,-5.9529],[-77.72486,-5.94374],[-77.72614,-5.94354]]]}},{"type":"Feature","id":"0102","properties":{"ubigeo":"0102","nombre_departamento":"amazonas","nombre_provincia":"bagua","nombre_distrito":"","capital":"bagua"},"geometry":{"type":"Polygon","coordinates":[[[-78.619089,-4.510012],[-78.630045,-4.499451],[-78.647523,-4.508971],[-78.662681,-4.536909],[-78.655819,-4.584883],[-78.680547,-4.595031],[-78.705998,-4.622928],[-78.667704,-4.654522],[-78.651723,-4.646184],[-78.637872,-4.656415],[-78.643632,-4.682157],[-78.63171,-4.698435],[-78.64,-4.705228],[-78.645027,-4.734833],[-78.628269,-4.739679],[-78.631132,-4.757313],[-78.620699,-4.767932],[-78.641937,-4.802352],[-78.631877,-4.836445],[-78.6438,-4.85815],[-78.645105,-4.907474],[-78.678328,-4.968382],[-78.66622,-4.979504],[-78.651434,-4.978569],[-78.640528,-5.034244],[-78.657714,-5.067423],[-78.680618,-5.07248],[-78.683411,-5.087026],[-78.700624,-5.104083],[-78.709113,-5.179629],[-78.693989,-5.231885],[-78.684086,-5.239027],[-78.684244,-5.26749],[-78.654426,-5.274301],[-78.64157,-5.303752],[-78.604492,-5.309898],[-78.539872,-5.365686],[-78.51858,-5.398477],[-78.522771,-5.416874],[-78.513148,-5.427714],[-78.513108,-5.452238],[-78.542138,-5.470387],[-78.543077,-5.481767],[-78.558557,-5.497612],[-78.549958,-5.531473],[-78.553293,-5.547762],[-78.563539,-5.555129],[-78.552523,-5.562299],[-78.564613,-5.566762],[-78.565362,-5.587882],[-78.556977,-5.589321],[-78.566844,-5.594326],[-78.561765,-5.604454],[-78.541873,-5.610768],[-78.56369,-5.627127],[-78.556331,-5.637988],[-78.560708,-5.645246],[-78.55061,-5.651961],[-78.546333,-5.645567],[-78.52608,-5.647906],[-78.505575,-5.680083],[-78.497849,-5.680669],[-78.503311,-5.691557],[-78.459457,-5.715841],[-78.45218,-5.73349],[-78.405571,-5.690257],[-78.402329,-5.671958],[-78.368131,-5.626791],[-78.31484,-5.615935],[-78.323395,-5.549931],[-78.336371,-5.537893],[-78.324598,-5.533166],[-78.303157,-5.500831],[-78.31183,-5.485993],[-78.27425,-5.470578],[-78.23887,-5.470394],[-78.222727,-5.435254],[-78.193583,-5.418649],[-78.163409,-5.38683],[-78.159762,-5.370384],[-78.147482,-5.359284],[-78.146442,-5.340264],[-78.121254,-5.328922],[-78.096758,-5.341275],[-78.069687,-5.27189],[-78.075828,-5.251398],[-78.056897,-5.208592],[-78.075495,-5.174723],[-78.097246,-5.169006],[-78.096381,-5.141896],[-78.105574,-5.145525],[-78.142398,-5.118857],[-78.158012,-5.116357],[-78.154026,-5.096535],[-78.143826,-5.09557],[-78.138053,-5.083983],[-78.167707,-5.080912],[-78.196025,-5.031428],[-78.17918,-4.995569],[-78.145432,-4.989575],[-78.145866,-4.968165],[-78.165173,-4.936903],[-78.127776,-4.883295],[-78.128118,-4.848554],[-78.119206,-4.841271],[-78.142857,-4.801473],[-78.136379,-4.793527],[-78.139432,-4.779957],[-78.154139,-4.762699],[-78.14524,-4.758099],[-78.119732,-4.697706],[-78.133158,-4.664879],[-78.139698,-4.666714],[-78.141858,-4.657917],[-78.155534,-4.66049],[-78.146388,-4.64517],[-78.161812,-4.63399],[-78.186423,-4.656104],[-78.222684,-4.661524],[-78.262416,-4.721045],[-78.268919,-4.703872],[-78.262002,-4.681245],[-78.276299,-4.659977],[-78.285086,-4.673088],[-78.317742,-4.667327],[-78.329986,-4.679648],[-78.340529,-4.677252],[-78.361261,-4.647704],[-78.413972,-4.659641],[-78.4411,-4.647061],[-78.46583,-4.648492],[-78.471227,-4.62967],[-78.52243,-4.585746],[-78.554292,-4.579076],[-78.571919,-4.601523],[-78.581449,-4.60146],[-78.588804,-4.561075],[-78.581328,-4.534009],[-78.60077,-4.5071],[-78.618023,-4.510166],[-78.619089,-4.510012]]]}},{"type":"Feature","id":"0103","properties":{"ubigeo":"0103","nombre_departamento":"amazonas","nombre_provincia":"bongara","nombre_distrito":"","capital":"jumbilla"},"geometry":{"type":"Polygon","coordinates":[[[-77.727589,-5.140299],[-77.745285,-5.133018],[-77.955515,-5.399721],[-77.955084,-5.417407],[-77.940569,-5.425283],[-77.930837,-5.461975],[-77.932564,-5.490943],[-77.99103,-5.51148],[-77.98491,-5.57581],[-78.01102,-5.60099],[-78.105098,-5.757201],[-78.094024,-5.757927],[-78.07691,-5.77419],[-78.10224,-5.82459],[-78.09631,-5.83754],[-78.10365,-5.85591],[-78.11873,-5.87241],[-78.1224,-5.89108],[-78.13522,-5.89424],[-78.12285,-5.92026],[-78.07658,-5.91677],[-78.08264,-5.93368],[-78.07879,-5.95412],[-78.057534,-5.974733],[-78.005639,-5.977929],[-77.97982,-5.9648],[-77.96461,-5.99075],[-77.96724,-6.00138],[-77.91172,-6.06827],[-77.90352,-6.09266],[-77.8906,-6.10328],[-77.87609,-6.10249],[-77.84047,-6.12879],[-77.78913,-6.12244],[-77.80781,-6.08093],[-77.80623,-6.03187],[-77.788105,-6.028092],[-77.769868,-5.966514],[-77.74483,-5.94494],[-77.7188,-5.94378],[-77.684561,-5.979166],[-77.671675,-5.974104],[-77.651891,-5.935332],[-77.663294,-5.91767],[-77.665512,-5.892205],[-77.68308,-5.877576],[-77.681527,-5.849487],[-77.694813,-5.840233],[-77.726416,-5.843982],[-77.746138,-5.83511],[-77.763929,-5.819709],[-77.770355,-5.788143],[-77.76056,-5.770454],[-77.772419,-5.753351],[-77.759359,-5.729848],[-77.775148,-5.710752],[-77.775091,-5.689679],[-77.754365,-5.658998],[-77.752606,-5.637578],[-77.736384,-5.60929],[-77.765762,-5.538982],[-77.757037,-5.513942],[-77.77157,-5.493921],[-77.770637,-5.478153],[-77.748832,-5.459859],[-77.768451,-5.438049],[-77.744828,-5.406899],[-77.712703,-5.416411],[-77.696015,-5.411624],[-77.702787,-5.380688],[-77.682066,-5.338396],[-77.684148,-5.295881],[-77.696297,-5.258771],[-77.73956,-5.212597],[-77.708243,-5.190907],[-77.695084,-5.167103],[-77.723608,-5.140664],[-77.727589,-5.140299]]]}},{"type":"Feature","id":"0104","properties":{"ubigeo":"0104","nombre_departamento":"amazonas","nombre_provincia":"condorcanqui","nombre_distrito":"","capital":"santa maria de nieva"},"geometry":{"type":"Polygon","coordinates":[[[-77.813989,-2.992779],[-77.808616,-2.986125],[-77.844574,-2.997998],[-77.840054,-3.008198],[-77.940755,-3.065474],[-77.970756,-3.117414],[-77.982446,-3.119654],[-77.984958,-3.133604],[-78.009134,-3.158069],[-78.012694,-3.178848],[-78.03622,-3.189636],[-78.064771,-3.224448],[-78.090712,-3.234311],[-78.107255,-3.27715],[-78.141411,-3.32016],[-78.136798,-3.326542],[-78.151739,-3.328535],[-78.170309,-3.350639],[-78.19574,-3.360759],[-78.177743,-3.410091],[-78.154913,-3.411562],[-78.144636,-3.461162],[-78.148394,-3.480375],[-78.160394,-3.480071],[-78.192323,-3.500339],[-78.200489,-3.495479],[-78.217292,-3.508857],[-78.231402,-3.498811],[-78.22617,-3.491545],[-78.244263,-3.43776],[-78.246211,-3.402326],[-78.302648,-3.399751],[-78.34637,-3.382405],[-78.344258,-3.391819],[-78.356231,-3.403558],[-78.341385,-3.427103],[-78.359183,-3.469522],[-78.355376,-3.494354],[-78.369072,-3.539244],[-78.391188,-3.560102],[-78.386206,-3.573709],[-78.394752,-3.587758],[-78.392861,-3.603676],[-78.399777,-3.606204],[-78.38631,-3.640099],[-78.400818,-3.65041],[-78.393217,-3.67718],[-78.400236,-3.689733],[-78.415751,-3.685975],[-78.423437,-3.693202],[-78.421798,-3.724064],[-78.402476,-3.735388],[-78.416138,-3.765425],[-78.409367,-3.782391],[-78.436,-3.819118],[-78.465873,-3.827533],[-78.459961,-3.836992],[-78.47625,-3.857715],[-78.477836,-3.883162],[-78.486799,-3.89372],[-78.475548,-3.906056],[-78.488826,-3.933821],[-78.524505,-3.937264],[-78.54267,-3.974473],[-78.565713,-3.991963],[-78.567689,-4.0451],[-78.537225,-4.061588],[-78.567742,-4.101177],[-78.581154,-4.134865],[-78.577281,-4.195549],[-78.599982,-4.209219],[-78.608955,-4.226094],[-78.598544,-4.257924],[-78.610861,-4.267262],[-78.618244,-4.294222],[-78.640626,-4.306101],[-78.652616,-4.33484],[-78.634094,-4.415164],[-78.602568,-4.411376],[-78.600874,-4.428832],[-78.619889,-4.436785],[-78.634481,-4.464015],[-78.638497,-4.495772],[-78.619089,-4.510012],[-78.60077,-4.5071],[-78.581328,-4.534009],[-78.588804,-4.561075],[-78.581449,-4.60146],[-78.571919,-4.601523],[-78.554292,-4.579076],[-78.52243,-4.585746],[-78.471227,-4.62967],[-78.46583,-4.648492],[-78.4411,-4.647061],[-78.413972,-4.659641],[-78.361261,-4.647704],[-78.340529,-4.677252],[-78.329986,-4.679648],[-78.318866,-4.667662],[-78.300247,-4.67524],[-78.285086,-4.673088],[-78.272983,-4.661195],[-78.262002,-4.681245],[-78.268919,-4.703872],[-78.262416,-4.721045],[-78.222684,-4.661524],[-78.186423,-4.656104],[-78.170183,-4.637026],[-78.160253,-4.634367],[-78.147286,-4.643188],[-78.153661,-4.662131],[-78.141858,-4.657917],[-78.139698,-4.666714],[-78.133158,-4.664879],[-78.119732,-4.697706],[-78.14524,-4.758099],[-78.154139,-4.762699],[-78.139432,-4.779957],[-78.136379,-4.793527],[-78.142857,-4.801473],[-78.119309,-4.842097],[-78.128118,-4.848554],[-78.127776,-4.883295],[-78.165173,-4.936903],[-78.145866,-4.968165],[-78.14572,-4.990754],[-78.17918,-4.995569],[-78.196025,-5.031428],[-78.167707,-5.080912],[-78.138053,-5.083983],[-78.143826,-5.09557],[-78.154026,-5.096535],[-78.158012,-5.116357],[-78.142398,-5.118857],[-78.105574,-5.145525],[-78.096381,-5.141896],[-78.097246,-5.169006],[-78.075495,-5.174723],[-78.056897,-5.208592],[-78.075828,-5.251398],[-78.067613,-5.265271],[-78.074507,-5.286721],[-78.096758,-5.341275],[-78.106146,-5.341998],[-78.078963,-5.392213],[-78.080564,-5.402375],[-78.055435,-5.413799],[-78.047139,-5.408665],[-78.055468,-5.394037],[-78.050898,-5.375054],[-78.021791,-5.365815],[-77.992394,-5.391782],[-77.955515,-5.399721],[-77.745285,-5.133018],[-77.774287,-5.097178],[-77.801322,-5.085972],[-77.81766,-5.09123],[-77.822277,-5.081793],[-77.811817,-5.056345],[-77.813875,-5.039809],[-77.82462,-5.031779],[-77.758445,-4.950053],[-77.766932,-4.921219],[-77.760152,-4.909345],[-77.793575,-4.849963],[-77.791842,-4.832951],[-77.799113,-4.824593],[-77.789267,-4.785106],[-77.794685,-4.760217],[-77.771879,-4.717559],[-77.731394,-4.68844],[-77.71597,-4.665088],[-77.694512,-4.658673],[-77.672572,-4.63048],[-77.652613,-4.57457],[-77.659653,-4.557974],[-77.649016,-4.546416],[-77.655457,-4.518545],[-77.641353,-4.510061],[-77.640631,-4.496516],[-77.61102,-4.494266],[-77.589088,-4.480465],[-77.564658,-4.394872],[-77.585551,-4.251334],[-77.548405,-4.105405],[-77.537877,-3.961899],[-77.569019,-3.893074],[-77.561494,-3.876166],[-77.581916,-3.862816],[-77.609236,-3.825242],[-77.628221,-3.817051],[-77.651914,-3.780562],[-77.615623,-3.707719],[-77.619967,-3.622408],[-77.64301,-3.619346],[-77.666673,-3.571872],[-77.71646,-3.542305],[-77.715131,-3.514854],[-77.745642,-3.482229],[-77.772543,-3.428809],[-77.777855,-3.191861],[-77.790936,-3.11763],[-77.785828,-3.106283],[-77.794452,-3.089259],[-77.787664,-3.074775],[-77.814825,-2.995836],[-77.813989,-2.992779]]]}},{"type":"Feature","id":"0105","properties":{"ubigeo":"0105","nombre_departamento":"amazonas","nombre_provincia":"luya","nombre_distrito":"","capital":"lamud"},"geometry":{"type":"Polygon","coordinates":[[[-78.13023,-5.9037],[-78.13712,-5.90695],[-78.145045,-5.943153],[-78.135511,-5.958206],[-78.154413,-5.963814],[-78.17241,-5.99415],[-78.164332,-6.017267],[-78.202795,-6.035284],[-78.222382,-6.061334],[-78.289738,-6.063194],[-78.303775,-6.085038],[-78.317614,-6.079489],[-78.349723,-6.08687],[-78.368116,-6.108618],[-78.37239,-6.16904],[-78.41937,-6.18813],[-78.418986,-6.205715],[-78.400724,-6.227886],[-78.370089,-6.239084],[-78.369343,-6.273293],[-78.335386,-6.318679],[-78.332643,-6.352305],[-78.303249,-6.374112],[-78.29126,-6.372518],[-78.27709,-6.399104],[-78.268287,-6.391109],[-78.243452,-6.40171],[-78.209986,-6.45803],[-78.190029,-6.457016],[-78.187135,-6.469352],[-78.176725,-6.47464],[-78.17384,-6.493705],[-78.164365,-6.490801],[-78.152181,-6.499826],[-78.151863,-6.510897],[-78.135734,-6.52718],[-78.137634,-6.563174],[-78.116671,-6.577998],[-78.12074,-6.597319],[-78.104109,-6.62361],[-78.107155,-6.64343],[-78.094591,-6.657303],[-78.080219,-6.655304],[-78.077863,-6.668938],[-78.049833,-6.683857],[-78.034726,-6.744664],[-78.00886,-6.74296],[-78.001025,-6.721212],[-77.959548,-6.713948],[-77.941833,-6.702975],[-77.935967,-6.689789],[-77.919483,-6.690257],[-77.907689,-6.701142],[-77.892815,-6.734124],[-77.85626,-6.72742],[-77.83487,-6.73297],[-77.82009,-6.71273],[-77.80229,-6.70668],[-77.79795,-6.65681],[-77.81391,-6.63395],[-77.81115,-6.61408],[-77.83032,-6.56786],[-77.83232,-6.53208],[-77.8518,-6.50845],[-77.86371,-6.4771],[-77.86082,-6.44999],[-77.87712,-6.42796],[-77.8744,-6.41059],[-77.8888,-6.40608],[-77.90474,-6.38281],[-77.90587,-6.36758],[-77.91989,-6.3685],[-77.94137,-6.28286],[-77.94024,-6.25923],[-77.92244,-6.24539],[-77.90282,-6.20807],[-77.91051,-6.18057],[-77.89104,-6.10096],[-77.96724,-6.00138],[-77.96461,-5.99075],[-77.97982,-5.9648],[-78.005639,-5.977929],[-78.057534,-5.974733],[-78.07879,-5.95412],[-78.08264,-5.93368],[-78.07658,-5.91677],[-78.12285,-5.92026],[-78.13011,-5.90414],[-78.13023,-5.9037]]]}},{"type":"Feature","id":"0106","properties":{"ubigeo":"0106","nombre_departamento":"amazonas","nombre_provincia":"rodriguez de mendoza","nombre_distrito":"","capital":"san nicolas"},"geometry":{"type":"Polygon","coordinates":[[[-77.444519,-6.050019],[-77.476905,-5.999968],[-77.487075,-6.010249],[-77.489021,-6.028511],[-77.509752,-6.032496],[-77.517922,-6.054853],[-77.533809,-6.063371],[-77.521168,-6.085426],[-77.50652,-6.089313],[-77.50938,-6.118729],[-77.4976,-6.132823],[-77.499735,-6.154003],[-77.468983,-6.184645],[-77.521033,-6.233041],[-77.543843,-6.29208],[-77.567883,-6.309463],[-77.58901,-6.304418],[-77.617573,-6.280756],[-77.629087,-6.313743],[-77.670045,-6.339824],[-77.69539,-6.33501],[-77.70837,-6.34093],[-77.70431,-6.361471],[-77.729855,-6.371617],[-77.752263,-6.403552],[-77.743518,-6.420665],[-77.746056,-6.436604],[-77.732605,-6.453146],[-77.739133,-6.464784],[-77.728844,-6.494119],[-77.726178,-6.552056],[-77.706722,-6.559768],[-77.706184,-6.58159],[-77.691377,-6.586089],[-77.666545,-6.578261],[-77.655873,-6.603662],[-77.612337,-6.612261],[-77.568765,-6.638218],[-77.544074,-6.676996],[-77.521198,-6.679679],[-77.510656,-6.672339],[-77.475482,-6.683628],[-77.456467,-6.680522],[-77.438669,-6.700129],[-77.419871,-6.70672],[-77.407146,-6.726775],[-77.398359,-6.706396],[-77.381733,-6.697589],[-77.404986,-6.663054],[-77.407656,-6.646332],[-77.423693,-6.638062],[-77.435654,-6.61807],[-77.437881,-6.602527],[-77.39387,-6.602688],[-77.380512,-6.569228],[-77.359291,-6.564445],[-77.344847,-6.547229],[-77.326357,-6.468027],[-77.305915,-6.453724],[-77.297671,-6.42474],[-77.273159,-6.406531],[-77.28666,-6.331023],[-77.26169,-6.327145],[-77.243653,-6.33812],[-77.221456,-6.381133],[-77.208965,-6.375043],[-77.171732,-6.38117],[-77.144347,-6.349097],[-77.132424,-6.304759],[-77.170791,-6.265199],[-77.17407,-6.246529],[-77.211627,-6.21584],[-77.219191,-6.194313],[-77.202057,-6.179715],[-77.224366,-6.145547],[-77.240654,-6.149762],[-77.257956,-6.138016],[-77.280478,-6.142209],[-77.332411,-6.112182],[-77.346428,-6.114341],[-77.358679,-6.07282],[-77.3805,-6.079986],[-77.394192,-6.041116],[-77.404606,-6.034734],[-77.419305,-6.032381],[-77.430115,-6.06157],[-77.443871,-6.050121],[-77.444519,-6.050019]]]}},{"type":"Feature","id":"0107","properties":{"ubigeo":"0107","nombre_departamento":"amazonas","nombre_provincia":"utcubamba","nombre_distrito":"","capital":"bagua grande"},"geometry":{"type":"Polygon","coordinates":[[[-78.092878,-5.362585],[-78.121254,-5.328922],[-78.146042,-5.339904],[-78.147482,-5.359284],[-78.159762,-5.370384],[-78.163409,-5.38683],[-78.193583,-5.418649],[-78.222727,-5.435254],[-78.23887,-5.470394],[-78.27425,-5.470578],[-78.31183,-5.485993],[-78.303157,-5.500831],[-78.324598,-5.533166],[-78.336371,-5.537893],[-78.323395,-5.549931],[-78.31484,-5.615935],[-78.368131,-5.626791],[-78.402329,-5.671958],[-78.405165,-5.689741],[-78.44968,-5.73254],[-78.472451,-5.705814],[-78.503311,-5.691557],[-78.497849,-5.680669],[-78.505575,-5.680083],[-78.52608,-5.647906],[-78.546333,-5.645567],[-78.55061,-5.651961],[-78.560246,-5.646581],[-78.556331,-5.637988],[-78.56369,-5.627127],[-78.541873,-5.610768],[-78.561765,-5.604454],[-78.566844,-5.594326],[-78.556977,-5.589321],[-78.565216,-5.588303],[-78.559891,-5.573874],[-78.565536,-5.571143],[-78.552988,-5.564342],[-78.563539,-5.555129],[-78.553293,-5.547762],[-78.554747,-5.538075],[-78.58299,-5.550739],[-78.624771,-5.639365],[-78.639033,-5.645115],[-78.651082,-5.67563],[-78.68633,-5.698888],[-78.683798,-5.707054],[-78.653727,-5.719082],[-78.651822,-5.729759],[-78.691292,-5.749693],[-78.71229,-5.829489],[-78.699148,-5.840761],[-78.691137,-5.874304],[-78.695934,-5.888527],[-78.67315,-5.916445],[-78.660288,-5.955604],[-78.641517,-5.969848],[-78.636404,-5.988264],[-78.61121,-6.01661],[-78.608024,-6.055612],[-78.584629,-6.078621],[-78.515088,-6.072539],[-78.498612,-6.089272],[-78.498444,-6.102501],[-78.477283,-6.11483],[-78.475842,-6.132627],[-78.419728,-6.188425],[-78.37239,-6.16904],[-78.368116,-6.108618],[-78.349723,-6.08687],[-78.317614,-6.079489],[-78.303775,-6.085038],[-78.289738,-6.063194],[-78.222382,-6.061334],[-78.202795,-6.035284],[-78.164332,-6.017267],[-78.17241,-5.99415],[-78.154413,-5.963814],[-78.135511,-5.958206],[-78.145045,-5.943153],[-78.1308,-5.90256],[-78.13522,-5.89424],[-78.1224,-5.89108],[-78.11873,-5.87241],[-78.10365,-5.85591],[-78.09631,-5.83754],[-78.10224,-5.82459],[-78.07691,-5.77419],[-78.094024,-5.757927],[-78.105098,-5.757201],[-78.01102,-5.60099],[-77.98491,-5.57581],[-77.99103,-5.51148],[-77.932564,-5.490943],[-77.938832,-5.430946],[-77.954679,-5.418359],[-77.957847,-5.397149],[-77.992394,-5.391782],[-78.021791,-5.365815],[-78.051517,-5.376031],[-78.055468,-5.394037],[-78.04833,-5.410527],[-78.070663,-5.410415],[-78.081196,-5.401109],[-78.092884,-5.364372],[-78.092878,-5.362585]]]}},{"type":"Feature","id":"0201","properties":{"ubigeo":"0201","nombre_departamento":"ancash","nombre_provincia":"huaraz","nombre_distrito":"","capital":"huaraz"},"geometry":{"type":"Polygon","coordinates":[[[-77.398699,-9.355633],[-77.397637,-9.346607],[-77.415475,-9.355769],[-77.443386,-9.350879],[-77.465008,-9.366989],[-77.530005,-9.372715],[-77.542289,-9.386592],[-77.584937,-9.375295],[-77.580875,-9.392252],[-77.60388,-9.403558],[-77.613006,-9.422084],[-77.643683,-9.432591],[-77.649288,-9.452799],[-77.665644,-9.42666],[-77.68138,-9.417656],[-77.675129,-9.394382],[-77.690482,-9.377838],[-77.718951,-9.38237],[-77.744196,-9.370709],[-77.765789,-9.400103],[-77.760784,-9.415818],[-77.778917,-9.425094],[-77.834077,-9.425909],[-77.857,-9.40273],[-77.89236,-9.42942],[-77.91574,-9.46918],[-77.93353,-9.48079],[-77.915836,-9.491022],[-77.918315,-9.499767],[-77.929194,-9.500064],[-77.946364,-9.539706],[-77.97114,-9.53102],[-77.99368,-9.53576],[-77.974152,-9.550484],[-77.974713,-9.569868],[-77.959258,-9.59045],[-77.960793,-9.615372],[-77.97603,-9.63905],[-77.98989,-9.64505],[-78.00809,-9.68315],[-78.04189,-9.6899],[-78.0004,-9.71157],[-77.967617,-9.706144],[-77.987119,-9.739451],[-77.961625,-9.779979],[-77.95381,-9.77159],[-77.865775,-9.763805],[-77.782772,-9.800761],[-77.759002,-9.786574],[-77.748747,-9.752649],[-77.73381,-9.737213],[-77.733689,-9.713352],[-77.723685,-9.694828],[-77.712125,-9.690017],[-77.698609,-9.697213],[-77.679754,-9.684893],[-77.661689,-9.686551],[-77.664275,-9.660455],[-77.621299,-9.62083],[-77.609055,-9.629888],[-77.613678,-9.648998],[-77.598168,-9.639736],[-77.592031,-9.658775],[-77.569207,-9.669154],[-77.541611,-9.705887],[-77.547073,-9.71252],[-77.536251,-9.737866],[-77.520939,-9.71035],[-77.525597,-9.689599],[-77.503098,-9.662697],[-77.48412,-9.6616],[-77.47546,-9.67297],[-77.45205,-9.66812],[-77.424381,-9.679717],[-77.34372,-9.665725],[-77.331964,-9.666866],[-77.326919,-9.678933],[-77.304027,-9.670957],[-77.293658,-9.657574],[-77.265624,-9.645888],[-77.283119,-9.61955],[-77.291795,-9.58697],[-77.309849,-9.572389],[-77.300806,-9.555006],[-77.326195,-9.471931],[-77.308524,-9.464541],[-77.300575,-9.440231],[-77.319717,-9.427111],[-77.314998,-9.399058],[-77.330091,-9.382392],[-77.351019,-9.388462],[-77.370793,-9.36797],[-77.384137,-9.369979],[-77.398524,-9.356078],[-77.398699,-9.355633]]]}},{"type":"Feature","id":"0202","properties":{"ubigeo":"0202","nombre_departamento":"ancash","nombre_provincia":"aija","nombre_distrito":"","capital":"aija"},"geometry":{"type":"Polygon","coordinates":[[[-77.613678,-9.648998],[-77.609055,-9.629888],[-77.626066,-9.622544],[-77.664275,-9.660455],[-77.661689,-9.686551],[-77.679754,-9.684893],[-77.698609,-9.697213],[-77.712125,-9.690017],[-77.723685,-9.694828],[-77.733689,-9.713352],[-77.73381,-9.737213],[-77.748747,-9.752649],[-77.759002,-9.786574],[-77.780798,-9.800669],[-77.865775,-9.763805],[-77.95381,-9.77159],[-77.961625,-9.779979],[-77.908533,-9.821656],[-77.875421,-9.811162],[-77.853885,-9.817093],[-77.83374,-9.836342],[-77.843717,-9.844055],[-77.82694,-9.87809],[-77.82587,-9.91428],[-77.81376,-9.90576],[-77.77979,-9.90506],[-77.77446,-9.89112],[-77.76561,-9.88974],[-77.76375,-9.87243],[-77.73793,-9.84842],[-77.71205,-9.8371],[-77.70355,-9.84835],[-77.66411,-9.86533],[-77.641255,-9.856047],[-77.621398,-9.867775],[-77.605877,-9.860398],[-77.566001,-9.873266],[-77.537727,-9.861268],[-77.507973,-9.866279],[-77.503281,-9.874764],[-77.478904,-9.873769],[-77.484362,-9.839624],[-77.494281,-9.837518],[-77.488953,-9.819838],[-77.521797,-9.791565],[-77.521689,-9.774571],[-77.547073,-9.71252],[-77.541611,-9.705887],[-77.569207,-9.669154],[-77.592031,-9.658775],[-77.598168,-9.639736],[-77.612413,-9.649747],[-77.613678,-9.648998]]]}},{"type":"Feature","id":"0203","properties":{"ubigeo":"0203","nombre_departamento":"ancash","nombre_provincia":"antonio raymondi","nombre_distrito":"","capital":"llamellin"},"geometry":{"type":"Polygon","coordinates":[[[-77.088559,-8.974965],[-77.122785,-8.978055],[-77.11133,-9.00836],[-77.152394,-9.033719],[-77.14139,-9.055604],[-77.141015,-9.091336],[-77.16547,-9.10579],[-77.168347,-9.122056],[-77.15428,-9.142734],[-77.173871,-9.159956],[-77.157406,-9.172695],[-77.142213,-9.202418],[-77.084412,-9.182482],[-77.09377,-9.21138],[-77.08254,-9.23412],[-77.08643,-9.26441],[-77.02886,-9.30051],[-77.012315,-9.29878],[-76.960055,-9.207221],[-76.961591,-9.15325],[-76.942625,-9.128652],[-76.945341,-9.074959],[-76.966453,-9.060412],[-76.980753,-9.062597],[-77.002787,-9.032619],[-77.032629,-9.014234],[-77.035709,-8.999959],[-77.088041,-8.975496],[-77.088559,-8.974965]]]}},{"type":"Feature","id":"0204","properties":{"ubigeo":"0204","nombre_departamento":"ancash","nombre_provincia":"asuncion","nombre_distrito":"","capital":"chacas"},"geometry":{"type":"Polygon","coordinates":[[[-77.38754,-9.0578],[-77.43587,-9.05833],[-77.44874,-9.08671],[-77.493641,-9.109288],[-77.528495,-9.157591],[-77.532378,-9.198595],[-77.516535,-9.205782],[-77.510827,-9.254347],[-77.48251,-9.254196],[-77.477503,-9.270805],[-77.450959,-9.263994],[-77.432135,-9.275512],[-77.408979,-9.273132],[-77.388935,-9.288943],[-77.325682,-9.31005],[-77.319184,-9.324106],[-77.308975,-9.283302],[-77.291691,-9.288514],[-77.275297,-9.278269],[-77.275593,-9.247334],[-77.262079,-9.236151],[-77.2628,-9.198686],[-77.277648,-9.181543],[-77.292666,-9.183399],[-77.292705,-9.174613],[-77.313775,-9.158616],[-77.319281,-9.137242],[-77.36602,-9.11388],[-77.362,-9.06499],[-77.38689,-9.05841],[-77.38754,-9.0578]]]}},{"type":"Feature","id":"0205","properties":{"ubigeo":"0205","nombre_departamento":"ancash","nombre_provincia":"bolognesi","nombre_distrito":"","capital":"chiquian"},"geometry":{"type":"Polygon","coordinates":[[[-76.944336,-9.703916],[-76.97184,-9.711812],[-76.981043,-9.724568],[-76.973834,-9.760236],[-77.023842,-9.704326],[-77.034328,-9.709347],[-77.035658,-9.719322],[-77.025471,-9.728636],[-77.027799,-9.764121],[-77.049464,-9.782875],[-77.047715,-9.79518],[-77.098981,-9.806213],[-77.094877,-9.840815],[-77.115898,-9.833158],[-77.125174,-9.839618],[-77.158802,-9.827161],[-77.187135,-9.836213],[-77.173405,-9.911981],[-77.189052,-9.929491],[-77.219032,-9.919503],[-77.216064,-9.942974],[-77.223439,-9.951991],[-77.205604,-9.967025],[-77.219003,-10.014232],[-77.21412,-10.02373],[-77.224357,-10.037891],[-77.207927,-10.061535],[-77.216242,-10.086805],[-77.20156,-10.092172],[-77.208779,-10.13248],[-77.24949,-10.13651],[-77.280449,-10.160314],[-77.32053,-10.127044],[-77.342336,-10.130837],[-77.335181,-10.144227],[-77.34587,-10.16042],[-77.40065,-10.13215],[-77.45867,-10.15616],[-77.516815,-10.147897],[-77.532114,-10.172026],[-77.5539,-10.18641],[-77.561226,-10.231009],[-77.575323,-10.24986],[-77.59251,-10.23675],[-77.608025,-10.24051],[-77.634323,-10.224232],[-77.66709,-10.216427],[-77.674404,-10.206711],[-77.677524,-10.234235],[-77.696427,-10.25685],[-77.698752,-10.322104],[-77.651254,-10.344611],[-77.630629,-10.32207],[-77.619427,-10.327825],[-77.600363,-10.360014],[-77.599373,-10.383334],[-77.523638,-10.3874],[-77.516841,-10.364369],[-77.500483,-10.347976],[-77.481478,-10.346229],[-77.478197,-10.307193],[-77.466289,-10.295612],[-77.462521,-10.275658],[-77.411044,-10.277875],[-77.399146,-10.272049],[-77.359504,-10.292033],[-77.327123,-10.256219],[-77.301141,-10.284772],[-77.290739,-10.268706],[-77.255525,-10.253786],[-77.243756,-10.267166],[-77.235974,-10.298031],[-77.241218,-10.305022],[-77.228864,-10.331041],[-77.217126,-10.340421],[-77.199451,-10.33678],[-77.15821,-10.36192],[-77.17438,-10.405],[-77.17219,-10.44401],[-77.18932,-10.45793],[-77.17604,-10.48313],[-77.174625,-10.464602],[-77.150018,-10.451094],[-77.138245,-10.426469],[-77.112134,-10.404845],[-77.110885,-10.39209],[-77.0902,-10.37263],[-77.071611,-10.338104],[-77.047396,-10.338784],[-77.013624,-10.315589],[-77.005496,-10.283279],[-76.965451,-10.305379],[-76.936009,-10.278506],[-76.906246,-10.274186],[-76.904842,-10.237697],[-76.9161,-10.224588],[-76.908535,-10.176783],[-76.915697,-10.120428],[-76.901943,-10.113342],[-76.879887,-10.116553],[-76.871338,-10.094301],[-76.85358,-10.101779],[-76.843238,-10.086785],[-76.807189,-10.084478],[-76.814965,-10.023432],[-76.825027,-10.009232],[-76.825615,-9.989293],[-76.813676,-9.960832],[-76.841861,-9.930621],[-76.841988,-9.910893],[-76.897758,-9.809289],[-76.901584,-9.769701],[-76.93425,-9.729475],[-76.94307,-9.704953],[-76.944336,-9.703916]]]}},{"type":"Feature","id":"0206","properties":{"ubigeo":"0206","nombre_departamento":"ancash","nombre_provincia":"carhuaz","nombre_distrito":"","capital":"carhuaz"},"geometry":{"type":"Polygon","coordinates":[[[-77.528837,-9.084818],[-77.572402,-9.085765],[-77.60132,-9.108935],[-77.590788,-9.171534],[-77.617311,-9.214766],[-77.644052,-9.197271],[-77.662171,-9.240916],[-77.680642,-9.246451],[-77.689297,-9.224165],[-77.713502,-9.246574],[-77.724507,-9.276399],[-77.74399,-9.290297],[-77.766494,-9.292627],[-77.77653,-9.314682],[-77.771253,-9.333952],[-77.746696,-9.352124],[-77.744196,-9.370709],[-77.720231,-9.38213],[-77.692134,-9.377619],[-77.683922,-9.383639],[-77.674505,-9.402067],[-77.68138,-9.417656],[-77.665644,-9.42666],[-77.649288,-9.452799],[-77.643683,-9.432591],[-77.613006,-9.422084],[-77.60388,-9.403558],[-77.580875,-9.392252],[-77.584937,-9.375295],[-77.542289,-9.386592],[-77.530005,-9.372715],[-77.465008,-9.366989],[-77.443386,-9.350879],[-77.415475,-9.355769],[-77.397637,-9.346607],[-77.398524,-9.356078],[-77.384137,-9.369979],[-77.370793,-9.36797],[-77.351019,-9.388462],[-77.330091,-9.382392],[-77.334556,-9.352722],[-77.318134,-9.32797],[-77.325682,-9.31005],[-77.388935,-9.288943],[-77.408979,-9.273132],[-77.432135,-9.275512],[-77.450959,-9.263994],[-77.479042,-9.270516],[-77.480939,-9.254982],[-77.512779,-9.251932],[-77.516535,-9.205782],[-77.532378,-9.198595],[-77.533523,-9.172807],[-77.518764,-9.136595],[-77.50305,-9.127495],[-77.49046,-9.106672],[-77.52366,-9.095369],[-77.528173,-9.085499],[-77.528837,-9.084818]]]}},{"type":"Feature","id":"0207","properties":{"ubigeo":"0207","nombre_departamento":"ancash","nombre_provincia":"carlos fermin fitzcarrald","nombre_distrito":"","capital":"san luis"},"geometry":{"type":"Polygon","coordinates":[[[-77.143375,-8.900314],[-77.159533,-8.897103],[-77.17512,-8.926955],[-77.23233,-8.92522],[-77.26747,-8.94454],[-77.32047,-8.94544],[-77.35903,-8.97059],[-77.36417,-8.98628],[-77.35751,-9.0585],[-77.36602,-9.11388],[-77.319281,-9.137242],[-77.31024,-9.163316],[-77.292705,-9.174613],[-77.292666,-9.183399],[-77.277648,-9.181543],[-77.262052,-9.207787],[-77.241766,-9.199102],[-77.221557,-9.167578],[-77.19787,-9.165707],[-77.186066,-9.154989],[-77.173871,-9.159956],[-77.15442,-9.143398],[-77.168411,-9.121566],[-77.16547,-9.10579],[-77.141015,-9.091336],[-77.14139,-9.055604],[-77.152394,-9.033719],[-77.11162,-9.00884],[-77.122786,-8.978057],[-77.103143,-8.972434],[-77.110201,-8.969172],[-77.10249,-8.960947],[-77.106068,-8.948914],[-77.123164,-8.945648],[-77.133166,-8.926055],[-77.129853,-8.917908],[-77.143361,-8.90067],[-77.143375,-8.900314]]]}},{"type":"Feature","id":"0208","properties":{"ubigeo":"0208","nombre_departamento":"ancash","nombre_provincia":"casma","nombre_distrito":"","capital":"casma"},"geometry":{"type":"Polygon","coordinates":[[[-78.258871,-9.201483],[-78.282125,-9.223187],[-78.299379,-9.216271],[-78.337084,-9.250299],[-78.336012,-9.263091],[-78.362685,-9.264861],[-78.385818,-9.305305],[-78.383616,-9.326188],[-78.411725,-9.353441],[-78.428943,-9.349426],[-78.427617,-9.360322],[-78.409394,-9.36376],[-78.428281,-9.371568],[-78.433728,-9.390375],[-78.426793,-9.392035],[-78.427941,-9.411289],[-78.416012,-9.418748],[-78.417758,-9.426154],[-78.406676,-9.424824],[-78.407639,-9.435846],[-78.391992,-9.429125],[-78.380111,-9.44549],[-78.380881,-9.455717],[-78.391947,-9.457939],[-78.404715,-9.475086],[-78.394586,-9.477658],[-78.396662,-9.498969],[-78.38449,-9.520965],[-78.391268,-9.531018],[-78.366385,-9.558914],[-78.365318,-9.581277],[-78.372273,-9.586238],[-78.361328,-9.61007],[-78.366867,-9.629686],[-78.35859,-9.623977],[-78.343369,-9.63291],[-78.335785,-9.654754],[-78.318836,-9.666658],[-78.319293,-9.681498],[-78.307609,-9.683936],[-78.306516,-9.69523],[-78.294342,-9.705426],[-78.295894,-9.726291],[-78.226211,-9.795281],[-78.221648,-9.778711],[-78.174221,-9.748276],[-78.144828,-9.714579],[-78.122849,-9.711369],[-78.087404,-9.72049],[-78.05827,-9.68917],[-78.00714,-9.68221],[-77.98989,-9.64505],[-77.97603,-9.63905],[-77.958903,-9.6054],[-77.960755,-9.586202],[-77.974713,-9.569868],[-77.974152,-9.550484],[-77.99368,-9.53576],[-77.97114,-9.53102],[-77.946364,-9.539706],[-77.929194,-9.500064],[-77.918315,-9.499767],[-77.915836,-9.491022],[-77.93353,-9.48079],[-77.91574,-9.46918],[-77.901,-9.44223],[-77.932693,-9.394906],[-77.955231,-9.422619],[-77.99586,-9.446186],[-78.033881,-9.409997],[-78.003316,-9.380971],[-78.060412,-9.334687],[-78.05371,-9.32085],[-78.062289,-9.292417],[-78.05761,-9.272014],[-78.115748,-9.257339],[-78.1424,-9.268555],[-78.15529,-9.251052],[-78.175469,-9.247027],[-78.211285,-9.208968],[-78.232831,-9.211884],[-78.255904,-9.202541],[-78.258871,-9.201483]]]}},{"type":"Feature","id":"0209","properties":{"ubigeo":"0209","nombre_departamento":"ancash","nombre_provincia":"corongo","nombre_distrito":"","capital":"corongo"},"geometry":{"type":"Polygon","coordinates":[[[-77.793769,-8.387],[-77.802477,-8.379027],[-77.852826,-8.403261],[-77.860735,-8.393372],[-77.876452,-8.397754],[-77.881211,-8.440456],[-77.897534,-8.440567],[-77.916312,-8.457982],[-77.933922,-8.449295],[-77.948959,-8.480831],[-77.975939,-8.475774],[-77.968319,-8.504085],[-77.98281,-8.511844],[-77.991852,-8.531687],[-78.029441,-8.542096],[-78.051818,-8.563564],[-78.077737,-8.568869],[-78.078515,-8.579618],[-78.095769,-8.597123],[-78.121779,-8.596211],[-78.13049,-8.617142],[-78.111092,-8.655504],[-78.09601,-8.66247],[-78.0738,-8.65676],[-78.04652,-8.66252],[-78.02912,-8.67597],[-78.00884,-8.66698],[-77.95613,-8.69936],[-77.94074,-8.72852],[-77.9203,-8.74762],[-77.87995,-8.68404],[-77.812128,-8.662842],[-77.79208,-8.66132],[-77.772336,-8.673933],[-77.748656,-8.659187],[-77.72073,-8.656531],[-77.713637,-8.631829],[-77.701816,-8.627454],[-77.708622,-8.612296],[-77.695662,-8.602331],[-77.709151,-8.586271],[-77.688661,-8.576357],[-77.691274,-8.556821],[-77.714219,-8.540352],[-77.703041,-8.510875],[-77.735784,-8.477486],[-77.741398,-8.459995],[-77.764541,-8.441609],[-77.765068,-8.42808],[-77.755229,-8.418686],[-77.759154,-8.403366],[-77.774018,-8.395781],[-77.782182,-8.40324],[-77.792441,-8.388188],[-77.793769,-8.387]]]}},{"type":"Feature","id":"0210","properties":{"ubigeo":"0210","nombre_departamento":"ancash","nombre_provincia":"huari","nombre_distrito":"","capital":"huari"},"geometry":{"type":"Polygon","coordinates":[[[-76.924945,-9.073297],[-76.945399,-9.074831],[-76.942625,-9.128652],[-76.961591,-9.15325],[-76.960055,-9.207221],[-77.012315,-9.29878],[-77.02886,-9.30051],[-77.08643,-9.26441],[-77.08254,-9.23412],[-77.09377,-9.21138],[-77.084412,-9.182482],[-77.142213,-9.202418],[-77.158165,-9.171817],[-77.186066,-9.154989],[-77.19787,-9.165707],[-77.221557,-9.167578],[-77.241766,-9.199102],[-77.262052,-9.207787],[-77.262675,-9.238246],[-77.275593,-9.247334],[-77.275297,-9.278269],[-77.291691,-9.288514],[-77.307748,-9.282768],[-77.315201,-9.290684],[-77.311491,-9.307979],[-77.334556,-9.352722],[-77.329986,-9.389131],[-77.314773,-9.400185],[-77.319717,-9.427111],[-77.300575,-9.440231],[-77.308524,-9.464541],[-77.326195,-9.471931],[-77.300806,-9.555006],[-77.30941,-9.57456],[-77.288729,-9.592515],[-77.283119,-9.61955],[-77.266703,-9.636904],[-77.265302,-9.660276],[-77.24906,-9.679811],[-77.250631,-9.691862],[-77.227729,-9.713245],[-77.236123,-9.7258],[-77.230792,-9.747485],[-77.245542,-9.773225],[-77.238484,-9.785321],[-77.244028,-9.807593],[-77.225269,-9.806876],[-77.216937,-9.823933],[-77.206595,-9.821206],[-77.201656,-9.831915],[-77.184746,-9.836938],[-77.158802,-9.827161],[-77.125174,-9.839618],[-77.115898,-9.833158],[-77.094877,-9.840815],[-77.098981,-9.806213],[-77.047715,-9.79518],[-77.049464,-9.782875],[-77.027799,-9.764121],[-77.025471,-9.728636],[-77.035699,-9.718855],[-77.022273,-9.702248],[-77.047307,-9.653937],[-77.04715,-9.632531],[-77.029236,-9.612996],[-77.015297,-9.614269],[-76.99516,-9.603332],[-76.980244,-9.564031],[-76.955111,-9.560299],[-76.955096,-9.542689],[-76.937551,-9.525367],[-76.938619,-9.491699],[-76.953295,-9.467478],[-76.930305,-9.433186],[-76.935236,-9.398549],[-76.924133,-9.391531],[-76.9179,-9.369508],[-76.900603,-9.359066],[-76.892916,-9.331961],[-76.870264,-9.314428],[-76.868727,-9.29275],[-76.854557,-9.288521],[-76.846707,-9.264213],[-76.833965,-9.266008],[-76.815482,-9.326462],[-76.782875,-9.342903],[-76.765898,-9.367197],[-76.740809,-9.330751],[-76.745461,-9.296724],[-76.740138,-9.27334],[-76.72597,-9.256154],[-76.728361,-9.232918],[-76.736939,-9.204091],[-76.767056,-9.170409],[-76.768938,-9.157016],[-76.795822,-9.133138],[-76.873173,-9.112524],[-76.923463,-9.074353],[-76.924945,-9.073297]]]}},{"type":"Feature","id":"0211","properties":{"ubigeo":"0211","nombre_departamento":"ancash","nombre_provincia":"huarmey","nombre_distrito":"","capital":"huarmey"},"geometry":{"type":"Polygon","coordinates":[[[-78.05521,-9.689733],[-78.087404,-9.72049],[-78.122849,-9.711369],[-78.144828,-9.714579],[-78.174221,-9.748276],[-78.221648,-9.778711],[-78.227103,-9.821568],[-78.237803,-9.834187],[-78.234285,-9.854027],[-78.243785,-9.868488],[-78.22451,-9.907223],[-78.231483,-9.910587],[-78.225498,-9.939471],[-78.234371,-9.951261],[-78.208076,-9.966769],[-78.193062,-10.001353],[-78.1961,-10.020115],[-78.175768,-10.043955],[-78.175764,-10.069703],[-78.165742,-10.091949],[-78.185018,-10.109389],[-78.173443,-10.115215],[-78.16357,-10.147191],[-78.101584,-10.201105],[-78.087295,-10.230119],[-78.091955,-10.241977],[-78.081008,-10.248318],[-78.087074,-10.277117],[-78.05683,-10.303457],[-78.055227,-10.345365],[-78.010603,-10.374699],[-78.000707,-10.397469],[-78.014416,-10.411244],[-77.980406,-10.439375],[-77.96332,-10.471113],[-77.965607,-10.492971],[-77.939402,-10.509014],[-77.90816,-10.544287],[-77.900779,-10.564199],[-77.908682,-10.569594],[-77.886275,-10.611956],[-77.839688,-10.567919],[-77.799683,-10.585323],[-77.784996,-10.572039],[-77.771376,-10.571615],[-77.77067,-10.515672],[-77.798805,-10.477021],[-77.787566,-10.457098],[-77.764603,-10.439481],[-77.767862,-10.42879],[-77.760022,-10.43008],[-77.749872,-10.406796],[-77.757195,-10.345363],[-77.752507,-10.321895],[-77.698752,-10.322104],[-77.696427,-10.25685],[-77.677524,-10.234235],[-77.673103,-10.184939],[-77.656258,-10.151978],[-77.670671,-10.139886],[-77.698074,-10.14367],[-77.69968,-10.108532],[-77.721865,-10.078679],[-77.70997,-10.052446],[-77.75344,-10.042819],[-77.7705,-10.025102],[-77.773396,-9.997632],[-77.763929,-9.989903],[-77.75015,-10.00653],[-77.72753,-10.01379],[-77.63187,-10.02229],[-77.60817,-9.950136],[-77.550317,-9.878462],[-77.557387,-9.869066],[-77.576061,-9.872445],[-77.605877,-9.860398],[-77.621398,-9.867775],[-77.641255,-9.856047],[-77.66411,-9.86533],[-77.70355,-9.84835],[-77.71205,-9.8371],[-77.73793,-9.84842],[-77.76375,-9.87243],[-77.76561,-9.88974],[-77.77446,-9.89112],[-77.77979,-9.90506],[-77.81376,-9.90576],[-77.82587,-9.91428],[-77.82694,-9.87809],[-77.843717,-9.844055],[-77.83374,-9.836342],[-77.853885,-9.817093],[-77.875421,-9.811162],[-77.908533,-9.821656],[-77.95748,-9.78784],[-77.987119,-9.739451],[-77.967617,-9.706144],[-77.99956,-9.71173],[-78.05457,-9.68978],[-78.05521,-9.689733]]]}},{"type":"Feature","id":"0212","properties":{"ubigeo":"0212","nombre_departamento":"ancash","nombre_provincia":"huaylas","nombre_distrito":"","capital":"caraz"},"geometry":{"type":"Polygon","coordinates":[[[-77.717907,-8.661067],[-77.727337,-8.655427],[-77.748656,-8.659187],[-77.772336,-8.673933],[-77.80077,-8.66111],[-77.87988,-8.68401],[-77.91975,-8.74754],[-77.94074,-8.72852],[-77.95664,-8.69903],[-77.982014,-8.692877],[-77.995506,-8.707153],[-78.01529,-8.755684],[-77.991453,-8.799392],[-77.988898,-8.827064],[-78.000639,-8.842803],[-77.986028,-8.848431],[-77.979888,-8.885275],[-77.963189,-8.88964],[-77.941973,-8.920022],[-77.955716,-8.954776],[-77.942131,-8.968695],[-77.942444,-8.978575],[-77.955483,-8.981732],[-77.979934,-9.012707],[-77.997163,-9.017222],[-78.023952,-9.060341],[-78.060559,-9.088902],[-78.062055,-9.129009],[-78.016338,-9.167193],[-78.047631,-9.176857],[-78.07383,-9.172344],[-78.066811,-9.185971],[-78.06865,-9.213055],[-78.059001,-9.231163],[-78.042557,-9.241621],[-78.024215,-9.248373],[-77.976487,-9.243236],[-77.958451,-9.253986],[-77.927826,-9.246117],[-77.895127,-9.261451],[-77.876717,-9.250355],[-77.861268,-9.25119],[-77.839471,-9.217574],[-77.796604,-9.228871],[-77.782307,-9.217219],[-77.777314,-9.185981],[-77.784111,-9.119961],[-77.773041,-9.101713],[-77.78294,-9.08321],[-77.745048,-9.064113],[-77.727394,-9.070406],[-77.699814,-9.056934],[-77.680853,-9.033048],[-77.669493,-9.034779],[-77.614562,-8.993813],[-77.620718,-8.975692],[-77.613624,-8.956516],[-77.603368,-8.942312],[-77.587919,-8.940793],[-77.574266,-8.900443],[-77.58782,-8.887381],[-77.604626,-8.88671],[-77.608292,-8.872234],[-77.594905,-8.85475],[-77.597625,-8.833768],[-77.581051,-8.818334],[-77.589744,-8.792289],[-77.581201,-8.771117],[-77.601388,-8.745048],[-77.614995,-8.750967],[-77.645356,-8.724365],[-77.655731,-8.723485],[-77.67169,-8.693045],[-77.717115,-8.662223],[-77.717907,-8.661067]]]}},{"type":"Feature","id":"0213","properties":{"ubigeo":"0213","nombre_departamento":"ancash","nombre_provincia":"mariscal luzuriaga","nombre_distrito":"","capital":"piscobamba"},"geometry":{"type":"Polygon","coordinates":[[[-77.27977,-8.70282],[-77.30872,-8.72695],[-77.32927,-8.73045],[-77.38677,-8.76348],[-77.400539,-8.795339],[-77.437931,-8.813496],[-77.44713,-8.83832],[-77.3678,-8.90856],[-77.39231,-8.90447],[-77.40582,-8.91327],[-77.43836,-8.91422],[-77.48648,-8.90562],[-77.51482,-8.923364],[-77.527092,-8.904167],[-77.563453,-8.903373],[-77.544327,-8.928661],[-77.547105,-8.948307],[-77.56192,-8.95367],[-77.55197,-8.98866],[-77.51787,-9.0052],[-77.49221,-9.00822],[-77.44571,-8.99006],[-77.3896,-8.99575],[-77.3595,-8.97724],[-77.34551,-8.95583],[-77.32047,-8.94544],[-77.2797,-8.94654],[-77.23321,-8.92539],[-77.18857,-8.92838],[-77.1693,-8.92148],[-77.159533,-8.897103],[-77.172588,-8.876373],[-77.174264,-8.834494],[-77.195734,-8.814992],[-77.206537,-8.781625],[-77.225812,-8.766937],[-77.227064,-8.74368],[-77.248168,-8.727309],[-77.247361,-8.712764],[-77.26177,-8.71471],[-77.27768,-8.70317],[-77.27977,-8.70282]]]}},{"type":"Feature","id":"0214","properties":{"ubigeo":"0214","nombre_departamento":"ancash","nombre_provincia":"ocros","nombre_distrito":"","capital":"ocros"},"geometry":{"type":"Polygon","coordinates":[[[-77.244759,-10.266363],[-77.262105,-10.252677],[-77.27549,-10.266361],[-77.290739,-10.268706],[-77.30248,-10.284632],[-77.327123,-10.256219],[-77.359504,-10.292033],[-77.399146,-10.272049],[-77.411044,-10.277875],[-77.462521,-10.275658],[-77.466289,-10.295612],[-77.478197,-10.307193],[-77.481478,-10.346229],[-77.500179,-10.347789],[-77.502946,-10.357494],[-77.516332,-10.36353],[-77.522718,-10.387198],[-77.561076,-10.390185],[-77.598112,-10.382851],[-77.634556,-10.412266],[-77.645299,-10.40866],[-77.665777,-10.427119],[-77.686736,-10.434021],[-77.688181,-10.453772],[-77.712407,-10.491654],[-77.710594,-10.503849],[-77.720636,-10.503028],[-77.743139,-10.528972],[-77.745797,-10.558284],[-77.735741,-10.568483],[-77.727557,-10.552705],[-77.710083,-10.56017],[-77.708305,-10.547445],[-77.687777,-10.537301],[-77.669243,-10.540568],[-77.624742,-10.502035],[-77.601323,-10.509304],[-77.600919,-10.518774],[-77.616333,-10.524672],[-77.614584,-10.546393],[-77.638209,-10.563026],[-77.645337,-10.582856],[-77.638163,-10.602902],[-77.619508,-10.614246],[-77.61931,-10.602294],[-77.60494,-10.590129],[-77.584621,-10.583833],[-77.574251,-10.588413],[-77.574115,-10.614662],[-77.590581,-10.645564],[-77.575354,-10.658866],[-77.574537,-10.694308],[-77.563144,-10.709428],[-77.57844,-10.722718],[-77.591192,-10.78645],[-77.523947,-10.734982],[-77.506797,-10.734619],[-77.491475,-10.746038],[-77.436139,-10.72364],[-77.41543,-10.72998],[-77.395252,-10.717807],[-77.385658,-10.707793],[-77.403794,-10.690968],[-77.39531,-10.66154],[-77.380112,-10.639444],[-77.367305,-10.638301],[-77.33835,-10.59605],[-77.32051,-10.58792],[-77.31063,-10.56769],[-77.29228,-10.55665],[-77.27185,-10.56111],[-77.26726,-10.55054],[-77.25187,-10.54524],[-77.22577,-10.54601],[-77.2093,-10.55539],[-77.19099,-10.55213],[-77.16731,-10.50814],[-77.17105,-10.48711],[-77.18996,-10.46411],[-77.17219,-10.44401],[-77.17438,-10.405],[-77.15821,-10.36192],[-77.199451,-10.33678],[-77.217126,-10.340421],[-77.228864,-10.331041],[-77.241218,-10.305022],[-77.235974,-10.298031],[-77.243756,-10.267166],[-77.244759,-10.266363]]]}},{"type":"Feature","id":"0215","properties":{"ubigeo":"0215","nombre_departamento":"ancash","nombre_provincia":"pallasca","nombre_distrito":"","capital":"cabana"},"geometry":{"type":"Polygon","coordinates":[[[-77.64697,-8.05086],[-77.718392,-8.073472],[-77.743388,-8.070185],[-77.751272,-8.077439],[-77.785785,-8.079199],[-77.810441,-8.067735],[-77.852208,-8.074779],[-77.867911,-8.05589],[-77.89694,-8.063226],[-77.93321,-8.19701],[-78.01863,-8.22432],[-78.0368,-8.25595],[-78.08198,-8.281086],[-78.10223,-8.30538],[-78.11943,-8.31365],[-78.10839,-8.33811],[-78.1375,-8.36867],[-78.13927,-8.42715],[-78.15739,-8.47885],[-78.17366,-8.50354],[-78.18787,-8.5081],[-78.2026,-8.52607],[-78.21689,-8.55726],[-78.2019,-8.57389],[-78.1944,-8.60423],[-78.20357,-8.62878],[-78.23535,-8.65086],[-78.23256,-8.65778],[-78.20407,-8.66001],[-78.19376,-8.68884],[-78.16564,-8.69501],[-78.15186,-8.66962],[-78.13429,-8.67333],[-78.1058,-8.659821],[-78.13049,-8.617142],[-78.12586,-8.600487],[-78.095769,-8.597123],[-78.078515,-8.579618],[-78.077737,-8.568869],[-78.051818,-8.563564],[-78.029441,-8.542096],[-77.991852,-8.531687],[-77.98281,-8.511844],[-77.968319,-8.504085],[-77.975939,-8.475774],[-77.948959,-8.480831],[-77.933922,-8.449295],[-77.916312,-8.457982],[-77.897534,-8.440567],[-77.881211,-8.440456],[-77.876452,-8.397754],[-77.860735,-8.393372],[-77.852826,-8.403261],[-77.802477,-8.379027],[-77.744156,-8.36265],[-77.736973,-8.346213],[-77.719465,-8.339314],[-77.723148,-8.330903],[-77.703213,-8.307597],[-77.687538,-8.304092],[-77.66629,-8.312035],[-77.64527,-8.29141],[-77.63563,-8.26921],[-77.57034,-8.25518],[-77.56571,-8.23739],[-77.57534,-8.23006],[-77.573321,-8.212486],[-77.557,-8.19425],[-77.57541,-8.168151],[-77.604741,-8.155704],[-77.602138,-8.135939],[-77.61704,-8.13095],[-77.636663,-8.108586],[-77.61883,-8.07983],[-77.64391,-8.06662],[-77.646894,-8.051375],[-77.64697,-8.05086]]]}},{"type":"Feature","id":"0216","properties":{"ubigeo":"0216","nombre_departamento":"ancash","nombre_provincia":"pomabamba","nombre_distrito":"","capital":"pomabamba"},"geometry":{"type":"Polygon","coordinates":[[[-77.339422,-8.527663],[-77.366017,-8.507087],[-77.431166,-8.548746],[-77.44603,-8.57085],[-77.46486,-8.58083],[-77.47573,-8.57624],[-77.489921,-8.590675],[-77.501557,-8.614356],[-77.505067,-8.651243],[-77.501757,-8.668105],[-77.486008,-8.683432],[-77.497459,-8.697889],[-77.522891,-8.695413],[-77.540406,-8.702394],[-77.562158,-8.727798],[-77.585961,-8.74059],[-77.582775,-8.749731],[-77.592743,-8.757665],[-77.581201,-8.771117],[-77.589739,-8.793252],[-77.580432,-8.814641],[-77.597625,-8.833768],[-77.594905,-8.85475],[-77.608292,-8.872234],[-77.604626,-8.88671],[-77.58782,-8.887381],[-77.563453,-8.903373],[-77.527092,-8.904167],[-77.51482,-8.923364],[-77.48648,-8.90562],[-77.43836,-8.91422],[-77.40582,-8.91327],[-77.39231,-8.90447],[-77.3678,-8.90856],[-77.44713,-8.83832],[-77.437931,-8.813496],[-77.401025,-8.795787],[-77.38956,-8.776172],[-77.395004,-8.770098],[-77.36629,-8.74975],[-77.30872,-8.72695],[-77.28038,-8.70289],[-77.26115,-8.71481],[-77.24783,-8.71324],[-77.246189,-8.703156],[-77.261152,-8.667197],[-77.260596,-8.648521],[-77.293643,-8.637025],[-77.288717,-8.589769],[-77.315415,-8.54518],[-77.311995,-8.531147],[-77.338728,-8.528507],[-77.339422,-8.527663]]]}},{"type":"Feature","id":"0217","properties":{"ubigeo":"0217","nombre_departamento":"ancash","nombre_provincia":"recuay","nombre_distrito":"","capital":"recuay"},"geometry":{"type":"Polygon","coordinates":[[[-77.265252,-9.653123],[-77.293139,-9.657331],[-77.30043,-9.669012],[-77.326919,-9.678933],[-77.335041,-9.665491],[-77.424381,-9.679717],[-77.45205,-9.66812],[-77.47546,-9.67297],[-77.48412,-9.6616],[-77.504053,-9.66326],[-77.525597,-9.689599],[-77.520939,-9.71035],[-77.536251,-9.737866],[-77.521453,-9.792272],[-77.488953,-9.819838],[-77.494281,-9.837518],[-77.484362,-9.839624],[-77.478904,-9.873769],[-77.503281,-9.874764],[-77.507973,-9.866279],[-77.537727,-9.861268],[-77.55249,-9.87218],[-77.558066,-9.893631],[-77.60817,-9.950136],[-77.63187,-10.02229],[-77.72753,-10.01379],[-77.769365,-9.990905],[-77.774891,-10.011675],[-77.75344,-10.042819],[-77.70997,-10.052446],[-77.721865,-10.078679],[-77.69968,-10.108532],[-77.698074,-10.14367],[-77.672168,-10.139691],[-77.6574,-10.146866],[-77.676506,-10.200137],[-77.66709,-10.216427],[-77.634323,-10.224232],[-77.608025,-10.24051],[-77.59251,-10.23675],[-77.575323,-10.24986],[-77.561226,-10.231009],[-77.5539,-10.18641],[-77.532114,-10.172026],[-77.516815,-10.147897],[-77.45867,-10.15616],[-77.40065,-10.13215],[-77.34587,-10.16042],[-77.335181,-10.144227],[-77.342336,-10.130837],[-77.32053,-10.127044],[-77.280449,-10.160314],[-77.24949,-10.13651],[-77.207803,-10.131176],[-77.20156,-10.092172],[-77.216242,-10.086805],[-77.207927,-10.061535],[-77.224357,-10.037891],[-77.21412,-10.02373],[-77.219003,-10.014232],[-77.205604,-9.967025],[-77.22337,-9.952539],[-77.216064,-9.942974],[-77.220157,-9.924546],[-77.217875,-9.919214],[-77.189052,-9.929491],[-77.173277,-9.910494],[-77.187392,-9.835129],[-77.202823,-9.831101],[-77.206883,-9.821091],[-77.216937,-9.823933],[-77.225725,-9.80664],[-77.244028,-9.807593],[-77.238484,-9.785321],[-77.245542,-9.773225],[-77.230792,-9.747485],[-77.236123,-9.7258],[-77.227729,-9.713245],[-77.250631,-9.691862],[-77.24906,-9.679811],[-77.2643,-9.654746],[-77.265252,-9.653123]]]}},{"type":"Feature","id":"0218","properties":{"ubigeo":"0218","nombre_departamento":"ancash","nombre_provincia":"santa","nombre_distrito":"","capital":"chimbote"},"geometry":{"type":"Polygon","coordinates":[[[-78.2316,-8.65827],[-78.23557,-8.65292],[-78.29626,-8.65872],[-78.31095,-8.66721],[-78.33425,-8.66645],[-78.33768,-8.67586],[-78.35481,-8.67328],[-78.438414,-8.732747],[-78.487242,-8.751163],[-78.518139,-8.752981],[-78.551606,-8.775038],[-78.565343,-8.792599],[-78.588281,-8.858677],[-78.576485,-8.889047],[-78.589944,-8.942622],[-78.619511,-8.96653],[-78.644924,-8.969228],[-78.649537,-8.990514],[-78.65848,-8.986305],[-78.657937,-8.995936],[-78.622389,-9.017049],[-78.634561,-9.028893],[-78.638649,-9.047484],[-78.629912,-9.07357],[-78.623549,-9.080307],[-78.614088,-9.072424],[-78.616981,-9.079922],[-78.611682,-9.074018],[-78.612446,-9.079912],[-78.588753,-9.079594],[-78.561637,-9.119074],[-78.566834,-9.124254],[-78.56086,-9.122421],[-78.558424,-9.145457],[-78.567773,-9.167836],[-78.580986,-9.170789],[-78.609934,-9.160109],[-78.61018,-9.176207],[-78.603082,-9.175437],[-78.590004,-9.195676],[-78.577041,-9.194738],[-78.583812,-9.203359],[-78.553879,-9.235123],[-78.556762,-9.203484],[-78.566361,-9.193564],[-78.562185,-9.181742],[-78.533242,-9.174615],[-78.49628,-9.18951],[-78.48497,-9.20791],[-78.4918,-9.25087],[-78.525523,-9.274564],[-78.498865,-9.286922],[-78.498342,-9.311971],[-78.479482,-9.321902],[-78.48133,-9.333338],[-78.472201,-9.328816],[-78.474607,-9.317936],[-78.460855,-9.316186],[-78.45849,-9.326252],[-78.443248,-9.32674],[-78.43901,-9.340309],[-78.425529,-9.341187],[-78.427635,-9.35007],[-78.418438,-9.355127],[-78.383616,-9.326188],[-78.385818,-9.305305],[-78.361928,-9.264071],[-78.336012,-9.263091],[-78.337084,-9.250299],[-78.299379,-9.216271],[-78.281105,-9.222793],[-78.260804,-9.200923],[-78.232831,-9.211884],[-78.211285,-9.208968],[-78.175469,-9.247027],[-78.15529,-9.251052],[-78.1424,-9.268555],[-78.115748,-9.257339],[-78.056099,-9.274701],[-78.045672,-9.247566],[-78.037168,-9.243707],[-78.059001,-9.231163],[-78.067752,-9.214805],[-78.066811,-9.185971],[-78.07383,-9.172344],[-78.047631,-9.176857],[-78.016338,-9.167193],[-78.062055,-9.129009],[-78.060559,-9.088902],[-78.023952,-9.060341],[-77.997163,-9.017222],[-77.979934,-9.012707],[-77.955483,-8.981732],[-77.942444,-8.978575],[-77.942131,-8.968695],[-77.955716,-8.954776],[-77.941704,-8.920772],[-77.962057,-8.890694],[-77.983366,-8.880417],[-77.978484,-8.873363],[-77.986028,-8.848431],[-78.000771,-8.84192],[-77.988898,-8.827064],[-77.991453,-8.799392],[-78.01529,-8.761676],[-77.995506,-8.707153],[-77.9725,-8.68765],[-78.00884,-8.66698],[-78.02999,-8.67587],[-78.04652,-8.66252],[-78.0738,-8.65676],[-78.10931,-8.66042],[-78.13429,-8.67333],[-78.15186,-8.66962],[-78.16371,-8.69447],[-78.1838,-8.69427],[-78.19446,-8.68792],[-78.20407,-8.66001],[-78.23106,-8.65831],[-78.2316,-8.65827]]]}},{"type":"Feature","id":"0219","properties":{"ubigeo":"0219","nombre_departamento":"ancash","nombre_provincia":"sihuas","nombre_distrito":"","capital":"sihuas"},"geometry":{"type":"Polygon","coordinates":[[[-77.54451,-8.2382],[-77.56571,-8.23739],[-77.57902,-8.26169],[-77.63488,-8.26877],[-77.659744,-8.308045],[-77.703213,-8.307597],[-77.723148,-8.330903],[-77.719465,-8.339314],[-77.736973,-8.346213],[-77.744156,-8.36265],[-77.798859,-8.381187],[-77.782182,-8.40324],[-77.774018,-8.395781],[-77.759154,-8.403366],[-77.755229,-8.418686],[-77.765068,-8.42808],[-77.764541,-8.441609],[-77.741398,-8.459995],[-77.735784,-8.477486],[-77.703041,-8.510875],[-77.714219,-8.540352],[-77.691274,-8.556821],[-77.688661,-8.576357],[-77.709151,-8.586271],[-77.695662,-8.602331],[-77.708622,-8.612296],[-77.701816,-8.627454],[-77.713637,-8.631829],[-77.72073,-8.656531],[-77.67169,-8.693045],[-77.655731,-8.723485],[-77.645356,-8.724365],[-77.614995,-8.750967],[-77.601388,-8.745048],[-77.592743,-8.757665],[-77.582775,-8.749731],[-77.585961,-8.74059],[-77.562158,-8.727798],[-77.541697,-8.703195],[-77.522891,-8.695413],[-77.497459,-8.697889],[-77.486008,-8.683432],[-77.501757,-8.668105],[-77.505067,-8.651243],[-77.501557,-8.614356],[-77.487728,-8.58814],[-77.47573,-8.57624],[-77.46486,-8.58083],[-77.44603,-8.57085],[-77.431166,-8.548746],[-77.366017,-8.507087],[-77.40005,-8.482634],[-77.405877,-8.440885],[-77.418336,-8.439649],[-77.438355,-8.422328],[-77.437538,-8.401149],[-77.446956,-8.369374],[-77.459332,-8.35556],[-77.458896,-8.335656],[-77.478285,-8.326065],[-77.473638,-8.320501],[-77.48763,-8.303546],[-77.491368,-8.282553],[-77.52711,-8.26762],[-77.52783,-8.24722],[-77.54352,-8.23909],[-77.54451,-8.2382]]]}},{"type":"Feature","id":"0220","properties":{"ubigeo":"0220","nombre_departamento":"ancash","nombre_provincia":"yungay","nombre_distrito":"","capital":"yungay"},"geometry":{"type":"Polygon","coordinates":[[[-77.573437,-8.900923],[-77.587919,-8.940793],[-77.603368,-8.942312],[-77.613624,-8.956516],[-77.620718,-8.975692],[-77.614562,-8.993813],[-77.632357,-9.00976],[-77.655615,-9.018737],[-77.669493,-9.034779],[-77.680853,-9.033048],[-77.69783,-9.055795],[-77.719615,-9.067135],[-77.743109,-9.063509],[-77.78294,-9.08321],[-77.773041,-9.101713],[-77.783972,-9.118595],[-77.777314,-9.185981],[-77.789776,-9.22456],[-77.797522,-9.229191],[-77.839471,-9.217574],[-77.861268,-9.25119],[-77.876717,-9.250355],[-77.895127,-9.261451],[-77.927826,-9.246117],[-77.958451,-9.253986],[-77.976487,-9.243236],[-78.044326,-9.245704],[-78.062289,-9.292417],[-78.053654,-9.310382],[-78.060581,-9.334212],[-78.003316,-9.380971],[-78.033193,-9.408702],[-78.027184,-9.421644],[-77.992949,-9.446606],[-77.955231,-9.422619],[-77.932693,-9.394906],[-77.901,-9.44223],[-77.857,-9.40273],[-77.834077,-9.425909],[-77.766528,-9.422073],[-77.760445,-9.414855],[-77.765789,-9.400103],[-77.756704,-9.394808],[-77.742705,-9.359433],[-77.775455,-9.323262],[-77.767098,-9.293291],[-77.74399,-9.290297],[-77.725137,-9.277028],[-77.713502,-9.246574],[-77.689297,-9.224165],[-77.680642,-9.246451],[-77.672624,-9.239073],[-77.664771,-9.24305],[-77.644052,-9.197271],[-77.617311,-9.214766],[-77.590788,-9.171534],[-77.593223,-9.134412],[-77.604136,-9.119132],[-77.596003,-9.10324],[-77.572402,-9.085765],[-77.53509,-9.081944],[-77.52366,-9.095369],[-77.482306,-9.10692],[-77.44874,-9.08671],[-77.43489,-9.05789],[-77.39033,-9.0568],[-77.362,-9.06499],[-77.3595,-8.97724],[-77.3896,-8.99575],[-77.44571,-8.99006],[-77.48773,-9.00773],[-77.51787,-9.0052],[-77.55399,-8.98577],[-77.56192,-8.95367],[-77.547105,-8.948307],[-77.544327,-8.928661],[-77.560554,-8.905492],[-77.572445,-8.901262],[-77.573437,-8.900923]]]}},{"type":"Feature","id":"0301","properties":{"ubigeo":"0301","nombre_departamento":"apurimac","nombre_provincia":"abancay","nombre_distrito":"","capital":"abancay"},"geometry":{"type":"Polygon","coordinates":[[[-72.91562,-13.385668],[-72.977065,-13.388173],[-73.007225,-13.423053],[-73.01689,-13.426712],[-73.044052,-13.411962],[-73.060444,-13.43802],[-73.097288,-13.448876],[-73.110665,-13.434543],[-73.126093,-13.440045],[-73.143076,-13.41909],[-73.150273,-13.423914],[-73.148187,-13.434465],[-73.160164,-13.443338],[-73.141641,-13.449633],[-73.127046,-13.48583],[-73.04848,-13.5311],[-73.04199,-13.56248],[-73.01596,-13.56481],[-72.986565,-13.61764],[-72.944626,-13.652134],[-72.97774,-13.70027],[-73.060535,-13.720444],[-73.077856,-13.733025],[-73.076688,-13.749224],[-73.091783,-13.74337],[-73.101031,-13.763033],[-73.118922,-13.752795],[-73.131515,-13.766722],[-73.160303,-13.776788],[-73.171895,-13.803637],[-73.143272,-13.8223],[-73.073741,-13.89699],[-73.05553,-13.89634],[-73.036893,-13.906225],[-73.035827,-13.971356],[-73.02449,-13.992041],[-73.029295,-14.011783],[-73.021775,-14.02271],[-73.02894,-14.06794],[-73.0266,-14.087829],[-73.016635,-14.095893],[-73.019736,-14.112623],[-73.004745,-14.120522],[-72.980289,-14.118336],[-72.974982,-14.130414],[-72.943613,-14.151306],[-72.929279,-14.136251],[-72.913682,-14.147291],[-72.907793,-14.167341],[-72.892354,-14.170394],[-72.887013,-14.146285],[-72.874758,-14.134927],[-72.87634,-14.123856],[-72.857293,-14.112581],[-72.858012,-14.096724],[-72.817205,-14.095455],[-72.79852,-14.071262],[-72.794382,-14.054737],[-72.80613,-14.031074],[-72.790958,-14.002979],[-72.791043,-13.982932],[-72.763248,-13.978971],[-72.757976,-13.963445],[-72.747412,-13.966498],[-72.726854,-13.947321],[-72.740905,-13.925002],[-72.735801,-13.914496],[-72.683614,-13.887964],[-72.66248,-13.8649],[-72.64725,-13.85706],[-72.63795,-13.86223],[-72.645047,-13.83692],[-72.637865,-13.830488],[-72.64011,-13.818877],[-72.655906,-13.81119],[-72.678916,-13.775998],[-72.644351,-13.770795],[-72.640572,-13.756702],[-72.608572,-13.748706],[-72.591586,-13.72996],[-72.575911,-13.729862],[-72.577079,-13.743298],[-72.554035,-13.75072],[-72.491777,-13.750612],[-72.468169,-13.7723],[-72.460383,-13.790213],[-72.447121,-13.758064],[-72.43722,-13.68083],[-72.42248,-13.65121],[-72.398789,-13.639269],[-72.421805,-13.605869],[-72.451287,-13.599968],[-72.465884,-13.587834],[-72.48896,-13.591821],[-72.494838,-13.579349],[-72.523167,-13.566597],[-72.53616,-13.572101],[-72.543536,-13.557972],[-72.56048,-13.551805],[-72.57431,-13.562509],[-72.59339,-13.562169],[-72.601431,-13.544302],[-72.613427,-13.546048],[-72.626553,-13.535369],[-72.6408,-13.539604],[-72.655869,-13.513497],[-72.672067,-13.5221],[-72.716291,-13.490433],[-72.748466,-13.48112],[-72.770949,-13.449294],[-72.792746,-13.456508],[-72.797488,-13.422158],[-72.838273,-13.42707],[-72.865786,-13.415881],[-72.884073,-13.416979],[-72.894086,-13.390127],[-72.915224,-13.385688],[-72.91562,-13.385668]]]}},{"type":"Feature","id":"0302","properties":{"ubigeo":"0302","nombre_departamento":"apurimac","nombre_provincia":"andahuaylas","nombre_distrito":"","capital":"andahuaylas"},"geometry":{"type":"Polygon","coordinates":[[[-73.196377,-13.415134],[-73.204821,-13.41172],[-73.211876,-13.419065],[-73.209544,-13.43196],[-73.223707,-13.450617],[-73.220638,-13.46511],[-73.235318,-13.476694],[-73.245434,-13.46535],[-73.260508,-13.467937],[-73.311671,-13.446597],[-73.331793,-13.456378],[-73.333226,-13.443996],[-73.347163,-13.434832],[-73.403979,-13.444794],[-73.41046,-13.435949],[-73.44539,-13.43036],[-73.47677,-13.47425],[-73.47012,-13.48552],[-73.48367,-13.50662],[-73.46081,-13.54621],[-73.45106,-13.592956],[-73.492076,-13.577329],[-73.500479,-13.596189],[-73.530401,-13.616759],[-73.570403,-13.596258],[-73.586774,-13.609287],[-73.604432,-13.609932],[-73.606981,-13.622219],[-73.592678,-13.650183],[-73.61493,-13.70166],[-73.60618,-13.72877],[-73.63243,-13.73661],[-73.66656,-13.72885],[-73.673713,-13.730739],[-73.670114,-13.738528],[-73.686864,-13.738878],[-73.687445,-13.747184],[-73.734671,-13.754125],[-73.747888,-13.763366],[-73.72869,-13.81612],[-73.697779,-13.847416],[-73.685088,-13.905928],[-73.65647,-13.92995],[-73.64276,-13.978536],[-73.62589,-13.99491],[-73.618,-14.02553],[-73.62578,-14.04902],[-73.61107,-14.08994],[-73.58662,-14.11034],[-73.57728,-14.14718],[-73.51916,-14.24083],[-73.51225,-14.26816],[-73.51719,-14.30936],[-73.52801,-14.322562],[-73.53552,-14.357801],[-73.553506,-14.377507],[-73.553857,-14.40122],[-73.581703,-14.419504],[-73.570641,-14.45657],[-73.551405,-14.465004],[-73.554561,-14.480695],[-73.535057,-14.491545],[-73.520752,-14.533548],[-73.507012,-14.544309],[-73.485475,-14.533758],[-73.491834,-14.52254],[-73.490238,-14.491054],[-73.472013,-14.475354],[-73.472994,-14.446517],[-73.460196,-14.440336],[-73.449518,-14.421389],[-73.453128,-14.402549],[-73.427151,-14.376298],[-73.421251,-14.345967],[-73.369972,-14.318993],[-73.379923,-14.23179],[-73.395918,-14.21116],[-73.39492,-14.189038],[-73.415481,-14.179153],[-73.411184,-14.166063],[-73.396539,-14.159432],[-73.4108,-14.109176],[-73.381442,-14.096204],[-73.370684,-14.064879],[-73.378437,-14.03068],[-73.354281,-13.990982],[-73.359522,-13.964686],[-73.345094,-13.939891],[-73.354542,-13.926555],[-73.331854,-13.906576],[-73.284439,-13.893152],[-73.279908,-13.867719],[-73.24501,-13.815059],[-73.223463,-13.828303],[-73.210108,-13.8239],[-73.186662,-13.802283],[-73.171645,-13.80353],[-73.160303,-13.776788],[-73.131515,-13.766722],[-73.118922,-13.752795],[-73.102236,-13.763151],[-73.091783,-13.74337],[-73.076688,-13.749224],[-73.077856,-13.733025],[-73.060535,-13.720444],[-72.97774,-13.70027],[-72.944626,-13.652134],[-72.986565,-13.61764],[-73.01596,-13.56481],[-73.04199,-13.56248],[-73.04848,-13.5311],[-73.126396,-13.486462],[-73.142946,-13.448513],[-73.157393,-13.442868],[-73.176193,-13.451213],[-73.186124,-13.441134],[-73.186495,-13.417021],[-73.195386,-13.415439],[-73.196377,-13.415134]]]}},{"type":"Feature","id":"0303","properties":{"ubigeo":"0303","nombre_departamento":"apurimac","nombre_provincia":"antabamba","nombre_distrito":"","capital":"antambamba"},"geometry":{"type":"Polygon","coordinates":[[[-73.028017,-14.109529],[-73.049858,-14.122137],[-73.053157,-14.136003],[-73.079082,-14.146183],[-73.068515,-14.16237],[-73.07646,-14.20626],[-73.0566,-14.22325],[-73.041728,-14.254712],[-73.052204,-14.268199],[-73.069754,-14.273918],[-73.069791,-14.30935],[-73.082641,-14.328776],[-73.067331,-14.341701],[-73.047523,-14.345033],[-73.038064,-14.390179],[-73.022822,-14.397263],[-73.013168,-14.421913],[-72.9805,-14.441148],[-72.987277,-14.472466],[-72.997855,-14.48384],[-72.991172,-14.519618],[-72.996409,-14.533602],[-72.984336,-14.543377],[-72.99543,-14.551097],[-72.990143,-14.564021],[-72.997009,-14.580945],[-73.014388,-14.586353],[-73.0174,-14.630715],[-72.998489,-14.662469],[-72.974558,-14.651817],[-72.955307,-14.682684],[-72.935725,-14.695266],[-72.917808,-14.685262],[-72.910357,-14.697582],[-72.867971,-14.70756],[-72.846359,-14.75994],[-72.833549,-14.736896],[-72.828247,-14.701556],[-72.789696,-14.650213],[-72.770409,-14.664713],[-72.741196,-14.644522],[-72.725433,-14.643874],[-72.724419,-14.676703],[-72.697632,-14.679064],[-72.690643,-14.688656],[-72.644821,-14.667281],[-72.611015,-14.676129],[-72.599312,-14.690111],[-72.602158,-14.702789],[-72.594376,-14.713675],[-72.578766,-14.687869],[-72.560776,-14.678381],[-72.471415,-14.661309],[-72.461699,-14.60587],[-72.50301,-14.551845],[-72.487601,-14.52937],[-72.44444,-14.497034],[-72.440498,-14.481748],[-72.394947,-14.483012],[-72.363921,-14.459757],[-72.357126,-14.438122],[-72.369286,-14.427612],[-72.368469,-14.350918],[-72.353478,-14.329908],[-72.338585,-14.326339],[-72.34469,-14.306039],[-72.357206,-14.302874],[-72.363849,-14.286962],[-72.371295,-14.284584],[-72.377114,-14.299174],[-72.401037,-14.291914],[-72.427792,-14.268298],[-72.443443,-14.226378],[-72.461057,-14.222227],[-72.485403,-14.20029],[-72.54607,-14.23095],[-72.56989,-14.25458],[-72.60079,-14.23851],[-72.61385,-14.281501],[-72.626168,-14.282789],[-72.623329,-14.307299],[-72.636504,-14.319529],[-72.627197,-14.344045],[-72.636216,-14.356226],[-72.664253,-14.3539],[-72.675342,-14.361655],[-72.688743,-14.34773],[-72.709692,-14.342221],[-72.695488,-14.3195],[-72.708883,-14.307478],[-72.708377,-14.276399],[-72.729145,-14.261221],[-72.75923,-14.26161],[-72.76854,-14.27777],[-72.795271,-14.292432],[-72.799277,-14.27032],[-72.813016,-14.265193],[-72.83148,-14.279079],[-72.863343,-14.277588],[-72.872871,-14.26897],[-72.867261,-14.259115],[-72.872994,-14.249767],[-72.901997,-14.224102],[-72.886754,-14.199889],[-72.892354,-14.170394],[-72.907793,-14.167341],[-72.914371,-14.146504],[-72.929279,-14.136251],[-72.943613,-14.151306],[-72.974982,-14.130414],[-72.980289,-14.118336],[-73.004745,-14.120522],[-73.026362,-14.110562],[-73.028017,-14.109529]]]}},{"type":"Feature","id":"0304","properties":{"ubigeo":"0304","nombre_departamento":"apurimac","nombre_provincia":"aymaraes","nombre_distrito":"","capital":"chalhuanca"},"geometry":{"type":"Polygon","coordinates":[[[-73.159894,-13.816586],[-73.178807,-13.799885],[-73.221033,-13.828094],[-73.24501,-13.815059],[-73.279908,-13.867719],[-73.284439,-13.893152],[-73.331854,-13.906576],[-73.354542,-13.926555],[-73.345094,-13.939891],[-73.359522,-13.964686],[-73.354281,-13.990982],[-73.378437,-14.03068],[-73.370684,-14.064879],[-73.381442,-14.096204],[-73.4108,-14.109176],[-73.396539,-14.159432],[-73.411184,-14.166063],[-73.415481,-14.179153],[-73.39492,-14.189038],[-73.395918,-14.21116],[-73.379923,-14.23179],[-73.369972,-14.318993],[-73.421251,-14.345967],[-73.427151,-14.376298],[-73.453128,-14.402549],[-73.449518,-14.421389],[-73.460196,-14.440336],[-73.472994,-14.446517],[-73.472013,-14.475354],[-73.490238,-14.491054],[-73.491834,-14.52254],[-73.485475,-14.533758],[-73.508828,-14.545758],[-73.512283,-14.565855],[-73.53299,-14.579758],[-73.510152,-14.646261],[-73.517919,-14.667046],[-73.562119,-14.680119],[-73.57549,-14.69509],[-73.57122,-14.70718],[-73.5769,-14.71551],[-73.5629,-14.73934],[-73.56343,-14.77939],[-73.54957,-14.80143],[-73.52857,-14.80135],[-73.5145,-14.82553],[-73.48503,-14.84257],[-73.464484,-14.839828],[-73.453817,-14.804909],[-73.439922,-14.786954],[-73.406807,-14.768918],[-73.390403,-14.716062],[-73.364368,-14.681649],[-73.350807,-14.704029],[-73.32833,-14.717361],[-73.30857,-14.716514],[-73.287474,-14.734035],[-73.263621,-14.709789],[-73.228532,-14.71001],[-73.218275,-14.701612],[-73.190412,-14.705775],[-73.178426,-14.685682],[-73.153237,-14.674345],[-73.123524,-14.681938],[-73.11341,-14.693473],[-73.105102,-14.688013],[-73.110055,-14.669921],[-73.098057,-14.650766],[-73.063125,-14.665805],[-73.043313,-14.657244],[-73.043295,-14.623731],[-73.0174,-14.630715],[-73.014275,-14.585391],[-72.997439,-14.581401],[-72.992271,-14.571449],[-72.99543,-14.551097],[-72.984336,-14.543377],[-72.996409,-14.533602],[-72.991172,-14.519618],[-72.997762,-14.482081],[-72.987277,-14.472466],[-72.9805,-14.441148],[-73.013168,-14.421913],[-73.022822,-14.397263],[-73.038064,-14.390179],[-73.047523,-14.345033],[-73.067331,-14.341701],[-73.082641,-14.328776],[-73.069791,-14.30935],[-73.069754,-14.273918],[-73.052204,-14.268199],[-73.041728,-14.254712],[-73.0566,-14.22325],[-73.07646,-14.20626],[-73.068515,-14.16237],[-73.079082,-14.146183],[-73.053157,-14.136003],[-73.051869,-14.124592],[-73.034576,-14.118137],[-73.032078,-14.10732],[-73.019736,-14.112623],[-73.017136,-14.101805],[-73.02894,-14.06794],[-73.021775,-14.02271],[-73.029295,-14.011783],[-73.02449,-13.992041],[-73.035827,-13.971356],[-73.036893,-13.906225],[-73.05553,-13.89634],[-73.073741,-13.89699],[-73.143272,-13.8223],[-73.157113,-13.81732],[-73.159894,-13.816586]]]}},{"type":"Feature","id":"0305","properties":{"ubigeo":"0305","nombre_departamento":"apurimac","nombre_provincia":"cotabambas","nombre_distrito":"","capital":"tambobamba"},"geometry":{"type":"Polygon","coordinates":[[[-72.39958,-13.64339],[-72.42188,-13.65061],[-72.43735,-13.68115],[-72.454002,-13.783152],[-72.4767,-13.81637],[-72.4706,-13.84932],[-72.48089,-13.87953],[-72.45066,-13.91926],[-72.4564,-13.96946],[-72.44135,-14.00231],[-72.4458,-14.01504],[-72.419489,-14.029741],[-72.422291,-14.066966],[-72.411371,-14.079264],[-72.396452,-14.070495],[-72.3884,-14.078823],[-72.368558,-14.079731],[-72.376012,-14.113074],[-72.34984,-14.14306],[-72.38172,-14.16819],[-72.388533,-14.208651],[-72.416575,-14.210412],[-72.46254,-14.183141],[-72.479756,-14.201674],[-72.461057,-14.222227],[-72.443443,-14.226378],[-72.418512,-14.27858],[-72.387081,-14.29897],[-72.377114,-14.299174],[-72.367394,-14.284869],[-72.357206,-14.302874],[-72.34469,-14.306039],[-72.338585,-14.326339],[-72.353478,-14.329908],[-72.368469,-14.350918],[-72.369286,-14.427612],[-72.357625,-14.435964],[-72.338768,-14.428335],[-72.317199,-14.440689],[-72.289855,-14.42393],[-72.294802,-14.410792],[-72.249505,-14.402926],[-72.239516,-14.348472],[-72.224838,-14.349295],[-72.205577,-14.32025],[-72.187107,-14.313224],[-72.161168,-14.263795],[-72.125929,-14.254002],[-72.085362,-14.208613],[-72.07648,-14.20743],[-72.09519,-14.1734],[-72.05669,-14.12934],[-72.0679,-14.07654],[-72.06308,-14.04568],[-72.0512,-14.02675],[-72.06017,-13.96509],[-72.055546,-13.930679],[-72.07783,-13.90673],[-72.08209,-13.88807],[-72.091237,-13.885389],[-72.130818,-13.788203],[-72.147552,-13.779242],[-72.16591,-13.747636],[-72.189402,-13.745353],[-72.206367,-13.728072],[-72.230871,-13.722493],[-72.230927,-13.705277],[-72.244775,-13.698213],[-72.244383,-13.687689],[-72.250592,-13.692949],[-72.260766,-13.682339],[-72.290283,-13.690056],[-72.297755,-13.703659],[-72.31234,-13.70849],[-72.315,-13.69832],[-72.35464,-13.68163],[-72.36944,-13.66566],[-72.40248,-13.65909],[-72.39867,-13.64471],[-72.39958,-13.64339]]]}},{"type":"Feature","id":"0306","properties":{"ubigeo":"0306","nombre_departamento":"apurimac","nombre_provincia":"chincheros","nombre_distrito":"","capital":"chincheros"},"geometry":{"type":"Polygon","coordinates":[[[-73.74655,-13.17442],[-73.771921,-13.174612],[-73.77393,-13.18515],[-73.79334,-13.19391],[-73.80056,-13.21536],[-73.808818,-13.2151],[-73.81281,-13.24224],[-73.824023,-13.248393],[-73.823,-13.284598],[-73.805852,-13.312997],[-73.832098,-13.330157],[-73.82874,-13.34727],[-73.847342,-13.399945],[-73.82739,-13.43374],[-73.838954,-13.456376],[-73.822492,-13.485845],[-73.803845,-13.554916],[-73.806849,-13.570263],[-73.795796,-13.60432],[-73.805942,-13.613762],[-73.791921,-13.64096],[-73.744056,-13.65534],[-73.728254,-13.668428],[-73.72974,-13.680956],[-73.714239,-13.689667],[-73.711482,-13.707709],[-73.701928,-13.705284],[-73.673713,-13.730739],[-73.62855,-13.73653],[-73.60618,-13.72877],[-73.61493,-13.70166],[-73.592678,-13.650183],[-73.606981,-13.622219],[-73.604432,-13.609932],[-73.586774,-13.609287],[-73.570403,-13.596258],[-73.530401,-13.616759],[-73.500479,-13.596189],[-73.492076,-13.577329],[-73.45106,-13.592956],[-73.46081,-13.54621],[-73.48367,-13.50662],[-73.47012,-13.48552],[-73.47677,-13.47425],[-73.44539,-13.43036],[-73.48151,-13.43104],[-73.50711,-13.38412],[-73.52159,-13.38772],[-73.54344,-13.36428],[-73.570902,-13.363121],[-73.57363,-13.3389],[-73.625245,-13.321144],[-73.66335,-13.2819],[-73.68698,-13.2821],[-73.6987,-13.26527],[-73.72764,-13.26831],[-73.72683,-13.26054],[-73.736367,-13.257447],[-73.730863,-13.242649],[-73.74009,-13.21148],[-73.72896,-13.18787],[-73.7457,-13.17496],[-73.74655,-13.17442]]]}},{"type":"Feature","id":"0307","properties":{"ubigeo":"0307","nombre_departamento":"apurimac","nombre_provincia":"grau","nombre_distrito":"","capital":"chuquibambilla"},"geometry":{"type":"Polygon","coordinates":[[[-72.586588,-13.730511],[-72.608572,-13.748706],[-72.640572,-13.756702],[-72.644351,-13.770795],[-72.678916,-13.775998],[-72.655906,-13.81119],[-72.64011,-13.818877],[-72.637865,-13.830488],[-72.645047,-13.83692],[-72.63795,-13.86223],[-72.64794,-13.85726],[-72.676,-13.874193],[-72.683614,-13.887964],[-72.727482,-13.90778],[-72.740905,-13.925002],[-72.726854,-13.947321],[-72.747412,-13.966498],[-72.757976,-13.963445],[-72.763248,-13.978971],[-72.789521,-13.980749],[-72.790958,-14.002979],[-72.805982,-14.029351],[-72.794382,-14.054737],[-72.79852,-14.071262],[-72.817205,-14.095455],[-72.858012,-14.096724],[-72.857293,-14.112581],[-72.875621,-14.122868],[-72.874758,-14.134927],[-72.887013,-14.146285],[-72.89543,-14.177068],[-72.886879,-14.201493],[-72.901987,-14.223757],[-72.872994,-14.249767],[-72.867261,-14.259115],[-72.872871,-14.26897],[-72.863343,-14.277588],[-72.83148,-14.279079],[-72.813016,-14.265193],[-72.799277,-14.27032],[-72.796048,-14.292295],[-72.76854,-14.27777],[-72.75923,-14.26161],[-72.729145,-14.261221],[-72.708377,-14.276399],[-72.708883,-14.307478],[-72.695488,-14.3195],[-72.709692,-14.342221],[-72.688743,-14.34773],[-72.673083,-14.362031],[-72.664253,-14.3539],[-72.636216,-14.356226],[-72.627197,-14.344045],[-72.636504,-14.319529],[-72.623329,-14.307299],[-72.626168,-14.282789],[-72.61385,-14.281501],[-72.60079,-14.23851],[-72.56989,-14.25458],[-72.54607,-14.23095],[-72.518927,-14.222355],[-72.507713,-14.207152],[-72.479756,-14.201674],[-72.46254,-14.183141],[-72.416575,-14.210412],[-72.390133,-14.209271],[-72.38172,-14.16819],[-72.34984,-14.14306],[-72.376012,-14.113074],[-72.368558,-14.079731],[-72.3884,-14.078823],[-72.396452,-14.070495],[-72.412805,-14.078685],[-72.422428,-14.066138],[-72.419489,-14.029741],[-72.4458,-14.01504],[-72.44135,-14.00231],[-72.45646,-13.96894],[-72.45066,-13.91926],[-72.48089,-13.87953],[-72.4706,-13.84932],[-72.4767,-13.81637],[-72.460383,-13.790213],[-72.467649,-13.773145],[-72.501425,-13.74694],[-72.553516,-13.750824],[-72.577079,-13.743298],[-72.573562,-13.73185],[-72.585254,-13.730913],[-72.586588,-13.730511]]]}},{"type":"Feature","id":"0401","properties":{"ubigeo":"0401","nombre_departamento":"arequipa","nombre_provincia":"arequipa","nombre_distrito":"","capital":"arequipa"},"geometry":{"type":"Polygon","coordinates":[[[-70.843277,-15.923256],[-70.865189,-15.928409],[-70.877983,-15.947976],[-70.90625,-15.943258],[-70.961349,-15.969597],[-71.0308,-15.975303],[-71.06768,-16.004173],[-71.086929,-15.997277],[-71.087089,-15.980906],[-71.115944,-15.988238],[-71.143532,-15.983223],[-71.152634,-16.001879],[-71.187782,-16.011984],[-71.201683,-16.025598],[-71.268799,-15.981628],[-71.274208,-15.954442],[-71.3086,-15.9549],[-71.324783,-15.939883],[-71.337097,-15.941727],[-71.370514,-15.926915],[-71.425064,-15.931492],[-71.441978,-15.925959],[-71.45137,-15.935119],[-71.468292,-15.926516],[-71.529167,-15.929961],[-71.53158,-15.94415],[-71.577613,-15.990877],[-71.627342,-15.979085],[-71.650612,-15.988415],[-71.664658,-15.959567],[-71.692001,-15.933404],[-71.704338,-15.933705],[-71.711632,-15.947223],[-71.707558,-15.984532],[-71.724846,-15.989299],[-71.737961,-16.016197],[-71.755417,-16.030432],[-71.815163,-16.050816],[-71.818291,-16.062347],[-71.826973,-16.058752],[-71.840774,-16.086374],[-71.864097,-16.10322],[-71.869875,-16.130182],[-71.906918,-16.158197],[-71.964134,-16.137136],[-71.994652,-16.138271],[-72.057213,-16.208143],[-72.09132,-16.18932],[-72.073479,-16.209465],[-72.074745,-16.222055],[-72.13182,-16.31187],[-72.144325,-16.35058],[-72.181778,-16.41124],[-72.199226,-16.452414],[-72.197685,-16.491453],[-72.279343,-16.610897],[-72.280647,-16.644182],[-72.255066,-16.666639],[-72.228996,-16.666582],[-72.195648,-16.686821],[-72.195892,-16.702602],[-72.17305,-16.711645],[-72.145821,-16.743643],[-72.132164,-16.744091],[-72.132385,-16.765545],[-72.121933,-16.779156],[-72.093819,-16.767796],[-72.067627,-16.784555],[-72.048363,-16.779541],[-72.038338,-16.792244],[-71.996701,-16.79955],[-71.909965,-16.675045],[-71.870727,-16.713434],[-71.869507,-16.785982],[-71.754806,-16.701025],[-71.703003,-16.698587],[-71.670944,-16.705694],[-71.649322,-16.69495],[-71.640556,-16.705872],[-71.621971,-16.681908],[-71.593689,-16.686581],[-71.572555,-16.699888],[-71.554649,-16.684278],[-71.54512,-16.689308],[-71.530601,-16.713236],[-71.52932,-16.734013],[-71.515388,-16.740635],[-71.5149,-16.752241],[-71.500618,-16.766619],[-71.455772,-16.757912],[-71.451675,-16.732704],[-71.439941,-16.730392],[-71.42594,-16.74142],[-71.36943,-16.719677],[-71.353287,-16.724953],[-71.346985,-16.742243],[-71.32608,-16.752176],[-71.2901,-16.727699],[-71.285812,-16.716354],[-71.296013,-16.706266],[-71.283905,-16.682239],[-71.279152,-16.615822],[-71.260406,-16.605202],[-71.26284,-16.584911],[-71.2491,-16.5641],[-71.237495,-16.514591],[-71.249344,-16.482359],[-71.242104,-16.463064],[-71.219139,-16.460566],[-71.197029,-16.471659],[-71.139519,-16.474974],[-71.124725,-16.461073],[-71.108459,-16.465706],[-71.08194,-16.456858],[-71.072655,-16.465755],[-71.047195,-16.454403],[-71.037258,-16.485686],[-71.019241,-16.486891],[-71.012566,-16.498579],[-70.993454,-16.496553],[-70.979523,-16.480574],[-70.955437,-16.471626],[-70.953232,-16.459948],[-70.975616,-16.418322],[-70.963829,-16.39974],[-70.975098,-16.391029],[-70.969399,-16.369608],[-70.98629,-16.30995],[-70.943611,-16.314405],[-70.93911,-16.298933],[-70.917381,-16.283174],[-70.903427,-16.277611],[-70.886139,-16.285273],[-70.87648,-16.281553],[-70.867577,-16.25864],[-70.844505,-16.234724],[-70.866959,-16.224585],[-70.853889,-16.196688],[-70.860245,-16.175571],[-70.878593,-16.166616],[-70.867828,-16.153866],[-70.867111,-16.128485],[-70.895485,-16.105225],[-70.875061,-16.094578],[-70.878105,-16.081444],[-70.866806,-16.080082],[-70.856735,-16.056337],[-70.804085,-16.053827],[-70.820946,-16.029751],[-70.816559,-16.002756],[-70.828606,-15.999206],[-70.820198,-15.978468],[-70.842461,-15.969344],[-70.832199,-15.949096],[-70.843117,-15.923915],[-70.843277,-15.923256]],[[-71.138626,-16.340639],[-71.148514,-16.331964],[-71.143753,-16.323269],[-71.122124,-16.327013],[-71.101593,-16.341423],[-71.087585,-16.381103],[-71.095627,-16.39855],[-71.085991,-16.399223],[-71.092911,-16.407547],[-71.137741,-16.399004],[-71.153435,-16.38258],[-71.171616,-16.376926],[-71.196297,-16.383133],[-71.203354,-16.368944],[-71.196655,-16.356203],[-71.176079,-16.348726],[-71.143852,-16.35182],[-71.13826,-16.34087],[-71.138626,-16.340639]]]}},{"type":"Feature","id":"0402","properties":{"ubigeo":"0402","nombre_departamento":"arequipa","nombre_provincia":"camana","nombre_distrito":"","capital":"camana"},"geometry":{"type":"Polygon","coordinates":[[[-73.228226,-15.87656],[-73.233246,-15.87405],[-73.235428,-15.907934],[-73.225159,-15.926735],[-73.229881,-15.953112],[-73.22094,-15.991201],[-73.240562,-16.000017],[-73.231094,-16.056644],[-73.223518,-16.064981],[-73.222038,-16.119234],[-73.203232,-16.152994],[-73.195068,-16.278147],[-73.218101,-16.287159],[-73.229408,-16.305416],[-73.239731,-16.354132],[-73.274658,-16.371118],[-73.291511,-16.405775],[-73.272209,-16.398201],[-73.260361,-16.401985],[-73.260391,-16.409279],[-73.243576,-16.406794],[-73.235008,-16.415277],[-73.208443,-16.400392],[-73.189346,-16.415398],[-73.159157,-16.419926],[-73.148582,-16.438812],[-73.129616,-16.451029],[-73.103394,-16.454817],[-73.055489,-16.487122],[-73.048775,-16.499945],[-73.011696,-16.51236],[-73.004127,-16.507032],[-72.986847,-16.517435],[-72.92009,-16.518486],[-72.848701,-16.5646],[-72.774208,-16.627333],[-72.724632,-16.648304],[-72.593666,-16.667328],[-72.447876,-16.702383],[-72.416611,-16.736162],[-72.405312,-16.738941],[-72.400688,-16.751112],[-72.373123,-16.752489],[-72.37426,-16.760752],[-72.354111,-16.765957],[-72.329079,-16.78923],[-72.326469,-16.802851],[-72.31012,-16.807619],[-72.312042,-16.813778],[-72.288704,-16.837026],[-72.296837,-16.849033],[-72.287292,-16.86059],[-72.288483,-16.875133],[-72.247848,-16.885658],[-72.232521,-16.900551],[-72.227364,-16.894415],[-72.20034,-16.912519],[-72.195686,-16.926804],[-72.18342,-16.92405],[-72.1672,-16.89233],[-72.14651,-16.87549],[-72.171989,-16.849886],[-72.223236,-16.835476],[-72.21048,-16.817575],[-72.215485,-16.80859],[-72.184723,-16.79388],[-72.15332,-16.794954],[-72.127594,-16.756586],[-72.132576,-16.743679],[-72.145821,-16.743643],[-72.174309,-16.710646],[-72.195892,-16.702602],[-72.195648,-16.686821],[-72.228996,-16.666582],[-72.251923,-16.667561],[-72.273819,-16.656607],[-72.283508,-16.636402],[-72.274086,-16.600796],[-72.197685,-16.491453],[-72.199509,-16.458721],[-72.19934,-16.48381],[-72.21859,-16.51267],[-72.239516,-16.534247],[-72.254227,-16.533415],[-72.288704,-16.586206],[-72.30928,-16.58385],[-72.32033,-16.60706],[-72.32646,-16.60748],[-72.33025,-16.59321],[-72.35573,-16.58915],[-72.37352,-16.60659],[-72.39241,-16.611826],[-72.407555,-16.603395],[-72.431343,-16.606556],[-72.442146,-16.59716],[-72.45134,-16.599688],[-72.455055,-16.556549],[-72.480438,-16.565115],[-72.492722,-16.557571],[-72.498436,-16.571594],[-72.522858,-16.575382],[-72.527351,-16.563791],[-72.549591,-16.563816],[-72.565888,-16.572981],[-72.568321,-16.563145],[-72.582993,-16.559477],[-72.586716,-16.54097],[-72.604691,-16.537186],[-72.571571,-16.512075],[-72.546234,-16.512815],[-72.533447,-16.493162],[-72.511955,-16.491417],[-72.500877,-16.479122],[-72.484711,-16.451092],[-72.466354,-16.383156],[-72.481514,-16.357433],[-72.522958,-16.410095],[-72.559692,-16.397451],[-72.573448,-16.42103],[-72.59363,-16.43048],[-72.60333,-16.46181],[-72.64095,-16.4476],[-72.67025,-16.42415],[-72.713219,-16.363104],[-72.745995,-16.339617],[-72.752029,-16.326757],[-72.797928,-16.308504],[-72.80923,-16.27128],[-72.81013,-16.22145],[-72.84122,-16.17446],[-72.84401,-16.12275],[-72.880394,-16.049757],[-72.912147,-16.030201],[-72.940399,-16.036921],[-72.994057,-16.019781],[-73.066391,-16.018196],[-73.10685,-15.988501],[-73.123733,-16.013138],[-73.139511,-16.00559],[-73.16454,-16.02006],[-73.176346,-16.000541],[-73.15117,-15.97967],[-73.171493,-15.915474],[-73.188705,-15.904498],[-73.199242,-15.883666],[-73.226555,-15.876879],[-73.228226,-15.87656]]]}},{"type":"Feature","id":"0403","properties":{"ubigeo":"0403","nombre_departamento":"arequipa","nombre_provincia":"caraveli","nombre_distrito":"","capital":"caraveli"},"geometry":{"type":"Polygon","coordinates":[[[-74.738841,-15.123365],[-74.762294,-15.09806],[-74.81503,-15.13906],[-74.855209,-15.15383],[-74.873749,-15.151843],[-74.929306,-15.192402],[-74.963638,-15.253899],[-74.968201,-15.299422],[-75.00388,-15.33023],[-75.016556,-15.351096],[-75.018486,-15.382414],[-75.045547,-15.43033],[-75.073326,-15.442942],[-75.044571,-15.458477],[-75.000511,-15.462119],[-74.984543,-15.470193],[-74.973625,-15.490574],[-74.88755,-15.524127],[-74.847755,-15.554539],[-74.853409,-15.573211],[-74.839493,-15.565086],[-74.803329,-15.576839],[-74.728508,-15.611686],[-74.680298,-15.645125],[-74.472458,-15.719484],[-74.462868,-15.726045],[-74.462738,-15.755429],[-74.439117,-15.794912],[-74.395477,-15.829357],[-74.326797,-15.842043],[-74.326736,-15.84973],[-74.313217,-15.839898],[-74.304398,-15.846496],[-74.291779,-15.837009],[-74.279007,-15.838819],[-74.251823,-15.855141],[-74.2416,-15.878699],[-74.175034,-15.896978],[-74.054451,-15.954523],[-74.025597,-15.992517],[-74.033173,-16.017574],[-74.017822,-16.036875],[-73.989624,-16.039116],[-73.979408,-16.052959],[-73.959114,-16.060816],[-73.953026,-16.07511],[-73.887337,-16.110495],[-73.870117,-16.134909],[-73.834816,-16.154564],[-73.727882,-16.195248],[-73.699707,-16.21994],[-73.700325,-16.241554],[-73.676208,-16.223558],[-73.64917,-16.234289],[-73.619926,-16.230085],[-73.567406,-16.24954],[-73.559334,-16.244493],[-73.484421,-16.283005],[-73.460442,-16.278744],[-73.371658,-16.312048],[-73.302605,-16.349432],[-73.305931,-16.375271],[-73.291603,-16.405407],[-73.274658,-16.371118],[-73.240448,-16.355028],[-73.229095,-16.304718],[-73.218101,-16.287159],[-73.195221,-16.278923],[-73.197784,-16.20861],[-73.207161,-16.169001],[-73.203232,-16.152994],[-73.222038,-16.119234],[-73.223518,-16.064981],[-73.231094,-16.056644],[-73.240562,-16.000017],[-73.22094,-15.991201],[-73.229881,-15.953112],[-73.225159,-15.926735],[-73.235428,-15.907934],[-73.229301,-15.884009],[-73.233246,-15.87405],[-73.250214,-15.869274],[-73.262443,-15.825498],[-73.251175,-15.778665],[-73.255928,-15.752691],[-73.24015,-15.718741],[-73.240883,-15.686204],[-73.217308,-15.646395],[-73.21888,-15.589289],[-73.226341,-15.570304],[-73.20372,-15.518974],[-73.24789,-15.45031],[-73.26756,-15.3985],[-73.294525,-15.39233],[-73.336281,-15.405148],[-73.365967,-15.387431],[-73.391235,-15.399143],[-73.416855,-15.375821],[-73.430351,-15.379127],[-73.427132,-15.363208],[-73.441673,-15.355776],[-73.478111,-15.379621],[-73.529571,-15.392055],[-73.555931,-15.408222],[-73.594109,-15.403695],[-73.612862,-15.419229],[-73.653038,-15.416531],[-73.685829,-15.437656],[-73.758865,-15.385265],[-73.77932,-15.3464],[-73.776337,-15.338743],[-73.79306,-15.339757],[-73.805931,-15.324447],[-73.865112,-15.323972],[-73.884079,-15.337457],[-73.870819,-15.379906],[-73.877075,-15.389163],[-73.869705,-15.400247],[-73.872124,-15.432976],[-73.917694,-15.46073],[-73.945961,-15.490403],[-73.952408,-15.513882],[-73.969215,-15.532938],[-74.010277,-15.559402],[-74.019661,-15.599853],[-74.067894,-15.630065],[-74.08474,-15.618907],[-74.076546,-15.552216],[-74.067284,-15.539294],[-74.079185,-15.51572],[-74.073441,-15.501919],[-74.043419,-15.49104],[-74.037292,-15.456078],[-74.06543,-15.402195],[-74.094521,-15.392003],[-74.115005,-15.411567],[-74.150475,-15.427576],[-74.153923,-15.446192],[-74.148437,-15.449383],[-74.166473,-15.483957],[-74.193741,-15.49166],[-74.264604,-15.474836],[-74.301208,-15.478085],[-74.311148,-15.463907],[-74.301966,-15.452057],[-74.318265,-15.439285],[-74.328971,-15.393821],[-74.308701,-15.359717],[-74.333649,-15.353263],[-74.345818,-15.336348],[-74.37785,-15.33188],[-74.415306,-15.299267],[-74.387878,-15.25178],[-74.400828,-15.220859],[-74.389648,-15.205404],[-74.40155,-15.178523],[-74.422989,-15.167848],[-74.465759,-15.173476],[-74.50336,-15.16168],[-74.51378,-15.14835],[-74.552521,-15.139941],[-74.60567,-15.1486],[-74.628746,-15.124124],[-74.652039,-15.139133],[-74.679008,-15.132204],[-74.70512,-15.13974],[-74.718605,-15.135663],[-74.723824,-15.123142],[-74.738525,-15.123387],[-74.738841,-15.123365]]]}},{"type":"Feature","id":"0404","properties":{"ubigeo":"0404","nombre_departamento":"arequipa","nombre_provincia":"castilla","nombre_distrito":"","capital":"aplao"},"geometry":{"type":"Polygon","coordinates":[[[-71.944122,-14.875767],[-71.953438,-14.865972],[-71.951851,-14.837326],[-71.9759,-14.86947],[-72.001831,-14.88556],[-72.028122,-14.876858],[-72.033958,-14.898659],[-72.046455,-14.906781],[-72.045731,-14.941478],[-72.071922,-14.937386],[-72.102211,-14.954933],[-72.10955,-14.918021],[-72.099297,-14.891182],[-72.1494,-14.88126],[-72.16652,-14.88983],[-72.16581,-14.89619],[-72.2106,-14.90889],[-72.22733,-14.93118],[-72.25336,-14.94626],[-72.26129,-14.96793],[-72.25419,-14.9995],[-72.26547,-15.04325],[-72.317,-15.0944],[-72.35288,-15.0961],[-72.37192,-15.12173],[-72.35755,-15.15324],[-72.37693,-15.19779],[-72.36475,-15.24228],[-72.419594,-15.270533],[-72.437393,-15.298883],[-72.43953,-15.32133],[-72.42691,-15.36882],[-72.44067,-15.3982],[-72.460541,-15.38802],[-72.51902,-15.405606],[-72.52343,-15.438921],[-72.507622,-15.478261],[-72.550407,-15.540068],[-72.570679,-15.538651],[-72.58432,-15.550246],[-72.60273,-15.550763],[-72.607544,-15.559632],[-72.628754,-15.559711],[-72.660698,-15.545889],[-72.690376,-15.558357],[-72.718742,-15.588364],[-72.723518,-15.603019],[-72.701965,-15.633787],[-72.703796,-15.655364],[-72.683769,-15.669881],[-72.67076,-15.7029],[-72.659187,-15.711235],[-72.64611,-15.709898],[-72.639412,-15.70058],[-72.634056,-15.707754],[-72.62468,-15.702542],[-72.617195,-15.721328],[-72.602997,-15.727651],[-72.574738,-15.785376],[-72.544357,-15.810119],[-72.528358,-15.862566],[-72.507462,-15.890864],[-72.51902,-15.909187],[-72.543655,-15.922538],[-72.592049,-15.936364],[-72.59005,-15.962514],[-72.606744,-15.972979],[-72.601525,-15.987351],[-72.584679,-15.997476],[-72.57582,-16.02751],[-72.5934,-16.02694],[-72.61707,-16.01237],[-72.665298,-16.017633],[-72.68206,-15.981646],[-72.701586,-16.008402],[-72.713115,-16.053791],[-72.707853,-16.091761],[-72.687073,-16.120577],[-72.69394,-16.16399],[-72.68478,-16.19257],[-72.68741,-16.21851],[-72.66479,-16.24691],[-72.65108,-16.24781],[-72.65615,-16.29209],[-72.62007,-16.35495],[-72.60848,-16.40362],[-72.59363,-16.43048],[-72.573448,-16.42103],[-72.559692,-16.397451],[-72.522958,-16.410095],[-72.483482,-16.357334],[-72.466354,-16.383156],[-72.443794,-16.365478],[-72.437233,-16.319551],[-72.40126,-16.312357],[-72.380974,-16.289085],[-72.36747,-16.29291],[-72.375023,-16.282124],[-72.369255,-16.211502],[-72.35862,-16.201607],[-72.3561,-16.17558],[-72.36882,-16.16133],[-72.31701,-16.13658],[-72.27465,-16.13891],[-72.265106,-16.129562],[-72.252808,-16.095669],[-72.25824,-16.06439],[-72.229179,-16.03154],[-72.250687,-16.003334],[-72.225357,-15.961474],[-72.296219,-15.923508],[-72.281891,-15.882479],[-72.297836,-15.872617],[-72.29666,-15.82829],[-72.31243,-15.81231],[-72.29318,-15.79404],[-72.27511,-15.80245],[-72.27103,-15.77285],[-72.20907,-15.68151],[-72.16233,-15.65913],[-72.10694,-15.60556],[-72.08238,-15.608],[-72.06411,-15.59639],[-72.04005,-15.59429],[-72.03263,-15.58004],[-72.0031,-15.5818],[-71.9949,-15.5683],[-71.99055,-15.54906],[-72.0043,-15.52937],[-71.99538,-15.50052],[-72.0011,-15.46154],[-71.9942,-15.40109],[-71.98021,-15.36956],[-71.98526,-15.34148],[-71.9739,-15.31551],[-71.9625,-15.31119],[-71.959686,-15.268629],[-71.943397,-15.246855],[-71.945976,-15.22696],[-71.922333,-15.219797],[-71.91893,-15.196094],[-71.901413,-15.170798],[-71.968292,-15.140651],[-71.947029,-15.110272],[-71.958923,-15.082784],[-71.975258,-15.079046],[-71.982162,-15.065618],[-71.956924,-15.033841],[-71.946391,-14.978349],[-71.932823,-14.965935],[-71.921333,-14.968337],[-71.913803,-14.957286],[-71.920494,-14.935025],[-71.941557,-14.916556],[-71.943176,-14.87742],[-71.944122,-14.875767]]]}},{"type":"Feature","id":"0405","properties":{"ubigeo":"0405","nombre_departamento":"arequipa","nombre_provincia":"caylloma","nombre_distrito":"","capital":"chivay"},"geometry":{"type":"Polygon","coordinates":[[[-71.868751,-14.832051],[-71.876106,-14.801252],[-71.893899,-14.789601],[-71.907722,-14.805078],[-71.906517,-14.826256],[-71.914154,-14.834368],[-71.939972,-14.822808],[-71.951851,-14.837326],[-71.953438,-14.865972],[-71.943176,-14.87742],[-71.941557,-14.916556],[-71.920494,-14.935025],[-71.913803,-14.957286],[-71.921333,-14.968337],[-71.932823,-14.965935],[-71.946391,-14.978349],[-71.956924,-15.033841],[-71.982162,-15.065618],[-71.975258,-15.079046],[-71.958923,-15.082784],[-71.947029,-15.110272],[-71.968292,-15.140651],[-71.901413,-15.170798],[-71.91893,-15.196094],[-71.922333,-15.219797],[-71.945976,-15.22696],[-71.943397,-15.246855],[-71.959686,-15.268629],[-71.9625,-15.31119],[-71.9739,-15.31551],[-71.98526,-15.34148],[-71.98021,-15.36956],[-71.9942,-15.40109],[-72.0011,-15.46154],[-71.99538,-15.50052],[-72.0043,-15.52937],[-71.99055,-15.54906],[-71.9949,-15.5683],[-72.0031,-15.5818],[-72.03263,-15.58004],[-72.04005,-15.59429],[-72.06411,-15.59639],[-72.08238,-15.608],[-72.10694,-15.60556],[-72.16233,-15.65913],[-72.20907,-15.68151],[-72.27103,-15.77285],[-72.27511,-15.80245],[-72.29318,-15.79404],[-72.31243,-15.81231],[-72.29666,-15.82829],[-72.297836,-15.872617],[-72.281891,-15.882479],[-72.296219,-15.923508],[-72.225357,-15.961474],[-72.251648,-16.007593],[-72.229179,-16.03154],[-72.25824,-16.06439],[-72.252808,-16.095669],[-72.26984,-16.13636],[-72.31701,-16.13658],[-72.36882,-16.16133],[-72.3561,-16.17558],[-72.35862,-16.201607],[-72.369255,-16.211502],[-72.375023,-16.282124],[-72.36747,-16.29291],[-72.380974,-16.289085],[-72.40126,-16.312357],[-72.437813,-16.320337],[-72.443794,-16.365478],[-72.469765,-16.386082],[-72.484711,-16.451092],[-72.500877,-16.479122],[-72.511955,-16.491417],[-72.533447,-16.493162],[-72.546234,-16.512815],[-72.571571,-16.512075],[-72.604691,-16.537186],[-72.586716,-16.54097],[-72.582993,-16.559477],[-72.568321,-16.563145],[-72.564972,-16.573402],[-72.549591,-16.563816],[-72.527351,-16.563791],[-72.522858,-16.575382],[-72.498436,-16.571594],[-72.492722,-16.557571],[-72.480438,-16.565115],[-72.455055,-16.556549],[-72.451942,-16.599142],[-72.442146,-16.59716],[-72.431343,-16.606556],[-72.407555,-16.603395],[-72.395271,-16.61179],[-72.37352,-16.60659],[-72.36178,-16.58993],[-72.33089,-16.5929],[-72.32362,-16.60783],[-72.30849,-16.58315],[-72.288704,-16.586206],[-72.254227,-16.533415],[-72.23156,-16.52829],[-72.19934,-16.48381],[-72.199226,-16.452414],[-72.181778,-16.41124],[-72.144325,-16.35058],[-72.13182,-16.31187],[-72.074745,-16.222055],[-72.073479,-16.209465],[-72.09132,-16.18932],[-72.057213,-16.208143],[-71.994652,-16.138271],[-71.964134,-16.137136],[-71.906918,-16.158197],[-71.869875,-16.130182],[-71.864097,-16.10322],[-71.840774,-16.086374],[-71.826973,-16.058752],[-71.818291,-16.062347],[-71.815163,-16.050816],[-71.755417,-16.030432],[-71.737961,-16.016197],[-71.724846,-15.989299],[-71.707558,-15.984532],[-71.711632,-15.947223],[-71.704338,-15.933705],[-71.692001,-15.933404],[-71.664658,-15.959567],[-71.650612,-15.988415],[-71.627342,-15.979085],[-71.577613,-15.990877],[-71.53158,-15.94415],[-71.529167,-15.929961],[-71.468292,-15.926516],[-71.45137,-15.935119],[-71.441978,-15.925959],[-71.425064,-15.931492],[-71.370514,-15.926915],[-71.337097,-15.941727],[-71.324783,-15.939883],[-71.3086,-15.9549],[-71.274208,-15.954442],[-71.268799,-15.981628],[-71.201683,-16.025598],[-71.187782,-16.011984],[-71.152634,-16.001879],[-71.143532,-15.983223],[-71.115944,-15.988238],[-71.087089,-15.980906],[-71.086929,-15.997277],[-71.06768,-16.004173],[-71.0308,-15.975303],[-70.961349,-15.969597],[-70.90625,-15.943258],[-70.877983,-15.947976],[-70.865189,-15.928409],[-70.845338,-15.921928],[-70.865784,-15.889386],[-70.892914,-15.888402],[-70.890068,-15.851938],[-70.942268,-15.774924],[-70.93322,-15.77067],[-70.92263,-15.74619],[-70.90475,-15.73734],[-70.899666,-15.713406],[-70.917564,-15.687381],[-70.916344,-15.652199],[-70.923996,-15.632997],[-70.939163,-15.618024],[-70.982368,-15.598043],[-71.007056,-15.564134],[-71.007194,-15.54295],[-71.018356,-15.529379],[-71.008034,-15.51924],[-71.018364,-15.500022],[-70.995453,-15.472279],[-70.993957,-15.454842],[-71.027122,-15.432039],[-71.038971,-15.405166],[-71.046303,-15.420524],[-71.075455,-15.438301],[-71.072273,-15.451497],[-71.085426,-15.458013],[-71.103836,-15.45327],[-71.120094,-15.427103],[-71.150256,-15.440593],[-71.174332,-15.424457],[-71.169495,-15.382284],[-71.150528,-15.355905],[-71.16624,-15.32087],[-71.164238,-15.290928],[-71.194618,-15.270928],[-71.20208,-15.245132],[-71.160329,-15.207768],[-71.176758,-15.1726],[-71.184906,-15.169772],[-71.14904,-15.137722],[-71.143257,-15.121558],[-71.161652,-15.109302],[-71.165611,-15.0968],[-71.196678,-15.088868],[-71.207275,-15.070552],[-71.2071,-15.050763],[-71.215966,-15.049264],[-71.226532,-15.069554],[-71.243637,-15.056817],[-71.265541,-15.063],[-71.260588,-15.07827],[-71.31913,-15.119737],[-71.329941,-15.099461],[-71.353714,-15.092703],[-71.361847,-15.079143],[-71.371704,-15.080226],[-71.396866,-15.04524],[-71.417366,-15.033726],[-71.421471,-15.012395],[-71.430428,-15.007965],[-71.426727,-15.002124],[-71.443039,-14.995569],[-71.447502,-14.979786],[-71.465044,-14.984069],[-71.505226,-14.97556],[-71.51017,-15.004635],[-71.50367,-15.027327],[-71.484604,-15.039326],[-71.48587,-15.059105],[-71.513443,-15.079844],[-71.572344,-15.061932],[-71.588333,-15.127826],[-71.614563,-15.145855],[-71.636024,-15.139139],[-71.673706,-15.089055],[-71.772537,-15.082439],[-71.786301,-15.06955],[-71.801483,-15.067335],[-71.815475,-15.078221],[-71.834511,-15.076696],[-71.849319,-15.04509],[-71.765999,-15.009585],[-71.770241,-14.982177],[-71.74596,-14.93987],[-71.785156,-14.912559],[-71.793008,-14.896168],[-71.826302,-14.906635],[-71.827263,-14.888825],[-71.859604,-14.883615],[-71.863419,-14.873356],[-71.854973,-14.85458],[-71.86898,-14.834703],[-71.868751,-14.832051]]]}},{"type":"Feature","id":"0406","properties":{"ubigeo":"0406","nombre_departamento":"arequipa","nombre_provincia":"condesuyos","nombre_distrito":"","capital":"chuquibamba"},"geometry":{"type":"Polygon","coordinates":[[[-71.981094,-14.640622],[-71.988647,-14.632745],[-72.0083,-14.64069],[-72.04064,-14.68851],[-72.04779,-14.73877],[-72.03698,-14.76753],[-72.03448,-14.80093],[-72.04058,-14.81001],[-72.02522,-14.82912],[-72.04032,-14.83922],[-72.04658,-14.88731],[-72.07662,-14.8837],[-72.09025,-14.8568],[-72.131172,-14.828313],[-72.138603,-14.812244],[-72.131683,-14.789396],[-72.145744,-14.777418],[-72.159668,-14.786342],[-72.189323,-14.778236],[-72.212196,-14.803242],[-72.220634,-14.799973],[-72.241577,-14.812494],[-72.25264,-14.803659],[-72.292526,-14.818499],[-72.315445,-14.833863],[-72.302025,-14.89784],[-72.322014,-14.929997],[-72.366654,-14.947646],[-72.373306,-14.958287],[-72.398643,-14.956969],[-72.410316,-14.993303],[-72.466705,-15.009567],[-72.472351,-15.01702],[-72.461838,-15.022794],[-72.464462,-15.030083],[-72.52462,-15.051126],[-72.526436,-15.060009],[-72.498184,-15.079826],[-72.485001,-15.108918],[-72.506271,-15.15389],[-72.496765,-15.168743],[-72.529358,-15.199159],[-72.573822,-15.200603],[-72.600685,-15.224639],[-72.619797,-15.220455],[-72.646271,-15.239495],[-72.664131,-15.233314],[-72.739632,-15.253165],[-72.783005,-15.244317],[-72.789551,-15.277567],[-72.813617,-15.30584],[-72.837196,-15.317884],[-72.842171,-15.354932],[-72.861633,-15.397487],[-72.893166,-15.410011],[-72.933784,-15.39448],[-72.965424,-15.39777],[-72.977577,-15.419098],[-72.985191,-15.460195],[-72.981049,-15.478623],[-72.989571,-15.494119],[-73.034958,-15.518776],[-73.086853,-15.563707],[-73.12572,-15.57037],[-73.20541,-15.5106],[-73.206428,-15.529499],[-73.226341,-15.570304],[-73.21888,-15.589289],[-73.217308,-15.646395],[-73.240883,-15.686204],[-73.24015,-15.718741],[-73.255928,-15.752691],[-73.251175,-15.778665],[-73.262443,-15.825498],[-73.249062,-15.870482],[-73.199242,-15.883666],[-73.188705,-15.904498],[-73.171493,-15.915474],[-73.15117,-15.97967],[-73.175529,-15.999553],[-73.175278,-16.006874],[-73.16454,-16.02006],[-73.139511,-16.00559],[-73.123733,-16.013138],[-73.10685,-15.988501],[-73.066391,-16.018196],[-72.994057,-16.019781],[-72.940399,-16.036921],[-72.912147,-16.030201],[-72.880394,-16.049757],[-72.84401,-16.12275],[-72.84122,-16.17446],[-72.81013,-16.22145],[-72.80923,-16.27128],[-72.797234,-16.309641],[-72.752029,-16.326757],[-72.745995,-16.339617],[-72.713219,-16.363104],[-72.67025,-16.42415],[-72.62504,-16.45661],[-72.60333,-16.46181],[-72.59363,-16.43048],[-72.60848,-16.40362],[-72.62007,-16.35495],[-72.65615,-16.29209],[-72.65108,-16.24781],[-72.66479,-16.24691],[-72.68741,-16.21851],[-72.68478,-16.19257],[-72.69394,-16.16399],[-72.687073,-16.120577],[-72.707853,-16.091761],[-72.713115,-16.053791],[-72.701586,-16.008402],[-72.68206,-15.981646],[-72.665298,-16.017633],[-72.61707,-16.01237],[-72.5934,-16.02694],[-72.57582,-16.02751],[-72.584679,-15.997476],[-72.601525,-15.987351],[-72.606744,-15.972979],[-72.59005,-15.962514],[-72.592049,-15.936364],[-72.543655,-15.922538],[-72.51902,-15.909187],[-72.507462,-15.890864],[-72.528358,-15.862566],[-72.544357,-15.810119],[-72.574738,-15.785376],[-72.602997,-15.727651],[-72.617195,-15.721328],[-72.62468,-15.702542],[-72.634056,-15.707754],[-72.639412,-15.70058],[-72.64611,-15.709898],[-72.659187,-15.711235],[-72.67076,-15.7029],[-72.683769,-15.669881],[-72.703796,-15.655364],[-72.701965,-15.633787],[-72.723518,-15.603019],[-72.718742,-15.588364],[-72.690376,-15.558357],[-72.660698,-15.545889],[-72.628754,-15.559711],[-72.607544,-15.559632],[-72.60273,-15.550763],[-72.58432,-15.550246],[-72.570679,-15.538651],[-72.550407,-15.540068],[-72.507622,-15.478261],[-72.52343,-15.438921],[-72.51902,-15.405606],[-72.460541,-15.38802],[-72.44067,-15.3982],[-72.42691,-15.36882],[-72.43953,-15.32133],[-72.437393,-15.298883],[-72.419594,-15.270533],[-72.36475,-15.24228],[-72.37693,-15.19779],[-72.35755,-15.15324],[-72.37192,-15.12173],[-72.35288,-15.0961],[-72.317,-15.0944],[-72.26547,-15.04325],[-72.25419,-14.9995],[-72.26129,-14.96793],[-72.25336,-14.94626],[-72.22733,-14.93118],[-72.2106,-14.90889],[-72.16581,-14.89619],[-72.16652,-14.88983],[-72.1494,-14.88126],[-72.099297,-14.891182],[-72.10955,-14.918021],[-72.102211,-14.954933],[-72.071922,-14.937386],[-72.045731,-14.941478],[-72.046455,-14.906781],[-72.033958,-14.898659],[-72.028122,-14.876858],[-72.003349,-14.886221],[-71.9759,-14.86947],[-71.94297,-14.823616],[-71.91465,-14.834493],[-71.906517,-14.826256],[-71.90921,-14.80857],[-71.893899,-14.789601],[-71.924,-14.7898],[-71.93281,-14.75646],[-71.95897,-14.73259],[-71.94602,-14.71106],[-71.95218,-14.7038],[-71.929275,-14.689303],[-71.973564,-14.65799],[-71.980934,-14.641855],[-71.981094,-14.640622]]]}},{"type":"Feature","id":"0407","properties":{"ubigeo":"0407","nombre_departamento":"arequipa","nombre_provincia":"islay","nombre_distrito":"","capital":"mollendo"},"geometry":{"type":"Polygon","coordinates":[[[-71.869484,-16.784794],[-71.870727,-16.713434],[-71.909965,-16.675045],[-71.996701,-16.79955],[-72.038338,-16.792244],[-72.048363,-16.779541],[-72.067627,-16.784555],[-72.093819,-16.767796],[-72.121262,-16.779442],[-72.131905,-16.766657],[-72.15332,-16.794954],[-72.205582,-16.799032],[-72.223839,-16.834545],[-72.171989,-16.849886],[-72.14651,-16.87549],[-72.1672,-16.89233],[-72.186287,-16.929241],[-72.172981,-16.940794],[-72.164947,-16.938108],[-72.165138,-16.948177],[-72.145981,-16.956531],[-72.143852,-16.96579],[-72.119293,-16.969925],[-72.122497,-16.978174],[-72.103805,-16.99626],[-72.112205,-17.015758],[-72.091103,-17.011894],[-72.07357,-17.022364],[-72.041489,-17.015877],[-72.023047,-17.022392],[-72.016662,-17.033133],[-71.930214,-17.080685],[-71.849968,-17.164909],[-71.801071,-17.188316],[-71.690369,-17.211988],[-71.564018,-17.261568],[-71.537918,-17.253958],[-71.528671,-17.271131],[-71.515907,-17.265943],[-71.490797,-17.285007],[-71.46555,-17.254503],[-71.440956,-17.251717],[-71.423515,-17.236616],[-71.40859,-17.209682],[-71.355316,-17.151274],[-71.315346,-17.123486],[-71.302246,-17.093851],[-71.324692,-17.060308],[-71.319054,-17.041454],[-71.339424,-17.021759],[-71.357315,-17.024355],[-71.365234,-17.014111],[-71.385384,-17.020948],[-71.394882,-16.992849],[-71.390831,-16.978069],[-71.405792,-16.955835],[-71.458954,-16.960913],[-71.465546,-16.952888],[-71.45597,-16.93419],[-71.424062,-16.919298],[-71.422141,-16.896395],[-71.440854,-16.86128],[-71.4355,-16.83615],[-71.443711,-16.804678],[-71.42886,-16.77299],[-71.42594,-16.74142],[-71.438454,-16.731134],[-71.452766,-16.733622],[-71.456436,-16.758347],[-71.500618,-16.766619],[-71.5149,-16.752241],[-71.515388,-16.740635],[-71.52932,-16.734013],[-71.530601,-16.713236],[-71.54512,-16.689308],[-71.554649,-16.684278],[-71.572555,-16.699888],[-71.593689,-16.686581],[-71.621971,-16.681908],[-71.640556,-16.705872],[-71.649322,-16.69495],[-71.670944,-16.705694],[-71.703003,-16.698587],[-71.754806,-16.701025],[-71.869507,-16.785982],[-71.869484,-16.784794]]]}},{"type":"Feature","id":"0408","properties":{"ubigeo":"0408","nombre_departamento":"arequipa","nombre_provincia":"la union","nombre_distrito":"","capital":"cotahuasi"},"geometry":{"type":"Polygon","coordinates":[[[-72.725433,-14.646276],[-72.741196,-14.644522],[-72.770409,-14.664713],[-72.789696,-14.650213],[-72.828247,-14.701556],[-72.842567,-14.75766],[-72.8724,-14.76147],[-72.88534,-14.77223],[-72.90908,-14.77007],[-72.929924,-14.758166],[-72.979317,-14.806133],[-72.992325,-14.80374],[-73.002785,-14.814986],[-73.003822,-14.839584],[-73.031853,-14.897123],[-72.986656,-14.956103],[-72.982742,-14.982355],[-73.005112,-15.00775],[-73.004242,-15.064127],[-73.024528,-15.091758],[-73.021838,-15.131799],[-73.047562,-15.134348],[-73.046768,-15.140701],[-73.061912,-15.145385],[-73.100784,-15.187635],[-73.111671,-15.186535],[-73.120583,-15.230817],[-73.14994,-15.259839],[-73.152954,-15.283065],[-73.172134,-15.306076],[-73.206833,-15.293939],[-73.221565,-15.297965],[-73.245933,-15.286092],[-73.284921,-15.294938],[-73.27773,-15.31818],[-73.29009,-15.33521],[-73.29062,-15.37132],[-73.26217,-15.40337],[-73.24789,-15.45031],[-73.21999,-15.50001],[-73.12572,-15.57037],[-73.083885,-15.562182],[-73.034958,-15.518776],[-72.997498,-15.503433],[-72.981049,-15.478623],[-72.985191,-15.460195],[-72.977577,-15.419098],[-72.965424,-15.39777],[-72.933784,-15.39448],[-72.893166,-15.410011],[-72.862427,-15.398244],[-72.842171,-15.354932],[-72.837196,-15.317884],[-72.813617,-15.30584],[-72.789551,-15.277567],[-72.783005,-15.244317],[-72.739632,-15.253165],[-72.664131,-15.233314],[-72.646271,-15.239495],[-72.619797,-15.220455],[-72.600685,-15.224639],[-72.573822,-15.200603],[-72.529358,-15.199159],[-72.496765,-15.168743],[-72.506271,-15.15389],[-72.485001,-15.108918],[-72.498184,-15.079826],[-72.526436,-15.060009],[-72.52462,-15.051126],[-72.464462,-15.030083],[-72.461838,-15.022794],[-72.472351,-15.01702],[-72.466705,-15.009567],[-72.40966,-14.992761],[-72.398643,-14.956969],[-72.373306,-14.958287],[-72.366654,-14.947646],[-72.323074,-14.930917],[-72.305466,-14.907646],[-72.30217,-14.891238],[-72.315155,-14.834022],[-72.406479,-14.827085],[-72.417763,-14.821932],[-72.419609,-14.806316],[-72.43457,-14.79014],[-72.459679,-14.782628],[-72.469185,-14.786989],[-72.468643,-14.762527],[-72.486435,-14.742505],[-72.482643,-14.730406],[-72.488464,-14.723461],[-72.486847,-14.71318],[-72.471512,-14.705152],[-72.460129,-14.675756],[-72.473427,-14.659997],[-72.560776,-14.678381],[-72.578766,-14.687869],[-72.594376,-14.713675],[-72.602158,-14.702789],[-72.599312,-14.690111],[-72.611015,-14.676129],[-72.644821,-14.667281],[-72.690643,-14.688656],[-72.697632,-14.679064],[-72.724419,-14.676703],[-72.725525,-14.647492],[-72.725433,-14.646276]]]}},{"type":"Feature","id":"0501","properties":{"ubigeo":"0501","nombre_departamento":"ayacucho","nombre_provincia":"huamanga","nombre_distrito":"","capital":"ayacucho"},"geometry":{"type":"Polygon","coordinates":[[[-74.077016,-12.98639],[-74.10443,-13.00437],[-74.12775,-13.0093],[-74.16435,-13.04315],[-74.187614,-13.051246],[-74.213787,-13.034416],[-74.254739,-13.022154],[-74.280263,-13.001999],[-74.271345,-13.025369],[-74.276467,-13.037116],[-74.27157,-13.06863],[-74.278115,-13.074203],[-74.311446,-13.058869],[-74.345876,-13.025845],[-74.37991,-13.02449],[-74.41127,-13.07939],[-74.41087,-13.1197],[-74.38872,-13.12966],[-74.39601,-13.16883],[-74.420426,-13.159539],[-74.458439,-13.190038],[-74.494172,-13.186596],[-74.517059,-13.196692],[-74.525611,-13.189594],[-74.542213,-13.200502],[-74.557796,-13.185558],[-74.572327,-13.184734],[-74.585953,-13.21076],[-74.595635,-13.212846],[-74.600689,-13.227385],[-74.644654,-13.274137],[-74.663498,-13.271484],[-74.686056,-13.286371],[-74.667629,-13.326622],[-74.63283,-13.34478],[-74.60083,-13.33216],[-74.56611,-13.34143],[-74.576407,-13.361919],[-74.57168,-13.38712],[-74.532759,-13.402457],[-74.526395,-13.424203],[-74.47575,-13.45314],[-74.41705,-13.44643],[-74.40312,-13.43421],[-74.3946,-13.44479],[-74.37833,-13.41886],[-74.36717,-13.43606],[-74.336009,-13.438749],[-74.330282,-13.424781],[-74.31298,-13.42555],[-74.279362,-13.408311],[-74.27412,-13.391797],[-74.26195,-13.39645],[-74.25911,-13.41528],[-74.247238,-13.420344],[-74.19643,-13.403053],[-74.193621,-13.433805],[-74.172086,-13.453742],[-74.159394,-13.498403],[-74.14982,-13.51185],[-74.11009,-13.53509],[-74.050896,-13.534602],[-74.06769,-13.50754],[-74.06586,-13.48197],[-74.08047,-13.45058],[-74.07058,-13.43408],[-74.07275,-13.42034],[-74.058896,-13.408943],[-74.047518,-13.416786],[-74.044815,-13.440897],[-73.992513,-13.441335],[-73.994419,-13.455248],[-73.983631,-13.462646],[-73.992383,-13.478385],[-73.965972,-13.500296],[-73.926082,-13.499363],[-73.90555,-13.48341],[-73.88796,-13.48398],[-73.86503,-13.46523],[-73.834799,-13.470176],[-73.838552,-13.454168],[-73.82739,-13.43374],[-73.846961,-13.397433],[-73.82874,-13.34727],[-73.832098,-13.330157],[-73.807045,-13.314832],[-73.829883,-13.30374],[-73.851462,-13.309482],[-73.868152,-13.303844],[-73.865806,-13.289566],[-73.84854,-13.2748],[-73.84651,-13.25904],[-73.867746,-13.260404],[-73.889309,-13.276664],[-73.917071,-13.277664],[-73.923808,-13.284896],[-73.935915,-13.277804],[-73.945007,-13.266165],[-73.94594,-13.229096],[-73.9638,-13.206947],[-73.961397,-13.18726],[-73.968803,-13.17286],[-73.99456,-13.160988],[-73.992434,-13.149912],[-74.017986,-13.117161],[-74.021484,-13.097535],[-74.026415,-13.09237],[-74.036337,-13.098467],[-74.04647,-13.085963],[-74.04991,-13.066132],[-74.061283,-13.057134],[-74.052,-13.040144],[-74.067119,-13.030506],[-74.07729,-12.988306],[-74.077016,-12.98639]]]}},{"type":"Feature","id":"0502","properties":{"ubigeo":"0502","nombre_departamento":"ayacucho","nombre_provincia":"cangallo","nombre_distrito":"","capital":"cangallo"},"geometry":{"type":"Polygon","coordinates":[[[-74.73675,-13.34483],[-74.759622,-13.325071],[-74.770088,-13.346328],[-74.80888,-13.35742],[-74.85779,-13.35521],[-74.89772,-13.39531],[-74.89266,-13.41446],[-74.90402,-13.43047],[-74.9021,-13.46644],[-74.86218,-13.48179],[-74.83186,-13.53219],[-74.79957,-13.54747],[-74.78232,-13.57856],[-74.75315,-13.58945],[-74.73982,-13.58017],[-74.70949,-13.58516],[-74.67682,-13.57464],[-74.65516,-13.55664],[-74.6301,-13.5558],[-74.52165,-13.61536],[-74.51424,-13.6135],[-74.51619,-13.60215],[-74.44375,-13.58553],[-74.36995,-13.60227],[-74.30019,-13.633135],[-74.223263,-13.628342],[-74.182259,-13.639906],[-74.138937,-13.632994],[-74.099024,-13.66017],[-74.099464,-13.670521],[-74.04998,-13.68252],[-74.051804,-13.644009],[-74.038104,-13.630761],[-74.035845,-13.613562],[-74.059573,-13.593399],[-74.06378,-13.5749],[-74.05563,-13.53574],[-74.11009,-13.53509],[-74.15099,-13.51094],[-74.172086,-13.453742],[-74.193621,-13.433805],[-74.19643,-13.403053],[-74.247238,-13.420344],[-74.25911,-13.41528],[-74.26195,-13.39645],[-74.27412,-13.391797],[-74.279362,-13.408311],[-74.31298,-13.42555],[-74.330282,-13.424781],[-74.336009,-13.438749],[-74.36717,-13.43606],[-74.37833,-13.41886],[-74.3946,-13.44479],[-74.40312,-13.43421],[-74.41705,-13.44643],[-74.47575,-13.45314],[-74.526395,-13.424203],[-74.532759,-13.402457],[-74.57168,-13.38712],[-74.576407,-13.361919],[-74.56611,-13.34143],[-74.57261,-13.33884],[-74.60924,-13.33326],[-74.66161,-13.35521],[-74.68782,-13.3528],[-74.70452,-13.36416],[-74.728307,-13.362194],[-74.737887,-13.348842],[-74.73675,-13.34483]]]}},{"type":"Feature","id":"0503","properties":{"ubigeo":"0503","nombre_departamento":"ayacucho","nombre_provincia":"huanca sancos","nombre_distrito":"","capital":"sancos (huanca)"},"geometry":{"type":"Polygon","coordinates":[[[-74.60721,-13.6955],[-74.62131,-13.69771],[-74.61668,-13.71026],[-74.63603,-13.74062],[-74.70743,-13.7453],[-74.75349,-13.76143],[-74.766793,-13.772488],[-74.763809,-13.783797],[-74.778924,-13.784605],[-74.760364,-13.831487],[-74.767387,-13.866588],[-74.785155,-13.88831],[-74.777008,-13.897504],[-74.785923,-13.928788],[-74.767955,-13.978552],[-74.78476,-13.988688],[-74.778591,-13.998346],[-74.783883,-14.016945],[-74.758713,-14.078596],[-74.772702,-14.091078],[-74.758692,-14.121901],[-74.720496,-14.114276],[-74.716793,-14.096195],[-74.709822,-14.10106],[-74.698421,-14.09467],[-74.698348,-14.078622],[-74.677077,-14.068138],[-74.672675,-14.079988],[-74.639529,-14.095121],[-74.62135,-14.091123],[-74.635674,-14.118321],[-74.6232,-14.13714],[-74.57265,-14.13532],[-74.57064,-14.149664],[-74.541293,-14.164064],[-74.527573,-14.146079],[-74.4961,-14.14631],[-74.472152,-14.15285],[-74.41971,-14.1511],[-74.39232,-14.16705],[-74.336143,-14.14811],[-74.329449,-14.128629],[-74.26138,-14.13488],[-74.207976,-14.126899],[-74.189097,-14.103432],[-74.17443,-14.104711],[-74.102974,-14.017213],[-74.10242,-13.99133],[-74.118937,-13.989325],[-74.101033,-13.954982],[-74.11214,-13.89845],[-74.1385,-13.88868],[-74.15518,-13.87287],[-74.159765,-13.84137],[-74.189016,-13.813863],[-74.227375,-13.806159],[-74.229478,-13.789723],[-74.240118,-13.784585],[-74.254057,-13.758995],[-74.298053,-13.756018],[-74.31556,-13.73364],[-74.32511,-13.75165],[-74.32268,-13.762838],[-74.331384,-13.763704],[-74.369598,-13.736339],[-74.362487,-13.759404],[-74.42587,-13.79756],[-74.4912,-13.7588],[-74.49713,-13.7412],[-74.52069,-13.73586],[-74.53065,-13.70956],[-74.56646,-13.71828],[-74.59168,-13.69679],[-74.60697,-13.69551],[-74.60721,-13.6955]]]}},{"type":"Feature","id":"0504","properties":{"ubigeo":"0504","nombre_departamento":"ayacucho","nombre_provincia":"huanta","nombre_distrito":"","capital":"huanta"},"geometry":{"type":"Polygon","coordinates":[[[-74.348428,-12.175033],[-74.3493,-12.16788],[-74.37885,-12.17601],[-74.38737,-12.18798],[-74.37607,-12.22919],[-74.39368,-12.25247],[-74.38478,-12.27153],[-74.41629,-12.30477],[-74.441534,-12.272134],[-74.452043,-12.269959],[-74.491832,-12.281575],[-74.507102,-12.312464],[-74.555447,-12.288089],[-74.580933,-12.324386],[-74.57599,-12.37317],[-74.56462,-12.36091],[-74.54943,-12.37385],[-74.5349,-12.41],[-74.5206,-12.40965],[-74.52167,-12.43683],[-74.50597,-12.44888],[-74.45393,-12.44391],[-74.40925,-12.45192],[-74.40158,-12.46748],[-74.41519,-12.49175],[-74.3987,-12.50269],[-74.40001,-12.52456],[-74.38427,-12.54485],[-74.38686,-12.56681],[-74.36632,-12.57583],[-74.36329,-12.59427],[-74.32402,-12.6045],[-74.34212,-12.6238],[-74.32717,-12.6802],[-74.34084,-12.69016],[-74.34908,-12.71822],[-74.32837,-12.74424],[-74.31236,-12.73735],[-74.28861,-12.75986],[-74.29329,-12.76696],[-74.28611,-12.77462],[-74.285543,-12.799721],[-74.29715,-12.80096],[-74.294632,-12.829797],[-74.325216,-12.833001],[-74.33275,-12.84815],[-74.31923,-12.8858],[-74.327673,-12.928391],[-74.296553,-12.935009],[-74.29749,-12.967939],[-74.280263,-13.001999],[-74.254739,-13.022154],[-74.213787,-13.034416],[-74.187614,-13.051246],[-74.14017,-13.02542],[-74.103994,-12.982063],[-74.112184,-12.961442],[-74.1066,-12.948692],[-74.148367,-12.871781],[-74.127686,-12.854623],[-74.108076,-12.85203],[-74.097116,-12.866577],[-74.081501,-12.86064],[-74.070633,-12.875192],[-74.04462,-12.86544],[-74.014826,-12.839408],[-73.996226,-12.839162],[-73.98768,-12.79663],[-73.99652,-12.77416],[-73.99168,-12.75402],[-73.95095,-12.72786],[-73.88811,-12.71105],[-73.86925,-12.67682],[-73.86912,-12.6567],[-73.85352,-12.64504],[-73.85945,-12.62221],[-73.832662,-12.5751],[-73.830935,-12.530784],[-73.844186,-12.539458],[-73.854442,-12.532167],[-73.85431,-12.489057],[-73.885925,-12.40614],[-73.928019,-12.378752],[-73.947767,-12.350662],[-73.970072,-12.347811],[-73.970615,-12.275564],[-73.980452,-12.242588],[-73.987497,-12.271665],[-73.99985,-12.283577],[-74.021875,-12.277364],[-74.039787,-12.261409],[-74.059282,-12.276551],[-74.097354,-12.283709],[-74.104121,-12.313243],[-74.125167,-12.333859],[-74.13116,-12.314605],[-74.147332,-12.324383],[-74.166228,-12.312397],[-74.184894,-12.316154],[-74.190142,-12.302421],[-74.218702,-12.301736],[-74.218043,-12.27808],[-74.232632,-12.267506],[-74.24551,-12.269479],[-74.247756,-12.258043],[-74.257539,-12.256442],[-74.26983,-12.239348],[-74.284072,-12.240643],[-74.291485,-12.22305],[-74.321338,-12.230158],[-74.336191,-12.215619],[-74.329734,-12.211239],[-74.333475,-12.196064],[-74.344725,-12.194768],[-74.349996,-12.175829],[-74.348428,-12.175033]]]}},{"type":"Feature","id":"0505","properties":{"ubigeo":"0505","nombre_departamento":"ayacucho","nombre_provincia":"la mar","nombre_distrito":"","capital":"san miguel"},"geometry":{"type":"Polygon","coordinates":[[[-73.753427,-12.652253],[-73.800633,-12.614583],[-73.8048,-12.57598],[-73.830935,-12.530784],[-73.832662,-12.5751],[-73.85945,-12.62221],[-73.85352,-12.64504],[-73.86912,-12.6567],[-73.86925,-12.67682],[-73.88811,-12.71105],[-73.95095,-12.72786],[-73.99168,-12.75402],[-73.99652,-12.77416],[-73.98768,-12.79663],[-73.996226,-12.839162],[-74.014826,-12.839408],[-74.04462,-12.86544],[-74.070633,-12.875192],[-74.081501,-12.86064],[-74.097116,-12.866577],[-74.108076,-12.85203],[-74.127686,-12.854623],[-74.148367,-12.871781],[-74.106426,-12.949365],[-74.112184,-12.961442],[-74.103994,-12.982063],[-74.115998,-12.988829],[-74.11869,-13.0066],[-74.077381,-12.984946],[-74.067119,-13.030506],[-74.052,-13.040144],[-74.061283,-13.057134],[-74.04991,-13.066132],[-74.036628,-13.098212],[-74.026415,-13.09237],[-74.021484,-13.097535],[-74.017986,-13.117161],[-73.992434,-13.149912],[-73.993922,-13.161882],[-73.968803,-13.17286],[-73.960812,-13.188712],[-73.962839,-13.21009],[-73.94594,-13.229096],[-73.945007,-13.266165],[-73.930536,-13.283403],[-73.895395,-13.278641],[-73.868959,-13.260853],[-73.84651,-13.25904],[-73.84854,-13.2748],[-73.865806,-13.289566],[-73.868152,-13.303844],[-73.851462,-13.309482],[-73.829883,-13.30374],[-73.806833,-13.314784],[-73.823,-13.284598],[-73.824023,-13.248393],[-73.81281,-13.24224],[-73.808818,-13.2151],[-73.80056,-13.21536],[-73.79334,-13.19391],[-73.77393,-13.18515],[-73.771921,-13.174612],[-73.752699,-13.171174],[-73.72905,-13.18743],[-73.72826,-13.19803],[-73.74009,-13.21148],[-73.730863,-13.242649],[-73.736367,-13.257447],[-73.72683,-13.26054],[-73.72764,-13.26831],[-73.6981,-13.2655],[-73.68698,-13.2821],[-73.66335,-13.2819],[-73.608082,-13.331597],[-73.59891,-13.32796],[-73.587791,-13.339224],[-73.57363,-13.3389],[-73.571305,-13.36278],[-73.54344,-13.36428],[-73.52159,-13.38772],[-73.50711,-13.38412],[-73.48151,-13.43104],[-73.436084,-13.429961],[-73.428922,-13.437868],[-73.41046,-13.435949],[-73.403979,-13.444794],[-73.347163,-13.434832],[-73.333226,-13.443996],[-73.331793,-13.456378],[-73.311671,-13.446597],[-73.231003,-13.475199],[-73.220353,-13.464363],[-73.223707,-13.450617],[-73.209544,-13.43196],[-73.211879,-13.419051],[-73.241188,-13.408542],[-73.250927,-13.392015],[-73.258129,-13.39513],[-73.260095,-13.384225],[-73.286913,-13.372565],[-73.289583,-13.354994],[-73.302619,-13.351935],[-73.312052,-13.337785],[-73.311404,-13.325889],[-73.329663,-13.308617],[-73.341258,-13.311659],[-73.348813,-13.30049],[-73.3411,-13.291274],[-73.352735,-13.290692],[-73.346212,-13.278437],[-73.364348,-13.269428],[-73.370895,-13.245949],[-73.382465,-13.238439],[-73.382325,-13.224874],[-73.400138,-13.210041],[-73.409619,-13.211919],[-73.41497,-13.195514],[-73.402233,-13.181713],[-73.419696,-13.135758],[-73.425946,-13.130268],[-73.434799,-13.139968],[-73.438532,-13.128749],[-73.454915,-13.121414],[-73.443454,-13.10483],[-73.455433,-13.093394],[-73.449258,-13.079588],[-73.461928,-13.079983],[-73.478181,-13.055918],[-73.490133,-13.067004],[-73.492529,-13.04702],[-73.478465,-13.034271],[-73.476573,-13.001102],[-73.487609,-12.998911],[-73.504681,-13.011122],[-73.51994,-13.004688],[-73.530032,-12.985266],[-73.508036,-12.971897],[-73.510236,-12.951541],[-73.495931,-12.933464],[-73.520283,-12.939216],[-73.529846,-12.931963],[-73.533295,-12.919329],[-73.523676,-12.899478],[-73.581899,-12.85868],[-73.591451,-12.842845],[-73.590022,-12.824168],[-73.615451,-12.808016],[-73.626729,-12.787694],[-73.625667,-12.764992],[-73.659888,-12.734395],[-73.656095,-12.72347],[-73.682465,-12.687812],[-73.693272,-12.687719],[-73.698328,-12.672134],[-73.712104,-12.665965],[-73.725038,-12.63673],[-73.751517,-12.652516],[-73.753427,-12.652253]]]}},{"type":"Feature","id":"0506","properties":{"ubigeo":"0506","nombre_departamento":"ayacucho","nombre_provincia":"lucanas","nombre_distrito":"","capital":"puquio"},"geometry":{"type":"Polygon","coordinates":[[[-74.066539,-14.029923],[-74.085735,-14.019199],[-74.116043,-14.028873],[-74.17443,-14.104711],[-74.189097,-14.103432],[-74.207976,-14.126899],[-74.26138,-14.13488],[-74.329449,-14.128629],[-74.336143,-14.14811],[-74.39232,-14.16705],[-74.41971,-14.1511],[-74.472152,-14.15285],[-74.4961,-14.14631],[-74.527573,-14.146079],[-74.541293,-14.164064],[-74.57064,-14.149664],[-74.57265,-14.13532],[-74.6232,-14.13714],[-74.635674,-14.118321],[-74.62135,-14.091123],[-74.639529,-14.095121],[-74.672675,-14.079988],[-74.677077,-14.068138],[-74.698348,-14.078622],[-74.698421,-14.09467],[-74.709822,-14.10106],[-74.716793,-14.096195],[-74.720496,-14.114276],[-74.751721,-14.123426],[-74.760865,-14.120436],[-74.773566,-14.089469],[-74.825187,-14.092279],[-74.841766,-14.071305],[-74.852744,-14.076205],[-74.860795,-14.067193],[-74.878113,-14.076254],[-74.896201,-14.103904],[-74.907891,-14.092154],[-74.924201,-14.099475],[-74.933502,-14.091881],[-74.943603,-14.094922],[-74.975113,-14.074285],[-75.02913,-14.07195],[-75.0365,-14.09793],[-75.0646,-14.13798],[-75.09079,-14.21518],[-75.088163,-14.2309],[-75.073668,-14.235612],[-75.066043,-14.251611],[-75.039512,-14.254167],[-75.032198,-14.265679],[-75.049704,-14.286539],[-75.082211,-14.297282],[-75.093927,-14.312424],[-75.107912,-14.347016],[-75.105087,-14.358778],[-75.139826,-14.415908],[-75.119138,-14.421131],[-75.121943,-14.427276],[-75.105842,-14.434044],[-75.088969,-14.426409],[-75.052994,-14.43115],[-75.070191,-14.449158],[-75.068459,-14.458358],[-75.098138,-14.485097],[-75.086675,-14.530206],[-75.067329,-14.527937],[-75.080822,-14.55143],[-75.08009,-14.56901],[-75.065858,-14.574483],[-75.055958,-14.626885],[-75.031765,-14.610657],[-75.010033,-14.606156],[-74.996197,-14.6119],[-74.978019,-14.602372],[-74.95892,-14.606451],[-74.946628,-14.580835],[-74.913392,-14.565616],[-74.897204,-14.544887],[-74.876203,-14.553392],[-74.883965,-14.576223],[-74.859029,-14.60838],[-74.788166,-14.615563],[-74.846581,-14.666147],[-74.846516,-14.688018],[-74.837798,-14.695791],[-74.845314,-14.709148],[-74.8311,-14.718299],[-74.826466,-14.735277],[-74.8027,-14.75215],[-74.77738,-14.729389],[-74.749846,-14.729081],[-74.715873,-14.709521],[-74.73434,-14.729791],[-74.738527,-14.753734],[-74.752692,-14.764041],[-74.755763,-14.783092],[-74.764702,-14.790456],[-74.747755,-14.813104],[-74.714397,-14.817801],[-74.751504,-14.827554],[-74.75458,-14.83529],[-74.74624,-14.84355],[-74.733404,-14.837916],[-74.73251,-14.84666],[-74.720795,-14.836728],[-74.69384,-14.838155],[-74.680961,-14.854279],[-74.675822,-14.862072],[-74.681066,-14.873083],[-74.662393,-14.900123],[-74.685329,-14.930154],[-74.659385,-14.970336],[-74.646241,-14.977178],[-74.665694,-14.997902],[-74.66603,-15.05077],[-74.762294,-15.09806],[-74.739487,-15.123146],[-74.721436,-15.124652],[-74.71371,-15.13853],[-74.679008,-15.132204],[-74.652039,-15.139133],[-74.628746,-15.124124],[-74.60567,-15.1486],[-74.552521,-15.139941],[-74.51378,-15.14835],[-74.50336,-15.16168],[-74.465759,-15.173476],[-74.422989,-15.167848],[-74.40155,-15.178523],[-74.389648,-15.205404],[-74.400828,-15.220859],[-74.387878,-15.25178],[-74.415306,-15.299267],[-74.37785,-15.33188],[-74.345818,-15.336348],[-74.333649,-15.353263],[-74.308701,-15.359717],[-74.328971,-15.393821],[-74.318265,-15.439285],[-74.301966,-15.452057],[-74.311148,-15.463907],[-74.300124,-15.478395],[-74.265939,-15.474709],[-74.241176,-15.481039],[-74.244698,-15.436515],[-74.257178,-15.403294],[-74.212898,-15.352595],[-74.201147,-15.321049],[-74.191364,-15.315225],[-74.208038,-15.29207],[-74.224171,-15.23605],[-74.1962,-15.23686],[-74.17632,-15.22292],[-74.1109,-15.23963],[-74.07931,-15.23255],[-73.99842,-15.16095],[-73.92452,-15.13131],[-73.84129,-15.13334],[-73.83055,-15.10481],[-73.81564,-15.08796],[-73.80144,-15.08532],[-73.79563,-15.06745],[-73.80954,-15.03566],[-73.81797,-14.99285],[-73.81343,-14.97721],[-73.84099,-14.95131],[-73.842465,-14.921144],[-73.85624,-14.91314],[-73.85918,-14.90182],[-73.87925,-14.89271],[-73.87903,-14.87591],[-73.8974,-14.85747],[-73.9003,-14.84349],[-73.89355,-14.81086],[-73.87079,-14.80014],[-73.870572,-14.767147],[-73.856114,-14.765056],[-73.825719,-14.725923],[-73.836585,-14.711063],[-73.821076,-14.67784],[-73.823212,-14.647594],[-73.811131,-14.63849],[-73.793444,-14.645869],[-73.781131,-14.638303],[-73.762928,-14.650758],[-73.75541,-14.647518],[-73.755574,-14.636053],[-73.720789,-14.642445],[-73.690672,-14.629417],[-73.635897,-14.592205],[-73.605893,-14.542263],[-73.587225,-14.548949],[-73.564461,-14.520894],[-73.532462,-14.507242],[-73.535057,-14.491545],[-73.554561,-14.480695],[-73.551405,-14.465004],[-73.570641,-14.45657],[-73.585738,-14.407284],[-73.609786,-14.397908],[-73.603709,-14.3838],[-73.613205,-14.379164],[-73.612429,-14.37086],[-73.654733,-14.373494],[-73.658901,-14.354534],[-73.676879,-14.346323],[-73.690422,-14.326348],[-73.706696,-14.324164],[-73.739185,-14.338213],[-73.783348,-14.32295],[-73.796831,-14.295785],[-73.813674,-14.294544],[-73.826219,-14.278911],[-73.860053,-14.27638],[-73.877985,-14.289172],[-73.896584,-14.262832],[-73.894941,-14.229394],[-73.879255,-14.216695],[-73.90714,-14.191738],[-73.942498,-14.198844],[-73.950033,-14.185728],[-73.99899,-14.15933],[-74.026025,-14.127242],[-74.037913,-14.0985],[-74.070572,-14.116625],[-74.081235,-14.11268],[-74.087517,-14.094177],[-74.07284,-14.073162],[-74.065805,-14.031866],[-74.066539,-14.029923]]]}},{"type":"Feature","id":"0507","properties":{"ubigeo":"0507","nombre_departamento":"ayacucho","nombre_provincia":"parinacochas","nombre_distrito":"","capital":"coracora"},"geometry":{"type":"Polygon","coordinates":[[[-73.528223,-14.510306],[-73.543092,-14.508893],[-73.564461,-14.520894],[-73.587225,-14.548949],[-73.605893,-14.542263],[-73.635897,-14.592205],[-73.690672,-14.629417],[-73.720789,-14.642445],[-73.755574,-14.636053],[-73.75541,-14.647518],[-73.762928,-14.650758],[-73.781131,-14.638303],[-73.793444,-14.645869],[-73.811131,-14.63849],[-73.823212,-14.647594],[-73.821076,-14.67784],[-73.836585,-14.711063],[-73.825719,-14.725923],[-73.856114,-14.765056],[-73.870572,-14.767147],[-73.87079,-14.80014],[-73.89355,-14.81086],[-73.9003,-14.84349],[-73.8974,-14.85747],[-73.87903,-14.87591],[-73.87925,-14.89271],[-73.85918,-14.90182],[-73.85624,-14.91314],[-73.842465,-14.921144],[-73.84099,-14.95131],[-73.81343,-14.97721],[-73.81797,-14.99285],[-73.79548,-15.07228],[-73.80173,-15.08568],[-73.81564,-15.08796],[-73.83055,-15.10481],[-73.83719,-15.13054],[-73.87029,-15.13496],[-73.90483,-15.12855],[-73.96824,-15.14605],[-73.99842,-15.16095],[-74.07931,-15.23255],[-74.1109,-15.23963],[-74.17632,-15.22292],[-74.1962,-15.23686],[-74.224171,-15.23605],[-74.208038,-15.29207],[-74.191364,-15.315225],[-74.201147,-15.321049],[-74.212898,-15.352595],[-74.257178,-15.403294],[-74.244698,-15.436515],[-74.241176,-15.481039],[-74.193741,-15.49166],[-74.166473,-15.483957],[-74.148437,-15.449383],[-74.153923,-15.446192],[-74.150475,-15.427576],[-74.115005,-15.411567],[-74.094521,-15.392003],[-74.06543,-15.402195],[-74.037292,-15.456078],[-74.043419,-15.49104],[-74.073441,-15.501919],[-74.079185,-15.51572],[-74.067284,-15.539294],[-74.076546,-15.552216],[-74.08474,-15.618907],[-74.068649,-15.629887],[-74.019661,-15.599853],[-74.010277,-15.559402],[-73.969215,-15.532938],[-73.952408,-15.513882],[-73.945961,-15.490403],[-73.917694,-15.46073],[-73.872124,-15.432976],[-73.869705,-15.400247],[-73.877075,-15.389163],[-73.870819,-15.379906],[-73.884079,-15.337457],[-73.865654,-15.324163],[-73.805931,-15.324447],[-73.79306,-15.339757],[-73.776337,-15.338743],[-73.77932,-15.3464],[-73.758865,-15.385265],[-73.685829,-15.437656],[-73.653038,-15.416531],[-73.612862,-15.419229],[-73.594109,-15.403695],[-73.555931,-15.408222],[-73.529571,-15.392055],[-73.478111,-15.379621],[-73.441102,-15.355724],[-73.448537,-15.318899],[-73.503386,-15.271604],[-73.521663,-15.237348],[-73.520825,-15.223563],[-73.53703,-15.21561],[-73.53761,-15.188],[-73.55497,-15.15476],[-73.54427,-15.12833],[-73.55265,-15.12445],[-73.55238,-15.11302],[-73.53607,-15.08123],[-73.54528,-15.05566],[-73.485601,-15.060576],[-73.462493,-15.038214],[-73.448074,-15.061393],[-73.420384,-15.064881],[-73.380982,-15.043311],[-73.344271,-15.037278],[-73.33164,-15.02962],[-73.342015,-15.003159],[-73.313432,-14.986709],[-73.263871,-14.976047],[-73.27259,-14.95079],[-73.256182,-14.929534],[-73.265608,-14.911924],[-73.254998,-14.899753],[-73.210632,-14.910629],[-73.195253,-14.922986],[-73.191494,-14.910177],[-73.164423,-14.912243],[-73.1519,-14.899509],[-73.13769,-14.897358],[-73.11671,-14.872525],[-73.129198,-14.856055],[-73.118718,-14.842585],[-73.096153,-14.844038],[-73.085088,-14.830356],[-73.061187,-14.825529],[-73.03333,-14.849926],[-73.014206,-14.855708],[-73.003822,-14.839584],[-73.002785,-14.814986],[-72.992325,-14.80374],[-72.979317,-14.806133],[-72.930832,-14.758512],[-72.88534,-14.77223],[-72.8724,-14.76147],[-72.846825,-14.759824],[-72.866879,-14.708313],[-72.910357,-14.697582],[-72.917808,-14.685262],[-72.935725,-14.695266],[-72.955307,-14.682684],[-72.974558,-14.651817],[-72.997808,-14.662774],[-73.014666,-14.630906],[-73.042648,-14.623084],[-73.043313,-14.657244],[-73.063125,-14.665805],[-73.098057,-14.650766],[-73.110055,-14.669921],[-73.10464,-14.682995],[-73.109856,-14.692305],[-73.153237,-14.674345],[-73.178426,-14.685682],[-73.190412,-14.705775],[-73.218275,-14.701612],[-73.228532,-14.71001],[-73.263621,-14.709789],[-73.284239,-14.734101],[-73.30857,-14.716514],[-73.32833,-14.717361],[-73.350807,-14.704029],[-73.364368,-14.681649],[-73.390403,-14.716062],[-73.406807,-14.768918],[-73.439922,-14.786954],[-73.453817,-14.804909],[-73.464484,-14.839828],[-73.48503,-14.84257],[-73.5145,-14.82553],[-73.52857,-14.80135],[-73.54957,-14.80143],[-73.56528,-14.77583],[-73.5629,-14.73934],[-73.57714,-14.71443],[-73.571099,-14.687272],[-73.523082,-14.673049],[-73.510061,-14.650101],[-73.53359,-14.584078],[-73.512283,-14.565855],[-73.507012,-14.544309],[-73.520752,-14.533548],[-73.527401,-14.510455],[-73.528223,-14.510306]],[[-73.720131,-15.259031],[-73.701449,-15.247121],[-73.685614,-15.266482],[-73.68731,-15.276045],[-73.665859,-15.270952],[-73.643803,-15.279239],[-73.63936,-15.290174],[-73.659566,-15.318735],[-73.682286,-15.333401],[-73.695737,-15.323685],[-73.714,-15.324623],[-73.739206,-15.308555],[-73.749595,-15.267023],[-73.747507,-15.259557],[-73.740172,-15.265978],[-73.720369,-15.259189],[-73.720131,-15.259031]]]}},{"type":"Feature","id":"0508","properties":{"ubigeo":"0508","nombre_departamento":"ayacucho","nombre_provincia":"paucar del sara sara","nombre_distrito":"","capital":"pausa"},"geometry":{"type":"Polygon","coordinates":[[[-73.040307,-14.842203],[-73.065814,-14.825359],[-73.085088,-14.830356],[-73.096153,-14.844038],[-73.118718,-14.842585],[-73.129198,-14.856055],[-73.11671,-14.872525],[-73.13769,-14.897358],[-73.1519,-14.899509],[-73.164423,-14.912243],[-73.191494,-14.910177],[-73.195253,-14.922986],[-73.212264,-14.910074],[-73.254204,-14.899527],[-73.263495,-14.904622],[-73.256182,-14.929534],[-73.27259,-14.95079],[-73.263871,-14.976047],[-73.313432,-14.986709],[-73.342015,-15.003159],[-73.33164,-15.02962],[-73.344271,-15.037278],[-73.380982,-15.043311],[-73.420384,-15.064881],[-73.448074,-15.061393],[-73.462493,-15.038214],[-73.485601,-15.060576],[-73.54548,-15.05581],[-73.53607,-15.08123],[-73.55238,-15.11302],[-73.55265,-15.12445],[-73.54427,-15.12833],[-73.55497,-15.15476],[-73.53761,-15.188],[-73.53703,-15.21561],[-73.520825,-15.223563],[-73.521663,-15.237348],[-73.503386,-15.271604],[-73.448537,-15.318899],[-73.441102,-15.355724],[-73.426933,-15.363646],[-73.430351,-15.379127],[-73.416855,-15.375821],[-73.391235,-15.399143],[-73.361053,-15.387922],[-73.336281,-15.405148],[-73.296303,-15.392517],[-73.277283,-15.394588],[-73.2938,-15.35941],[-73.28982,-15.33436],[-73.27773,-15.31818],[-73.284921,-15.294938],[-73.245933,-15.286092],[-73.221565,-15.297965],[-73.206833,-15.293939],[-73.172134,-15.306076],[-73.152954,-15.283065],[-73.14994,-15.259839],[-73.120583,-15.230817],[-73.111671,-15.186535],[-73.100784,-15.187635],[-73.061912,-15.145385],[-73.046768,-15.140701],[-73.047562,-15.134348],[-73.021838,-15.131799],[-73.024528,-15.091758],[-73.004242,-15.064127],[-73.005112,-15.00775],[-72.99765,-14.991839],[-72.982956,-14.983709],[-72.982986,-14.97208],[-72.995201,-14.942965],[-73.031464,-14.900051],[-73.014206,-14.855708],[-73.038603,-14.84412],[-73.040307,-14.842203]]]}},{"type":"Feature","id":"0509","properties":{"ubigeo":"0509","nombre_departamento":"ayacucho","nombre_provincia":"sucre","nombre_distrito":"","capital":"querobamba"},"geometry":{"type":"Polygon","coordinates":[[[-73.743258,-13.769825],[-73.747888,-13.763366],[-73.759761,-13.77992],[-73.803018,-13.795134],[-73.797699,-13.828606],[-73.804519,-13.864484],[-73.82605,-13.91454],[-73.889784,-13.956574],[-73.889986,-13.971593],[-73.881177,-13.98191],[-73.88263,-14.01663],[-73.91202,-14.11963],[-73.97205,-14.109854],[-73.986061,-14.08985],[-73.988722,-14.111743],[-73.96666,-14.13553],[-73.958947,-14.174043],[-73.942498,-14.198844],[-73.90714,-14.191738],[-73.879255,-14.216695],[-73.894941,-14.229394],[-73.896584,-14.262832],[-73.878613,-14.288715],[-73.860053,-14.27638],[-73.826219,-14.278911],[-73.813674,-14.294544],[-73.796831,-14.295785],[-73.7841,-14.322474],[-73.739185,-14.338213],[-73.706696,-14.324164],[-73.690422,-14.326348],[-73.676879,-14.346323],[-73.658901,-14.354534],[-73.654733,-14.373494],[-73.612429,-14.37086],[-73.613205,-14.379164],[-73.603709,-14.3838],[-73.609786,-14.397908],[-73.573016,-14.415897],[-73.553857,-14.40122],[-73.553506,-14.377507],[-73.53552,-14.357801],[-73.52801,-14.322562],[-73.51719,-14.30936],[-73.51225,-14.26816],[-73.51874,-14.24222],[-73.57728,-14.14718],[-73.58662,-14.11034],[-73.61107,-14.08994],[-73.62578,-14.04902],[-73.618,-14.02553],[-73.62589,-13.99491],[-73.64276,-13.978536],[-73.65647,-13.92995],[-73.685088,-13.905928],[-73.697779,-13.847416],[-73.72869,-13.81612],[-73.74244,-13.79176],[-73.743036,-13.771688],[-73.743258,-13.769825]]]}},{"type":"Feature","id":"0510","properties":{"ubigeo":"0510","nombre_departamento":"ayacucho","nombre_provincia":"victor fajardo","nombre_distrito":"","capital":"huancapi"},"geometry":{"type":"Polygon","coordinates":[[[-74.63996,-13.55541],[-74.66498,-13.56035],[-74.67682,-13.57464],[-74.70949,-13.58516],[-74.73982,-13.58017],[-74.75315,-13.58945],[-74.78242,-13.57851],[-74.771114,-13.610119],[-74.781151,-13.648184],[-74.775391,-13.710538],[-74.753891,-13.736977],[-74.766525,-13.772234],[-74.70728,-13.74526],[-74.63603,-13.74062],[-74.61668,-13.71026],[-74.62131,-13.69771],[-74.60998,-13.69534],[-74.59168,-13.69679],[-74.56646,-13.71828],[-74.53065,-13.70956],[-74.52069,-13.73586],[-74.49713,-13.7412],[-74.4912,-13.7588],[-74.42587,-13.79756],[-74.362487,-13.759404],[-74.369598,-13.736339],[-74.331384,-13.763704],[-74.32268,-13.762838],[-74.32511,-13.75165],[-74.31556,-13.73364],[-74.298053,-13.756018],[-74.254057,-13.758995],[-74.240118,-13.784585],[-74.229478,-13.789723],[-74.227375,-13.806159],[-74.189016,-13.813863],[-74.159765,-13.84137],[-74.15518,-13.87287],[-74.1385,-13.88868],[-74.11214,-13.89845],[-74.101033,-13.954982],[-74.118937,-13.989325],[-74.10242,-13.99133],[-74.099182,-14.006283],[-74.116043,-14.028873],[-74.081566,-14.019656],[-74.063041,-14.038948],[-74.072412,-14.047498],[-74.07284,-14.073162],[-74.087517,-14.094177],[-74.082091,-14.111538],[-74.070572,-14.116625],[-74.037913,-14.0985],[-74.026025,-14.127242],[-73.99916,-14.15919],[-73.95042,-14.18644],[-73.964611,-14.15894],[-73.96666,-14.13553],[-73.986294,-14.118539],[-73.988506,-14.093512],[-73.97205,-14.109854],[-73.91202,-14.11963],[-73.88263,-14.01663],[-73.881177,-13.98191],[-73.890389,-13.958555],[-73.863054,-13.937679],[-73.871038,-13.9374],[-73.866004,-13.92768],[-73.875473,-13.917614],[-73.885375,-13.916113],[-73.886103,-13.899755],[-73.907681,-13.864275],[-73.911816,-13.828456],[-73.957967,-13.788831],[-73.972231,-13.755096],[-73.999604,-13.72264],[-74.005125,-13.696568],[-74.037928,-13.682282],[-74.056451,-13.684848],[-74.098736,-13.670912],[-74.099024,-13.66017],[-74.138937,-13.632994],[-74.182259,-13.639906],[-74.223263,-13.628342],[-74.30019,-13.633135],[-74.36995,-13.60227],[-74.44375,-13.58553],[-74.51619,-13.60215],[-74.51424,-13.6135],[-74.52106,-13.61548],[-74.6396,-13.55544],[-74.63996,-13.55541]]]}},{"type":"Feature","id":"0511","properties":{"ubigeo":"0511","nombre_departamento":"ayacucho","nombre_provincia":"vilcas huaman","nombre_distrito":"","capital":"vilcas huaman"},"geometry":{"type":"Polygon","coordinates":[[[-74.045185,-13.440037],[-74.047518,-13.416786],[-74.058896,-13.408943],[-74.07275,-13.42034],[-74.07058,-13.43408],[-74.08047,-13.45058],[-74.06586,-13.48197],[-74.06769,-13.50754],[-74.05027,-13.53205],[-74.058242,-13.539905],[-74.06373,-13.57448],[-74.059573,-13.593399],[-74.035845,-13.613562],[-74.038104,-13.630761],[-74.051804,-13.644009],[-74.050071,-13.682646],[-74.003973,-13.697832],[-73.999604,-13.72264],[-73.972231,-13.755096],[-73.957967,-13.788831],[-73.911816,-13.828456],[-73.907681,-13.864275],[-73.886103,-13.899755],[-73.885375,-13.916113],[-73.875473,-13.917614],[-73.866004,-13.92768],[-73.871038,-13.9374],[-73.863054,-13.937679],[-73.829405,-13.918944],[-73.809482,-13.87682],[-73.797731,-13.829261],[-73.803018,-13.795134],[-73.759761,-13.77992],[-73.758935,-13.770716],[-73.73935,-13.75583],[-73.693339,-13.749593],[-73.686477,-13.738601],[-73.669668,-13.73426],[-73.701928,-13.705284],[-73.715143,-13.704534],[-73.714239,-13.689667],[-73.728485,-13.683145],[-73.727762,-13.669079],[-73.74362,-13.655562],[-73.795558,-13.635546],[-73.805942,-13.613762],[-73.795796,-13.60432],[-73.810812,-13.521797],[-73.834799,-13.470176],[-73.86503,-13.46523],[-73.88796,-13.48398],[-73.90555,-13.48341],[-73.926082,-13.499363],[-73.965972,-13.500296],[-73.992383,-13.478385],[-73.983631,-13.462646],[-73.994419,-13.455248],[-73.992513,-13.441335],[-74.044815,-13.440897],[-74.045185,-13.440037]]]}},{"type":"Feature","id":"0601","properties":{"ubigeo":"0601","nombre_departamento":"cajamarca","nombre_provincia":"cajamarca","nombre_distrito":"","capital":"cajamarca"},"geometry":{"type":"Polygon","coordinates":[[[-78.51267,-6.81888],[-78.529759,-6.798134],[-78.5509,-6.82815],[-78.59044,-6.85012],[-78.601379,-6.867629],[-78.598928,-6.885823],[-78.613506,-6.920726],[-78.604499,-6.95458],[-78.60524,-6.997588],[-78.62793,-7.01637],[-78.636997,-7.057536],[-78.66267,-7.09285],[-78.6623,-7.10408],[-78.72,-7.17082],[-78.73091,-7.21211],[-78.74599,-7.21933],[-78.60889,-7.27802],[-78.629783,-7.298715],[-78.636483,-7.317938],[-78.627796,-7.329245],[-78.639133,-7.348154],[-78.652399,-7.351311],[-78.665409,-7.379006],[-78.676552,-7.383615],[-78.69623,-7.41336],[-78.663994,-7.403621],[-78.654935,-7.426033],[-78.629843,-7.4455],[-78.627317,-7.478857],[-78.650242,-7.527799],[-78.62457,-7.54856],[-78.49139,-7.55487],[-78.41563,-7.48507],[-78.403084,-7.483493],[-78.36817,-7.50032],[-78.335831,-7.495248],[-78.350498,-7.474791],[-78.353471,-7.444117],[-78.343674,-7.417378],[-78.354947,-7.41243],[-78.356808,-7.399631],[-78.32801,-7.39937],[-78.277383,-7.373447],[-78.276648,-7.3589],[-78.307994,-7.341106],[-78.325576,-7.342857],[-78.287941,-7.328166],[-78.27175,-7.29361],[-78.23561,-7.31939],[-78.22172,-7.30681],[-78.216209,-7.296535],[-78.23939,-7.24104],[-78.25083,-7.23066],[-78.23956,-7.20654],[-78.200512,-7.176152],[-78.183694,-7.149147],[-78.189625,-7.120714],[-78.219508,-7.087772],[-78.219458,-7.071585],[-78.265818,-7.032652],[-78.294279,-7.030307],[-78.287184,-7.020924],[-78.309388,-7.012747],[-78.311508,-6.987715],[-78.330613,-6.973091],[-78.339203,-6.955267],[-78.38275,-6.923584],[-78.407619,-6.93161],[-78.411506,-6.942371],[-78.427889,-6.930421],[-78.428555,-6.892201],[-78.442913,-6.879116],[-78.454255,-6.82498],[-78.462151,-6.82254],[-78.465963,-6.806838],[-78.49269,-6.80122],[-78.504846,-6.819692],[-78.51247,-6.81892],[-78.51267,-6.81888]]]}},{"type":"Feature","id":"0602","properties":{"ubigeo":"0602","nombre_departamento":"cajamarca","nombre_provincia":"cajabamba","nombre_distrito":"","capital":"cajabamba"},"geometry":{"type":"Polygon","coordinates":[[[-77.919649,-7.343768],[-77.946188,-7.347486],[-77.960915,-7.370331],[-77.973648,-7.374031],[-78.01332,-7.46216],[-78.04122,-7.4565],[-78.05364,-7.4653],[-78.08645,-7.45406],[-78.119443,-7.465591],[-78.12591,-7.48021],[-78.16837,-7.46549],[-78.20452,-7.416403],[-78.21767,-7.41024],[-78.22015,-7.38742],[-78.277383,-7.373447],[-78.32801,-7.39937],[-78.356808,-7.399631],[-78.354947,-7.41243],[-78.343674,-7.417378],[-78.353471,-7.444117],[-78.350498,-7.474791],[-78.339616,-7.493413],[-78.322078,-7.503777],[-78.354151,-7.515991],[-78.364114,-7.543766],[-78.356792,-7.574006],[-78.366151,-7.590236],[-78.378166,-7.594035],[-78.376892,-7.624651],[-78.382819,-7.630107],[-78.371863,-7.644602],[-78.360236,-7.64489],[-78.359463,-7.668005],[-78.348478,-7.685133],[-78.330139,-7.699628],[-78.312351,-7.702871],[-78.30448,-7.695878],[-78.288651,-7.707035],[-78.275717,-7.720222],[-78.283246,-7.742103],[-78.272422,-7.753518],[-78.22182,-7.763461],[-78.212786,-7.756864],[-78.211263,-7.742507],[-78.219351,-7.724458],[-78.198087,-7.729086],[-78.190287,-7.717504],[-78.171345,-7.713394],[-78.158863,-7.693351],[-78.141004,-7.682721],[-78.142304,-7.664832],[-78.128384,-7.653224],[-78.116053,-7.654007],[-78.081221,-7.696169],[-78.04957,-7.67856],[-77.998642,-7.679074],[-77.973846,-7.667037],[-77.96411,-7.674915],[-77.959444,-7.654765],[-77.936584,-7.657477],[-77.931952,-7.652493],[-77.940503,-7.640627],[-77.912889,-7.6254],[-77.92242,-7.59974],[-77.86794,-7.58303],[-77.85686,-7.52353],[-77.791867,-7.500391],[-77.764867,-7.479448],[-77.74732,-7.48035],[-77.741302,-7.467407],[-77.755421,-7.441046],[-77.768012,-7.440147],[-77.771631,-7.418814],[-77.824996,-7.378664],[-77.820798,-7.368649],[-77.829602,-7.347639],[-77.88259,-7.36424],[-77.918864,-7.344368],[-77.919649,-7.343768]]]}},{"type":"Feature","id":"0603","properties":{"ubigeo":"0603","nombre_departamento":"cajamarca","nombre_provincia":"celendin","nombre_distrito":"","capital":"celendin"},"geometry":{"type":"Polygon","coordinates":[[[-78.275826,-6.399583],[-78.277932,-6.388961],[-78.29714,-6.40105],[-78.32135,-6.44997],[-78.343078,-6.45176],[-78.365455,-6.47215],[-78.368518,-6.489466],[-78.36437,-6.51577],[-78.355361,-6.524305],[-78.353825,-6.561358],[-78.339766,-6.581449],[-78.37085,-6.573984],[-78.41297,-6.59586],[-78.38417,-6.67874],[-78.40671,-6.715626],[-78.394182,-6.791486],[-78.405081,-6.803457],[-78.401975,-6.815057],[-78.42641,-6.81434],[-78.433017,-6.834688],[-78.454376,-6.836473],[-78.442913,-6.879116],[-78.428555,-6.892201],[-78.431422,-6.924318],[-78.411506,-6.942371],[-78.407619,-6.93161],[-78.38275,-6.923584],[-78.339203,-6.955267],[-78.330613,-6.973091],[-78.311508,-6.987715],[-78.309388,-7.012747],[-78.287184,-7.020924],[-78.294279,-7.030307],[-78.265818,-7.032652],[-78.219458,-7.071585],[-78.219508,-7.087772],[-78.189625,-7.120714],[-78.183694,-7.149147],[-78.114453,-7.146254],[-78.1026,-7.12777],[-78.05628,-7.13486],[-78.01595,-7.0968],[-77.95115,-7.064613],[-77.965921,-7.050774],[-77.971122,-7.025887],[-77.987195,-7.012598],[-77.985298,-7.000935],[-78.000812,-6.988491],[-77.988491,-6.975324],[-78.001649,-6.969479],[-77.999396,-6.94097],[-78.013641,-6.931684],[-77.999651,-6.907923],[-78.006528,-6.875919],[-78.00165,-6.862285],[-78.031108,-6.847056],[-78.013763,-6.822871],[-78.024185,-6.798196],[-78.021615,-6.769333],[-78.029491,-6.767572],[-78.037748,-6.746086],[-78.033677,-6.739418],[-78.046383,-6.688712],[-78.056758,-6.675743],[-78.077863,-6.668938],[-78.080219,-6.655304],[-78.094591,-6.657303],[-78.107155,-6.64343],[-78.104109,-6.62361],[-78.12074,-6.597319],[-78.116671,-6.577998],[-78.137634,-6.563174],[-78.135734,-6.52718],[-78.151863,-6.510897],[-78.152181,-6.499826],[-78.164365,-6.490801],[-78.17384,-6.493705],[-78.176725,-6.47464],[-78.187135,-6.469352],[-78.190029,-6.457016],[-78.209986,-6.45803],[-78.243452,-6.40171],[-78.268287,-6.391109],[-78.275292,-6.39969],[-78.275826,-6.399583]]]}},{"type":"Feature","id":"0604","properties":{"ubigeo":"0604","nombre_departamento":"cajamarca","nombre_provincia":"chota","nombre_distrito":"","capital":"chota"},"geometry":{"type":"Polygon","coordinates":[[[-78.505434,-6.087374],[-78.51796,-6.109812],[-78.518173,-6.161624],[-78.533484,-6.182469],[-78.529937,-6.21434],[-78.509287,-6.24576],[-78.509884,-6.284884],[-78.52015,-6.2917],[-78.5406,-6.288],[-78.583021,-6.306426],[-78.66774,-6.31504],[-78.67177,-6.33268],[-78.68905,-6.34294],[-78.69161,-6.35558],[-78.714088,-6.368482],[-78.713348,-6.395326],[-78.729912,-6.414342],[-78.747177,-6.419774],[-78.746328,-6.441485],[-78.732221,-6.459887],[-78.747807,-6.475496],[-78.758943,-6.512116],[-78.756373,-6.533793],[-78.766684,-6.550382],[-78.787322,-6.538685],[-78.80556,-6.506006],[-78.843963,-6.488982],[-78.81905,-6.47597],[-78.795988,-6.441029],[-78.833607,-6.428188],[-78.864817,-6.438654],[-78.897389,-6.431976],[-78.913539,-6.403797],[-78.916402,-6.370932],[-78.931896,-6.346531],[-78.956984,-6.331771],[-78.988139,-6.291682],[-79.053673,-6.329386],[-79.069422,-6.308458],[-79.085618,-6.320029],[-79.11931,-6.291286],[-79.14113,-6.290763],[-79.162287,-6.272969],[-79.198837,-6.270579],[-79.210834,-6.277809],[-79.205873,-6.249885],[-79.216663,-6.246985],[-79.222817,-6.211597],[-79.243733,-6.21539],[-79.252261,-6.226688],[-79.279048,-6.229258],[-79.284738,-6.254496],[-79.306335,-6.270268],[-79.329035,-6.26627],[-79.344821,-6.281345],[-79.352773,-6.303982],[-79.387941,-6.298295],[-79.427679,-6.317402],[-79.443164,-6.359855],[-79.458571,-6.372099],[-79.446672,-6.376718],[-79.453156,-6.399086],[-79.422888,-6.451882],[-79.422695,-6.467489],[-79.433889,-6.48116],[-79.417136,-6.505321],[-79.421944,-6.533363],[-79.404426,-6.541321],[-79.369613,-6.520803],[-79.36066,-6.56884],[-79.347927,-6.573688],[-79.335736,-6.602429],[-79.362496,-6.634765],[-79.34363,-6.64673],[-79.32536,-6.64066],[-79.302326,-6.653115],[-79.296416,-6.675672],[-79.271872,-6.680266],[-79.22906,-6.671406],[-79.239348,-6.619174],[-79.25295,-6.60955],[-79.22139,-6.61254],[-79.19367,-6.62841],[-79.12627,-6.63203],[-79.09428,-6.60175],[-79.08754,-6.55814],[-79.06602,-6.52301],[-79.05594,-6.51636],[-79.047764,-6.524796],[-79.02385,-6.51277],[-78.988454,-6.511742],[-78.965857,-6.531801],[-78.928578,-6.503458],[-78.906143,-6.527808],[-78.868796,-6.521078],[-78.823263,-6.525739],[-78.809636,-6.554252],[-78.794001,-6.552715],[-78.77665,-6.56311],[-78.786377,-6.58124],[-78.77295,-6.579955],[-78.760036,-6.596081],[-78.75802,-6.63212],[-78.721623,-6.629178],[-78.677306,-6.659835],[-78.658543,-6.663823],[-78.652633,-6.680619],[-78.645051,-6.678051],[-78.636507,-6.654539],[-78.591377,-6.632877],[-78.5604,-6.597848],[-78.55025,-6.595503],[-78.529659,-6.609123],[-78.506048,-6.602491],[-78.49888,-6.58751],[-78.45828,-6.56047],[-78.44216,-6.57191],[-78.43709,-6.55998],[-78.435894,-6.573506],[-78.41297,-6.59586],[-78.389823,-6.578785],[-78.363256,-6.572591],[-78.341335,-6.583314],[-78.353825,-6.561358],[-78.355361,-6.524305],[-78.36498,-6.51362],[-78.365455,-6.47215],[-78.343078,-6.45176],[-78.32181,-6.45041],[-78.29714,-6.40105],[-78.277932,-6.388961],[-78.29126,-6.372518],[-78.303249,-6.374112],[-78.333735,-6.350978],[-78.335386,-6.318679],[-78.369343,-6.273293],[-78.370089,-6.239084],[-78.399934,-6.228422],[-78.415417,-6.212606],[-78.417789,-6.190516],[-78.466655,-6.134719],[-78.475842,-6.132627],[-78.477283,-6.11483],[-78.498444,-6.102501],[-78.504501,-6.087696],[-78.505434,-6.087374]]]}},{"type":"Feature","id":"0605","properties":{"ubigeo":"0605","nombre_departamento":"cajamarca","nombre_provincia":"contumaza","nombre_distrito":"","capital":"contumaza"},"geometry":{"type":"Polygon","coordinates":[[[-79.01333,-7.1795],[-79.04413,-7.19519],[-79.05802,-7.23956],[-79.07571,-7.25267],[-79.084465,-7.249438],[-79.087159,-7.221706],[-79.105014,-7.193436],[-79.124402,-7.180578],[-79.143244,-7.193748],[-79.155015,-7.186234],[-79.170076,-7.192725],[-79.198481,-7.185425],[-79.213153,-7.195351],[-79.249807,-7.196236],[-79.275553,-7.215539],[-79.269025,-7.228055],[-79.279322,-7.247702],[-79.26892,-7.27841],[-79.28263,-7.27506],[-79.30685,-7.28371],[-79.32753,-7.30894],[-79.36928,-7.32412],[-79.315798,-7.359554],[-79.282902,-7.348743],[-79.260875,-7.378995],[-79.23248,-7.390683],[-79.194443,-7.373374],[-79.186498,-7.377347],[-79.18779,-7.396876],[-79.16177,-7.418381],[-79.154492,-7.439135],[-79.122762,-7.441644],[-79.065428,-7.472709],[-79.071552,-7.505346],[-79.057006,-7.527702],[-79.059847,-7.546675],[-79.038604,-7.562062],[-79.041232,-7.599887],[-78.995403,-7.658859],[-78.972555,-7.660281],[-78.95183,-7.64688],[-78.94219,-7.6272],[-78.944344,-7.598418],[-78.912774,-7.551087],[-78.895908,-7.537437],[-78.861497,-7.531858],[-78.851088,-7.522117],[-78.861058,-7.497857],[-78.886667,-7.484346],[-78.877727,-7.471447],[-78.847756,-7.452769],[-78.84109,-7.437227],[-78.80369,-7.419378],[-78.801408,-7.403512],[-78.789914,-7.395154],[-78.781287,-7.423669],[-78.76012,-7.40198],[-78.744728,-7.407393],[-78.73822,-7.42009],[-78.71333,-7.40964],[-78.69657,-7.41373],[-78.676552,-7.383615],[-78.665409,-7.379006],[-78.652399,-7.351311],[-78.639133,-7.348154],[-78.627796,-7.329245],[-78.636483,-7.317938],[-78.629783,-7.298715],[-78.60869,-7.27866],[-78.63073,-7.27396],[-78.64734,-7.25642],[-78.70217,-7.24171],[-78.75917,-7.21499],[-78.83012,-7.2268],[-78.83694,-7.21928],[-78.86777,-7.22033],[-78.89692,-7.22866],[-78.92925,-7.20419],[-78.9437,-7.20487],[-78.95568,-7.18767],[-78.98611,-7.19184],[-79.01241,-7.17955],[-79.01333,-7.1795]]]}},{"type":"Feature","id":"0606","properties":{"ubigeo":"0606","nombre_departamento":"cajamarca","nombre_provincia":"cutervo","nombre_distrito":"","capital":"cutervo"},"geometry":{"type":"Polygon","coordinates":[[[-78.703786,-5.781942],[-78.719041,-5.78502],[-78.724315,-5.801912],[-78.733882,-5.80149],[-78.741626,-5.836239],[-78.75954,-5.83976],[-78.785448,-5.876104],[-78.80281,-5.87462],[-78.83301,-5.89202],[-78.83956,-5.93225],[-78.851209,-5.946564],[-78.84567,-5.953656],[-78.862262,-6.016751],[-78.875185,-6.032784],[-78.900939,-6.044952],[-78.922261,-6.040283],[-78.964662,-6.012215],[-78.975379,-6.023543],[-79.015341,-6.02209],[-79.04326,-6.050662],[-79.079519,-6.065234],[-79.088176,-6.08641],[-79.086061,-6.109258],[-79.095523,-6.115841],[-79.12006,-6.11238],[-79.172263,-6.134349],[-79.229846,-6.091902],[-79.274665,-6.15846],[-79.2504,-6.2209],[-79.222282,-6.211983],[-79.216663,-6.246985],[-79.205873,-6.249885],[-79.210834,-6.277809],[-79.198837,-6.270579],[-79.162287,-6.272969],[-79.14113,-6.290763],[-79.11931,-6.291286],[-79.085618,-6.320029],[-79.069422,-6.308458],[-79.053673,-6.329386],[-78.988139,-6.291682],[-78.956984,-6.331771],[-78.931896,-6.346531],[-78.916402,-6.370932],[-78.913539,-6.403797],[-78.897389,-6.431976],[-78.864817,-6.438654],[-78.833607,-6.428188],[-78.795988,-6.441029],[-78.81905,-6.47597],[-78.843963,-6.488982],[-78.80556,-6.506006],[-78.787322,-6.538685],[-78.766684,-6.550382],[-78.756373,-6.533793],[-78.758943,-6.512116],[-78.747807,-6.475496],[-78.732221,-6.459887],[-78.746328,-6.441485],[-78.747177,-6.419774],[-78.729912,-6.414342],[-78.713348,-6.395326],[-78.714088,-6.368482],[-78.69161,-6.35558],[-78.68905,-6.34294],[-78.67177,-6.33268],[-78.66774,-6.31504],[-78.583021,-6.306426],[-78.5406,-6.288],[-78.515698,-6.290567],[-78.508675,-6.279854],[-78.509287,-6.24576],[-78.529937,-6.21434],[-78.533663,-6.191392],[-78.518034,-6.16103],[-78.522313,-6.139103],[-78.515078,-6.098653],[-78.50514,-6.089158],[-78.515861,-6.072056],[-78.584629,-6.078621],[-78.607413,-6.056642],[-78.61121,-6.01661],[-78.636404,-5.988264],[-78.641517,-5.969848],[-78.660288,-5.955604],[-78.67315,-5.916445],[-78.695934,-5.888527],[-78.691137,-5.874304],[-78.699148,-5.840761],[-78.71229,-5.829489],[-78.703596,-5.782336],[-78.703786,-5.781942]]]}},{"type":"Feature","id":"0607","properties":{"ubigeo":"0607","nombre_departamento":"cajamarca","nombre_provincia":"hualgayoc","nombre_distrito":"","capital":"bambamarca"},"geometry":{"type":"Polygon","coordinates":[[[-78.436091,-6.571645],[-78.43709,-6.55998],[-78.44216,-6.57191],[-78.45828,-6.56047],[-78.49888,-6.58751],[-78.506048,-6.602491],[-78.526479,-6.609091],[-78.55025,-6.595503],[-78.5604,-6.597848],[-78.591377,-6.632877],[-78.636507,-6.654539],[-78.649736,-6.680756],[-78.658543,-6.663823],[-78.677306,-6.659835],[-78.721623,-6.629178],[-78.75802,-6.63212],[-78.769462,-6.651077],[-78.739964,-6.704448],[-78.725441,-6.71468],[-78.718414,-6.739674],[-78.705013,-6.751196],[-78.691814,-6.743187],[-78.677892,-6.760909],[-78.638388,-6.777816],[-78.626876,-6.793443],[-78.633141,-6.808893],[-78.628093,-6.827163],[-78.611582,-6.834266],[-78.61566,-6.85017],[-78.601379,-6.867629],[-78.59044,-6.85012],[-78.5509,-6.82815],[-78.529759,-6.798134],[-78.51247,-6.81892],[-78.504846,-6.819692],[-78.49269,-6.80122],[-78.467879,-6.805772],[-78.453478,-6.834195],[-78.434173,-6.835234],[-78.42641,-6.81434],[-78.401975,-6.815057],[-78.405081,-6.803457],[-78.394272,-6.792811],[-78.40671,-6.715626],[-78.38417,-6.67874],[-78.38867,-6.65566],[-78.40273,-6.63764],[-78.40172,-6.61577],[-78.43593,-6.571967],[-78.436091,-6.571645]]]}},{"type":"Feature","id":"0608","properties":{"ubigeo":"0608","nombre_departamento":"cajamarca","nombre_provincia":"jaen","nombre_distrito":"","capital":"jaen"},"geometry":{"type":"Polygon","coordinates":[[[-78.551629,-5.36001],[-78.589811,-5.324944],[-78.595654,-5.339378],[-78.63784,-5.365745],[-78.67757,-5.408885],[-78.69729,-5.407625],[-78.723808,-5.388738],[-78.727359,-5.395513],[-78.747603,-5.392574],[-78.746052,-5.382065],[-78.760781,-5.374141],[-78.777926,-5.391456],[-78.786676,-5.428464],[-78.834037,-5.443894],[-78.866514,-5.469656],[-78.936241,-5.477182],[-78.996741,-5.463821],[-79.010275,-5.445477],[-79.036187,-5.452591],[-79.060864,-5.445612],[-79.079517,-5.423014],[-79.098981,-5.366098],[-79.122414,-5.387685],[-79.155099,-5.397357],[-79.152851,-5.422111],[-79.176168,-5.450494],[-79.189093,-5.454511],[-79.190144,-5.490334],[-79.20258,-5.506265],[-79.259055,-5.501742],[-79.281947,-5.525232],[-79.310658,-5.520063],[-79.329889,-5.535419],[-79.390504,-5.523532],[-79.399497,-5.538748],[-79.371121,-5.602564],[-79.382758,-5.63593],[-79.377857,-5.647055],[-79.384463,-5.680441],[-79.39926,-5.702543],[-79.399246,-5.771215],[-79.389641,-5.793047],[-79.375996,-5.800533],[-79.376449,-5.823673],[-79.350513,-5.855462],[-79.353642,-5.871119],[-79.335437,-5.893969],[-79.359582,-5.919539],[-79.361891,-5.93276],[-79.398359,-5.94993],[-79.42051,-5.9721],[-79.417211,-6.005238],[-79.395918,-5.977193],[-79.364712,-5.976387],[-79.349018,-5.979688],[-79.345419,-6.005973],[-79.31911,-6.042544],[-79.311088,-6.034649],[-79.322141,-5.999126],[-79.304631,-5.9854],[-79.263301,-6.003263],[-79.266012,-6.025023],[-79.240874,-6.028634],[-79.224939,-6.054706],[-79.216238,-6.05182],[-79.20396,-6.02406],[-79.190004,-6.024766],[-79.175988,-6.03837],[-79.188936,-6.058924],[-79.181307,-6.088204],[-79.198443,-6.100081],[-79.213209,-6.098875],[-79.172263,-6.134349],[-79.12006,-6.11238],[-79.095902,-6.115925],[-79.086744,-6.11005],[-79.088176,-6.08641],[-79.079519,-6.065234],[-79.04326,-6.050662],[-79.015341,-6.02209],[-78.975379,-6.023543],[-78.964662,-6.012215],[-78.922261,-6.040283],[-78.900939,-6.044952],[-78.875185,-6.032784],[-78.862262,-6.016751],[-78.84567,-5.953656],[-78.851209,-5.946564],[-78.83956,-5.93225],[-78.83301,-5.89202],[-78.80281,-5.87462],[-78.785448,-5.876104],[-78.75954,-5.83976],[-78.741626,-5.836239],[-78.734306,-5.802338],[-78.724315,-5.801912],[-78.720094,-5.786029],[-78.70057,-5.785221],[-78.688604,-5.746386],[-78.653677,-5.735222],[-78.653727,-5.719082],[-78.683798,-5.707054],[-78.685245,-5.696666],[-78.651082,-5.67563],[-78.639033,-5.645115],[-78.624771,-5.639365],[-78.58299,-5.550739],[-78.550235,-5.533095],[-78.55825,-5.496361],[-78.543077,-5.481767],[-78.543437,-5.471767],[-78.51396,-5.453375],[-78.51128,-5.443427],[-78.522771,-5.416874],[-78.519571,-5.396391],[-78.539872,-5.365686],[-78.551314,-5.360268],[-78.551629,-5.36001]]]}},{"type":"Feature","id":"0609","properties":{"ubigeo":"0609","nombre_departamento":"cajamarca","nombre_provincia":"san ignacio","nombre_distrito":"","capital":"san ignacio"},"geometry":{"type":"Polygon","coordinates":[[[-78.700343,-4.627693],[-78.762062,-4.629105],[-78.774336,-4.642061],[-78.80476,-4.637926],[-78.856179,-4.667669],[-78.863221,-4.690597],[-78.890489,-4.717292],[-78.889629,-4.763926],[-78.915424,-4.780856],[-78.891685,-4.808006],[-78.896896,-4.832195],[-78.911862,-4.851635],[-78.889533,-4.873026],[-78.891658,-4.887344],[-78.945595,-4.89826],[-78.9724,-4.894977],[-78.991614,-4.965813],[-79.014505,-5.015029],[-79.034359,-5.013337],[-79.056496,-4.989037],[-79.0714,-4.990926],[-79.076161,-4.971041],[-79.110711,-4.979404],[-79.14941,-4.964796],[-79.208326,-4.964288],[-79.222181,-4.982402],[-79.212952,-5.001109],[-79.226248,-5.047857],[-79.273008,-5.058522],[-79.273258,-5.072783],[-79.296193,-5.101222],[-79.296026,-5.11198],[-79.330351,-5.124428],[-79.34207,-5.143149],[-79.341857,-5.164],[-79.376096,-5.185912],[-79.369043,-5.212361],[-79.348031,-5.234393],[-79.359049,-5.288627],[-79.328072,-5.315914],[-79.326053,-5.348037],[-79.319738,-5.362273],[-79.307857,-5.365277],[-79.305522,-5.425869],[-79.294514,-5.440252],[-79.297615,-5.459947],[-79.281028,-5.486323],[-79.275961,-5.51974],[-79.259055,-5.501742],[-79.200981,-5.505237],[-79.190144,-5.490334],[-79.189093,-5.454511],[-79.176168,-5.450494],[-79.152851,-5.422111],[-79.155099,-5.397357],[-79.122414,-5.387685],[-79.099623,-5.366264],[-79.079517,-5.423014],[-79.060864,-5.445612],[-79.036187,-5.452591],[-79.010275,-5.445477],[-78.996741,-5.463821],[-78.936241,-5.477182],[-78.866514,-5.469656],[-78.834037,-5.443894],[-78.786676,-5.428464],[-78.777926,-5.391456],[-78.760781,-5.374141],[-78.746052,-5.382065],[-78.747603,-5.392574],[-78.727359,-5.395513],[-78.723808,-5.388738],[-78.69729,-5.407625],[-78.67718,-5.408835],[-78.63784,-5.365745],[-78.593578,-5.336829],[-78.589811,-5.324944],[-78.604492,-5.309898],[-78.64157,-5.303752],[-78.654426,-5.274301],[-78.684244,-5.26749],[-78.684086,-5.239027],[-78.693989,-5.231885],[-78.709113,-5.179629],[-78.700624,-5.104083],[-78.683411,-5.087026],[-78.680618,-5.07248],[-78.657714,-5.067423],[-78.640528,-5.034244],[-78.651434,-4.978569],[-78.66622,-4.979504],[-78.678328,-4.968382],[-78.645105,-4.907474],[-78.6438,-4.85815],[-78.631877,-4.836445],[-78.641937,-4.802352],[-78.620699,-4.767932],[-78.631132,-4.757313],[-78.628269,-4.739679],[-78.645027,-4.734833],[-78.64,-4.705228],[-78.63171,-4.698435],[-78.643632,-4.682157],[-78.637872,-4.656415],[-78.651723,-4.646184],[-78.665028,-4.655828],[-78.698174,-4.62965],[-78.700343,-4.627693]]]}},{"type":"Feature","id":"0610","properties":{"ubigeo":"0610","nombre_departamento":"cajamarca","nombre_provincia":"san marcos","nombre_distrito":"","capital":"san marcos"},"geometry":{"type":"Polygon","coordinates":[[[-77.946646,-7.081525],[-77.95115,-7.064613],[-78.00229,-7.08791],[-78.05628,-7.13486],[-78.1026,-7.12777],[-78.114453,-7.146254],[-78.18503,-7.149963],[-78.200512,-7.176152],[-78.23956,-7.20654],[-78.25083,-7.23066],[-78.23939,-7.24104],[-78.216209,-7.296535],[-78.22172,-7.30681],[-78.23561,-7.31939],[-78.27175,-7.29361],[-78.287941,-7.328166],[-78.325077,-7.344344],[-78.306133,-7.341813],[-78.27511,-7.36],[-78.277383,-7.373447],[-78.219842,-7.387624],[-78.21767,-7.41024],[-78.20452,-7.416403],[-78.16837,-7.46549],[-78.13112,-7.48053],[-78.119443,-7.465591],[-78.08645,-7.45406],[-78.05364,-7.4653],[-78.04122,-7.4565],[-78.01332,-7.46216],[-77.985597,-7.409096],[-77.98225,-7.385892],[-77.942551,-7.345665],[-77.919649,-7.343768],[-77.88259,-7.36424],[-77.832438,-7.350581],[-77.829389,-7.343594],[-77.838372,-7.341119],[-77.83105,-7.310031],[-77.84,-7.29024],[-77.856585,-7.283201],[-77.85944,-7.266013],[-77.84924,-7.235571],[-77.88201,-7.22055],[-77.881069,-7.194616],[-77.89778,-7.182487],[-77.897869,-7.166807],[-77.925612,-7.154573],[-77.929517,-7.106358],[-77.945149,-7.082799],[-77.946646,-7.081525]]]}},{"type":"Feature","id":"0611","properties":{"ubigeo":"0611","nombre_departamento":"cajamarca","nombre_provincia":"san miguel","nombre_distrito":"","capital":"san miguel de pallaques"},"geometry":{"type":"Polygon","coordinates":[[[-78.811029,-6.700303],[-78.81765,-6.693154],[-78.851771,-6.708711],[-78.849487,-6.73869],[-78.886941,-6.797179],[-78.880547,-6.821861],[-78.885954,-6.845101],[-78.915762,-6.847029],[-78.936449,-6.83958],[-78.980522,-6.862568],[-79.022929,-6.839735],[-79.051375,-6.836428],[-79.068585,-6.853231],[-79.06959,-6.86643],[-79.08288,-6.87376],[-79.14634,-6.8656],[-79.15099,-6.85404],[-79.1598,-6.85651],[-79.20709,-6.82144],[-79.224794,-6.858376],[-79.26274,-6.859156],[-79.273076,-6.876654],[-79.295642,-6.883502],[-79.311402,-6.902399],[-79.310141,-6.925396],[-79.29923,-6.940722],[-79.307293,-6.968616],[-79.297081,-7.003107],[-79.323023,-7.02648],[-79.330541,-7.075573],[-79.312916,-7.090386],[-79.313704,-7.120663],[-79.29619,-7.12962],[-79.305301,-7.147146],[-79.280956,-7.157079],[-79.266361,-7.193524],[-79.213153,-7.195351],[-79.198481,-7.185425],[-79.170076,-7.192725],[-79.155015,-7.186234],[-79.143244,-7.193748],[-79.124402,-7.180578],[-79.105014,-7.193436],[-79.08759,-7.220904],[-79.0822,-7.25276],[-79.05802,-7.23956],[-79.04413,-7.19519],[-79.01662,-7.17878],[-78.98611,-7.19184],[-78.95568,-7.18767],[-78.9437,-7.20487],[-78.91666,-7.21117],[-78.88563,-7.17043],[-78.87824,-7.14179],[-78.88286,-7.09134],[-78.87317,-7.08316],[-78.8654,-7.04278],[-78.82507,-7.02097],[-78.78645,-7.02368],[-78.76013,-6.99979],[-78.74059,-6.99928],[-78.73693,-6.97487],[-78.69657,-6.94198],[-78.68656,-6.91143],[-78.655035,-6.907064],[-78.633865,-6.890035],[-78.626434,-6.857811],[-78.615084,-6.851612],[-78.611521,-6.83532],[-78.628093,-6.827163],[-78.633141,-6.808893],[-78.626876,-6.793443],[-78.638992,-6.777404],[-78.677892,-6.760909],[-78.693315,-6.742668],[-78.705013,-6.751196],[-78.718414,-6.739674],[-78.746162,-6.744611],[-78.790137,-6.707599],[-78.809851,-6.700695],[-78.811029,-6.700303]]]}},{"type":"Feature","id":"0612","properties":{"ubigeo":"0612","nombre_departamento":"cajamarca","nombre_provincia":"san pablo","nombre_distrito":"","capital":"san pablo"},"geometry":{"type":"Polygon","coordinates":[[[-78.610879,-6.853605],[-78.625465,-6.856348],[-78.627713,-6.878277],[-78.649719,-6.904488],[-78.68968,-6.91467],[-78.69657,-6.94198],[-78.73693,-6.97487],[-78.74059,-6.99928],[-78.76013,-6.99979],[-78.78645,-7.02368],[-78.82507,-7.02097],[-78.8654,-7.04278],[-78.87317,-7.08316],[-78.88286,-7.09134],[-78.88136,-7.15579],[-78.88887,-7.17717],[-78.91954,-7.21095],[-78.91277,-7.21755],[-78.89555,-7.22879],[-78.86705,-7.22028],[-78.80637,-7.22417],[-78.77975,-7.21417],[-78.74849,-7.22007],[-78.73091,-7.21211],[-78.72,-7.17082],[-78.6623,-7.10408],[-78.66267,-7.09285],[-78.636997,-7.057536],[-78.62793,-7.01637],[-78.60524,-6.997588],[-78.604499,-6.95458],[-78.613465,-6.919817],[-78.598607,-6.881471],[-78.609561,-6.853806],[-78.610879,-6.853605]]]}},{"type":"Feature","id":"0613","properties":{"ubigeo":"0613","nombre_departamento":"cajamarca","nombre_provincia":"santa cruz","nombre_distrito":"","capital":"santa cruz"},"geometry":{"type":"Polygon","coordinates":[[[-78.914043,-6.521693],[-78.928578,-6.503458],[-78.965857,-6.531801],[-78.988454,-6.511742],[-79.02385,-6.51277],[-79.047764,-6.524796],[-79.06002,-6.51822],[-79.08754,-6.55814],[-79.09428,-6.60175],[-79.12684,-6.63222],[-79.19367,-6.62841],[-79.22139,-6.61254],[-79.25295,-6.60955],[-79.239348,-6.619174],[-79.218449,-6.692679],[-79.196447,-6.69517],[-79.18843,-6.71654],[-79.171047,-6.701703],[-79.141971,-6.700406],[-79.138747,-6.739242],[-79.121679,-6.772525],[-79.126738,-6.784613],[-79.20709,-6.82144],[-79.1337,-6.86908],[-79.08189,-6.87352],[-79.049744,-6.836218],[-79.022929,-6.839735],[-78.978515,-6.862419],[-78.936449,-6.83958],[-78.915762,-6.847029],[-78.883225,-6.843543],[-78.886941,-6.797179],[-78.849487,-6.73869],[-78.852534,-6.710638],[-78.845989,-6.702527],[-78.81765,-6.693154],[-78.746162,-6.744611],[-78.719585,-6.742615],[-78.725441,-6.71468],[-78.739964,-6.704448],[-78.769462,-6.651077],[-78.75747,-6.63058],[-78.759715,-6.596852],[-78.77295,-6.579955],[-78.785991,-6.582493],[-78.77665,-6.56311],[-78.794001,-6.552715],[-78.809636,-6.554252],[-78.823263,-6.525739],[-78.868796,-6.521078],[-78.901279,-6.528641],[-78.912687,-6.52224],[-78.914043,-6.521693]]]}},{"type":"Feature","id":"0701","properties":{"ubigeo":"0701","nombre_departamento":"callao","nombre_provincia":"callao","nombre_distrito":"","capital":"callao"},"geometry":{"type":"Polygon","coordinates":[[[-77.135045,-11.818199],[-77.187963,-11.828559],[-77.183977,-11.844264],[-77.17209,-11.846416],[-77.157766,-11.871877],[-77.133432,-11.969105],[-77.138497,-12.008396],[-77.15548,-12.046159],[-77.143,-12.037407],[-77.140807,-12.045655],[-77.146395,-12.04403],[-77.147135,-12.05545],[-77.155001,-12.04933],[-77.148634,-12.058554],[-77.170892,-12.072213],[-77.145689,-12.067514],[-77.111492,-12.079514],[-77.104656,-12.063262],[-77.087109,-12.061519],[-77.087656,-12.05173],[-77.077947,-12.046621],[-77.083029,-12.03632],[-77.096295,-12.033644],[-77.089307,-12.011723],[-77.103344,-11.997586],[-77.118047,-11.994862],[-77.10971,-11.976156],[-77.128592,-11.938066],[-77.095244,-11.949659],[-77.104024,-11.935711],[-77.089274,-11.899178],[-77.095342,-11.873247],[-77.116215,-11.848609],[-77.116412,-11.831224],[-77.134842,-11.818266],[-77.135045,-11.818199]]]}},{"type":"Feature","id":"0801","properties":{"ubigeo":"0801","nombre_departamento":"cusco","nombre_provincia":"cusco","nombre_distrito":"","capital":"cusco"},"geometry":{"type":"Polygon","coordinates":[[[-71.961943,-13.439721],[-71.980217,-13.429496],[-72.000603,-13.444038],[-72.018174,-13.474837],[-72.03855,-13.47829],[-72.051421,-13.489838],[-72.061461,-13.527944],[-72.078238,-13.528377],[-72.10309,-13.553345],[-72.139013,-13.538108],[-72.158718,-13.543754],[-72.158565,-13.565825],[-72.167556,-13.581295],[-72.163726,-13.607868],[-72.135419,-13.624623],[-72.132207,-13.639305],[-72.114681,-13.628396],[-72.09166,-13.64919],[-72.04611,-13.63874],[-72.022098,-13.613439],[-71.965771,-13.609248],[-71.950469,-13.618196],[-71.942113,-13.611967],[-71.928403,-13.615437],[-71.91564,-13.593626],[-71.863674,-13.614578],[-71.843159,-13.630795],[-71.832372,-13.621945],[-71.819818,-13.607758],[-71.83559,-13.590832],[-71.81433,-13.56807],[-71.82085,-13.52013],[-71.804626,-13.508258],[-71.846498,-13.486566],[-71.855223,-13.495927],[-71.883786,-13.497804],[-71.931673,-13.467599],[-71.924457,-13.459334],[-71.929233,-13.436068],[-71.938841,-13.442589],[-71.96073,-13.439851],[-71.961943,-13.439721]]]}},{"type":"Feature","id":"0802","properties":{"ubigeo":"0802","nombre_departamento":"cusco","nombre_provincia":"acomayo","nombre_distrito":"","capital":"acomayo"},"geometry":{"type":"Polygon","coordinates":[[[-71.753293,-13.710717],[-71.789762,-13.698355],[-71.829588,-13.780015],[-71.834442,-13.811415],[-71.807185,-13.828143],[-71.79892,-13.86799],[-71.80797,-13.87137],[-71.80914,-13.89452],[-71.779855,-13.906573],[-71.77697,-13.93973],[-71.7287,-13.9765],[-71.71848,-14.05927],[-71.70046,-14.11538],[-71.62491,-14.13668],[-71.60584,-14.15419],[-71.59494,-14.14936],[-71.58429,-14.101823],[-71.557394,-14.083457],[-71.504205,-14.123237],[-71.495199,-14.137906],[-71.467221,-14.128808],[-71.460916,-14.108742],[-71.441016,-14.105902],[-71.43925,-14.07387],[-71.44847,-14.05443],[-71.479913,-14.033365],[-71.491647,-13.987533],[-71.514158,-13.982777],[-71.516879,-13.967219],[-71.526806,-13.962918],[-71.537252,-13.941053],[-71.547652,-13.944952],[-71.564148,-13.933262],[-71.567223,-13.923344],[-71.558024,-13.921736],[-71.565382,-13.903278],[-71.600851,-13.906273],[-71.621484,-13.896027],[-71.646534,-13.823788],[-71.712468,-13.820304],[-71.695959,-13.795744],[-71.703492,-13.75891],[-71.714009,-13.741841],[-71.727666,-13.73286],[-71.737539,-13.735813],[-71.752749,-13.710753],[-71.753293,-13.710717]]]}},{"type":"Feature","id":"0803","properties":{"ubigeo":"0803","nombre_departamento":"cusco","nombre_provincia":"anta","nombre_distrito":"","capital":"anta"},"geometry":{"type":"Polygon","coordinates":[[[-72.347068,-13.300254],[-72.363482,-13.284804],[-72.385799,-13.30449],[-72.381263,-13.342437],[-72.373489,-13.342514],[-72.369143,-13.358309],[-72.375252,-13.36373],[-72.383056,-13.365245],[-72.40898,-13.34489],[-72.440563,-13.344033],[-72.451805,-13.362825],[-72.532719,-13.373016],[-72.541011,-13.366593],[-72.535534,-13.349123],[-72.544105,-13.334175],[-72.552228,-13.333583],[-72.578661,-13.36158],[-72.601654,-13.366612],[-72.614378,-13.383622],[-72.629723,-13.374651],[-72.652531,-13.396587],[-72.685336,-13.406668],[-72.693803,-13.420947],[-72.721234,-13.404785],[-72.74593,-13.4156],[-72.772863,-13.448881],[-72.748466,-13.48112],[-72.716291,-13.490433],[-72.672067,-13.5221],[-72.655869,-13.513497],[-72.6408,-13.539604],[-72.626553,-13.535369],[-72.613427,-13.546048],[-72.601431,-13.544302],[-72.59339,-13.562169],[-72.57431,-13.562509],[-72.56048,-13.551805],[-72.543536,-13.557972],[-72.53616,-13.572101],[-72.523167,-13.566597],[-72.494838,-13.579349],[-72.48896,-13.591821],[-72.465884,-13.587834],[-72.451287,-13.599968],[-72.421398,-13.60608],[-72.399829,-13.633685],[-72.40304,-13.65864],[-72.36944,-13.66566],[-72.35464,-13.68163],[-72.315,-13.69832],[-72.31234,-13.70849],[-72.297755,-13.703659],[-72.290283,-13.690056],[-72.261369,-13.682194],[-72.250592,-13.692949],[-72.244383,-13.687689],[-72.244775,-13.698213],[-72.228412,-13.713978],[-72.16724,-13.649038],[-72.132207,-13.639305],[-72.135419,-13.624623],[-72.164578,-13.606285],[-72.167556,-13.581295],[-72.158565,-13.565825],[-72.158718,-13.543754],[-72.139013,-13.538108],[-72.105719,-13.553994],[-72.078238,-13.528377],[-72.061461,-13.527944],[-72.051421,-13.489838],[-72.03855,-13.47829],[-72.018174,-13.474837],[-72.000011,-13.445433],[-72.017269,-13.438673],[-72.04172,-13.45268],[-72.059385,-13.45184],[-72.072648,-13.43639],[-72.108293,-13.422917],[-72.117671,-13.396494],[-72.133141,-13.389181],[-72.170197,-13.392327],[-72.20996,-13.366779],[-72.211535,-13.33131],[-72.218342,-13.326799],[-72.266288,-13.330486],[-72.285374,-13.311714],[-72.302007,-13.317902],[-72.313501,-13.307666],[-72.335723,-13.31475],[-72.346903,-13.301017],[-72.347068,-13.300254]]]}},{"type":"Feature","id":"0804","properties":{"ubigeo":"0804","nombre_departamento":"cusco","nombre_provincia":"calca","nombre_distrito":"","capital":"calca"},"geometry":{"type":"Polygon","coordinates":[[[-72.051618,-12.517235],[-72.064322,-12.506591],[-72.075389,-12.517605],[-72.088648,-12.51511],[-72.124511,-12.548497],[-72.121352,-12.578756],[-72.137321,-12.621003],[-72.185768,-12.65714],[-72.224568,-12.66513],[-72.314007,-12.649989],[-72.335861,-12.632904],[-72.366792,-12.631691],[-72.364418,-12.645583],[-72.321677,-12.669424],[-72.352957,-12.686639],[-72.362887,-12.718562],[-72.365054,-12.780212],[-72.355232,-12.788778],[-72.361628,-12.827211],[-72.354403,-12.846578],[-72.333918,-12.864729],[-72.338144,-12.878562],[-72.311944,-12.923646],[-72.226193,-12.953122],[-72.21371,-12.995629],[-72.182285,-13.006721],[-72.169317,-13.024243],[-72.191065,-13.095393],[-72.1661,-13.113051],[-72.164465,-13.128641],[-72.152422,-13.138598],[-72.150074,-13.174951],[-72.137895,-13.180611],[-72.137684,-13.188261],[-72.09831,-13.188968],[-72.059555,-13.214986],[-72.039892,-13.316153],[-72.03438,-13.32451],[-72.025357,-13.315838],[-72.017624,-13.320312],[-71.984766,-13.37859],[-71.974127,-13.382844],[-71.968888,-13.400485],[-71.980217,-13.429496],[-71.955399,-13.440718],[-71.929233,-13.436068],[-71.924457,-13.459334],[-71.931673,-13.467599],[-71.883786,-13.497804],[-71.855223,-13.495927],[-71.846498,-13.486566],[-71.802264,-13.508575],[-71.779603,-13.525627],[-71.744607,-13.575204],[-71.71952,-13.55247],[-71.726401,-13.493865],[-71.738047,-13.476866],[-71.728387,-13.473197],[-71.736162,-13.462662],[-71.725734,-13.456801],[-71.754796,-13.431307],[-71.743721,-13.419541],[-71.725088,-13.420807],[-71.727741,-13.406455],[-71.754793,-13.365637],[-71.783255,-13.342818],[-71.794535,-13.317377],[-71.821297,-13.319599],[-71.837997,-13.301273],[-71.830003,-13.278827],[-71.864183,-13.227052],[-71.85482,-13.206574],[-71.871467,-13.187438],[-71.880065,-13.153077],[-71.86236,-13.136839],[-71.863236,-13.125585],[-71.885886,-13.109572],[-71.878477,-13.09842],[-71.88941,-13.086179],[-71.88889,-13.053488],[-71.910687,-13.032095],[-71.880568,-12.992815],[-71.850104,-12.986011],[-71.845184,-12.962575],[-71.829442,-12.95644],[-71.823926,-12.93022],[-71.829075,-12.920784],[-71.841216,-12.919176],[-71.85284,-12.893394],[-71.864684,-12.888802],[-71.865691,-12.872818],[-71.877008,-12.863911],[-71.876336,-12.841277],[-71.894264,-12.829568],[-71.89481,-12.811076],[-71.877527,-12.795785],[-71.921179,-12.752775],[-71.89972,-12.736992],[-71.918207,-12.720165],[-71.917423,-12.699329],[-71.964891,-12.693582],[-71.978595,-12.683331],[-71.970085,-12.662139],[-71.956132,-12.654458],[-71.965305,-12.614533],[-71.984213,-12.608167],[-71.981396,-12.58049],[-72.000535,-12.569615],[-72.028832,-12.526372],[-72.051846,-12.518662],[-72.051618,-12.517235]]]}},{"type":"Feature","id":"0805","properties":{"ubigeo":"0805","nombre_departamento":"cusco","nombre_provincia":"canas","nombre_distrito":"","capital":"yanaoca"},"geometry":{"type":"Polygon","coordinates":[[[-71.511238,-14.120981],[-71.557394,-14.083457],[-71.58429,-14.101823],[-71.59529,-14.13445],[-71.59572,-14.14988],[-71.56604,-14.15959],[-71.54988,-14.1752],[-71.54392,-14.19617],[-71.52199,-14.2227],[-71.51497,-14.25255],[-71.52587,-14.26572],[-71.549117,-14.262385],[-71.560227,-14.341429],[-71.554879,-14.36181],[-71.56864,-14.375045],[-71.55342,-14.384827],[-71.549746,-14.405521],[-71.575943,-14.418279],[-71.587818,-14.437652],[-71.60914,-14.445061],[-71.60497,-14.477574],[-71.62528,-14.498531],[-71.646305,-14.50244],[-71.647759,-14.53217],[-71.61538,-14.533253],[-71.608467,-14.544119],[-71.581179,-14.547909],[-71.54357,-14.537991],[-71.530833,-14.570592],[-71.488849,-14.578705],[-71.486787,-14.587459],[-71.428199,-14.62217],[-71.41717,-14.602072],[-71.38311,-14.60908],[-71.37433,-14.620365],[-71.338519,-14.614767],[-71.30797,-14.66016],[-71.295883,-14.641436],[-71.259169,-14.653028],[-71.247822,-14.640593],[-71.214387,-14.648111],[-71.188238,-14.629371],[-71.182224,-14.614379],[-71.148947,-14.64022],[-71.117941,-14.648918],[-71.109118,-14.633951],[-71.073905,-14.631446],[-71.031042,-14.593263],[-71.010053,-14.597542],[-71.020301,-14.584739],[-71.004136,-14.572821],[-70.976511,-14.582344],[-70.966177,-14.567786],[-70.999349,-14.502638],[-70.986585,-14.498718],[-70.987973,-14.45532],[-70.962353,-14.444539],[-70.973572,-14.418325],[-70.989998,-14.429689],[-71.026147,-14.429724],[-71.036864,-14.45204],[-71.07315,-14.45024],[-71.086691,-14.473024],[-71.09817,-14.458129],[-71.135811,-14.463576],[-71.139974,-14.441349],[-71.154916,-14.438547],[-71.167939,-14.446018],[-71.191048,-14.429393],[-71.209916,-14.42909],[-71.258699,-14.377553],[-71.258646,-14.370255],[-71.245762,-14.367831],[-71.248818,-14.331267],[-71.294172,-14.313209],[-71.335336,-14.331361],[-71.326329,-14.308183],[-71.329725,-14.281614],[-71.353239,-14.287032],[-71.371753,-14.278169],[-71.366742,-14.2299],[-71.392451,-14.214813],[-71.397111,-14.200437],[-71.41601,-14.209885],[-71.418234,-14.190352],[-71.44111,-14.153574],[-71.41672,-14.11547],[-71.42426,-14.1065],[-71.43709,-14.10145],[-71.457423,-14.106556],[-71.467221,-14.128808],[-71.491817,-14.13828],[-71.510231,-14.121263],[-71.511238,-14.120981]],[[-71.280337,-14.434712],[-71.248167,-14.438879],[-71.196342,-14.476641],[-71.166354,-14.484172],[-71.156303,-14.497641],[-71.167957,-14.52144],[-71.191154,-14.519264],[-71.228147,-14.50038],[-71.273652,-14.459449],[-71.280406,-14.434726],[-71.280337,-14.434712]]]}},{"type":"Feature","id":"0806","properties":{"ubigeo":"0806","nombre_departamento":"cusco","nombre_provincia":"canchis","nombre_distrito":"","capital":"sicuani"},"geometry":{"type":"Polygon","coordinates":[[[-71.035253,-13.753283],[-71.080971,-13.725502],[-71.103537,-13.76038],[-71.122191,-13.761587],[-71.136945,-13.744364],[-71.163769,-13.743197],[-71.183222,-13.788725],[-71.193098,-13.793155],[-71.22317,-13.780095],[-71.241358,-13.818866],[-71.290376,-13.828371],[-71.304595,-13.856933],[-71.3008,-13.872976],[-71.311416,-13.875855],[-71.307818,-13.89001],[-71.319813,-13.905753],[-71.352218,-13.901162],[-71.374083,-13.920586],[-71.39256,-13.896372],[-71.407547,-13.89651],[-71.422718,-13.925774],[-71.440983,-13.926003],[-71.442793,-13.937783],[-71.473964,-13.925916],[-71.513595,-13.960785],[-71.518044,-13.974871],[-71.513399,-13.98338],[-71.491647,-13.987533],[-71.479913,-14.033365],[-71.44847,-14.05443],[-71.43938,-14.07351],[-71.44117,-14.10276],[-71.41674,-14.11532],[-71.44111,-14.153574],[-71.418234,-14.190352],[-71.41601,-14.209885],[-71.397111,-14.200437],[-71.392451,-14.214813],[-71.366742,-14.2299],[-71.370852,-14.279503],[-71.353239,-14.287032],[-71.335486,-14.278924],[-71.328099,-14.28446],[-71.326329,-14.308183],[-71.336594,-14.330681],[-71.294172,-14.313209],[-71.271197,-14.325902],[-71.25604,-14.32536],[-71.248818,-14.331267],[-71.245762,-14.367831],[-71.258646,-14.370255],[-71.258699,-14.377553],[-71.232186,-14.400354],[-71.226275,-14.41797],[-71.198376,-14.433268],[-71.191048,-14.429393],[-71.168245,-14.44595],[-71.154916,-14.438547],[-71.139974,-14.441349],[-71.135811,-14.463576],[-71.09817,-14.458129],[-71.086691,-14.473024],[-71.07315,-14.45024],[-71.036864,-14.45204],[-71.025239,-14.42927],[-70.987734,-14.42852],[-70.978725,-14.416664],[-70.985821,-14.406726],[-70.978692,-14.394484],[-70.986036,-14.379762],[-70.970482,-14.378284],[-70.962085,-14.361168],[-70.929773,-14.340878],[-70.912182,-14.341473],[-70.913457,-14.303319],[-70.892823,-14.286672],[-70.890989,-14.272715],[-70.879915,-14.270434],[-70.882165,-14.253465],[-70.899793,-14.232986],[-70.89458,-14.209109],[-70.882144,-14.198786],[-70.889393,-14.187039],[-70.88661,-14.172314],[-70.867338,-14.169561],[-70.84626,-14.148899],[-70.821144,-14.141147],[-70.789818,-14.078816],[-70.817915,-14.067583],[-70.829472,-14.076337],[-70.831666,-14.061521],[-70.849524,-14.054171],[-70.861814,-14.026228],[-70.853535,-14.012859],[-70.840672,-14.008958],[-70.852636,-13.998197],[-70.846791,-13.965054],[-70.809673,-13.912264],[-70.814184,-13.901128],[-70.83086,-13.895075],[-70.825625,-13.878054],[-70.833391,-13.855755],[-70.854161,-13.853548],[-70.881225,-13.832838],[-70.864388,-13.793198],[-70.888324,-13.777906],[-70.904933,-13.792408],[-70.913148,-13.814209],[-70.935013,-13.800623],[-70.957162,-13.804646],[-70.988674,-13.762948],[-71.024085,-13.749938],[-71.034086,-13.753429],[-71.035253,-13.753283]]]}},{"type":"Feature","id":"0807","properties":{"ubigeo":"0807","nombre_departamento":"cusco","nombre_provincia":"chumbivilcas","nombre_distrito":"","capital":"santo tomas"},"geometry":{"type":"Polygon","coordinates":[[[-72.039062,-13.941188],[-72.05568,-13.93485],[-72.06017,-13.96509],[-72.0512,-14.02675],[-72.06308,-14.04568],[-72.0679,-14.07654],[-72.05669,-14.12934],[-72.09519,-14.1734],[-72.07648,-14.20743],[-72.085362,-14.208613],[-72.125929,-14.254002],[-72.161168,-14.263795],[-72.187107,-14.313224],[-72.205577,-14.32025],[-72.224838,-14.349295],[-72.239516,-14.348472],[-72.249505,-14.402926],[-72.294802,-14.410792],[-72.289855,-14.42393],[-72.317199,-14.440689],[-72.340888,-14.427838],[-72.357625,-14.435964],[-72.36549,-14.461765],[-72.394947,-14.483012],[-72.440498,-14.481748],[-72.44444,-14.497034],[-72.487601,-14.52937],[-72.50301,-14.551845],[-72.461699,-14.60587],[-72.471771,-14.661399],[-72.460129,-14.675756],[-72.471939,-14.70579],[-72.487228,-14.713945],[-72.486664,-14.741969],[-72.468643,-14.762527],[-72.469185,-14.786989],[-72.459679,-14.782628],[-72.43457,-14.79014],[-72.410362,-14.82567],[-72.315445,-14.833863],[-72.25264,-14.803659],[-72.241577,-14.812494],[-72.220634,-14.799973],[-72.212196,-14.803242],[-72.189323,-14.778236],[-72.159668,-14.786342],[-72.145744,-14.777418],[-72.131683,-14.789396],[-72.138603,-14.812244],[-72.131172,-14.828313],[-72.09025,-14.8568],[-72.07662,-14.8837],[-72.04684,-14.88744],[-72.04032,-14.83922],[-72.02522,-14.82912],[-72.04052,-14.8105],[-72.0345,-14.79294],[-72.04779,-14.73877],[-72.04442,-14.70281],[-72.0083,-14.64069],[-71.987915,-14.63295],[-71.973564,-14.65799],[-71.929718,-14.688641],[-71.95218,-14.7038],[-71.94602,-14.71106],[-71.95897,-14.73259],[-71.93281,-14.75646],[-71.924,-14.7898],[-71.893899,-14.789601],[-71.902073,-14.766816],[-71.879065,-14.757311],[-71.892653,-14.746512],[-71.880624,-14.71037],[-71.867506,-14.710481],[-71.849922,-14.68914],[-71.822378,-14.705899],[-71.800267,-14.709998],[-71.784024,-14.701801],[-71.77775,-14.682523],[-71.760344,-14.679335],[-71.749313,-14.661726],[-71.737068,-14.658134],[-71.753766,-14.624941],[-71.71278,-14.610419],[-71.712395,-14.582342],[-71.70365,-14.573048],[-71.662013,-14.564533],[-71.64974,-14.554474],[-71.646305,-14.50244],[-71.62528,-14.498531],[-71.60497,-14.477574],[-71.60914,-14.445061],[-71.587818,-14.437652],[-71.575943,-14.418279],[-71.549746,-14.405521],[-71.55342,-14.384827],[-71.56864,-14.375045],[-71.554879,-14.36181],[-71.560227,-14.341429],[-71.549117,-14.262385],[-71.52587,-14.26572],[-71.51497,-14.25255],[-71.52221,-14.22222],[-71.56026,-14.16378],[-71.58797,-14.14909],[-71.6092,-14.15388],[-71.62491,-14.13668],[-71.69971,-14.11629],[-71.70067,-14.12629],[-71.68234,-14.14604],[-71.67343,-14.19623],[-71.68768,-14.24082],[-71.67966,-14.26492],[-71.69301,-14.27879],[-71.72887,-14.26578],[-71.74615,-14.27487],[-71.759732,-14.25966],[-71.740307,-14.253784],[-71.740712,-14.240014],[-71.763716,-14.192425],[-71.802036,-14.179709],[-71.810198,-14.200072],[-71.824653,-14.197369],[-71.832135,-14.204038],[-71.86611,-14.20432],[-71.885965,-14.193711],[-71.904775,-14.160927],[-71.917257,-14.155001],[-71.90189,-14.136907],[-71.908236,-14.119233],[-71.903254,-14.108324],[-71.911226,-14.091699],[-71.910412,-14.05766],[-71.94359,-14.00631],[-71.93738,-13.98055],[-71.95789,-13.99299],[-71.965136,-13.986778],[-71.958928,-13.977354],[-71.968039,-13.960337],[-71.98548,-13.94684],[-72.03827,-13.9413],[-72.039062,-13.941188]]]}},{"type":"Feature","id":"0808","properties":{"ubigeo":"0808","nombre_departamento":"cusco","nombre_provincia":"espinar","nombre_distrito":"","capital":"espinar (yauri)"},"geometry":{"type":"Polygon","coordinates":[[[-71.630299,-14.5301],[-71.647429,-14.5317],[-71.649057,-14.553436],[-71.658842,-14.562866],[-71.704066,-14.573332],[-71.712395,-14.582342],[-71.71278,-14.610419],[-71.753766,-14.624941],[-71.737068,-14.658134],[-71.749313,-14.661726],[-71.760344,-14.679335],[-71.77775,-14.682523],[-71.784024,-14.701801],[-71.800267,-14.709998],[-71.822378,-14.705899],[-71.849922,-14.68914],[-71.867506,-14.710481],[-71.880624,-14.71037],[-71.89154,-14.73498],[-71.892339,-14.747482],[-71.879065,-14.757311],[-71.902416,-14.770327],[-71.893899,-14.789601],[-71.876106,-14.801252],[-71.869095,-14.835971],[-71.854973,-14.85458],[-71.861244,-14.881447],[-71.827263,-14.888825],[-71.826302,-14.906635],[-71.793008,-14.896168],[-71.785156,-14.912559],[-71.74596,-14.93987],[-71.770241,-14.982177],[-71.765999,-15.009585],[-71.849319,-15.04509],[-71.837631,-15.074841],[-71.815475,-15.078221],[-71.801483,-15.067335],[-71.786301,-15.06955],[-71.772537,-15.082439],[-71.673706,-15.089055],[-71.636024,-15.139139],[-71.614563,-15.145855],[-71.588333,-15.127826],[-71.572344,-15.061932],[-71.513443,-15.079844],[-71.48587,-15.059105],[-71.484604,-15.039326],[-71.50367,-15.027327],[-71.51017,-15.004635],[-71.505226,-14.97556],[-71.465044,-14.984069],[-71.447502,-14.979786],[-71.443039,-14.995569],[-71.426727,-15.002124],[-71.430428,-15.007965],[-71.421471,-15.012395],[-71.417366,-15.033726],[-71.396866,-15.04524],[-71.371704,-15.080226],[-71.361847,-15.079143],[-71.353714,-15.092703],[-71.329941,-15.099461],[-71.31913,-15.119737],[-71.260588,-15.07827],[-71.265541,-15.063],[-71.243637,-15.056817],[-71.226532,-15.069554],[-71.215966,-15.049264],[-71.207306,-15.050582],[-71.207275,-15.070552],[-71.196678,-15.088868],[-71.165611,-15.0968],[-71.161652,-15.109302],[-71.143257,-15.121558],[-71.14904,-15.137722],[-71.184906,-15.169772],[-71.176758,-15.1726],[-71.160329,-15.207768],[-71.20208,-15.245132],[-71.194618,-15.270928],[-71.164238,-15.290928],[-71.16624,-15.32087],[-71.150528,-15.355905],[-71.169495,-15.382284],[-71.174332,-15.424457],[-71.150256,-15.440593],[-71.120094,-15.427103],[-71.101791,-15.454826],[-71.07296,-15.452133],[-71.075455,-15.438301],[-71.044083,-15.418116],[-71.006119,-15.335227],[-70.985113,-15.316677],[-70.959058,-15.319052],[-70.950156,-15.301954],[-70.985281,-15.24903],[-70.962502,-15.215637],[-70.98201,-15.149452],[-70.978642,-15.111368],[-70.994139,-15.094802],[-70.993383,-15.035815],[-71.004206,-14.998657],[-71.00405,-14.971877],[-70.98474,-14.946068],[-70.995973,-14.893905],[-70.991368,-14.861269],[-70.996592,-14.843943],[-70.994675,-14.829899],[-70.978327,-14.824155],[-70.983709,-14.786031],[-70.975483,-14.764134],[-71.013093,-14.739694],[-71.027763,-14.760075],[-71.035694,-14.752117],[-71.05324,-14.75433],[-71.08951,-14.713188],[-71.088043,-14.695701],[-71.110107,-14.673537],[-71.117941,-14.648918],[-71.148947,-14.64022],[-71.180252,-14.614535],[-71.214387,-14.648111],[-71.247822,-14.640593],[-71.259169,-14.653028],[-71.295883,-14.641436],[-71.30797,-14.66016],[-71.33646,-14.615559],[-71.37433,-14.620365],[-71.38311,-14.60908],[-71.41717,-14.602072],[-71.428199,-14.62217],[-71.486787,-14.587459],[-71.488849,-14.578705],[-71.530833,-14.570592],[-71.54357,-14.537991],[-71.58309,-14.547797],[-71.608467,-14.544119],[-71.614627,-14.533629],[-71.629358,-14.530617],[-71.630299,-14.5301]]]}},{"type":"Feature","id":"0809","properties":{"ubigeo":"0809","nombre_departamento":"cusco","nombre_provincia":"la convencion","nombre_distrito":"","capital":"quillabamba"},"geometry":{"type":"Polygon","coordinates":[[[-72.972802,-11.251894],[-72.975483,-11.224352],[-72.96618,-11.217324],[-72.977062,-11.212293],[-73.015722,-11.231369],[-73.025551,-11.264161],[-73.065041,-11.284355],[-73.082137,-11.273284],[-73.131662,-11.293927],[-73.186457,-11.285978],[-73.213188,-11.299082],[-73.237132,-11.299513],[-73.255999,-11.312535],[-73.316717,-11.307365],[-73.346172,-11.313453],[-73.351681,-11.332342],[-73.37866,-11.350741],[-73.386262,-11.37127],[-73.408559,-11.385976],[-73.419749,-11.383938],[-73.443303,-11.409679],[-73.456763,-11.442116],[-73.467741,-11.44415],[-73.476569,-11.458352],[-73.479716,-11.471364],[-73.453813,-11.505327],[-73.450402,-11.533068],[-73.487126,-11.534916],[-73.502332,-11.563162],[-73.566043,-11.598206],[-73.604423,-11.652368],[-73.612081,-11.67976],[-73.571937,-11.742627],[-73.570523,-11.76289],[-73.579914,-11.769388],[-73.581327,-11.789063],[-73.577505,-11.836485],[-73.555258,-11.852362],[-73.51113,-11.862412],[-73.490532,-11.87817],[-73.462659,-11.929808],[-73.44157,-11.941253],[-73.445185,-11.961039],[-73.430101,-11.982101],[-73.435507,-11.996725],[-73.421446,-12.015442],[-73.405314,-12.005494],[-73.397885,-12.020943],[-73.40845,-12.064205],[-73.39123,-12.075711],[-73.401015,-12.090834],[-73.355129,-12.112801],[-73.364833,-12.137597],[-73.441412,-12.15405],[-73.469648,-12.219966],[-73.469865,-12.236894],[-73.497834,-12.252375],[-73.521704,-12.249981],[-73.548121,-12.26093],[-73.558947,-12.274888],[-73.574326,-12.276842],[-73.592053,-12.334235],[-73.586069,-12.366176],[-73.597931,-12.384961],[-73.628351,-12.373702],[-73.636501,-12.378785],[-73.657694,-12.359539],[-73.659916,-12.328748],[-73.689067,-12.299406],[-73.703109,-12.270494],[-73.737501,-12.266622],[-73.761759,-12.252921],[-73.795624,-12.262284],[-73.825086,-12.24421],[-73.867821,-12.244067],[-73.883336,-12.262246],[-73.924929,-12.283185],[-73.954747,-12.281945],[-73.972229,-12.294335],[-73.973997,-12.305758],[-73.965859,-12.336451],[-73.970072,-12.347811],[-73.947767,-12.350662],[-73.928019,-12.378752],[-73.885925,-12.40614],[-73.85431,-12.489057],[-73.854442,-12.532167],[-73.844186,-12.539458],[-73.833176,-12.530667],[-73.824023,-12.533478],[-73.8048,-12.57598],[-73.800063,-12.615453],[-73.756588,-12.651462],[-73.743416,-12.651528],[-73.725038,-12.63673],[-73.712104,-12.665965],[-73.698328,-12.672134],[-73.693272,-12.687719],[-73.682465,-12.687812],[-73.656095,-12.72347],[-73.659888,-12.734395],[-73.625667,-12.764992],[-73.626729,-12.787694],[-73.615451,-12.808016],[-73.590022,-12.824168],[-73.591451,-12.842845],[-73.581899,-12.85868],[-73.523676,-12.899478],[-73.533295,-12.919329],[-73.529846,-12.931963],[-73.520283,-12.939216],[-73.495931,-12.933464],[-73.510236,-12.951541],[-73.508036,-12.971897],[-73.530032,-12.985266],[-73.51994,-13.004688],[-73.504681,-13.011122],[-73.487609,-12.998911],[-73.476573,-13.001102],[-73.478465,-13.034271],[-73.492529,-13.04702],[-73.490133,-13.067004],[-73.478181,-13.055918],[-73.461928,-13.079983],[-73.449258,-13.079588],[-73.455433,-13.093394],[-73.443454,-13.10483],[-73.455154,-13.120742],[-73.438532,-13.128749],[-73.434799,-13.139968],[-73.424123,-13.130442],[-73.414662,-13.145089],[-73.402233,-13.181713],[-73.41497,-13.195514],[-73.409619,-13.211919],[-73.400138,-13.210041],[-73.382325,-13.224874],[-73.382465,-13.238439],[-73.370895,-13.245949],[-73.364348,-13.269428],[-73.346212,-13.278437],[-73.352735,-13.290692],[-73.341003,-13.291928],[-73.348177,-13.30232],[-73.311404,-13.325889],[-73.312052,-13.337785],[-73.302619,-13.351935],[-73.289583,-13.354994],[-73.286913,-13.372565],[-73.260095,-13.384225],[-73.258129,-13.39513],[-73.250927,-13.392015],[-73.249647,-13.403033],[-73.236106,-13.411136],[-73.211876,-13.419065],[-73.204821,-13.41172],[-73.187108,-13.416354],[-73.186124,-13.441134],[-73.17507,-13.451623],[-73.148648,-13.435213],[-73.14411,-13.419116],[-73.126093,-13.440045],[-73.110665,-13.434543],[-73.097288,-13.448876],[-73.060444,-13.43802],[-73.044052,-13.411962],[-73.015126,-13.426669],[-72.977065,-13.388173],[-72.925009,-13.383033],[-72.894843,-13.389463],[-72.884073,-13.416979],[-72.865786,-13.415881],[-72.838273,-13.42707],[-72.797488,-13.422158],[-72.797021,-13.451239],[-72.785806,-13.458129],[-72.74593,-13.4156],[-72.721234,-13.404785],[-72.693803,-13.420947],[-72.685336,-13.406668],[-72.652531,-13.396587],[-72.629723,-13.374651],[-72.614378,-13.383622],[-72.594016,-13.360772],[-72.578661,-13.36158],[-72.558525,-13.33659],[-72.546682,-13.332609],[-72.544338,-13.304646],[-72.55562,-13.2735],[-72.55172,-13.21887],[-72.56437,-13.21228],[-72.57168,-13.19029],[-72.56656,-13.17527],[-72.57942,-13.17256],[-72.58,-13.1453],[-72.600722,-13.106737],[-72.57016,-13.09291],[-72.552794,-13.09507],[-72.539748,-13.083016],[-72.485813,-13.101809],[-72.469778,-13.123446],[-72.44878,-13.127913],[-72.436719,-13.1515],[-72.392208,-13.174202],[-72.366204,-13.160564],[-72.321673,-13.161722],[-72.30071,-13.135726],[-72.305557,-13.117152],[-72.288597,-13.105368],[-72.276811,-13.122573],[-72.252672,-13.123452],[-72.246185,-13.138757],[-72.230637,-13.14333],[-72.222759,-13.099868],[-72.196374,-13.104669],[-72.169317,-13.024243],[-72.182285,-13.006721],[-72.21371,-12.995629],[-72.226193,-12.953122],[-72.311944,-12.923646],[-72.338144,-12.878562],[-72.333918,-12.864729],[-72.355163,-12.845059],[-72.362256,-12.824413],[-72.355232,-12.788778],[-72.36625,-12.767539],[-72.362887,-12.718562],[-72.352957,-12.686639],[-72.321677,-12.669424],[-72.369929,-12.638631],[-72.365766,-12.631041],[-72.335861,-12.632904],[-72.314007,-12.649989],[-72.224568,-12.66513],[-72.185768,-12.65714],[-72.151646,-12.634392],[-72.13601,-12.618666],[-72.121352,-12.578756],[-72.124511,-12.548497],[-72.090715,-12.51625],[-72.070668,-12.512269],[-72.078962,-12.498627],[-72.064669,-12.470227],[-72.060558,-12.438361],[-72.049893,-12.434442],[-72.047529,-12.423007],[-72.017477,-12.415179],[-72.00909,-12.40367],[-71.976647,-12.399454],[-71.963302,-12.376903],[-71.967179,-12.347642],[-71.945671,-12.33119],[-72.028936,-12.287234],[-72.043359,-12.254884],[-72.056439,-12.257278],[-72.0753,-12.243264],[-72.105611,-12.238793],[-72.092205,-12.194418],[-72.100436,-12.169419],[-72.087559,-12.14269],[-72.094447,-12.085191],[-72.173733,-12.05981],[-72.230425,-12.061778],[-72.268933,-12.054375],[-72.2696,-12.022836],[-72.259165,-12.005723],[-72.281544,-11.995797],[-72.286222,-11.975316],[-72.34049,-11.965768],[-72.336821,-11.937337],[-72.347514,-11.891267],[-72.33184,-11.856086],[-72.390757,-11.827557],[-72.390999,-11.80661],[-72.370768,-11.784967],[-72.385006,-11.761721],[-72.425064,-11.733169],[-72.428198,-11.705185],[-72.410073,-11.693011],[-72.405294,-11.674797],[-72.38771,-11.660459],[-72.390302,-11.650684],[-72.378183,-11.647179],[-72.370991,-11.630785],[-72.355623,-11.635025],[-72.348042,-11.617859],[-72.307894,-11.587537],[-72.313025,-11.561518],[-72.29803,-11.504116],[-72.304173,-11.497114],[-72.289628,-11.482852],[-72.287457,-11.466648],[-72.292551,-11.433273],[-72.270821,-11.400189],[-72.247894,-11.385006],[-72.239205,-11.345953],[-72.247825,-11.34484],[-72.248855,-11.333318],[-72.257172,-11.329881],[-72.261283,-11.337174],[-72.280061,-11.339605],[-72.283752,-11.316891],[-72.307709,-11.307],[-72.322793,-11.324709],[-72.322883,-11.31676],[-72.333969,-11.315812],[-72.361023,-11.333863],[-72.37883,-11.332639],[-72.387095,-11.347661],[-72.393436,-11.342101],[-72.396502,-11.349764],[-72.399627,-11.343363],[-72.403384,-11.357112],[-72.412941,-11.351598],[-72.424451,-11.35597],[-72.425127,-11.368487],[-72.436036,-11.366098],[-72.441566,-11.375099],[-72.449229,-11.370801],[-72.449034,-11.385768],[-72.464857,-11.390606],[-72.469365,-11.385257],[-72.474338,-11.392349],[-72.481115,-11.387556],[-72.487517,-11.393341],[-72.482212,-11.398119],[-72.493061,-11.40401],[-72.498952,-11.395024],[-72.501215,-11.409019],[-72.509822,-11.411509],[-72.507427,-11.421107],[-72.518054,-11.41802],[-72.516669,-11.431964],[-72.533633,-11.439206],[-72.535066,-11.425396],[-72.536316,-11.434801],[-72.548847,-11.436888],[-72.547732,-11.448342],[-72.553665,-11.43208],[-72.581818,-11.439124],[-72.580821,-11.430798],[-72.596144,-11.440038],[-72.591042,-11.432094],[-72.600315,-11.418533],[-72.609539,-11.439938],[-72.607511,-11.429252],[-72.62433,-11.425613],[-72.617167,-11.417785],[-72.631892,-11.415674],[-72.634218,-11.405055],[-72.645569,-11.412766],[-72.665695,-11.385909],[-72.692302,-11.395698],[-72.698617,-11.380408],[-72.709736,-11.378813],[-72.714655,-11.359252],[-72.707259,-11.352206],[-72.712827,-11.347237],[-72.71768,-11.362111],[-72.723264,-11.350753],[-72.738238,-11.347429],[-72.763349,-11.37161],[-72.794975,-11.384557],[-72.789458,-11.368602],[-72.797036,-11.364431],[-72.799729,-11.38557],[-72.816198,-11.375084],[-72.821782,-11.389625],[-72.842464,-11.38684],[-72.833969,-11.374301],[-72.844415,-11.373349],[-72.844439,-11.363284],[-72.852862,-11.365283],[-72.859167,-11.355432],[-72.877061,-11.364307],[-72.876181,-11.355289],[-72.887234,-11.356499],[-72.890366,-11.343175],[-72.894684,-11.35826],[-72.921462,-11.343416],[-72.923185,-11.355109],[-72.934693,-11.347067],[-72.921332,-11.335225],[-72.924353,-11.327405],[-72.944737,-11.339914],[-72.949518,-11.3305],[-72.964973,-11.331612],[-72.951853,-11.327548],[-72.958818,-11.313687],[-72.944425,-11.309869],[-72.940445,-11.322689],[-72.932277,-11.309476],[-72.934313,-11.303922],[-72.955556,-11.304616],[-72.952825,-11.293278],[-72.935632,-11.290825],[-72.945189,-11.275437],[-72.956273,-11.272868],[-72.955879,-11.263381],[-72.967449,-11.266829],[-72.97134,-11.251976],[-72.972802,-11.251894]]]}},{"type":"Feature","id":"0810","properties":{"ubigeo":"0810","nombre_departamento":"cusco","nombre_provincia":"paruro","nombre_distrito":"","capital":"paruro"},"geometry":{"type":"Polygon","coordinates":[[[-71.911164,-13.594393],[-71.929186,-13.615641],[-71.942113,-13.611967],[-71.950469,-13.618196],[-71.965771,-13.609248],[-72.023143,-13.613749],[-72.04548,-13.63838],[-72.0715,-13.64747],[-72.10046,-13.64567],[-72.114682,-13.628396],[-72.122248,-13.638155],[-72.165687,-13.648098],[-72.232583,-13.720651],[-72.206367,-13.728072],[-72.189402,-13.745353],[-72.16591,-13.747636],[-72.147552,-13.779242],[-72.131735,-13.786946],[-72.091719,-13.884462],[-72.08132,-13.88913],[-72.07783,-13.90673],[-72.055674,-13.934855],[-72.01662,-13.94822],[-71.98548,-13.94684],[-71.968039,-13.960337],[-71.958928,-13.977354],[-71.965136,-13.986778],[-71.95789,-13.99299],[-71.9382,-13.97943],[-71.94359,-14.00631],[-71.910412,-14.05766],[-71.911226,-14.091699],[-71.903254,-14.108324],[-71.908236,-14.119233],[-71.90189,-14.136907],[-71.917257,-14.155001],[-71.904775,-14.160927],[-71.885965,-14.193711],[-71.86611,-14.20432],[-71.832135,-14.204038],[-71.824653,-14.197369],[-71.810198,-14.200072],[-71.802036,-14.179709],[-71.763716,-14.192425],[-71.755854,-14.19947],[-71.75585,-14.214871],[-71.745959,-14.2184],[-71.739843,-14.252701],[-71.759477,-14.26006],[-71.74493,-14.27535],[-71.73038,-14.26567],[-71.69266,-14.27873],[-71.67966,-14.26492],[-71.68768,-14.24082],[-71.67343,-14.19623],[-71.68234,-14.14604],[-71.70154,-14.1244],[-71.70641,-14.08331],[-71.71848,-14.05927],[-71.7287,-13.9765],[-71.77697,-13.93973],[-71.779855,-13.906573],[-71.80914,-13.89452],[-71.80797,-13.87137],[-71.79892,-13.86799],[-71.807185,-13.828143],[-71.834442,-13.811415],[-71.829588,-13.780015],[-71.789762,-13.698355],[-71.826881,-13.672703],[-71.843159,-13.630795],[-71.909999,-13.594454],[-71.911164,-13.594393]]]}},{"type":"Feature","id":"0811","properties":{"ubigeo":"0811","nombre_departamento":"cusco","nombre_provincia":"paucartambo","nombre_distrito":"","capital":"paucartambo"},"geometry":{"type":"Polygon","coordinates":[[[-71.598449,-12.700359],[-71.63896,-12.70944],[-71.66054,-12.72892],[-71.69497,-12.73879],[-71.69475,-12.75374],[-71.70809,-12.77292],[-71.74715,-12.79616],[-71.76021,-12.78792],[-71.76466,-12.76746],[-71.79951,-12.76556],[-71.81059,-12.74498],[-71.82111,-12.74055],[-71.88614,-12.73066],[-71.900352,-12.733355],[-71.921203,-12.752346],[-71.877527,-12.795785],[-71.89481,-12.811076],[-71.894264,-12.829568],[-71.876336,-12.841277],[-71.877008,-12.863911],[-71.865691,-12.872818],[-71.864684,-12.888802],[-71.85284,-12.893394],[-71.841216,-12.919176],[-71.829075,-12.920784],[-71.823926,-12.93022],[-71.829442,-12.95644],[-71.845184,-12.962575],[-71.850104,-12.986011],[-71.880568,-12.992815],[-71.910687,-13.032095],[-71.88889,-13.053488],[-71.88941,-13.086179],[-71.878477,-13.09842],[-71.885886,-13.109572],[-71.863236,-13.125585],[-71.86236,-13.136839],[-71.880065,-13.153077],[-71.871467,-13.187438],[-71.85482,-13.206574],[-71.864183,-13.227052],[-71.830003,-13.278827],[-71.837997,-13.301273],[-71.821297,-13.319599],[-71.794535,-13.317377],[-71.783255,-13.342818],[-71.754793,-13.365637],[-71.728224,-13.40531],[-71.725088,-13.420807],[-71.743721,-13.419541],[-71.754796,-13.431307],[-71.725734,-13.456801],[-71.736162,-13.462662],[-71.728387,-13.473197],[-71.738047,-13.476866],[-71.726401,-13.493865],[-71.71619,-13.55977],[-71.72429,-13.57237],[-71.70392,-13.58694],[-71.69831,-13.60317],[-71.68082,-13.61806],[-71.680781,-13.629478],[-71.655746,-13.64001],[-71.619865,-13.599878],[-71.624729,-13.565226],[-71.59353,-13.562759],[-71.573955,-13.569589],[-71.569057,-13.562182],[-71.545901,-13.599208],[-71.51197,-13.575614],[-71.51342,-13.502539],[-71.526618,-13.469842],[-71.50229,-13.4549],[-71.48122,-13.4713],[-71.46878,-13.49424],[-71.438895,-13.508874],[-71.431451,-13.520488],[-71.40417,-13.504782],[-71.406119,-13.496441],[-71.371783,-13.446088],[-71.349758,-13.45074],[-71.341957,-13.460356],[-71.298356,-13.454327],[-71.281061,-13.46675],[-71.266465,-13.465166],[-71.265411,-13.480999],[-71.251222,-13.482217],[-71.21889,-13.517775],[-71.1901,-13.526352],[-71.180232,-13.50055],[-71.172043,-13.493384],[-71.160314,-13.497582],[-71.143275,-13.476537],[-71.145243,-13.441732],[-71.161467,-13.409526],[-71.158234,-13.393833],[-71.150085,-13.391409],[-71.152682,-13.37398],[-71.112197,-13.318146],[-71.118338,-13.305207],[-71.096853,-13.303267],[-71.093448,-13.288384],[-71.064179,-13.256701],[-71.09127,-13.24016],[-71.122012,-13.233529],[-71.134863,-13.211002],[-71.143976,-13.137235],[-71.161193,-13.120426],[-71.166932,-13.102147],[-71.161578,-13.066461],[-71.173799,-13.055008],[-71.16653,-13.01767],[-71.179395,-12.998342],[-71.171916,-12.981983],[-71.159001,-12.978679],[-71.162063,-12.966768],[-71.17641,-12.970943],[-71.195946,-12.959581],[-71.22093,-12.95766],[-71.23086,-12.97248],[-71.27101,-12.96249],[-71.27232,-12.95414],[-71.31475,-12.93148],[-71.358989,-12.880754],[-71.375058,-12.900546],[-71.396843,-12.882633],[-71.416367,-12.894062],[-71.417936,-12.882597],[-71.42719,-12.881973],[-71.423981,-12.873254],[-71.437389,-12.876268],[-71.448872,-12.863341],[-71.445074,-12.840732],[-71.456076,-12.840321],[-71.446162,-12.827662],[-71.459428,-12.825183],[-71.464846,-12.809697],[-71.495658,-12.78198],[-71.512274,-12.745192],[-71.523526,-12.747196],[-71.546591,-12.735416],[-71.552701,-12.708705],[-71.597365,-12.700566],[-71.598449,-12.700359]]]}},{"type":"Feature","id":"0812","properties":{"ubigeo":"0812","nombre_departamento":"cusco","nombre_provincia":"quispicanchi","nombre_distrito":"","capital":"urcos"},"geometry":{"type":"Polygon","coordinates":[[[-70.828037,-13.067472],[-70.842961,-13.067048],[-70.86311,-13.080324],[-70.899266,-13.069685],[-70.887291,-13.103364],[-70.921393,-13.110831],[-70.927631,-13.12878],[-70.94228,-13.135487],[-70.94219,-13.156499],[-70.977236,-13.169683],[-70.994205,-13.202222],[-70.990851,-13.221546],[-71.011213,-13.238714],[-71.014035,-13.267188],[-71.036261,-13.270495],[-71.064179,-13.256701],[-71.093448,-13.288384],[-71.096853,-13.303267],[-71.118338,-13.305207],[-71.112197,-13.318146],[-71.131025,-13.336084],[-71.15294,-13.37454],[-71.150085,-13.391409],[-71.161736,-13.403397],[-71.145243,-13.441732],[-71.143275,-13.476537],[-71.160314,-13.497582],[-71.172043,-13.493384],[-71.180232,-13.50055],[-71.1901,-13.526352],[-71.21889,-13.517775],[-71.251222,-13.482217],[-71.265411,-13.480999],[-71.266465,-13.465166],[-71.281061,-13.46675],[-71.298356,-13.454327],[-71.341957,-13.460356],[-71.349758,-13.45074],[-71.371783,-13.446088],[-71.406119,-13.496441],[-71.40417,-13.504782],[-71.431451,-13.520488],[-71.438895,-13.508874],[-71.46878,-13.49424],[-71.48122,-13.4713],[-71.50229,-13.4549],[-71.526618,-13.469842],[-71.51342,-13.502539],[-71.51197,-13.575614],[-71.545901,-13.599208],[-71.569057,-13.562182],[-71.573955,-13.569589],[-71.59353,-13.562759],[-71.624729,-13.565226],[-71.619865,-13.599878],[-71.655746,-13.64001],[-71.680781,-13.629478],[-71.68082,-13.61806],[-71.69831,-13.60317],[-71.70392,-13.58694],[-71.72384,-13.57305],[-71.71952,-13.55247],[-71.74599,-13.575273],[-71.779603,-13.525627],[-71.804626,-13.508258],[-71.82094,-13.52058],[-71.81591,-13.576245],[-71.83559,-13.590832],[-71.819818,-13.607758],[-71.843159,-13.630795],[-71.826881,-13.672703],[-71.793243,-13.697929],[-71.748367,-13.710328],[-71.736862,-13.736459],[-71.727666,-13.73286],[-71.712964,-13.742795],[-71.695959,-13.795744],[-71.7121,-13.820675],[-71.646534,-13.823788],[-71.621484,-13.896027],[-71.600851,-13.906273],[-71.565382,-13.903278],[-71.558024,-13.921736],[-71.567223,-13.923344],[-71.564148,-13.933262],[-71.547652,-13.944952],[-71.537252,-13.941053],[-71.526806,-13.962918],[-71.516879,-13.967219],[-71.473964,-13.925916],[-71.442793,-13.937783],[-71.440983,-13.926003],[-71.422718,-13.925774],[-71.407547,-13.89651],[-71.39256,-13.896372],[-71.374083,-13.920586],[-71.352218,-13.901162],[-71.320233,-13.905993],[-71.307818,-13.89001],[-71.311416,-13.875855],[-71.3008,-13.872976],[-71.304595,-13.856933],[-71.289977,-13.827999],[-71.241358,-13.818866],[-71.22317,-13.780095],[-71.193098,-13.793155],[-71.183222,-13.788725],[-71.163769,-13.743197],[-71.136945,-13.744364],[-71.122191,-13.761587],[-71.10233,-13.759897],[-71.080971,-13.725502],[-71.035574,-13.753225],[-71.024085,-13.749938],[-70.988674,-13.762948],[-70.957162,-13.804646],[-70.935013,-13.800623],[-70.913148,-13.814209],[-70.904933,-13.792408],[-70.885821,-13.777972],[-70.870996,-13.785022],[-70.862502,-13.800292],[-70.852462,-13.799555],[-70.849083,-13.815299],[-70.8284,-13.82763],[-70.76773,-13.81438],[-70.73222,-13.82345],[-70.70919,-13.84315],[-70.698858,-13.803168],[-70.713864,-13.772801],[-70.722091,-13.770642],[-70.718702,-13.764902],[-70.735376,-13.735299],[-70.735867,-13.71245],[-70.721235,-13.700156],[-70.715129,-13.662254],[-70.68952,-13.652593],[-70.662807,-13.660567],[-70.616191,-13.609062],[-70.588604,-13.598584],[-70.57787,-13.585841],[-70.543625,-13.577635],[-70.546598,-13.549843],[-70.538874,-13.531257],[-70.488795,-13.500381],[-70.452618,-13.447918],[-70.471827,-13.439928],[-70.442646,-13.395405],[-70.451116,-13.36517],[-70.419825,-13.358554],[-70.3995,-13.371644],[-70.392731,-13.344772],[-70.402503,-13.32941],[-70.395599,-13.316665],[-70.368057,-13.307072],[-70.346384,-13.313042],[-70.345072,-13.299778],[-70.373441,-13.274835],[-70.405352,-13.269408],[-70.422706,-13.255464],[-70.416309,-13.242607],[-70.388399,-13.228234],[-70.384291,-13.202923],[-70.395476,-13.183051],[-70.464248,-13.159691],[-70.549425,-13.153171],[-70.586086,-13.104142],[-70.599492,-13.099146],[-70.660325,-13.088333],[-70.682932,-13.097625],[-70.685209,-13.106781],[-70.762868,-13.107733],[-70.826342,-13.068602],[-70.828037,-13.067472]]]}},{"type":"Feature","id":"0813","properties":{"ubigeo":"0813","nombre_departamento":"cusco","nombre_provincia":"urubamba","nombre_distrito":"","capital":"urubamba"},"geometry":{"type":"Polygon","coordinates":[[[-72.520888,-13.093508],[-72.542056,-13.082346],[-72.552794,-13.09507],[-72.57016,-13.09291],[-72.600762,-13.107276],[-72.58,-13.1453],[-72.57942,-13.17256],[-72.56656,-13.17527],[-72.57168,-13.19029],[-72.56437,-13.21228],[-72.55172,-13.21887],[-72.55526,-13.27817],[-72.544338,-13.304646],[-72.546682,-13.332609],[-72.535233,-13.349915],[-72.540893,-13.367416],[-72.534558,-13.372202],[-72.451805,-13.362825],[-72.440563,-13.344033],[-72.40898,-13.34489],[-72.383056,-13.365245],[-72.373865,-13.363216],[-72.369143,-13.358309],[-72.373489,-13.342514],[-72.381263,-13.342437],[-72.385799,-13.30449],[-72.362471,-13.284775],[-72.33663,-13.314484],[-72.313501,-13.307666],[-72.302007,-13.317902],[-72.282424,-13.313139],[-72.266288,-13.330486],[-72.212863,-13.329716],[-72.20996,-13.366779],[-72.170197,-13.392327],[-72.133141,-13.389181],[-72.117671,-13.396494],[-72.108293,-13.422917],[-72.072648,-13.43639],[-72.059385,-13.45184],[-72.04172,-13.45268],[-72.017269,-13.438673],[-71.991872,-13.441535],[-71.974239,-13.423452],[-71.968679,-13.398602],[-71.974683,-13.381786],[-71.984766,-13.37859],[-72.017624,-13.320312],[-72.025357,-13.315838],[-72.03438,-13.32451],[-72.039892,-13.316153],[-72.059555,-13.214986],[-72.09831,-13.188968],[-72.137684,-13.188261],[-72.137895,-13.180611],[-72.150074,-13.174951],[-72.152422,-13.138598],[-72.164465,-13.128641],[-72.1661,-13.113051],[-72.188794,-13.096656],[-72.197529,-13.105607],[-72.222759,-13.099868],[-72.230637,-13.14333],[-72.246185,-13.138757],[-72.252672,-13.123452],[-72.276811,-13.122573],[-72.288597,-13.105368],[-72.305557,-13.117152],[-72.30071,-13.135726],[-72.321673,-13.161722],[-72.366204,-13.160564],[-72.392208,-13.174202],[-72.436719,-13.1515],[-72.44878,-13.127913],[-72.469778,-13.123446],[-72.485813,-13.101809],[-72.519785,-13.093569],[-72.520888,-13.093508]]]}},{"type":"Feature","id":"0901","properties":{"ubigeo":"0901","nombre_departamento":"huancavelica","nombre_provincia":"huancavelica","nombre_distrito":"","capital":"huancavelica"},"geometry":{"type":"Polygon","coordinates":[[[-75.179,-12.36682],[-75.183377,-12.360828],[-75.220332,-12.390785],[-75.213933,-12.413891],[-75.223488,-12.439077],[-75.215515,-12.463421],[-75.229649,-12.475572],[-75.251877,-12.46288],[-75.277441,-12.466797],[-75.297664,-12.485248],[-75.309487,-12.479127],[-75.32474,-12.485502],[-75.319339,-12.514503],[-75.367038,-12.542949],[-75.391908,-12.576213],[-75.409447,-12.58473],[-75.415383,-12.628417],[-75.442645,-12.617741],[-75.460794,-12.631386],[-75.452561,-12.657194],[-75.467201,-12.683331],[-75.483301,-12.677087],[-75.490854,-12.647937],[-75.52539,-12.618367],[-75.574895,-12.636572],[-75.577692,-12.654304],[-75.561331,-12.663084],[-75.563259,-12.675728],[-75.551455,-12.683993],[-75.553654,-12.704243],[-75.577117,-12.715701],[-75.508173,-12.775047],[-75.513893,-12.788652],[-75.509131,-12.794937],[-75.479592,-12.797016],[-75.474034,-12.777705],[-75.444575,-12.774419],[-75.426559,-12.796771],[-75.40792,-12.791998],[-75.380269,-12.812016],[-75.371309,-12.825652],[-75.380416,-12.83497],[-75.378112,-12.850723],[-75.352667,-12.879446],[-75.361521,-12.888333],[-75.346301,-12.916234],[-75.354717,-12.928539],[-75.336648,-12.936511],[-75.321711,-12.931329],[-75.317119,-12.912308],[-75.306171,-12.903877],[-75.28063,-12.917342],[-75.262936,-12.886012],[-75.24982,-12.87924],[-75.211678,-12.922403],[-75.201895,-12.923656],[-75.192082,-12.947289],[-75.180304,-12.957668],[-75.173364,-12.954248],[-75.157723,-12.979604],[-75.14598,-12.974023],[-75.149471,-12.960056],[-75.127502,-12.932444],[-75.112879,-12.935102],[-75.059376,-12.914351],[-75.043807,-12.915344],[-75.050049,-12.92972],[-75.037031,-12.939633],[-75.029223,-13.016148],[-75.037756,-13.023525],[-75.04025,-13.048063],[-75.031001,-13.078115],[-75.037911,-13.090548],[-74.989381,-13.140306],[-74.984578,-13.162888],[-74.955115,-13.181851],[-74.912991,-13.184452],[-74.910424,-13.134287],[-74.920179,-13.099592],[-74.908772,-13.093458],[-74.907663,-13.03455],[-74.901426,-13.023063],[-74.882228,-13.01468],[-74.877045,-12.999258],[-74.83829,-12.97488],[-74.89042,-12.96844],[-74.889519,-12.948849],[-74.896061,-12.945391],[-74.886992,-12.928997],[-74.877729,-12.919026],[-74.851346,-12.92066],[-74.829568,-12.942292],[-74.818874,-12.939951],[-74.817103,-12.922152],[-74.804095,-12.915257],[-74.807636,-12.907913],[-74.782937,-12.877953],[-74.76157,-12.867527],[-74.73367,-12.87967],[-74.72174,-12.85989],[-74.69918,-12.84364],[-74.726072,-12.84145],[-74.743693,-12.826476],[-74.750297,-12.802236],[-74.768943,-12.807237],[-74.795697,-12.791535],[-74.785974,-12.784107],[-74.770493,-12.71344],[-74.767173,-12.677476],[-74.777577,-12.669131],[-74.778381,-12.629464],[-74.755571,-12.625589],[-74.745165,-12.615754],[-74.735734,-12.628288],[-74.71163,-12.634273],[-74.688222,-12.61931],[-74.683803,-12.600039],[-74.69504,-12.58432],[-74.68843,-12.57308],[-74.70951,-12.55749],[-74.69654,-12.5478],[-74.69135,-12.52277],[-74.70632,-12.52309],[-74.70866,-12.5043],[-74.71954,-12.50268],[-74.72244,-12.48706],[-74.75053,-12.48522],[-74.78231,-12.46353],[-74.81712,-12.47722],[-74.82218,-12.49852],[-74.83809,-12.49728],[-74.8762,-12.53113],[-74.88492,-12.52863],[-74.885,-12.51608],[-74.92929,-12.53408],[-74.94385,-12.53305],[-74.95089,-12.51107],[-74.96391,-12.51471],[-75.00665,-12.49376],[-75.02118,-12.4399],[-75.0352,-12.42911],[-75.04211,-12.40815],[-75.10111,-12.37721],[-75.13323,-12.37902],[-75.154141,-12.395699],[-75.17878,-12.36778],[-75.179,-12.36682]]]}},{"type":"Feature","id":"0902","properties":{"ubigeo":"0902","nombre_departamento":"huancavelica","nombre_provincia":"acobamba","nombre_distrito":"","capital":"acobamba"},"geometry":{"type":"Polygon","coordinates":[[[-74.68484,-12.59058],[-74.687772,-12.618654],[-74.71163,-12.634273],[-74.735734,-12.628288],[-74.745165,-12.615754],[-74.755571,-12.625589],[-74.777877,-12.628299],[-74.777577,-12.669131],[-74.767173,-12.677476],[-74.770493,-12.71344],[-74.785974,-12.784107],[-74.795697,-12.791535],[-74.768943,-12.807237],[-74.750297,-12.802236],[-74.743693,-12.826476],[-74.723827,-12.842806],[-74.69918,-12.84364],[-74.67964,-12.82346],[-74.67401,-12.82576],[-74.653583,-12.855667],[-74.68046,-12.89987],[-74.64982,-12.88207],[-74.63417,-12.84782],[-74.62375,-12.84237],[-74.59505,-12.89245],[-74.57991,-12.89746],[-74.57476,-12.91408],[-74.55794,-12.89369],[-74.5346,-12.90016],[-74.50287,-12.92389],[-74.47575,-12.92972],[-74.45175,-12.96686],[-74.43236,-12.95171],[-74.37487,-12.93605],[-74.327609,-12.897445],[-74.31923,-12.8858],[-74.333193,-12.850532],[-74.32362,-12.83251],[-74.36126,-12.83454],[-74.3765,-12.81563],[-74.38971,-12.81464],[-74.38946,-12.80791],[-74.40406,-12.81217],[-74.441,-12.79934],[-74.46561,-12.80489],[-74.49111,-12.78582],[-74.50154,-12.78722],[-74.49903,-12.77082],[-74.54252,-12.74496],[-74.54863,-12.71544],[-74.59068,-12.6908],[-74.59428,-12.67544],[-74.60593,-12.67892],[-74.61459,-12.67146],[-74.62912,-12.64599],[-74.63937,-12.64679],[-74.67248,-12.59186],[-74.684,-12.59076],[-74.68484,-12.59058]]]}},{"type":"Feature","id":"0903","properties":{"ubigeo":"0903","nombre_departamento":"huancavelica","nombre_provincia":"angaraes","nombre_distrito":"","capital":"lircay"},"geometry":{"type":"Polygon","coordinates":[[[-74.665059,-12.837945],[-74.67964,-12.82346],[-74.72174,-12.85989],[-74.73367,-12.87967],[-74.76157,-12.867527],[-74.782937,-12.877953],[-74.825521,-12.942599],[-74.850526,-12.920947],[-74.878861,-12.919835],[-74.896061,-12.945391],[-74.889519,-12.948849],[-74.89042,-12.96844],[-74.83829,-12.97488],[-74.902354,-13.023799],[-74.909189,-13.040246],[-74.908987,-13.094534],[-74.920179,-13.099592],[-74.910424,-13.134287],[-74.913258,-13.167467],[-74.894455,-13.159276],[-74.875071,-13.162266],[-74.840048,-13.143748],[-74.802554,-13.16787],[-74.780014,-13.157202],[-74.760518,-13.160959],[-74.74695,-13.17677],[-74.721641,-13.17919],[-74.715697,-13.196016],[-74.730778,-13.231101],[-74.72048,-13.258192],[-74.726828,-13.270899],[-74.723057,-13.288172],[-74.713617,-13.29205],[-74.686056,-13.286371],[-74.663498,-13.271484],[-74.644654,-13.274137],[-74.600689,-13.227385],[-74.595635,-13.212846],[-74.585953,-13.21076],[-74.572327,-13.184734],[-74.557796,-13.185558],[-74.542213,-13.200502],[-74.525611,-13.189594],[-74.517059,-13.196692],[-74.494172,-13.186596],[-74.458439,-13.190038],[-74.420426,-13.159539],[-74.39601,-13.16883],[-74.38872,-13.12966],[-74.41087,-13.1197],[-74.41127,-13.07939],[-74.37991,-13.02449],[-74.345876,-13.025845],[-74.310349,-13.059606],[-74.280137,-13.074185],[-74.27157,-13.06863],[-74.271471,-13.022736],[-74.29749,-12.967939],[-74.295446,-12.936882],[-74.328461,-12.925631],[-74.31945,-12.88728],[-74.37487,-12.93605],[-74.43236,-12.95171],[-74.45241,-12.96681],[-74.47575,-12.92972],[-74.50287,-12.92389],[-74.5346,-12.90016],[-74.55794,-12.89369],[-74.57476,-12.91408],[-74.57991,-12.89746],[-74.59505,-12.89245],[-74.62375,-12.84237],[-74.63417,-12.84782],[-74.64982,-12.88207],[-74.68046,-12.89987],[-74.653583,-12.855667],[-74.664161,-12.839429],[-74.665059,-12.837945]]]}},{"type":"Feature","id":"0904","properties":{"ubigeo":"0904","nombre_departamento":"huancavelica","nombre_provincia":"castrovirreyna","nombre_distrito":"","capital":"castrovirreyna"},"geometry":{"type":"Polygon","coordinates":[[[-75.440396,-12.77699],[-75.473178,-12.77723],[-75.479592,-12.797016],[-75.519629,-12.787968],[-75.530229,-12.821619],[-75.560332,-12.8174],[-75.570411,-12.842859],[-75.612714,-12.859152],[-75.636337,-12.915582],[-75.602608,-12.980183],[-75.60995,-13.006763],[-75.63899,-13.030778],[-75.628608,-13.057067],[-75.65324,-13.07091],[-75.657995,-13.082328],[-75.68058,-13.070361],[-75.675636,-13.043747],[-75.686618,-13.043072],[-75.694962,-13.074792],[-75.705515,-13.080437],[-75.718768,-13.109765],[-75.70785,-13.142723],[-75.693993,-13.146628],[-75.70629,-13.187651],[-75.688949,-13.214274],[-75.702441,-13.226887],[-75.706481,-13.288287],[-75.730928,-13.310307],[-75.754159,-13.308939],[-75.78764,-13.33479],[-75.809658,-13.388856],[-75.805985,-13.401433],[-75.762523,-13.413766],[-75.744938,-13.404794],[-75.71883,-13.412576],[-75.689281,-13.43967],[-75.677413,-13.429969],[-75.651198,-13.426846],[-75.633422,-13.411183],[-75.614945,-13.416796],[-75.598971,-13.389988],[-75.585122,-13.402668],[-75.538064,-13.404756],[-75.53117,-13.389381],[-75.522349,-13.391338],[-75.50523,-13.371848],[-75.503244,-13.352765],[-75.492189,-13.377532],[-75.49981,-13.38908],[-75.46566,-13.43258],[-75.47344,-13.46326],[-75.47016,-13.48384],[-75.49499,-13.52428],[-75.48425,-13.52676],[-75.435691,-13.495285],[-75.434611,-13.469641],[-75.403807,-13.467415],[-75.378758,-13.454519],[-75.348918,-13.452149],[-75.341319,-13.46172],[-75.316078,-13.455226],[-75.293784,-13.402282],[-75.26973,-13.405501],[-75.257002,-13.417472],[-75.23785,-13.409549],[-75.205838,-13.345631],[-75.21153,-13.335638],[-75.204678,-13.312571],[-75.163999,-13.274836],[-75.168,-13.224512],[-75.119826,-13.21122],[-75.1141,-13.193402],[-75.09486,-13.201686],[-75.05099,-13.18787],[-75.038347,-13.167836],[-74.988955,-13.141519],[-75.038293,-13.089413],[-75.031001,-13.078115],[-75.04025,-13.048063],[-75.037756,-13.023525],[-75.029223,-13.016148],[-75.037031,-12.939633],[-75.050049,-12.92972],[-75.043807,-12.915344],[-75.059376,-12.914351],[-75.112879,-12.935102],[-75.127502,-12.932444],[-75.149471,-12.960056],[-75.14598,-12.974023],[-75.157723,-12.979604],[-75.173364,-12.954248],[-75.180304,-12.957668],[-75.192082,-12.947289],[-75.201895,-12.923656],[-75.211678,-12.922403],[-75.24982,-12.87924],[-75.262936,-12.886012],[-75.28063,-12.917342],[-75.306171,-12.903877],[-75.317119,-12.912308],[-75.321711,-12.931329],[-75.336648,-12.936511],[-75.354717,-12.928539],[-75.346301,-12.916234],[-75.361521,-12.888333],[-75.352667,-12.879446],[-75.378112,-12.850723],[-75.380416,-12.83497],[-75.371309,-12.825652],[-75.379371,-12.813068],[-75.40792,-12.791998],[-75.426559,-12.796771],[-75.438708,-12.781008],[-75.440396,-12.77699]]]}},{"type":"Feature","id":"0905","properties":{"ubigeo":"0905","nombre_departamento":"huancavelica","nombre_provincia":"churcampa","nombre_distrito":"","capital":"churcampa"},"geometry":{"type":"Polygon","coordinates":[[[-74.59944,-12.3605],[-74.62499,-12.3685],[-74.59746,-12.40718],[-74.587426,-12.471154],[-74.597766,-12.475097],[-74.603546,-12.468645],[-74.633504,-12.484802],[-74.638647,-12.492644],[-74.630597,-12.51248],[-74.646762,-12.525461],[-74.69122,-12.52438],[-74.69654,-12.5478],[-74.70951,-12.55749],[-74.68843,-12.57308],[-74.6945,-12.58609],[-74.67248,-12.59186],[-74.63937,-12.64679],[-74.62912,-12.64599],[-74.61459,-12.67146],[-74.60593,-12.67892],[-74.59428,-12.67544],[-74.59068,-12.6908],[-74.54863,-12.71544],[-74.54252,-12.74496],[-74.49903,-12.77082],[-74.50154,-12.78722],[-74.49111,-12.78582],[-74.46561,-12.80489],[-74.441,-12.79934],[-74.40406,-12.81217],[-74.38946,-12.80791],[-74.38971,-12.81464],[-74.3765,-12.81563],[-74.36126,-12.83454],[-74.295951,-12.831187],[-74.29715,-12.80096],[-74.285543,-12.799721],[-74.2892,-12.75801],[-74.31236,-12.73735],[-74.32837,-12.74424],[-74.34937,-12.71714],[-74.34084,-12.69016],[-74.32717,-12.6802],[-74.34223,-12.62534],[-74.32402,-12.6045],[-74.36329,-12.59427],[-74.36632,-12.57583],[-74.38686,-12.56681],[-74.38427,-12.54485],[-74.40001,-12.52456],[-74.3987,-12.50269],[-74.41519,-12.49175],[-74.40158,-12.46748],[-74.40925,-12.45192],[-74.45393,-12.44391],[-74.50597,-12.44888],[-74.52167,-12.43683],[-74.5206,-12.40965],[-74.5349,-12.41],[-74.54943,-12.37385],[-74.56462,-12.36091],[-74.57456,-12.37372],[-74.59786,-12.36098],[-74.59944,-12.3605]]]}},{"type":"Feature","id":"0906","properties":{"ubigeo":"0906","nombre_departamento":"huancavelica","nombre_provincia":"huaytara","nombre_distrito":"","capital":"huaytara"},"geometry":{"type":"Polygon","coordinates":[[[-74.988626,-13.142985],[-75.038347,-13.167836],[-75.05099,-13.18787],[-75.09486,-13.201686],[-75.1141,-13.193402],[-75.119826,-13.21122],[-75.168,-13.224512],[-75.163999,-13.274836],[-75.204678,-13.312571],[-75.21153,-13.335638],[-75.205838,-13.345631],[-75.23785,-13.409549],[-75.257002,-13.417472],[-75.26973,-13.405501],[-75.293216,-13.402054],[-75.316732,-13.455553],[-75.341319,-13.46172],[-75.348918,-13.452149],[-75.378758,-13.454519],[-75.403807,-13.467415],[-75.434904,-13.469862],[-75.435691,-13.495285],[-75.47355,-13.51776],[-75.495822,-13.567054],[-75.50969,-13.56541],[-75.5107,-13.59018],[-75.519427,-13.604293],[-75.488094,-13.643193],[-75.486712,-13.668886],[-75.51591,-13.696393],[-75.531201,-13.742711],[-75.554582,-13.749571],[-75.53759,-13.762396],[-75.541758,-13.781889],[-75.538359,-13.792822],[-75.527522,-13.796958],[-75.524878,-13.817899],[-75.54366,-13.83544],[-75.56338,-13.84086],[-75.566185,-13.854055],[-75.54659,-13.88932],[-75.52206,-13.885115],[-75.4819,-13.9106],[-75.45722,-13.90546],[-75.43352,-13.91407],[-75.38169,-13.96276],[-75.35922,-13.9715],[-75.35568,-13.99577],[-75.329011,-14.018023],[-75.270425,-14.010594],[-75.251677,-13.997846],[-75.233443,-14.003285],[-75.260125,-14.041961],[-75.186592,-14.054113],[-75.16568,-14.07253],[-75.108842,-14.032885],[-75.088502,-14.08157],[-75.0696,-14.079846],[-75.063532,-14.088407],[-75.05789,-14.12992],[-75.05461,-14.11523],[-75.0365,-14.09793],[-75.02992,-14.07304],[-75.015724,-14.069348],[-74.975113,-14.074285],[-74.925156,-14.09942],[-74.907891,-14.092154],[-74.896201,-14.103904],[-74.878113,-14.076254],[-74.860795,-14.067193],[-74.852744,-14.076205],[-74.841766,-14.071305],[-74.825187,-14.092279],[-74.771545,-14.090318],[-74.759033,-14.079781],[-74.767449,-14.044852],[-74.773994,-14.044658],[-74.78357,-14.019215],[-74.778591,-13.998346],[-74.785331,-13.990268],[-74.767955,-13.978552],[-74.785923,-13.928788],[-74.777008,-13.897504],[-74.785155,-13.88831],[-74.767387,-13.866588],[-74.760364,-13.831487],[-74.778924,-13.784605],[-74.762314,-13.781904],[-74.766793,-13.772488],[-74.753891,-13.736977],[-74.775391,-13.710538],[-74.781151,-13.648184],[-74.771388,-13.606499],[-74.79957,-13.54747],[-74.83186,-13.53219],[-74.86218,-13.48179],[-74.90171,-13.46704],[-74.90414,-13.43115],[-74.89266,-13.41446],[-74.89753,-13.39468],[-74.85779,-13.35521],[-74.80888,-13.35742],[-74.770088,-13.346328],[-74.759622,-13.325071],[-74.739029,-13.339572],[-74.734355,-13.357404],[-74.71828,-13.36379],[-74.63283,-13.34478],[-74.666996,-13.327436],[-74.677093,-13.294431],[-74.686722,-13.285836],[-74.72287,-13.288731],[-74.726828,-13.270899],[-74.72048,-13.258192],[-74.730778,-13.231101],[-74.715697,-13.196016],[-74.723271,-13.177986],[-74.74695,-13.17677],[-74.760518,-13.160959],[-74.781157,-13.157042],[-74.802554,-13.16787],[-74.841424,-13.143723],[-74.875071,-13.162266],[-74.894455,-13.159276],[-74.913258,-13.167467],[-74.912991,-13.184452],[-74.936103,-13.18529],[-74.984578,-13.162888],[-74.988402,-13.145605],[-74.988626,-13.142985]]]}},{"type":"Feature","id":"0907","properties":{"ubigeo":"0907","nombre_departamento":"huancavelica","nombre_provincia":"tayacaja","nombre_distrito":"","capital":"pampas"},"geometry":{"type":"Polygon","coordinates":[[[-74.571176,-11.987104],[-74.593568,-11.986745],[-74.59275,-11.995496],[-74.602547,-11.999512],[-74.624165,-11.985182],[-74.657573,-11.992684],[-74.66143,-12.00561],[-74.6792,-12.01826],[-74.68336,-12.03814],[-74.7169,-12.05942],[-74.74451,-12.0409],[-74.79428,-12.05829],[-74.81875,-12.05353],[-74.837374,-12.070818],[-74.870774,-12.065992],[-74.939016,-12.018356],[-74.997754,-12.02108],[-75.021942,-12.013072],[-75.026815,-12.002196],[-75.048952,-11.999228],[-75.047053,-12.011564],[-75.086401,-12.053256],[-75.07383,-12.061311],[-75.065164,-12.091917],[-75.070947,-12.112933],[-75.06292,-12.134716],[-75.076945,-12.147146],[-75.072621,-12.1578],[-75.048921,-12.167548],[-75.049357,-12.201343],[-75.059053,-12.205473],[-75.071628,-12.235203],[-75.08551,-12.236728],[-75.100447,-12.251101],[-75.105221,-12.271142],[-75.098928,-12.285318],[-75.14014,-12.34141],[-75.13101,-12.3785],[-75.10111,-12.37721],[-75.04211,-12.40815],[-75.0352,-12.42911],[-75.02118,-12.4399],[-75.00665,-12.49376],[-74.96391,-12.51471],[-74.95089,-12.51107],[-74.94385,-12.53305],[-74.92929,-12.53408],[-74.885,-12.51608],[-74.88492,-12.52863],[-74.8762,-12.53113],[-74.83809,-12.49728],[-74.82218,-12.49852],[-74.81712,-12.47722],[-74.78231,-12.46353],[-74.75053,-12.48522],[-74.72244,-12.48706],[-74.71954,-12.50268],[-74.70866,-12.5043],[-74.706,-12.52335],[-74.646762,-12.525461],[-74.63624,-12.518392],[-74.629361,-12.50799],[-74.63579,-12.487025],[-74.603546,-12.468645],[-74.592952,-12.474535],[-74.586879,-12.466241],[-74.59561,-12.44941],[-74.59746,-12.40718],[-74.62499,-12.3685],[-74.60167,-12.35995],[-74.57599,-12.37317],[-74.580933,-12.324386],[-74.555447,-12.288089],[-74.507102,-12.312464],[-74.491832,-12.281575],[-74.452043,-12.269959],[-74.441534,-12.272134],[-74.41629,-12.30477],[-74.38478,-12.27153],[-74.39368,-12.25247],[-74.37607,-12.22919],[-74.38737,-12.18798],[-74.37885,-12.17601],[-74.343199,-12.171118],[-74.361305,-12.155223],[-74.351896,-12.136722],[-74.363484,-12.137843],[-74.398816,-12.103611],[-74.41031,-12.106485],[-74.41952,-12.093776],[-74.414221,-12.076463],[-74.421371,-12.067526],[-74.433122,-12.069891],[-74.442478,-12.045037],[-74.453068,-12.048621],[-74.454376,-12.033946],[-74.480682,-12.026587],[-74.487616,-12.033713],[-74.501124,-12.020806],[-74.528186,-12.015236],[-74.543563,-11.999013],[-74.566959,-11.997464],[-74.570947,-11.988008],[-74.571176,-11.987104]]]}},{"type":"Feature","id":"1001","properties":{"ubigeo":"1001","nombre_departamento":"huanuco","nombre_provincia":"huanuco","nombre_distrito":"","capital":"huanuco"},"geometry":{"type":"Polygon","coordinates":[[[-76.155319,-9.471015],[-76.16911,-9.471548],[-76.213391,-9.507701],[-76.27215,-9.52549],[-76.314029,-9.516621],[-76.36073,-9.54681],[-76.36548,-9.578711],[-76.409439,-9.628551],[-76.412508,-9.666624],[-76.426592,-9.672223],[-76.438185,-9.706129],[-76.462986,-9.706959],[-76.465445,-9.722135],[-76.476807,-9.72475],[-76.483994,-9.740406],[-76.467158,-9.750201],[-76.463315,-9.761932],[-76.468531,-9.801148],[-76.499969,-9.836804],[-76.486696,-9.881466],[-76.46507,-9.89225],[-76.487371,-9.906486],[-76.546086,-9.919832],[-76.547848,-9.943646],[-76.577678,-9.965877],[-76.573318,-9.97082],[-76.585924,-10.017371],[-76.578447,-10.031449],[-76.597324,-10.041582],[-76.605525,-10.085848],[-76.597081,-10.100934],[-76.56829,-10.09585],[-76.54688,-10.11139],[-76.53484,-10.14006],[-76.53904,-10.16541],[-76.52715,-10.187796],[-76.505154,-10.180068],[-76.513824,-10.160857],[-76.510008,-10.152273],[-76.480521,-10.156904],[-76.461189,-10.149225],[-76.447547,-10.187304],[-76.44975,-10.21416],[-76.43608,-10.23353],[-76.43019,-10.20036],[-76.411006,-10.178723],[-76.416371,-10.149143],[-76.410605,-10.137139],[-76.373589,-10.150578],[-76.369385,-10.130838],[-76.35473,-10.121947],[-76.347571,-10.1259],[-76.29274,-10.07535],[-76.22879,-10.03676],[-76.22914,-10.01745],[-76.188947,-10.006592],[-76.164246,-9.981318],[-76.136209,-9.986281],[-76.127316,-9.980291],[-76.115363,-9.940105],[-76.124543,-9.925391],[-76.117207,-9.903102],[-76.123238,-9.888617],[-76.08681,-9.88132],[-76.06207,-9.81959],[-76.04756,-9.82424],[-75.963691,-9.814617],[-75.925667,-9.794897],[-75.892235,-9.791034],[-75.873789,-9.793077],[-75.824662,-9.831404],[-75.79582,-9.813788],[-75.809235,-9.767292],[-75.805009,-9.731929],[-75.816002,-9.713355],[-75.852208,-9.683402],[-75.840101,-9.650765],[-75.912669,-9.56745],[-75.929448,-9.51353],[-75.942536,-9.499365],[-75.95588,-9.492346],[-76.011347,-9.508029],[-76.038147,-9.496454],[-76.049706,-9.478565],[-76.071909,-9.471519],[-76.124605,-9.480809],[-76.139845,-9.470082],[-76.154636,-9.471115],[-76.155319,-9.471015]]]}},{"type":"Feature","id":"1002","properties":{"ubigeo":"1002","nombre_departamento":"huanuco","nombre_provincia":"ambo","nombre_distrito":"","capital":"ambo"},"geometry":{"type":"Polygon","coordinates":[[[-76.158478,-9.983648],[-76.170379,-9.985285],[-76.1905,-10.007451],[-76.22914,-10.01745],[-76.22879,-10.03676],[-76.29274,-10.07535],[-76.347571,-10.1259],[-76.35473,-10.121947],[-76.369385,-10.130838],[-76.373589,-10.150578],[-76.411219,-10.137656],[-76.416371,-10.149143],[-76.411006,-10.178723],[-76.43019,-10.20036],[-76.43608,-10.23353],[-76.44975,-10.21416],[-76.455012,-10.155597],[-76.461472,-10.149086],[-76.480521,-10.156904],[-76.510008,-10.152273],[-76.513824,-10.160857],[-76.504803,-10.179131],[-76.520693,-10.193019],[-76.524695,-10.219344],[-76.512291,-10.242391],[-76.517457,-10.272592],[-76.513338,-10.291064],[-76.496881,-10.309892],[-76.472552,-10.309906],[-76.44677,-10.32087],[-76.40068,-10.30843],[-76.38722,-10.28929],[-76.3645,-10.29947],[-76.33579,-10.28632],[-76.32576,-10.30553],[-76.33068,-10.31612],[-76.31694,-10.34023],[-76.32341,-10.35958],[-76.305517,-10.412545],[-76.285287,-10.41642],[-76.274705,-10.402465],[-76.269477,-10.368988],[-76.22633,-10.39693],[-76.230889,-10.371791],[-76.205396,-10.376562],[-76.20717,-10.38871],[-76.185397,-10.395463],[-76.166685,-10.413556],[-76.142553,-10.408594],[-76.129631,-10.430801],[-76.118805,-10.426373],[-76.104187,-10.435547],[-76.092892,-10.429281],[-76.078269,-10.434154],[-76.078283,-10.451988],[-76.052648,-10.465467],[-76.047727,-10.456699],[-76.03167,-10.455928],[-76.032363,-10.431644],[-76.025771,-10.425937],[-76.028969,-10.405984],[-76.040121,-10.395971],[-76.033207,-10.384094],[-76.041277,-10.373652],[-76.041739,-10.331142],[-76.066197,-10.316643],[-76.046572,-10.306723],[-76.050014,-10.269105],[-76.034953,-10.25832],[-76.042525,-10.228578],[-76.059586,-10.217947],[-76.054814,-10.204535],[-76.067359,-10.195205],[-76.053369,-10.158108],[-76.05476,-10.140295],[-76.064703,-10.132412],[-76.040848,-10.104853],[-76.048435,-10.0961],[-76.072402,-10.094846],[-76.073768,-10.086375],[-76.088531,-10.078787],[-76.122879,-10.07235],[-76.117088,-10.051695],[-76.127471,-10.035576],[-76.124031,-10.014603],[-76.135631,-10.00183],[-76.136209,-9.986281],[-76.157129,-9.984099],[-76.158478,-9.983648]]]}},{"type":"Feature","id":"1003","properties":{"ubigeo":"1003","nombre_departamento":"huanuco","nombre_provincia":"dos de mayo","nombre_distrito":"","capital":"la union"},"geometry":{"type":"Polygon","coordinates":[[[-76.297445,-9.388478],[-76.315125,-9.394777],[-76.311803,-9.418158],[-76.346656,-9.423459],[-76.371414,-9.443146],[-76.377824,-9.487881],[-76.385451,-9.496385],[-76.427969,-9.506937],[-76.458277,-9.498627],[-76.486559,-9.50733],[-76.493578,-9.526051],[-76.506248,-9.532707],[-76.524365,-9.527213],[-76.541215,-9.539973],[-76.562828,-9.540682],[-76.583049,-9.55209],[-76.594521,-9.545238],[-76.659764,-9.552232],[-76.673926,-9.560863],[-76.696754,-9.557721],[-76.74319,-9.5791],[-76.72761,-9.59566],[-76.73784,-9.61557],[-76.75258,-9.58735],[-76.761342,-9.617641],[-76.80876,-9.612633],[-76.809193,-9.628033],[-76.822639,-9.633154],[-76.834615,-9.625262],[-76.839596,-9.63674],[-76.861285,-9.643182],[-76.85166,-9.668051],[-76.862418,-9.663728],[-76.871451,-9.675467],[-76.882639,-9.667963],[-76.890268,-9.674463],[-76.896131,-9.656738],[-76.908352,-9.653451],[-76.91657,-9.688574],[-76.946685,-9.680514],[-76.934574,-9.72892],[-76.901584,-9.769701],[-76.897758,-9.809289],[-76.841988,-9.910893],[-76.841861,-9.930621],[-76.813758,-9.960146],[-76.825615,-9.989293],[-76.824047,-10.010998],[-76.805547,-10.002123],[-76.790236,-10.005238],[-76.773289,-9.994396],[-76.779908,-9.957018],[-76.769137,-9.953713],[-76.76234,-9.940062],[-76.751135,-9.944779],[-76.736268,-9.934516],[-76.73349,-9.911828],[-76.72006,-9.898357],[-76.758019,-9.842461],[-76.749759,-9.836755],[-76.73574,-9.79139],[-76.73576,-9.75298],[-76.70206,-9.746978],[-76.72298,-9.71138],[-76.72121,-9.70208],[-76.70371,-9.68981],[-76.68972,-9.70154],[-76.66441,-9.6774],[-76.64447,-9.68777],[-76.598115,-9.672514],[-76.558883,-9.682705],[-76.526295,-9.665648],[-76.515346,-9.676533],[-76.498154,-9.673889],[-76.492269,-9.680775],[-76.476969,-9.673881],[-76.462986,-9.706959],[-76.438185,-9.706129],[-76.426592,-9.672223],[-76.412508,-9.666624],[-76.409439,-9.628551],[-76.36548,-9.578711],[-76.36073,-9.54681],[-76.34974,-9.536041],[-76.314029,-9.516621],[-76.282859,-9.525121],[-76.24999,-9.520871],[-76.204693,-9.498876],[-76.199041,-9.474494],[-76.204035,-9.446711],[-76.256973,-9.40165],[-76.297234,-9.388586],[-76.297445,-9.388478]]]}},{"type":"Feature","id":"1004","properties":{"ubigeo":"1004","nombre_departamento":"huanuco","nombre_provincia":"huacaybamba","nombre_distrito":"","capital":"huacaybamba"},"geometry":{"type":"Polygon","coordinates":[[[-77.092018,-8.774006],[-77.101459,-8.767004],[-77.127006,-8.781703],[-77.148342,-8.777396],[-77.155639,-8.797721],[-77.150184,-8.810691],[-77.177434,-8.83984],[-77.169969,-8.857519],[-77.172504,-8.876617],[-77.159074,-8.897676],[-77.147418,-8.895754],[-77.129853,-8.917908],[-77.133166,-8.926055],[-77.122629,-8.946258],[-77.105728,-8.949191],[-77.10249,-8.960947],[-77.109797,-8.970205],[-77.092098,-8.971566],[-77.066019,-8.990916],[-77.035709,-8.999959],[-77.032629,-9.014234],[-77.002787,-9.032619],[-76.980173,-9.062988],[-76.966453,-9.060412],[-76.945399,-9.074831],[-76.929283,-9.070569],[-76.873173,-9.112524],[-76.818339,-9.127376],[-76.794008,-9.086165],[-76.776352,-9.073396],[-76.7745,-9.053262],[-76.763545,-9.106887],[-76.750225,-9.112977],[-76.74543,-9.106826],[-76.71593,-9.108273],[-76.687893,-9.123736],[-76.655191,-9.123566],[-76.592072,-9.168951],[-76.557836,-9.176336],[-76.54115,-9.203295],[-76.528478,-9.202623],[-76.509812,-9.186144],[-76.439057,-9.229289],[-76.395875,-9.238437],[-76.363898,-9.228504],[-76.348369,-9.204883],[-76.319611,-9.195082],[-76.27203,-9.213828],[-76.27846,-9.194648],[-76.308091,-9.176326],[-76.360775,-9.197163],[-76.383511,-9.184521],[-76.406146,-9.188219],[-76.412859,-9.177226],[-76.44299,-9.181123],[-76.462694,-9.169514],[-76.480429,-9.171812],[-76.47407,-9.012416],[-76.510473,-9.016582],[-76.529987,-9.027927],[-76.543407,-9.014645],[-76.595331,-9.04836],[-76.625812,-9.051043],[-76.652437,-9.025299],[-76.640324,-9.015378],[-76.684538,-8.942653],[-76.683769,-8.9313],[-76.696418,-8.929644],[-76.700898,-8.915088],[-76.711596,-8.912109],[-76.731846,-8.870228],[-76.74493,-8.882689],[-76.759721,-8.859324],[-76.770541,-8.862684],[-76.785496,-8.842051],[-76.810996,-8.832566],[-76.856412,-8.851248],[-76.86149,-8.865918],[-76.893574,-8.862244],[-76.897838,-8.84966],[-76.929371,-8.836539],[-76.937215,-8.846068],[-76.964021,-8.836066],[-76.978738,-8.851949],[-76.99426,-8.841223],[-77.009174,-8.848873],[-77.037102,-8.834443],[-77.034717,-8.81982],[-77.051652,-8.810975],[-77.082248,-8.774088],[-77.091271,-8.774549],[-77.092018,-8.774006]]]}},{"type":"Feature","id":"1005","properties":{"ubigeo":"1005","nombre_departamento":"huanuco","nombre_provincia":"huamalies","nombre_distrito":"","capital":"llata"},"geometry":{"type":"Polygon","coordinates":[[[-76.771394,-9.082617],[-76.767592,-9.064746],[-76.777888,-9.053242],[-76.776352,-9.073396],[-76.794008,-9.086165],[-76.819259,-9.127253],[-76.78996,-9.135893],[-76.734607,-9.20879],[-76.72597,-9.256154],[-76.740138,-9.27334],[-76.745461,-9.296724],[-76.740809,-9.330751],[-76.765898,-9.367197],[-76.782875,-9.342903],[-76.815482,-9.326462],[-76.833965,-9.266008],[-76.846707,-9.264213],[-76.854557,-9.288521],[-76.868727,-9.29275],[-76.870264,-9.314428],[-76.892916,-9.331961],[-76.900603,-9.359066],[-76.9179,-9.369508],[-76.924133,-9.391531],[-76.935236,-9.398549],[-76.930305,-9.433186],[-76.953295,-9.467478],[-76.938619,-9.491699],[-76.937551,-9.525367],[-76.955096,-9.542689],[-76.955111,-9.560299],[-76.980244,-9.564031],[-76.99516,-9.603332],[-77.015297,-9.614269],[-77.029236,-9.612996],[-77.04715,-9.632531],[-77.047307,-9.653937],[-77.020611,-9.711314],[-76.974277,-9.760236],[-76.969482,-9.757809],[-76.981043,-9.724568],[-76.97184,-9.711812],[-76.945709,-9.703094],[-76.94624,-9.680205],[-76.916502,-9.688518],[-76.908352,-9.653451],[-76.896131,-9.656738],[-76.890906,-9.674273],[-76.882639,-9.667963],[-76.871451,-9.675467],[-76.862994,-9.663865],[-76.850098,-9.666705],[-76.861285,-9.643182],[-76.839596,-9.63674],[-76.834615,-9.625262],[-76.822639,-9.633154],[-76.809193,-9.628033],[-76.80876,-9.612633],[-76.761342,-9.617641],[-76.75258,-9.58735],[-76.743338,-9.614736],[-76.737019,-9.615068],[-76.72761,-9.59566],[-76.74319,-9.5791],[-76.696754,-9.557721],[-76.673926,-9.560863],[-76.659764,-9.552232],[-76.594521,-9.545238],[-76.583049,-9.55209],[-76.562828,-9.540682],[-76.541215,-9.539973],[-76.524365,-9.527213],[-76.506248,-9.532707],[-76.493578,-9.526051],[-76.486559,-9.50733],[-76.458277,-9.498627],[-76.427969,-9.506937],[-76.385451,-9.496385],[-76.377824,-9.487881],[-76.371414,-9.443146],[-76.346656,-9.423459],[-76.311803,-9.418158],[-76.3135,-9.392602],[-76.297445,-9.388478],[-76.267129,-9.396158],[-76.235346,-9.418209],[-76.226914,-9.378041],[-76.206527,-9.367],[-76.210125,-9.360585],[-76.145615,-9.306275],[-76.105424,-9.296381],[-76.083188,-9.303227],[-76.057221,-9.281087],[-76.076766,-9.269767],[-76.076076,-9.239084],[-76.087172,-9.219679],[-76.104191,-9.214759],[-76.105713,-9.207088],[-76.111263,-9.212096],[-76.114545,-9.203501],[-76.171835,-9.198686],[-76.185983,-9.207486],[-76.195323,-9.198756],[-76.217101,-9.202354],[-76.234507,-9.17224],[-76.22892,-9.151174],[-76.234863,-9.140273],[-76.246894,-9.151404],[-76.27203,-9.213828],[-76.319611,-9.195082],[-76.348369,-9.204883],[-76.363898,-9.228504],[-76.395875,-9.238437],[-76.439057,-9.229289],[-76.509812,-9.186144],[-76.528478,-9.202623],[-76.54307,-9.202527],[-76.557836,-9.176336],[-76.592072,-9.168951],[-76.655191,-9.123566],[-76.687893,-9.123736],[-76.716693,-9.10818],[-76.752685,-9.112635],[-76.763676,-9.106707],[-76.771814,-9.084269],[-76.771394,-9.082617]]]}},{"type":"Feature","id":"1006","properties":{"ubigeo":"1006","nombre_departamento":"huanuco","nombre_provincia":"leoncio prado","nombre_distrito":"","capital":"tingo maria"},"geometry":{"type":"Polygon","coordinates":[[[-75.991996,-8.321078],[-76.002494,-8.305227],[-76.010107,-8.316931],[-76.039625,-8.331928],[-76.042596,-8.341592],[-76.056348,-8.329291],[-76.106974,-8.331772],[-76.127503,-8.357526],[-76.109166,-8.379613],[-76.107787,-8.399014],[-76.130668,-8.467877],[-76.1264,-8.54542],[-76.13468,-8.57256],[-76.12016,-8.58956],[-76.12107,-8.63376],[-76.10762,-8.64046],[-76.10713,-8.6488],[-76.1155,-8.65768],[-76.13003,-8.65529],[-76.13949,-8.66664],[-76.15088,-8.70865],[-76.14527,-8.71144],[-76.156771,-8.733709],[-76.16462,-8.731841],[-76.166946,-8.756501],[-76.195411,-8.761849],[-76.203416,-8.75333],[-76.199891,-8.771406],[-76.223144,-8.785454],[-76.232534,-8.780761],[-76.237259,-8.79049],[-76.231693,-8.797225],[-76.197872,-8.78185],[-76.189677,-8.795945],[-76.203733,-8.809051],[-76.197763,-8.815114],[-76.20019,-8.824797],[-76.20697,-8.823799],[-76.201248,-8.835244],[-76.224371,-8.847192],[-76.227186,-8.859484],[-76.220773,-8.8617],[-76.229001,-8.869961],[-76.218724,-8.881537],[-76.224837,-8.904223],[-76.215926,-8.92461],[-76.23598,-8.945364],[-76.230167,-8.957506],[-76.252246,-8.976894],[-76.26742,-8.975478],[-76.278796,-8.996615],[-76.353043,-9.024179],[-76.370666,-9.025342],[-76.41923,-8.9864],[-76.43778,-8.98572],[-76.45823,-8.99671],[-76.47407,-9.012416],[-76.480429,-9.171812],[-76.462694,-9.169514],[-76.44299,-9.181123],[-76.412859,-9.177226],[-76.406146,-9.188219],[-76.383511,-9.184521],[-76.360775,-9.197163],[-76.308091,-9.176326],[-76.27846,-9.194648],[-76.27203,-9.213828],[-76.246894,-9.151404],[-76.235123,-9.140242],[-76.22892,-9.151174],[-76.234507,-9.17224],[-76.215619,-9.203353],[-76.195323,-9.198756],[-76.185983,-9.207486],[-76.171835,-9.198686],[-76.114545,-9.203501],[-76.111263,-9.212096],[-76.105713,-9.207088],[-76.104191,-9.214759],[-76.087172,-9.219679],[-76.076076,-9.239084],[-76.076766,-9.269767],[-76.057221,-9.281087],[-76.083188,-9.303227],[-76.105424,-9.296381],[-76.140152,-9.302527],[-76.210125,-9.360585],[-76.206527,-9.367],[-76.226914,-9.378041],[-76.235346,-9.418209],[-76.201529,-9.451594],[-76.204693,-9.498876],[-76.161082,-9.469233],[-76.139845,-9.470082],[-76.124605,-9.480809],[-76.071909,-9.471519],[-76.049706,-9.478565],[-76.038147,-9.496454],[-76.011347,-9.508029],[-75.95588,-9.492346],[-75.946644,-9.497026],[-75.886771,-9.42776],[-75.870187,-9.421416],[-75.852814,-9.426633],[-75.81094,-9.390393],[-75.785614,-9.406579],[-75.792967,-9.462544],[-75.77821,-9.490744],[-75.776228,-9.522309],[-75.755784,-9.544695],[-75.749973,-9.590724],[-75.721252,-9.617508],[-75.699008,-9.580408],[-75.679055,-9.567004],[-75.671723,-9.517303],[-75.632523,-9.447691],[-75.629151,-9.410937],[-75.670451,-9.417936],[-75.671128,-9.385869],[-75.695012,-9.363927],[-75.688623,-9.349366],[-75.705691,-9.336267],[-75.720242,-9.277228],[-75.763963,-9.237848],[-75.76379,-9.217098],[-75.775067,-9.21973],[-75.796127,-9.20267],[-75.802452,-9.151776],[-75.82152,-9.118965],[-75.825017,-9.090051],[-75.837874,-9.084893],[-75.837876,-9.061944],[-75.860036,-9.050056],[-75.891861,-9.002018],[-75.894504,-8.983714],[-75.883767,-8.972733],[-75.903121,-8.915495],[-75.901273,-8.898151],[-75.910511,-8.896328],[-75.927883,-8.844538],[-75.921647,-8.780808],[-75.946465,-8.713551],[-75.964096,-8.697357],[-75.979174,-8.654012],[-75.965023,-8.579975],[-75.970727,-8.5124],[-75.954531,-8.499486],[-75.967555,-8.459926],[-75.947166,-8.422399],[-75.946337,-8.399123],[-75.967589,-8.34581],[-75.99015,-8.321715],[-75.991996,-8.321078]]]}},{"type":"Feature","id":"1007","properties":{"ubigeo":"1007","nombre_departamento":"huanuco","nombre_provincia":"maranon","nombre_distrito":"","capital":"huacrachuco"},"geometry":{"type":"Polygon","coordinates":[[[-76.353351,-8.425464],[-76.37127,-8.410924],[-76.375785,-8.422581],[-76.417496,-8.443748],[-76.444345,-8.489558],[-76.466167,-8.569743],[-76.492504,-8.575761],[-76.49909,-8.563941],[-76.494838,-8.549588],[-76.5395,-8.513497],[-76.547807,-8.497641],[-76.566293,-8.508146],[-76.636657,-8.514747],[-76.64329,-8.52374],[-76.678351,-8.521267],[-76.69708,-8.5325],[-76.728404,-8.515004],[-76.740989,-8.524647],[-76.754594,-8.519645],[-76.768424,-8.526809],[-76.79015,-8.523641],[-76.796319,-8.511188],[-76.80445,-8.510573],[-76.842659,-8.52523],[-76.846842,-8.54579],[-76.86254,-8.552537],[-76.864702,-8.56635],[-76.887358,-8.554798],[-76.897084,-8.568751],[-76.935972,-8.566967],[-76.940123,-8.551957],[-76.954227,-8.54534],[-76.977301,-8.560599],[-76.994842,-8.555632],[-77.011598,-8.537687],[-77.049801,-8.553715],[-77.091651,-8.516981],[-77.081938,-8.487256],[-77.139928,-8.480455],[-77.133844,-8.440021],[-77.181583,-8.478838],[-77.20268,-8.48541],[-77.26408,-8.46753],[-77.28278,-8.50589],[-77.317486,-8.530152],[-77.310982,-8.533525],[-77.310998,-8.555937],[-77.288717,-8.589769],[-77.293643,-8.637025],[-77.260596,-8.648521],[-77.261152,-8.667197],[-77.246189,-8.702732],[-77.248168,-8.727309],[-77.22749,-8.742826],[-77.225812,-8.766937],[-77.206047,-8.782342],[-77.184967,-8.8279],[-77.17368,-8.83335],[-77.150184,-8.810691],[-77.155639,-8.797721],[-77.148025,-8.777103],[-77.127006,-8.781703],[-77.101459,-8.767004],[-77.082248,-8.774088],[-77.051652,-8.810975],[-77.034717,-8.81982],[-77.037102,-8.834443],[-77.009174,-8.848873],[-76.99426,-8.841223],[-76.978738,-8.851949],[-76.964021,-8.836066],[-76.937215,-8.846068],[-76.929371,-8.836539],[-76.897838,-8.84966],[-76.893574,-8.862244],[-76.86149,-8.865918],[-76.856848,-8.85157],[-76.822307,-8.834461],[-76.786131,-8.841732],[-76.770541,-8.862684],[-76.759721,-8.859324],[-76.74493,-8.882689],[-76.734779,-8.870781],[-76.727867,-8.873586],[-76.711596,-8.912109],[-76.700898,-8.915088],[-76.696418,-8.929644],[-76.683769,-8.9313],[-76.684538,-8.942653],[-76.640324,-9.015378],[-76.652437,-9.025299],[-76.6161,-9.054502],[-76.543407,-9.014645],[-76.529987,-9.027927],[-76.510473,-9.016582],[-76.476677,-9.014384],[-76.4373,-8.9856],[-76.41802,-8.98689],[-76.369891,-9.025624],[-76.328053,-9.016319],[-76.293587,-8.996848],[-76.278363,-8.996332],[-76.26742,-8.975478],[-76.241719,-8.970365],[-76.229321,-8.954974],[-76.23598,-8.945364],[-76.22069,-8.922545],[-76.216126,-8.92526],[-76.224837,-8.904223],[-76.218724,-8.881537],[-76.227802,-8.878056],[-76.229051,-8.866113],[-76.220773,-8.8617],[-76.227186,-8.859484],[-76.224371,-8.847192],[-76.201248,-8.835244],[-76.20697,-8.823799],[-76.20019,-8.824797],[-76.197763,-8.815114],[-76.203733,-8.809051],[-76.189677,-8.795945],[-76.197872,-8.78185],[-76.20747,-8.791036],[-76.237118,-8.793109],[-76.232722,-8.77875],[-76.240765,-8.767212],[-76.230008,-8.758315],[-76.244986,-8.749401],[-76.228681,-8.745028],[-76.257403,-8.706642],[-76.256884,-8.683827],[-76.24834,-8.683032],[-76.252736,-8.665431],[-76.269456,-8.652489],[-76.264064,-8.6103],[-76.287329,-8.585435],[-76.280359,-8.573564],[-76.306974,-8.571396],[-76.299675,-8.556854],[-76.32508,-8.524324],[-76.312307,-8.500984],[-76.327427,-8.479908],[-76.321716,-8.469839],[-76.332326,-8.431788],[-76.350332,-8.42557],[-76.353351,-8.425464]]]}},{"type":"Feature","id":"1008","properties":{"ubigeo":"1008","nombre_departamento":"huanuco","nombre_provincia":"pachitea","nombre_distrito":"","capital":"panao"},"geometry":{"type":"Polygon","coordinates":[[[-75.808301,-9.392481],[-75.816198,-9.391985],[-75.852814,-9.426633],[-75.870187,-9.421416],[-75.886771,-9.42776],[-75.946644,-9.497026],[-75.929661,-9.513051],[-75.912669,-9.56745],[-75.840101,-9.650765],[-75.852208,-9.683402],[-75.816002,-9.713355],[-75.805009,-9.731929],[-75.809235,-9.767292],[-75.796791,-9.81581],[-75.824662,-9.831404],[-75.873789,-9.793077],[-75.892235,-9.791034],[-75.925667,-9.794897],[-75.963691,-9.814617],[-76.04756,-9.82424],[-76.06193,-9.81951],[-76.08681,-9.88132],[-76.123238,-9.888617],[-76.117207,-9.903102],[-76.124543,-9.925391],[-76.116215,-9.952262],[-76.136209,-9.986281],[-76.135631,-10.00183],[-76.124031,-10.014603],[-76.127279,-10.036578],[-76.117338,-10.049705],[-76.125201,-10.068631],[-76.088531,-10.078787],[-76.073768,-10.086375],[-76.072402,-10.094846],[-76.048435,-10.0961],[-76.040848,-10.104853],[-76.064703,-10.132412],[-76.05476,-10.140295],[-76.053369,-10.158108],[-76.067359,-10.195205],[-76.054814,-10.204535],[-76.059586,-10.217947],[-76.042525,-10.228578],[-76.034953,-10.25832],[-76.050014,-10.269105],[-76.046572,-10.306723],[-76.066197,-10.316643],[-76.041739,-10.331142],[-76.041277,-10.373652],[-76.033207,-10.384094],[-76.040121,-10.395971],[-76.028969,-10.405984],[-76.025791,-10.425568],[-76.032363,-10.431644],[-76.030594,-10.462842],[-76.02494,-10.467439],[-76.010691,-10.455401],[-76.002986,-10.488865],[-75.97581,-10.479336],[-75.96098,-10.46057],[-75.925049,-10.40656],[-75.934539,-10.37498],[-75.924939,-10.356721],[-75.893539,-10.324281],[-75.8564,-10.301711],[-75.83968,-10.257391],[-75.812709,-10.24409],[-75.784769,-10.25216],[-75.759529,-10.23768],[-75.72868,-10.232771],[-75.70943,-10.21507],[-75.70073,-10.19734],[-75.703863,-10.1419],[-75.689912,-10.118879],[-75.6914,-10.092258],[-75.673941,-10.049367],[-75.64518,-10.026928],[-75.603112,-10.025475],[-75.595295,-10.010173],[-75.593439,-9.945153],[-75.62438,-9.941051],[-75.649223,-9.948227],[-75.672754,-9.940149],[-75.685354,-9.917472],[-75.709303,-9.915804],[-75.740236,-9.883899],[-75.753051,-9.883102],[-75.76143,-9.854346],[-75.75183,-9.812717],[-75.735572,-9.802406],[-75.717953,-9.803975],[-75.714111,-9.790477],[-75.724545,-9.74],[-75.711471,-9.690771],[-75.713738,-9.613033],[-75.72976,-9.615008],[-75.750259,-9.590138],[-75.75467,-9.547922],[-75.776228,-9.522309],[-75.77821,-9.490744],[-75.792967,-9.462544],[-75.785386,-9.407321],[-75.807092,-9.393285],[-75.808301,-9.392481]]]}},{"type":"Feature","id":"1009","properties":{"ubigeo":"1009","nombre_departamento":"huanuco","nombre_provincia":"puerto inca","nombre_distrito":"","capital":"puerto inca"},"geometry":{"type":"Polygon","coordinates":[[[-74.622254,-8.865496],[-74.616295,-8.827945],[-74.58809,-8.812646],[-74.572875,-8.792646],[-74.532178,-8.776133],[-74.525351,-8.749316],[-74.543753,-8.593698],[-74.556942,-8.573069],[-74.589746,-8.548719],[-74.630329,-8.55041],[-74.664148,-8.561909],[-74.847284,-8.661645],[-74.840776,-8.679069],[-74.847978,-8.69198],[-74.852199,-8.763094],[-74.940712,-8.857893],[-74.978981,-8.871653],[-75.005002,-8.869731],[-75.022404,-8.858527],[-75.064715,-8.882277],[-75.072939,-8.87312],[-75.12232,-8.88068],[-75.119428,-8.907176],[-75.108413,-8.922291],[-75.134845,-8.945969],[-75.120105,-8.960699],[-75.119721,-8.983477],[-75.13756,-8.988363],[-75.139215,-8.999503],[-75.154346,-8.999126],[-75.156811,-9.010309],[-75.173864,-9.011575],[-75.175709,-9.024735],[-75.162401,-9.033953],[-75.201215,-9.063838],[-75.194674,-9.073127],[-75.204902,-9.080287],[-75.206455,-9.101339],[-75.241902,-9.102125],[-75.211932,-9.176427],[-75.220911,-9.180077],[-75.242203,-9.220934],[-75.256686,-9.232476],[-75.27192,-9.233415],[-75.268531,-9.252732],[-75.279023,-9.276272],[-75.313929,-9.302089],[-75.334057,-9.288765],[-75.349491,-9.304544],[-75.372154,-9.31023],[-75.418494,-9.292606],[-75.451968,-9.296344],[-75.456255,-9.325],[-75.492602,-9.376381],[-75.600659,-9.413813],[-75.609427,-9.406241],[-75.61666,-9.414076],[-75.629177,-9.410857],[-75.632523,-9.447691],[-75.671723,-9.517303],[-75.679055,-9.567004],[-75.698342,-9.579621],[-75.712555,-9.603676],[-75.711471,-9.690771],[-75.724545,-9.74],[-75.714111,-9.790477],[-75.717953,-9.803975],[-75.735572,-9.802406],[-75.75183,-9.812717],[-75.76143,-9.854346],[-75.752709,-9.883517],[-75.740236,-9.883899],[-75.709303,-9.915804],[-75.685354,-9.917472],[-75.672754,-9.940149],[-75.649223,-9.948227],[-75.62438,-9.941051],[-75.594312,-9.944515],[-75.590392,-9.955587],[-75.560382,-9.964136],[-75.548379,-9.984415],[-75.508584,-9.976916],[-75.484522,-9.982049],[-75.474552,-9.992175],[-75.4671,-9.988369],[-75.462309,-9.957284],[-75.453696,-9.955768],[-75.44555,-9.937889],[-75.421442,-9.943435],[-75.404784,-9.930212],[-75.395547,-9.912777],[-75.4096,-9.902008],[-75.411182,-9.888426],[-75.399596,-9.878456],[-75.369356,-9.870833],[-75.321221,-9.876909],[-75.282408,-9.864731],[-75.275737,-9.85207],[-75.279219,-9.83824],[-75.309765,-9.774387],[-75.25465,-9.779002],[-75.160125,-9.839975],[-75.094468,-9.844478],[-75.057789,-9.818919],[-74.993616,-9.839797],[-74.985553,-9.864064],[-74.951624,-9.859909],[-74.903392,-9.838888],[-74.882351,-9.819738],[-74.859458,-9.844518],[-74.835003,-9.847106],[-74.830399,-9.833808],[-74.836239,-9.820048],[-74.826153,-9.819686],[-74.8156,-9.795428],[-74.821366,-9.78492],[-74.842523,-9.787459],[-74.847071,-9.780477],[-74.839296,-9.764927],[-74.843799,-9.749148],[-74.816844,-9.736434],[-74.828768,-9.703963],[-74.817752,-9.691264],[-74.821883,-9.677188],[-74.787478,-9.66577],[-74.764815,-9.635716],[-74.772486,-9.612379],[-74.755739,-9.606545],[-74.755849,-9.584049],[-74.735594,-9.574445],[-74.750523,-9.524607],[-74.741355,-9.516236],[-74.728821,-9.472412],[-74.694777,-9.447674],[-74.675961,-9.446914],[-74.70942,-9.42221],[-74.684744,-9.408871],[-74.672751,-9.388883],[-74.657834,-9.382013],[-74.654317,-9.368774],[-74.627374,-9.364775],[-74.625375,-9.350209],[-74.58715,-9.296607],[-74.589904,-9.267172],[-74.624467,-9.215562],[-74.639564,-9.159682],[-74.636539,-9.125511],[-74.671865,-9.110542],[-74.678094,-9.098131],[-74.651366,-9.048768],[-74.669164,-9.020257],[-74.66171,-9.00383],[-74.647875,-8.995768],[-74.65274,-8.979582],[-74.644311,-8.918783],[-74.623107,-8.880648],[-74.622254,-8.865496]]]}},{"type":"Feature","id":"1010","properties":{"ubigeo":"1010","nombre_departamento":"huanuco","nombre_provincia":"lauricocha","nombre_distrito":"","capital":"jesus"},"geometry":{"type":"Polygon","coordinates":[[[-76.654672,-9.908541],[-76.64108,-9.881695],[-76.660711,-9.868076],[-76.67832,-9.884582],[-76.682785,-9.913254],[-76.701629,-9.9286],[-76.72006,-9.898357],[-76.73349,-9.911828],[-76.736268,-9.934516],[-76.751135,-9.944779],[-76.76234,-9.940062],[-76.769137,-9.953713],[-76.779908,-9.957018],[-76.773289,-9.994396],[-76.790236,-10.005238],[-76.805547,-10.002123],[-76.824047,-10.010998],[-76.814965,-10.023432],[-76.807189,-10.084478],[-76.843238,-10.086785],[-76.85358,-10.101779],[-76.871338,-10.094301],[-76.879887,-10.116553],[-76.901943,-10.113342],[-76.915697,-10.120428],[-76.908535,-10.176783],[-76.916004,-10.225268],[-76.904842,-10.237697],[-76.906217,-10.274881],[-76.891023,-10.294744],[-76.894508,-10.304328],[-76.881367,-10.308508],[-76.87467,-10.320861],[-76.865852,-10.374844],[-76.856394,-10.377266],[-76.840498,-10.363332],[-76.831672,-10.393074],[-76.805676,-10.392299],[-76.799853,-10.439558],[-76.787387,-10.438652],[-76.77235,-10.464152],[-76.739615,-10.467061],[-76.729151,-10.479066],[-76.715664,-10.462465],[-76.700876,-10.461009],[-76.69682,-10.442486],[-76.665248,-10.438557],[-76.648976,-10.415836],[-76.620394,-10.415248],[-76.593359,-10.401494],[-76.59338,-10.38724],[-76.579254,-10.375875],[-76.558244,-10.39343],[-76.55188,-10.384644],[-76.531895,-10.386873],[-76.52384,-10.377216],[-76.490941,-10.378896],[-76.486582,-10.352436],[-76.472804,-10.337768],[-76.513338,-10.291064],[-76.512291,-10.242391],[-76.524695,-10.219344],[-76.517646,-10.18707],[-76.527799,-10.187498],[-76.53895,-10.16572],[-76.53484,-10.14006],[-76.54688,-10.11139],[-76.56829,-10.09585],[-76.597081,-10.100934],[-76.606102,-10.084623],[-76.597324,-10.041582],[-76.578447,-10.031449],[-76.585422,-10.011197],[-76.570598,-9.943725],[-76.586144,-9.944994],[-76.611551,-9.926881],[-76.635784,-9.931467],[-76.62654,-9.91919],[-76.65222,-9.91953],[-76.655912,-9.908955],[-76.654672,-9.908541]]]}},{"type":"Feature","id":"1011","properties":{"ubigeo":"1011","nombre_departamento":"huanuco","nombre_provincia":"yarowilca","nombre_distrito":"","capital":"chavinillo"},"geometry":{"type":"Polygon","coordinates":[[[-76.515568,-9.676014],[-76.526295,-9.665648],[-76.558883,-9.682705],[-76.598115,-9.672514],[-76.64447,-9.68777],[-76.66397,-9.67734],[-76.68972,-9.70154],[-76.70371,-9.68981],[-76.72276,-9.7038],[-76.70206,-9.746978],[-76.73576,-9.75298],[-76.73574,-9.79139],[-76.749759,-9.836755],[-76.758019,-9.842461],[-76.726705,-9.882148],[-76.70382,-9.928486],[-76.682785,-9.913254],[-76.67832,-9.884582],[-76.661467,-9.868133],[-76.64108,-9.881695],[-76.65939,-9.90886],[-76.65343,-9.91887],[-76.62654,-9.91919],[-76.635784,-9.931467],[-76.611551,-9.926881],[-76.586144,-9.944994],[-76.572377,-9.941613],[-76.570475,-9.959232],[-76.547521,-9.943143],[-76.546086,-9.919832],[-76.487371,-9.906486],[-76.46507,-9.89225],[-76.486696,-9.881466],[-76.499969,-9.836804],[-76.46982,-9.807873],[-76.463315,-9.761932],[-76.467158,-9.750201],[-76.483994,-9.740406],[-76.476807,-9.72475],[-76.464996,-9.721355],[-76.467973,-9.685004],[-76.476969,-9.673881],[-76.488477,-9.680664],[-76.498154,-9.673889],[-76.515519,-9.676398],[-76.515568,-9.676014]]]}},{"type":"Feature","id":"1101","properties":{"ubigeo":"1101","nombre_departamento":"ica","nombre_provincia":"ica","nombre_distrito":"","capital":"ica"},"geometry":{"type":"Polygon","coordinates":[[[-75.562086,-13.748164],[-75.570467,-13.742932],[-75.591234,-13.75816],[-75.608461,-13.785955],[-75.647996,-13.807439],[-75.701439,-13.817039],[-75.719928,-13.83433],[-75.77551,-13.84346],[-75.78895,-13.85646],[-75.81916,-13.851453],[-75.84834,-13.836215],[-75.884541,-13.855174],[-75.924807,-13.841387],[-75.939467,-13.850455],[-75.971225,-13.845943],[-75.991943,-13.833408],[-76.01575,-13.844254],[-76.027978,-13.840119],[-76.049144,-13.891568],[-76.060244,-13.901883],[-76.060301,-13.916332],[-76.025047,-13.959227],[-76.025451,-14.005025],[-76.001408,-14.019799],[-75.997719,-14.027762],[-76.005082,-14.039746],[-75.986092,-14.071748],[-76.02658,-14.108203],[-76.021836,-14.124514],[-76.071139,-14.203693],[-76.072328,-14.229041],[-76.038969,-14.272893],[-76.030396,-14.277127],[-76.02142,-14.270975],[-75.984131,-14.299652],[-75.982246,-14.325346],[-76.003928,-14.368939],[-76.003838,-14.391775],[-76.036678,-14.426055],[-75.972279,-14.470498],[-75.964783,-14.505893],[-75.974732,-14.524605],[-75.930455,-14.571275],[-75.927764,-14.642025],[-75.916766,-14.658906],[-75.855756,-14.694443],[-75.848906,-14.708441],[-75.855566,-14.716281],[-75.760309,-14.76141],[-75.682025,-14.817709],[-75.546963,-14.883033],[-75.494045,-14.92966],[-75.47371,-14.92326],[-75.44,-14.89492],[-75.443637,-14.887809],[-75.414732,-14.781736],[-75.432447,-14.754031],[-75.426439,-14.707167],[-75.410637,-14.68626],[-75.426488,-14.641353],[-75.403127,-14.627205],[-75.370883,-14.636578],[-75.360891,-14.62073],[-75.369353,-14.60148],[-75.362559,-14.569043],[-75.319137,-14.535295],[-75.30125,-14.47254],[-75.245535,-14.440817],[-75.249732,-14.428311],[-75.22792,-14.395406],[-75.217949,-14.353775],[-75.237884,-14.342596],[-75.229379,-14.231795],[-75.237129,-14.213441],[-75.229482,-14.178107],[-75.243043,-14.15243],[-75.226166,-14.126414],[-75.224404,-14.099404],[-75.239779,-14.08342],[-75.210555,-14.050441],[-75.261018,-14.040994],[-75.233443,-14.003285],[-75.251677,-13.997846],[-75.270425,-14.010594],[-75.329011,-14.018023],[-75.35568,-13.99577],[-75.35922,-13.9715],[-75.38169,-13.96276],[-75.43352,-13.91407],[-75.45722,-13.90546],[-75.4819,-13.9106],[-75.52206,-13.885115],[-75.54925,-13.88736],[-75.564828,-13.843487],[-75.53687,-13.83022],[-75.525246,-13.808212],[-75.541758,-13.781889],[-75.53759,-13.762396],[-75.561824,-13.748184],[-75.562086,-13.748164]]]}},{"type":"Feature","id":"1102","properties":{"ubigeo":"1102","nombre_departamento":"ica","nombre_provincia":"chincha","nombre_distrito":"","capital":"chincha alta"},"geometry":{"type":"Polygon","coordinates":[[[-75.611359,-12.966486],[-75.627652,-12.966776],[-75.638179,-12.974274],[-75.635171,-12.98658],[-75.667049,-12.996556],[-75.665728,-13.016489],[-75.686072,-13.025318],[-75.690549,-13.035105],[-75.72323,-13.038745],[-75.764588,-13.018236],[-75.772484,-13.037861],[-75.802062,-13.06043],[-75.807747,-13.05157],[-75.817923,-13.052149],[-75.824294,-13.030513],[-75.849653,-13.036181],[-75.878781,-13.015994],[-75.942897,-12.992233],[-75.961402,-13.001379],[-75.968614,-13.040836],[-76.011937,-13.085499],[-76.155253,-13.192201],[-76.16268,-13.22607],[-76.20288,-13.30168],[-76.244793,-13.323514],[-76.20984,-13.378072],[-76.190372,-13.434934],[-76.185066,-13.526836],[-76.191832,-13.593776],[-76.152459,-13.592416],[-76.087469,-13.564084],[-76.049746,-13.576939],[-76.037873,-13.56268],[-76.014346,-13.560441],[-75.986969,-13.571644],[-75.973312,-13.597725],[-75.963268,-13.599979],[-75.958682,-13.61999],[-75.945545,-13.618967],[-75.934881,-13.631447],[-75.899346,-13.626016],[-75.889057,-13.612594],[-75.86385,-13.61143],[-75.835033,-13.625234],[-75.814461,-13.619562],[-75.805094,-13.593141],[-75.813555,-13.578182],[-75.787219,-13.569973],[-75.784144,-13.558881],[-75.773178,-13.555934],[-75.752768,-13.514002],[-75.756191,-13.50123],[-75.732295,-13.493275],[-75.70751,-13.471787],[-75.709,-13.458762],[-75.689281,-13.43967],[-75.71883,-13.412576],[-75.744938,-13.404794],[-75.762523,-13.413766],[-75.805985,-13.401433],[-75.809658,-13.388856],[-75.78764,-13.33479],[-75.754159,-13.308939],[-75.730928,-13.310307],[-75.706481,-13.288287],[-75.702441,-13.226887],[-75.688949,-13.214274],[-75.70629,-13.187651],[-75.693993,-13.146628],[-75.70785,-13.142723],[-75.718768,-13.109765],[-75.705515,-13.080437],[-75.694962,-13.074792],[-75.686618,-13.043072],[-75.675636,-13.043747],[-75.68058,-13.070361],[-75.657995,-13.082328],[-75.65324,-13.07091],[-75.628608,-13.057067],[-75.639268,-13.032014],[-75.608643,-13.004055],[-75.602608,-12.980183],[-75.611026,-12.966789],[-75.611359,-12.966486]]]}},{"type":"Feature","id":"1103","properties":{"ubigeo":"1103","nombre_departamento":"ica","nombre_provincia":"nasca","nombre_distrito":"","capital":"nazca"},"geometry":{"type":"Polygon","coordinates":[[[-74.88952,-14.547405],[-74.902758,-14.546673],[-74.913392,-14.565616],[-74.946628,-14.580835],[-74.95892,-14.606451],[-74.978019,-14.602372],[-74.996197,-14.6119],[-75.010033,-14.606156],[-75.031765,-14.610657],[-75.053223,-14.627207],[-75.062873,-14.612068],[-75.065858,-14.574483],[-75.08009,-14.56901],[-75.090303,-14.580321],[-75.083306,-14.608976],[-75.095158,-14.623959],[-75.116562,-14.627873],[-75.132381,-14.644064],[-75.142211,-14.678842],[-75.154849,-14.677018],[-75.185584,-14.636894],[-75.226404,-14.644701],[-75.226547,-14.614643],[-75.239195,-14.591021],[-75.26975,-14.592736],[-75.332322,-14.615653],[-75.362113,-14.598472],[-75.363687,-14.58209],[-75.369353,-14.60148],[-75.360891,-14.62073],[-75.371867,-14.637529],[-75.399545,-14.626904],[-75.426488,-14.641353],[-75.410637,-14.68626],[-75.426439,-14.707167],[-75.432447,-14.754031],[-75.414732,-14.781736],[-75.443637,-14.887809],[-75.44,-14.89492],[-75.47371,-14.92326],[-75.494045,-14.92966],[-75.492752,-14.93965],[-75.503199,-14.947926],[-75.5,-14.966975],[-75.442693,-15.000592],[-75.433164,-15.026576],[-75.413574,-15.043123],[-75.409215,-15.06799],[-75.394785,-15.08067],[-75.392309,-15.100879],[-75.37134,-15.128148],[-75.370621,-15.152721],[-75.357924,-15.139947],[-75.348125,-15.148416],[-75.349496,-15.158332],[-75.336223,-15.146219],[-75.316869,-15.149932],[-75.27468,-15.16832],[-75.232205,-15.202769],[-75.21623,-15.233301],[-75.222809,-15.256381],[-75.263812,-15.251184],[-75.248648,-15.255295],[-75.229135,-15.28574],[-75.195926,-15.291152],[-75.169156,-15.307084],[-75.151779,-15.335451],[-75.156659,-15.356023],[-75.18583,-15.35508],[-75.194209,-15.368535],[-75.16151,-15.378129],[-75.15857,-15.392873],[-75.144684,-15.39381],[-75.140404,-15.407166],[-75.122191,-15.405861],[-75.099644,-15.423484],[-75.081912,-15.42401],[-75.071078,-15.435635],[-75.074516,-15.443375],[-75.045547,-15.43033],[-75.018486,-15.382414],[-75.016556,-15.351096],[-75.00388,-15.33023],[-74.968201,-15.299422],[-74.963638,-15.253899],[-74.929306,-15.192402],[-74.87735,-15.15368],[-74.855209,-15.15383],[-74.81592,-15.1395],[-74.758,-15.09284],[-74.669,-15.0537],[-74.665694,-14.997902],[-74.646303,-14.977893],[-74.659385,-14.970336],[-74.685329,-14.930154],[-74.662393,-14.900123],[-74.681066,-14.873083],[-74.675822,-14.862072],[-74.680961,-14.854279],[-74.69384,-14.838155],[-74.720795,-14.836728],[-74.73251,-14.84666],[-74.733404,-14.837916],[-74.74624,-14.84355],[-74.75458,-14.83529],[-74.751504,-14.827554],[-74.714397,-14.817801],[-74.747755,-14.813104],[-74.764702,-14.790456],[-74.755763,-14.783092],[-74.752692,-14.764041],[-74.738527,-14.753734],[-74.73434,-14.729791],[-74.715697,-14.709777],[-74.750807,-14.729389],[-74.77738,-14.729389],[-74.8027,-14.75215],[-74.825298,-14.736445],[-74.8311,-14.718299],[-74.845742,-14.707979],[-74.837798,-14.695791],[-74.848573,-14.672184],[-74.788166,-14.615563],[-74.859029,-14.60838],[-74.883965,-14.576223],[-74.876203,-14.553392],[-74.888572,-14.547427],[-74.88952,-14.547405]]]}},{"type":"Feature","id":"1104","properties":{"ubigeo":"1104","nombre_departamento":"ica","nombre_provincia":"palpa","nombre_distrito":"","capital":"palpa"},"geometry":{"type":"Polygon","coordinates":[[[-75.096359,-14.066299],[-75.108842,-14.032885],[-75.16568,-14.07253],[-75.186592,-14.054113],[-75.210555,-14.050441],[-75.239779,-14.08342],[-75.224404,-14.099404],[-75.226166,-14.126414],[-75.243043,-14.15243],[-75.229482,-14.178107],[-75.237129,-14.213441],[-75.229379,-14.231795],[-75.237884,-14.342596],[-75.217949,-14.353775],[-75.22792,-14.395406],[-75.249732,-14.428311],[-75.245535,-14.440817],[-75.30125,-14.47254],[-75.319137,-14.535295],[-75.363258,-14.570725],[-75.362113,-14.598472],[-75.332322,-14.615653],[-75.26975,-14.592736],[-75.238336,-14.591436],[-75.226547,-14.614643],[-75.226404,-14.644701],[-75.185584,-14.636894],[-75.154849,-14.677018],[-75.142211,-14.678842],[-75.132381,-14.644064],[-75.116562,-14.627873],[-75.095158,-14.623959],[-75.079949,-14.602311],[-75.090303,-14.580321],[-75.067144,-14.528571],[-75.086675,-14.530206],[-75.098138,-14.485097],[-75.068459,-14.458358],[-75.070191,-14.449158],[-75.052994,-14.43115],[-75.088969,-14.426409],[-75.105842,-14.434044],[-75.121943,-14.427276],[-75.119138,-14.421131],[-75.139826,-14.415908],[-75.105087,-14.358778],[-75.107912,-14.347016],[-75.093927,-14.312424],[-75.082211,-14.297282],[-75.049704,-14.286539],[-75.032198,-14.265679],[-75.039512,-14.254167],[-75.066043,-14.251611],[-75.073668,-14.235612],[-75.088722,-14.229822],[-75.07638,-14.165905],[-75.057433,-14.123954],[-75.0696,-14.079846],[-75.088502,-14.08157],[-75.096359,-14.066299]]]}},{"type":"Feature","id":"1105","properties":{"ubigeo":"1105","nombre_departamento":"ica","nombre_provincia":"pisco","nombre_distrito":"","capital":"pisco"},"geometry":{"type":"Polygon","coordinates":[[[-75.49825,-13.39115],[-75.492189,-13.377532],[-75.503244,-13.352765],[-75.50523,-13.371848],[-75.522349,-13.391338],[-75.53117,-13.389381],[-75.538064,-13.404756],[-75.585122,-13.402668],[-75.598172,-13.389807],[-75.614945,-13.416796],[-75.633422,-13.411183],[-75.651198,-13.426846],[-75.679798,-13.431236],[-75.708523,-13.457937],[-75.70751,-13.471787],[-75.732295,-13.493275],[-75.756191,-13.50123],[-75.752768,-13.514002],[-75.773178,-13.555934],[-75.784144,-13.558881],[-75.787219,-13.569973],[-75.813555,-13.578182],[-75.805125,-13.593775],[-75.81565,-13.620564],[-75.835033,-13.625234],[-75.86385,-13.61143],[-75.889057,-13.612594],[-75.899346,-13.626016],[-75.934881,-13.631447],[-75.945545,-13.618967],[-75.958682,-13.61999],[-75.963268,-13.599979],[-75.973312,-13.597725],[-75.986969,-13.571644],[-76.006668,-13.560971],[-76.037873,-13.56268],[-76.049746,-13.576939],[-76.087469,-13.564084],[-76.152459,-13.592416],[-76.191832,-13.593776],[-76.219834,-13.68162],[-76.222906,-13.727807],[-76.250518,-13.814657],[-76.247414,-13.830306],[-76.258148,-13.838729],[-76.250584,-13.853351],[-76.260373,-13.866543],[-76.297637,-13.838037],[-76.311648,-13.847074],[-76.288885,-13.797863],[-76.296418,-13.793277],[-76.370998,-13.806197],[-76.367637,-13.82792],[-76.385947,-13.843853],[-76.396475,-13.908764],[-76.362264,-13.91382],[-76.356006,-13.922805],[-76.339129,-13.915322],[-76.328078,-13.924883],[-76.316326,-13.915445],[-76.313639,-13.893367],[-76.298396,-13.893285],[-76.295572,-13.904627],[-76.281746,-13.912973],[-76.294781,-13.93092],[-76.273037,-13.951873],[-76.270768,-13.983543],[-76.285783,-13.996789],[-76.262625,-14.020232],[-76.270514,-14.036146],[-76.260633,-14.055768],[-76.276365,-14.061873],[-76.276131,-14.08249],[-76.29216,-14.089004],[-76.284443,-14.100014],[-76.279891,-14.127537],[-76.285764,-14.138221],[-76.278725,-14.15243],[-76.293381,-14.163252],[-76.275486,-14.182898],[-76.272146,-14.200199],[-76.253213,-14.160457],[-76.254934,-14.154912],[-76.256578,-14.167486],[-76.270926,-14.142156],[-76.259914,-14.142162],[-76.251982,-14.154394],[-76.225801,-14.150475],[-76.216437,-14.157635],[-76.217855,-14.167916],[-76.198043,-14.172766],[-76.19048,-14.198258],[-76.14357,-14.227621],[-76.105305,-14.314059],[-76.110955,-14.329221],[-76.14524,-14.330156],[-76.136518,-14.348811],[-76.066195,-14.386943],[-76.036678,-14.426055],[-76.003838,-14.391775],[-76.003928,-14.368939],[-75.98085,-14.315496],[-75.986176,-14.296318],[-76.007502,-14.287414],[-76.02142,-14.270975],[-76.030396,-14.277127],[-76.038969,-14.272893],[-76.072328,-14.229041],[-76.071139,-14.203693],[-76.021836,-14.124514],[-76.02658,-14.108203],[-75.986092,-14.071748],[-76.005082,-14.039746],[-75.997719,-14.027762],[-76.001408,-14.019799],[-76.025451,-14.005025],[-76.025047,-13.959227],[-76.058389,-13.924564],[-76.061437,-13.905144],[-76.047238,-13.887531],[-76.041184,-13.86107],[-76.027978,-13.840119],[-76.01575,-13.844254],[-75.991943,-13.833408],[-75.971225,-13.845943],[-75.939467,-13.850455],[-75.924807,-13.841387],[-75.884541,-13.855174],[-75.84834,-13.836215],[-75.81916,-13.851453],[-75.78895,-13.85646],[-75.77551,-13.84346],[-75.719928,-13.83433],[-75.701439,-13.817039],[-75.647996,-13.807439],[-75.608461,-13.785955],[-75.591234,-13.75816],[-75.570467,-13.742932],[-75.554582,-13.749571],[-75.533236,-13.744746],[-75.51591,-13.696393],[-75.501055,-13.686733],[-75.496209,-13.67333],[-75.488197,-13.675902],[-75.484562,-13.654708],[-75.519575,-13.603515],[-75.5107,-13.59018],[-75.50969,-13.56541],[-75.495822,-13.567054],[-75.47731,-13.525484],[-75.49499,-13.52428],[-75.46969,-13.48169],[-75.47344,-13.46326],[-75.46578,-13.43216],[-75.48519,-13.41572],[-75.4958,-13.39296],[-75.49825,-13.39115]]]}},{"type":"Feature","id":"1201","properties":{"ubigeo":"1201","nombre_departamento":"junin","nombre_provincia":"huancayo","nombre_distrito":"","capital":"huancayo"},"geometry":{"type":"Polygon","coordinates":[[[-74.678935,-11.664358],[-74.708077,-11.674771],[-74.721015,-11.664661],[-74.736804,-11.674874],[-74.743983,-11.70316],[-74.764939,-11.707169],[-74.774801,-11.723265],[-74.77874,-11.7412],[-74.76751,-11.76197],[-74.83935,-11.7628],[-74.84797,-11.77322],[-74.8689,-11.77747],[-74.850958,-11.802728],[-74.885359,-11.835596],[-74.887596,-11.846264],[-74.921486,-11.846087],[-74.951415,-11.826727],[-74.967278,-11.844802],[-74.99295,-11.816925],[-75.011621,-11.819986],[-75.045113,-11.85655],[-75.062486,-11.888961],[-75.089752,-11.83562],[-75.104507,-11.832698],[-75.129282,-11.842239],[-75.159783,-11.821565],[-75.178911,-11.793544],[-75.250709,-11.809936],[-75.26489,-11.836875],[-75.262851,-11.849575],[-75.274643,-11.862952],[-75.266603,-11.873055],[-75.294885,-11.887394],[-75.2941,-11.921655],[-75.312775,-11.938003],[-75.279201,-11.980519],[-75.303959,-11.98534],[-75.311,-12.007639],[-75.325065,-12.009327],[-75.313118,-12.033758],[-75.31651,-12.04147],[-75.291603,-12.05597],[-75.238786,-12.063067],[-75.23563,-12.070378],[-75.231842,-12.120402],[-75.240523,-12.149824],[-75.265299,-12.156766],[-75.27592,-12.17729],[-75.248544,-12.224024],[-75.246266,-12.249333],[-75.252035,-12.255185],[-75.264254,-12.24866],[-75.273909,-12.257638],[-75.271576,-12.266619],[-75.299848,-12.258266],[-75.303556,-12.271098],[-75.314612,-12.270145],[-75.357229,-12.308924],[-75.35254,-12.32761],[-75.3601,-12.33557],[-75.40998,-12.36396],[-75.44285,-12.36983],[-75.48812,-12.39835],[-75.55959,-12.41072],[-75.557408,-12.45659],[-75.535974,-12.518548],[-75.571841,-12.564068],[-75.566212,-12.572462],[-75.579379,-12.595081],[-75.579613,-12.641484],[-75.551537,-12.623475],[-75.52539,-12.618367],[-75.490854,-12.647937],[-75.483301,-12.677087],[-75.467201,-12.683331],[-75.452561,-12.657194],[-75.460794,-12.631386],[-75.442645,-12.617741],[-75.415383,-12.628417],[-75.409447,-12.58473],[-75.391908,-12.576213],[-75.367038,-12.542949],[-75.319339,-12.514503],[-75.32474,-12.485502],[-75.309487,-12.479127],[-75.297664,-12.485248],[-75.277441,-12.466797],[-75.251877,-12.46288],[-75.229649,-12.475572],[-75.215515,-12.463421],[-75.223488,-12.439077],[-75.213933,-12.413891],[-75.220085,-12.390455],[-75.18237,-12.36028],[-75.154141,-12.395699],[-75.13101,-12.3785],[-75.14014,-12.34141],[-75.098928,-12.285318],[-75.105221,-12.271142],[-75.100447,-12.251101],[-75.08551,-12.236728],[-75.071628,-12.235203],[-75.059053,-12.205473],[-75.049357,-12.201343],[-75.048921,-12.167548],[-75.072621,-12.1578],[-75.076945,-12.147146],[-75.06292,-12.134716],[-75.070947,-12.112933],[-75.065164,-12.091917],[-75.07383,-12.061311],[-75.086401,-12.053256],[-75.047053,-12.011564],[-75.048952,-11.999228],[-75.026815,-12.002196],[-75.021942,-12.013072],[-74.997754,-12.02108],[-74.939016,-12.018356],[-74.870774,-12.065992],[-74.837374,-12.070818],[-74.81875,-12.05353],[-74.79428,-12.05829],[-74.74451,-12.0409],[-74.72009,-12.05913],[-74.71069,-12.0572],[-74.68336,-12.03814],[-74.6792,-12.01826],[-74.66143,-12.00561],[-74.657573,-11.992684],[-74.63181,-11.98534],[-74.612545,-11.987979],[-74.603552,-11.999541],[-74.59275,-11.995496],[-74.594113,-11.986975],[-74.571707,-11.984809],[-74.557678,-12.000949],[-74.543074,-11.984049],[-74.507648,-11.987082],[-74.498842,-11.954432],[-74.504792,-11.937673],[-74.487834,-11.923095],[-74.490512,-11.913674],[-74.507848,-11.915968],[-74.533663,-11.878732],[-74.577889,-11.882385],[-74.581278,-11.8548],[-74.596732,-11.842777],[-74.596129,-11.819188],[-74.610643,-11.807386],[-74.606337,-11.793109],[-74.6394,-11.741227],[-74.650279,-11.736309],[-74.642541,-11.700954],[-74.678646,-11.668189],[-74.678935,-11.664358]]]}},{"type":"Feature","id":"1202","properties":{"ubigeo":"1202","nombre_departamento":"junin","nombre_provincia":"concepcion","nombre_distrito":"","capital":"concepcion"},"geometry":{"type":"Polygon","coordinates":[[[-74.985771,-11.439754],[-75.000285,-11.426764],[-75.012332,-11.446327],[-75.032783,-11.455055],[-75.035951,-11.473197],[-75.055355,-11.470814],[-75.061957,-11.486893],[-75.100105,-11.497445],[-75.13202,-11.52405],[-75.162946,-11.534943],[-75.173215,-11.565114],[-75.18761,-11.574897],[-75.18737,-11.588629],[-75.202634,-11.599202],[-75.194916,-11.625311],[-75.21156,-11.624857],[-75.217343,-11.637093],[-75.212201,-11.650838],[-75.224277,-11.663727],[-75.191613,-11.708911],[-75.20132,-11.74944],[-75.18693,-11.77612],[-75.23263,-11.76579],[-75.237571,-11.780839],[-75.26923,-11.79903],[-75.266235,-11.812498],[-75.305267,-11.830972],[-75.31189,-11.858277],[-75.337336,-11.856812],[-75.368818,-11.868777],[-75.376132,-11.86356],[-75.400995,-11.874244],[-75.357862,-11.900304],[-75.393082,-11.926055],[-75.407535,-11.924743],[-75.40803,-11.934853],[-75.433879,-11.955225],[-75.452287,-11.958592],[-75.462079,-11.935815],[-75.481001,-11.936761],[-75.49927,-11.96641],[-75.46936,-11.99009],[-75.48951,-12.00746],[-75.53685,-12.02733],[-75.57494,-12.01332],[-75.588037,-12.000381],[-75.609793,-12.007509],[-75.622764,-12.022297],[-75.656525,-12.008666],[-75.686526,-12.012521],[-75.682986,-12.035674],[-75.694305,-12.042691],[-75.673824,-12.058349],[-75.688222,-12.082133],[-75.663582,-12.090927],[-75.634563,-12.114639],[-75.638703,-12.121532],[-75.627523,-12.14174],[-75.585863,-12.145149],[-75.579636,-12.157903],[-75.535202,-12.187003],[-75.52569,-12.16415],[-75.53239,-12.1457],[-75.51821,-12.12173],[-75.47813,-12.10474],[-75.47239,-12.08659],[-75.45849,-12.07884],[-75.45992,-12.06672],[-75.420824,-12.059975],[-75.388883,-12.033159],[-75.374627,-12.0351],[-75.332769,-12.008704],[-75.311,-12.007639],[-75.303959,-11.98534],[-75.279457,-11.981197],[-75.312775,-11.938003],[-75.2941,-11.921655],[-75.294885,-11.887394],[-75.266603,-11.873055],[-75.274643,-11.862952],[-75.262851,-11.849575],[-75.26489,-11.836875],[-75.250709,-11.809936],[-75.178911,-11.793544],[-75.159783,-11.821565],[-75.129282,-11.842239],[-75.104507,-11.832698],[-75.089752,-11.83562],[-75.062486,-11.888961],[-75.015604,-11.821252],[-74.99295,-11.816925],[-74.967278,-11.844802],[-74.951415,-11.826727],[-74.921486,-11.846087],[-74.887721,-11.846295],[-74.885359,-11.835596],[-74.850958,-11.802728],[-74.8689,-11.77747],[-74.84797,-11.77322],[-74.83935,-11.7628],[-74.76751,-11.76197],[-74.77874,-11.7412],[-74.774801,-11.723265],[-74.764939,-11.707169],[-74.743983,-11.70316],[-74.737375,-11.675618],[-74.718179,-11.659919],[-74.725142,-11.613998],[-74.747576,-11.605187],[-74.761853,-11.611992],[-74.766009,-11.5984],[-74.786267,-11.60346],[-74.810003,-11.587255],[-74.820246,-11.588362],[-74.849692,-11.562575],[-74.910637,-11.528549],[-74.918279,-11.529049],[-74.932682,-11.555894],[-74.941664,-11.556528],[-74.941862,-11.565348],[-74.970949,-11.571098],[-74.974962,-11.550762],[-74.963042,-11.528265],[-74.947813,-11.517867],[-74.954143,-11.503947],[-74.9179,-11.490533],[-74.914949,-11.480023],[-74.950756,-11.462693],[-74.972937,-11.438176],[-74.984811,-11.439855],[-74.985771,-11.439754]]]}},{"type":"Feature","id":"1203","properties":{"ubigeo":"1203","nombre_departamento":"junin","nombre_provincia":"chanchamayo","nombre_distrito":"","capital":"la merced"},"geometry":{"type":"Polygon","coordinates":[[[-75.035639,-10.682318],[-75.065073,-10.652894],[-75.074316,-10.66581],[-75.071623,-10.67785],[-75.088447,-10.683537],[-75.10964,-10.723993],[-75.14233,-10.74125],[-75.15708,-10.76198],[-75.176646,-10.749902],[-75.189949,-10.780402],[-75.204184,-10.764676],[-75.2439,-10.763881],[-75.247959,-10.803101],[-75.26425,-10.828051],[-75.283891,-10.841451],[-75.304275,-10.838236],[-75.337816,-10.801276],[-75.348519,-10.800641],[-75.361879,-10.81917],[-75.354728,-10.82854],[-75.362738,-10.850112],[-75.385727,-10.864937],[-75.4024,-10.855169],[-75.417815,-10.890241],[-75.436852,-10.879502],[-75.45335,-10.900295],[-75.435524,-10.912132],[-75.422344,-10.957286],[-75.440541,-10.969215],[-75.455011,-10.999167],[-75.445203,-11.007031],[-75.451776,-11.01589],[-75.464115,-11.024213],[-75.481934,-11.016164],[-75.499358,-11.022811],[-75.528693,-11.050571],[-75.58367,-11.050687],[-75.602294,-11.0744],[-75.624644,-11.077262],[-75.66739,-11.098273],[-75.669647,-11.115306],[-75.655834,-11.121346],[-75.637676,-11.164202],[-75.620202,-11.155184],[-75.602207,-11.172492],[-75.583935,-11.167903],[-75.59056,-11.19145],[-75.58183,-11.22709],[-75.50556,-11.22428],[-75.43479,-11.258208],[-75.313668,-11.299199],[-75.028404,-11.350232],[-75.025772,-11.339707],[-75.051001,-11.308687],[-75.04416,-11.297586],[-75.037772,-11.304132],[-75.01153,-11.29561],[-74.96824,-11.3003],[-74.89036,-11.27009],[-74.89487,-11.24627],[-74.88809,-11.23954],[-74.892393,-11.233429],[-74.90336,-11.23744],[-74.91106,-11.21575],[-74.90286,-11.20171],[-74.90499,-11.18696],[-74.89143,-11.18929],[-74.89914,-11.16666],[-74.878,-11.16238],[-74.85967,-11.14381],[-74.85424,-11.148],[-74.84332,-11.12569],[-74.8392,-11.13096],[-74.8371,-11.12367],[-74.8162,-11.12352],[-74.81042,-11.10794],[-74.79178,-11.09776],[-74.7857,-11.10192],[-74.76265,-11.07201],[-74.74654,-11.07029],[-74.75236,-11.034666],[-74.74742,-11.01105],[-74.717789,-11.02062],[-74.685442,-11.009986],[-74.646076,-11.008851],[-74.622617,-10.975861],[-74.628776,-10.964113],[-74.659903,-10.95293],[-74.69875,-10.956551],[-74.69375,-10.93307],[-74.702019,-10.915],[-74.69534,-10.893941],[-74.707947,-10.858165],[-74.734313,-10.833332],[-74.760363,-10.825142],[-74.794827,-10.829872],[-74.831311,-10.780536],[-74.851135,-10.73297],[-74.878165,-10.700699],[-74.887539,-10.710736],[-74.865936,-10.758972],[-74.88563,-10.770615],[-74.913285,-10.748385],[-74.91801,-10.75513],[-74.93829,-10.749602],[-74.956482,-10.732824],[-74.982818,-10.749787],[-74.987342,-10.734157],[-75.00649,-10.718802],[-75.011729,-10.679526],[-75.020701,-10.673694],[-75.034356,-10.682508],[-75.035639,-10.682318]]]}},{"type":"Feature","id":"1204","properties":{"ubigeo":"1204","nombre_departamento":"junin","nombre_provincia":"jauja","nombre_distrito":"","capital":"jauja"},"geometry":{"type":"Polygon","coordinates":[[[-75.43479,-11.258208],[-75.433591,-11.265928],[-75.446997,-11.271738],[-75.438012,-11.287944],[-75.443655,-11.302017],[-75.433622,-11.308608],[-75.43096,-11.33231],[-75.404189,-11.340457],[-75.40381,-11.363591],[-75.409666,-11.387772],[-75.429795,-11.39149],[-75.461258,-11.428938],[-75.457466,-11.453433],[-75.479465,-11.485754],[-75.471644,-11.496],[-75.474099,-11.521661],[-75.498031,-11.509272],[-75.511387,-11.51666],[-75.530032,-11.493862],[-75.54721,-11.50359],[-75.547409,-11.525988],[-75.57301,-11.54249],[-75.549333,-11.587502],[-75.553915,-11.60114],[-75.575757,-11.581559],[-75.582294,-11.595388],[-75.599305,-11.577164],[-75.626219,-11.588775],[-75.639572,-11.564061],[-75.649193,-11.570153],[-75.679011,-11.56699],[-75.691672,-11.556297],[-75.709976,-11.56713],[-75.726747,-11.526716],[-75.734931,-11.522723],[-75.749466,-11.542362],[-75.770552,-11.536893],[-75.799774,-11.543048],[-75.756185,-11.640252],[-75.731542,-11.659666],[-75.715375,-11.700753],[-75.700484,-11.713522],[-75.741815,-11.749333],[-75.756183,-11.776035],[-75.779359,-11.776439],[-75.796454,-11.78972],[-75.813634,-11.789821],[-75.832262,-11.769849],[-75.855042,-11.76759],[-75.893076,-11.783552],[-75.901467,-11.823789],[-75.895592,-11.844922],[-75.905159,-11.872838],[-75.955747,-11.870493],[-75.993476,-11.899628],[-76.015268,-11.904074],[-76.02433,-11.897635],[-76.035234,-11.931497],[-76.051861,-11.938962],[-76.052585,-11.948236],[-76.014254,-11.98433],[-76.000711,-11.985081],[-75.99318,-11.99468],[-75.975305,-11.983941],[-75.95426,-11.986176],[-75.948584,-11.994402],[-75.924053,-11.984252],[-75.904147,-11.998397],[-75.884288,-11.993631],[-75.842549,-12.006453],[-75.83356,-12.024702],[-75.818937,-12.013737],[-75.765663,-12.059627],[-75.751123,-12.054857],[-75.742039,-12.036547],[-75.699776,-12.047664],[-75.683075,-12.035979],[-75.687729,-12.013449],[-75.674857,-12.008079],[-75.622764,-12.022297],[-75.609793,-12.007509],[-75.588037,-12.000381],[-75.57494,-12.01332],[-75.53469,-12.02725],[-75.50831,-12.00995],[-75.48951,-12.00746],[-75.46936,-11.99009],[-75.49927,-11.96641],[-75.481001,-11.936761],[-75.462079,-11.935815],[-75.452287,-11.958592],[-75.433879,-11.955225],[-75.40803,-11.934853],[-75.407535,-11.924743],[-75.393082,-11.926055],[-75.357862,-11.900304],[-75.400995,-11.874244],[-75.376132,-11.86356],[-75.368818,-11.868777],[-75.337336,-11.856812],[-75.31189,-11.858277],[-75.305267,-11.830972],[-75.266235,-11.812498],[-75.26923,-11.79903],[-75.237571,-11.780839],[-75.23263,-11.76579],[-75.18693,-11.77612],[-75.20132,-11.74944],[-75.191613,-11.708911],[-75.224277,-11.663727],[-75.212201,-11.650838],[-75.217343,-11.637093],[-75.21156,-11.624857],[-75.194916,-11.625311],[-75.202634,-11.599202],[-75.18737,-11.588629],[-75.18761,-11.574897],[-75.173215,-11.565114],[-75.162946,-11.534943],[-75.13202,-11.52405],[-75.100105,-11.497445],[-75.061957,-11.486893],[-75.055355,-11.470814],[-75.035951,-11.473197],[-75.032783,-11.455055],[-75.012332,-11.446327],[-75.000285,-11.426764],[-74.985771,-11.439754],[-74.972937,-11.438176],[-74.998664,-11.397218],[-74.987782,-11.374838],[-75.000661,-11.360961],[-75.028404,-11.350232],[-75.30659,-11.30085],[-75.378401,-11.277953],[-75.43479,-11.258208]]]}},{"type":"Feature","id":"1205","properties":{"ubigeo":"1205","nombre_departamento":"junin","nombre_provincia":"junin","nombre_distrito":"","capital":"junin"},"geometry":{"type":"Polygon","coordinates":[[[-75.55366,-10.74525],[-75.568121,-10.727158],[-75.584096,-10.801567],[-75.606622,-10.823116],[-75.649769,-10.82338],[-75.678549,-10.84018],[-75.692963,-10.835139],[-75.693253,-10.817219],[-75.732807,-10.809264],[-75.75857,-10.83009],[-75.789141,-10.825271],[-75.815447,-10.846982],[-75.815579,-10.872493],[-75.838381,-10.886299],[-75.858259,-10.867857],[-75.864782,-10.876586],[-75.87607,-10.867495],[-75.91316,-10.872001],[-75.935924,-10.889723],[-75.937146,-10.871508],[-75.955732,-10.858778],[-75.961628,-10.84396],[-75.992672,-10.820985],[-76.006031,-10.828201],[-76.04551,-10.88074],[-76.08214,-10.89514],[-76.1229,-10.96211],[-76.122525,-10.967596],[-76.110588,-10.962059],[-76.10917,-10.971459],[-76.073082,-10.974338],[-76.048965,-10.998484],[-76.044578,-11.024732],[-76.017609,-11.025736],[-76.011383,-11.032494],[-76.009406,-11.048209],[-76.028908,-11.065459],[-76.027947,-11.085275],[-76.064422,-11.095439],[-76.066955,-11.114473],[-76.096396,-11.108381],[-76.096367,-11.120787],[-76.122025,-11.101207],[-76.121887,-11.085644],[-76.147506,-11.078723],[-76.156699,-11.055818],[-76.191445,-11.029152],[-76.248016,-10.933182],[-76.25915,-10.921763],[-76.276807,-10.919057],[-76.27672,-10.950351],[-76.265482,-10.959578],[-76.272948,-10.971019],[-76.263746,-10.998587],[-76.255671,-11.002395],[-76.259951,-11.015006],[-76.253443,-11.022878],[-76.259668,-11.027402],[-76.23957,-11.049199],[-76.24955,-11.10693],[-76.21282,-11.15228],[-76.20222,-11.14997],[-76.20829,-11.17005],[-76.198081,-11.17161],[-76.194827,-11.18167],[-76.181553,-11.180758],[-76.193084,-11.20156],[-76.182641,-11.21783],[-76.167568,-11.221331],[-76.17737,-11.242371],[-76.16514,-11.27047],[-76.14112,-11.29433],[-76.13698,-11.31465],[-76.10812,-11.33549],[-76.105439,-11.352952],[-76.0824,-11.38796],[-76.062214,-11.384629],[-76.046521,-11.371709],[-76.02759,-11.37986],[-76.013312,-11.375672],[-76.005369,-11.364712],[-75.969818,-11.35264],[-75.959846,-11.332916],[-75.890135,-11.333155],[-75.97208,-11.213894],[-75.92204,-11.21975],[-75.901259,-11.199871],[-75.904471,-11.175634],[-75.88457,-11.157849],[-75.884314,-11.143545],[-75.861201,-11.144788],[-75.852193,-11.119709],[-75.83894,-11.119414],[-75.832769,-11.052309],[-75.813464,-11.05072],[-75.817166,-11.034436],[-75.784061,-10.997493],[-75.761598,-11.010332],[-75.73219,-11.00149],[-75.667689,-10.94925],[-75.649699,-10.95917],[-75.61548,-10.961021],[-75.599549,-10.954391],[-75.557316,-10.957197],[-75.536641,-10.948281],[-75.50281,-10.96207],[-75.494604,-10.923035],[-75.465972,-10.909375],[-75.465222,-10.901127],[-75.45335,-10.900295],[-75.437641,-10.879813],[-75.417815,-10.890241],[-75.40934,-10.845209],[-75.39076,-10.83226],[-75.386939,-10.799451],[-75.39481,-10.759141],[-75.43591,-10.747461],[-75.460789,-10.749771],[-75.476369,-10.781201],[-75.49025,-10.75683],[-75.514469,-10.756371],[-75.54248,-10.740971],[-75.553369,-10.74526],[-75.55366,-10.74525]]]}},{"type":"Feature","id":"1206","properties":{"ubigeo":"1206","nombre_departamento":"junin","nombre_provincia":"satipo","nombre_distrito":"","capital":"satipo"},"geometry":{"type":"Polygon","coordinates":[[[-73.677516,-10.789927],[-73.731742,-10.753818],[-73.744434,-10.734018],[-73.781986,-10.750625],[-73.778368,-10.774529],[-73.786939,-10.794139],[-73.814217,-10.799896],[-73.822158,-10.836072],[-73.816012,-10.857368],[-73.820774,-10.879014],[-73.813005,-10.889241],[-73.826749,-10.911354],[-73.82366,-10.921579],[-73.855748,-10.956966],[-73.862202,-10.978775],[-73.865647,-11.09868],[-73.852696,-11.164262],[-73.859333,-11.16811],[-73.890614,-11.169653],[-73.916487,-11.143102],[-73.934736,-11.142342],[-73.942528,-11.15135],[-73.957378,-11.148136],[-73.978272,-11.120627],[-73.983735,-11.092032],[-73.978838,-11.069038],[-74.007202,-10.991308],[-74.061358,-10.995745],[-74.102906,-10.986404],[-74.137384,-10.988694],[-74.155653,-10.998761],[-74.19087,-10.985997],[-74.202767,-11.021013],[-74.256436,-11.018223],[-74.281507,-11.033126],[-74.31645,-11.036713],[-74.341634,-11.054773],[-74.373168,-11.05662],[-74.45031,-11.001867],[-74.496472,-11.000239],[-74.508384,-10.9503],[-74.562363,-10.913682],[-74.614102,-10.904625],[-74.632807,-10.886812],[-74.635391,-10.872041],[-74.649298,-10.867071],[-74.679181,-10.879071],[-74.681347,-10.889157],[-74.700174,-10.877893],[-74.69534,-10.893941],[-74.702019,-10.915],[-74.69375,-10.93307],[-74.69875,-10.956551],[-74.660446,-10.952833],[-74.627763,-10.965109],[-74.622637,-10.976519],[-74.644087,-11.007704],[-74.717789,-11.02062],[-74.74742,-11.01105],[-74.75236,-11.034666],[-74.74654,-11.07029],[-74.76265,-11.07201],[-74.7857,-11.10192],[-74.79178,-11.09776],[-74.81042,-11.10794],[-74.8162,-11.12352],[-74.8371,-11.12367],[-74.8392,-11.13096],[-74.84332,-11.12569],[-74.85424,-11.148],[-74.85967,-11.14381],[-74.878,-11.16238],[-74.89914,-11.16666],[-74.89143,-11.18929],[-74.90499,-11.18696],[-74.90286,-11.20171],[-74.91106,-11.21575],[-74.90336,-11.23744],[-74.892393,-11.233429],[-74.88809,-11.23954],[-74.89487,-11.24627],[-74.89036,-11.27009],[-74.9575,-11.29808],[-75.01552,-11.29584],[-75.037772,-11.304132],[-75.04416,-11.297586],[-75.050969,-11.307855],[-75.025772,-11.339707],[-75.028404,-11.350232],[-75.000661,-11.360961],[-74.987782,-11.374838],[-74.998664,-11.397218],[-74.962525,-11.452491],[-74.914949,-11.480023],[-74.9179,-11.490533],[-74.954143,-11.503947],[-74.947813,-11.517867],[-74.963042,-11.528265],[-74.974962,-11.550762],[-74.970949,-11.571098],[-74.941862,-11.565348],[-74.941664,-11.556528],[-74.932682,-11.555894],[-74.918279,-11.529049],[-74.910637,-11.528549],[-74.849692,-11.562575],[-74.820246,-11.588362],[-74.810003,-11.587255],[-74.786267,-11.60346],[-74.766009,-11.5984],[-74.761853,-11.611992],[-74.747576,-11.605187],[-74.725142,-11.613998],[-74.721015,-11.664661],[-74.708077,-11.674771],[-74.679633,-11.661254],[-74.642541,-11.700954],[-74.650279,-11.736309],[-74.6394,-11.741227],[-74.606337,-11.793109],[-74.610643,-11.807386],[-74.596129,-11.819188],[-74.596732,-11.842777],[-74.581278,-11.8548],[-74.577889,-11.882385],[-74.533663,-11.878732],[-74.507848,-11.915968],[-74.490512,-11.913674],[-74.487834,-11.923095],[-74.504792,-11.937673],[-74.498842,-11.954432],[-74.504811,-11.983278],[-74.543074,-11.984049],[-74.548999,-11.99699],[-74.487616,-12.033713],[-74.480682,-12.026587],[-74.454376,-12.033946],[-74.453068,-12.048621],[-74.442478,-12.045037],[-74.433122,-12.069891],[-74.421371,-12.067526],[-74.414221,-12.076463],[-74.41952,-12.093776],[-74.41031,-12.106485],[-74.398816,-12.103611],[-74.363484,-12.137843],[-74.351716,-12.13698],[-74.361305,-12.155223],[-74.343299,-12.169089],[-74.351701,-12.178],[-74.344239,-12.195327],[-74.334185,-12.194464],[-74.329734,-12.211239],[-74.336521,-12.214933],[-74.330358,-12.221926],[-74.316831,-12.231319],[-74.311585,-12.223787],[-74.29085,-12.223405],[-74.284072,-12.240643],[-74.26983,-12.239348],[-74.257539,-12.256442],[-74.247756,-12.258043],[-74.24551,-12.269479],[-74.232632,-12.267506],[-74.218043,-12.27808],[-74.218702,-12.301736],[-74.188263,-12.303056],[-74.182027,-12.317272],[-74.166228,-12.312397],[-74.146156,-12.324383],[-74.13116,-12.314605],[-74.129783,-12.331222],[-74.121439,-12.333601],[-74.104121,-12.313243],[-74.097354,-12.283709],[-74.059282,-12.276551],[-74.039787,-12.261409],[-74.021875,-12.277364],[-73.99985,-12.283577],[-73.987497,-12.271665],[-73.980452,-12.242588],[-73.972229,-12.294335],[-73.95251,-12.281184],[-73.924929,-12.283185],[-73.883336,-12.262246],[-73.871819,-12.245399],[-73.834224,-12.242949],[-73.795624,-12.262284],[-73.761759,-12.252921],[-73.736941,-12.266787],[-73.704538,-12.269446],[-73.689067,-12.299406],[-73.659916,-12.328748],[-73.657694,-12.359539],[-73.636501,-12.378785],[-73.61601,-12.376174],[-73.60376,-12.386986],[-73.58617,-12.36658],[-73.592053,-12.334235],[-73.574326,-12.276842],[-73.558947,-12.274888],[-73.548121,-12.26093],[-73.521704,-12.249981],[-73.497834,-12.252375],[-73.469865,-12.236894],[-73.469648,-12.219966],[-73.439521,-12.152008],[-73.361091,-12.134293],[-73.356121,-12.111076],[-73.401015,-12.090834],[-73.39123,-12.075711],[-73.40845,-12.064205],[-73.397885,-12.020943],[-73.405314,-12.005494],[-73.421446,-12.015442],[-73.436069,-11.99585],[-73.430101,-11.982101],[-73.445185,-11.961039],[-73.442724,-11.939315],[-73.462659,-11.929808],[-73.499022,-11.871018],[-73.558836,-11.850888],[-73.577505,-11.836485],[-73.580817,-11.824081],[-73.580052,-11.770285],[-73.570523,-11.76289],[-73.571937,-11.742627],[-73.612081,-11.67976],[-73.60827,-11.66016],[-73.559651,-11.592051],[-73.502332,-11.563162],[-73.487126,-11.534916],[-73.450402,-11.533068],[-73.453813,-11.505327],[-73.479831,-11.469905],[-73.469046,-11.445225],[-73.456763,-11.442116],[-73.443303,-11.409679],[-73.419753,-11.38297],[-73.449759,-11.368083],[-73.467869,-11.343651],[-73.479534,-11.353973],[-73.484561,-11.350264],[-73.484129,-11.318531],[-73.459194,-11.300924],[-73.463231,-11.284409],[-73.449867,-11.225583],[-73.475186,-11.128356],[-73.466781,-11.119072],[-73.471974,-11.084989],[-73.482603,-11.065242],[-73.542579,-11.047424],[-73.540993,-11.022098],[-73.553012,-11.014052],[-73.558779,-10.974963],[-73.572287,-10.955814],[-73.564259,-10.934033],[-73.560261,-10.860609],[-73.610396,-10.846574],[-73.676775,-10.790076],[-73.677516,-10.789927]]]}},{"type":"Feature","id":"1207","properties":{"ubigeo":"1207","nombre_departamento":"junin","nombre_provincia":"tarma","nombre_distrito":"","capital":"tarma"},"geometry":{"type":"Polygon","coordinates":[[[-75.453278,-10.901108],[-75.465222,-10.901127],[-75.465972,-10.909375],[-75.494604,-10.923035],[-75.50281,-10.96207],[-75.536641,-10.948281],[-75.557316,-10.957197],[-75.599549,-10.954391],[-75.61548,-10.961021],[-75.649699,-10.95917],[-75.667689,-10.94925],[-75.73219,-11.00149],[-75.761598,-11.010332],[-75.784061,-10.997493],[-75.817166,-11.034436],[-75.813464,-11.05072],[-75.832769,-11.052309],[-75.83894,-11.119414],[-75.852193,-11.119709],[-75.861201,-11.144788],[-75.884314,-11.143545],[-75.88457,-11.157849],[-75.904471,-11.175634],[-75.901259,-11.199871],[-75.92204,-11.21975],[-75.97208,-11.213894],[-75.890135,-11.333155],[-75.96019,-11.333324],[-75.908946,-11.375818],[-75.91267,-11.384491],[-75.882694,-11.40318],[-75.916383,-11.415832],[-75.914969,-11.430509],[-75.902909,-11.438342],[-75.87092,-11.507081],[-75.857217,-11.506519],[-75.811621,-11.546932],[-75.770552,-11.536893],[-75.749466,-11.542362],[-75.734931,-11.522723],[-75.726747,-11.526716],[-75.709976,-11.56713],[-75.691672,-11.556297],[-75.679011,-11.56699],[-75.649193,-11.570153],[-75.639572,-11.564061],[-75.626219,-11.588775],[-75.599305,-11.577164],[-75.582294,-11.595388],[-75.575757,-11.581559],[-75.553915,-11.60114],[-75.549333,-11.587502],[-75.57301,-11.54249],[-75.547409,-11.525988],[-75.54721,-11.50359],[-75.530032,-11.493862],[-75.511387,-11.51666],[-75.498031,-11.509272],[-75.473951,-11.521409],[-75.471644,-11.496],[-75.479465,-11.485754],[-75.457466,-11.453433],[-75.461258,-11.428938],[-75.429795,-11.39149],[-75.409666,-11.387772],[-75.40381,-11.363591],[-75.404189,-11.340457],[-75.43096,-11.33231],[-75.433622,-11.308608],[-75.443655,-11.302017],[-75.438012,-11.287944],[-75.446997,-11.271738],[-75.433917,-11.259834],[-75.50556,-11.22428],[-75.58183,-11.22709],[-75.59056,-11.19145],[-75.583935,-11.167903],[-75.602207,-11.172492],[-75.620202,-11.155184],[-75.637676,-11.164202],[-75.670907,-11.103755],[-75.624644,-11.077262],[-75.602294,-11.0744],[-75.58367,-11.050687],[-75.528693,-11.050571],[-75.499358,-11.022811],[-75.481934,-11.016164],[-75.464115,-11.024213],[-75.451776,-11.01589],[-75.445203,-11.007031],[-75.455011,-10.999167],[-75.440541,-10.969215],[-75.422344,-10.957286],[-75.435524,-10.912132],[-75.45224,-10.901753],[-75.453278,-10.901108]]]}},{"type":"Feature","id":"1208","properties":{"ubigeo":"1208","nombre_departamento":"junin","nombre_provincia":"yauli","nombre_distrito":"","capital":"la oroya"},"geometry":{"type":"Polygon","coordinates":[[[-76.382865,-11.074897],[-76.39235,-11.070422],[-76.433662,-11.080094],[-76.446807,-11.071247],[-76.461197,-11.084129],[-76.490956,-11.089097],[-76.495659,-11.109553],[-76.518998,-11.116754],[-76.505175,-11.143788],[-76.505563,-11.173665],[-76.492077,-11.189314],[-76.494209,-11.20974],[-76.483199,-11.236943],[-76.490715,-11.246596],[-76.477091,-11.263913],[-76.456932,-11.272521],[-76.463422,-11.270661],[-76.47847,-11.292046],[-76.450973,-11.343904],[-76.430352,-11.345864],[-76.422684,-11.354855],[-76.420057,-11.375093],[-76.401418,-11.402852],[-76.411648,-11.415885],[-76.394341,-11.445007],[-76.377408,-11.444221],[-76.371485,-11.47648],[-76.38099,-11.486045],[-76.376839,-11.501489],[-76.359399,-11.522867],[-76.350646,-11.520414],[-76.350002,-11.542298],[-76.32786,-11.544323],[-76.317514,-11.5627],[-76.30437,-11.567528],[-76.29765,-11.596174],[-76.273086,-11.582006],[-76.264729,-11.567194],[-76.237414,-11.569009],[-76.228744,-11.553811],[-76.187707,-11.59279],[-76.179551,-11.612873],[-76.198906,-11.625938],[-76.188292,-11.642387],[-76.204883,-11.659531],[-76.193297,-11.673487],[-76.196686,-11.692565],[-76.207503,-11.699786],[-76.202328,-11.728049],[-76.17538,-11.750375],[-76.154381,-11.781389],[-76.137328,-11.780511],[-76.094435,-11.848468],[-76.058179,-11.879958],[-76.049768,-11.901087],[-76.058221,-11.912809],[-76.055164,-11.937927],[-76.035234,-11.931497],[-76.02433,-11.897635],[-76.015268,-11.904074],[-75.993476,-11.899628],[-75.955747,-11.870493],[-75.905159,-11.872838],[-75.895592,-11.844922],[-75.901467,-11.823789],[-75.893144,-11.783629],[-75.8777,-11.772401],[-75.834708,-11.768711],[-75.816159,-11.788997],[-75.79782,-11.790244],[-75.779359,-11.776439],[-75.755217,-11.775355],[-75.741815,-11.749333],[-75.700381,-11.712313],[-75.715375,-11.700753],[-75.731542,-11.659666],[-75.756185,-11.640252],[-75.78743,-11.559238],[-75.801764,-11.544773],[-75.826828,-11.5371],[-75.857217,-11.506519],[-75.87092,-11.507081],[-75.917028,-11.419178],[-75.882694,-11.40318],[-75.91267,-11.384491],[-75.908946,-11.375818],[-75.96019,-11.333324],[-75.969818,-11.35264],[-76.005369,-11.364712],[-76.013312,-11.375672],[-76.02759,-11.37986],[-76.046521,-11.371709],[-76.062214,-11.384629],[-76.0824,-11.38796],[-76.105439,-11.352952],[-76.10812,-11.33549],[-76.13698,-11.31465],[-76.14112,-11.29433],[-76.16514,-11.27047],[-76.17737,-11.242371],[-76.167568,-11.221331],[-76.182641,-11.21783],[-76.193084,-11.20156],[-76.181553,-11.180758],[-76.194827,-11.18167],[-76.198081,-11.17161],[-76.20888,-11.16921],[-76.20222,-11.14997],[-76.22745,-11.15576],[-76.24459,-11.14294],[-76.25777,-11.15175],[-76.3079,-11.132664],[-76.31907,-11.090562],[-76.336738,-11.082482],[-76.350959,-11.094193],[-76.383089,-11.076235],[-76.382865,-11.074897]]]}},{"type":"Feature","id":"1209","properties":{"ubigeo":"1209","nombre_departamento":"junin","nombre_provincia":"chupaca","nombre_distrito":"","capital":"chupaca"},"geometry":{"type":"Polygon","coordinates":[[[-75.320402,-12.014504],[-75.332769,-12.008704],[-75.354935,-12.027667],[-75.384764,-12.038367],[-75.388335,-12.032904],[-75.41323,-12.04722],[-75.420824,-12.059975],[-75.45992,-12.06672],[-75.45849,-12.07884],[-75.47239,-12.08659],[-75.47813,-12.10474],[-75.51821,-12.12173],[-75.53239,-12.1457],[-75.52569,-12.16415],[-75.535202,-12.187003],[-75.579636,-12.157903],[-75.585863,-12.145149],[-75.621697,-12.140207],[-75.641422,-12.149222],[-75.648466,-12.174208],[-75.670017,-12.184793],[-75.671262,-12.192455],[-75.652727,-12.20567],[-75.642136,-12.229623],[-75.5867,-12.299253],[-75.588596,-12.325003],[-75.568216,-12.331639],[-75.548701,-12.364244],[-75.56531,-12.41331],[-75.5409,-12.40343],[-75.48812,-12.39835],[-75.44285,-12.36983],[-75.40998,-12.36396],[-75.3601,-12.33557],[-75.35254,-12.32761],[-75.357229,-12.308924],[-75.314612,-12.270145],[-75.303556,-12.271098],[-75.299848,-12.258266],[-75.271576,-12.266619],[-75.273909,-12.257638],[-75.264254,-12.24866],[-75.252035,-12.255185],[-75.246266,-12.249333],[-75.248544,-12.224024],[-75.27592,-12.17729],[-75.265299,-12.156766],[-75.240523,-12.149824],[-75.231842,-12.120402],[-75.23563,-12.070378],[-75.238786,-12.063067],[-75.291603,-12.05597],[-75.314777,-12.042626],[-75.319575,-12.015826],[-75.320402,-12.014504]]]}},{"type":"Feature","id":"1301","properties":{"ubigeo":"1301","nombre_departamento":"la libertad","nombre_provincia":"trujillo","nombre_distrito":"","capital":"trujillo"},"geometry":{"type":"Polygon","coordinates":[[[-78.803332,-7.800101],[-78.837328,-7.803613],[-78.855835,-7.825282],[-78.880917,-7.836652],[-78.888446,-7.867124],[-78.903827,-7.887681],[-78.943868,-7.892169],[-78.955214,-7.902846],[-78.985091,-7.893495],[-79.012284,-7.959704],[-79.036807,-7.970514],[-79.040006,-7.988321],[-79.105888,-7.981977],[-79.125922,-7.936991],[-79.149969,-7.943818],[-79.17848,-7.97771],[-79.210797,-7.998824],[-79.130078,-8.05985],[-79.115566,-8.096662],[-78.987737,-8.208379],[-78.981088,-8.22732],[-78.990711,-8.225552],[-78.986472,-8.229555],[-78.9936,-8.235759],[-78.988722,-8.232396],[-78.962566,-8.261866],[-78.957243,-8.292527],[-78.90053,-8.37145],[-78.88237,-8.34334],[-78.816758,-8.309993],[-78.808073,-8.286888],[-78.815261,-8.272374],[-78.803015,-8.250822],[-78.815708,-8.233069],[-78.837466,-8.229314],[-78.841598,-8.191459],[-78.83147,-8.20359],[-78.7967,-8.2012],[-78.781581,-8.209552],[-78.77234,-8.176413],[-78.729626,-8.171642],[-78.669188,-8.140736],[-78.647263,-8.148111],[-78.638276,-8.140195],[-78.637632,-8.13044],[-78.681798,-8.12542],[-78.683991,-8.090915],[-78.723054,-8.092282],[-78.72011,-8.050021],[-78.705856,-8.038654],[-78.716454,-8.016835],[-78.68228,-7.99666],[-78.694338,-7.972815],[-78.688898,-7.947408],[-78.720152,-7.927208],[-78.731927,-7.927776],[-78.736797,-7.910507],[-78.727226,-7.883364],[-78.78022,-7.88362],[-78.783102,-7.863034],[-78.767902,-7.833319],[-78.781486,-7.819989],[-78.773656,-7.802254],[-78.801542,-7.800332],[-78.803332,-7.800101]]]}},{"type":"Feature","id":"1302","properties":{"ubigeo":"1302","nombre_departamento":"la libertad","nombre_provincia":"ascope","nombre_distrito":"","capital":"ascope"},"geometry":{"type":"Polygon","coordinates":[[[-79.15699,-7.427836],[-79.18779,-7.396876],[-79.187329,-7.388664],[-79.199142,-7.393419],[-79.211774,-7.422071],[-79.241682,-7.45005],[-79.238602,-7.457904],[-79.253769,-7.462672],[-79.26783,-7.489716],[-79.261785,-7.50471],[-79.296064,-7.512947],[-79.291719,-7.545474],[-79.300374,-7.549764],[-79.31059,-7.578334],[-79.318771,-7.583728],[-79.3292,-7.57459],[-79.336021,-7.582275],[-79.35844,-7.559089],[-79.385587,-7.597653],[-79.455763,-7.636639],[-79.434855,-7.690771],[-79.44382,-7.703119],[-79.465707,-7.711934],[-79.389568,-7.791215],[-79.374484,-7.844436],[-79.3111,-7.912394],[-79.307855,-7.925432],[-79.210797,-7.998824],[-79.17848,-7.97771],[-79.149969,-7.943818],[-79.125922,-7.936991],[-79.105888,-7.981977],[-79.040006,-7.988321],[-79.036807,-7.970514],[-79.012284,-7.959704],[-78.985091,-7.893495],[-78.955214,-7.902846],[-78.943868,-7.892169],[-78.903367,-7.887383],[-78.888446,-7.867124],[-78.880917,-7.836652],[-78.816126,-7.795938],[-78.832718,-7.783747],[-78.859632,-7.788696],[-78.869472,-7.771133],[-78.890198,-7.771705],[-78.887863,-7.752318],[-78.90073,-7.726201],[-78.91437,-7.718405],[-78.907697,-7.709194],[-78.91216,-7.685678],[-78.895629,-7.668391],[-78.895979,-7.645389],[-78.830023,-7.632973],[-78.814938,-7.639734],[-78.794377,-7.620325],[-78.79854,-7.5866],[-78.80725,-7.5736],[-78.823466,-7.574736],[-78.838284,-7.589868],[-78.918204,-7.602693],[-78.941451,-7.617036],[-78.961505,-7.658402],[-78.993399,-7.66054],[-79.041232,-7.599887],[-79.038604,-7.562062],[-79.059847,-7.546675],[-79.057006,-7.527702],[-79.071552,-7.505346],[-79.065428,-7.472709],[-79.122762,-7.441644],[-79.153911,-7.439442],[-79.156376,-7.42893],[-79.15699,-7.427836]]]}},{"type":"Feature","id":"1303","properties":{"ubigeo":"1303","nombre_departamento":"la libertad","nombre_provincia":"bolivar","nombre_distrito":"","capital":"bolivar"},"geometry":{"type":"Polygon","coordinates":[[[-77.757534,-6.965793],[-77.7793,-6.941453],[-77.801932,-6.966144],[-77.834346,-6.957206],[-77.842195,-6.976885],[-77.880342,-6.962504],[-77.898665,-6.980124],[-77.92865,-6.986759],[-77.93982,-6.97614],[-77.96186,-6.97664],[-77.98606,-6.96297],[-77.99874,-6.96768],[-77.988555,-6.976623],[-78.001003,-6.987539],[-77.985298,-7.000935],[-77.987195,-7.012598],[-77.971122,-7.025887],[-77.965921,-7.050774],[-77.948365,-7.066805],[-77.949287,-7.078425],[-77.92974,-7.105547],[-77.925612,-7.154573],[-77.897869,-7.166807],[-77.89778,-7.182487],[-77.881069,-7.194616],[-77.88201,-7.22055],[-77.84924,-7.235571],[-77.859428,-7.254023],[-77.856811,-7.282621],[-77.841489,-7.28877],[-77.832828,-7.304551],[-77.838372,-7.341119],[-77.828925,-7.344413],[-77.820798,-7.368649],[-77.824996,-7.378664],[-77.771631,-7.418814],[-77.767445,-7.440769],[-77.755094,-7.441454],[-77.741372,-7.466695],[-77.743775,-7.506829],[-77.698198,-7.564553],[-77.701446,-7.593643],[-77.63298,-7.61452],[-77.60594,-7.64713],[-77.55918,-7.673563],[-77.545561,-7.672182],[-77.531889,-7.66257],[-77.537427,-7.64483],[-77.522704,-7.633407],[-77.528389,-7.61595],[-77.495247,-7.614135],[-77.485764,-7.603992],[-77.496945,-7.582741],[-77.540067,-7.577414],[-77.522468,-7.506862],[-77.539077,-7.507385],[-77.55966,-7.464187],[-77.591867,-7.443507],[-77.598968,-7.44851],[-77.61365,-7.419949],[-77.630918,-7.413875],[-77.621678,-7.396994],[-77.639212,-7.343701],[-77.628419,-7.320809],[-77.64692,-7.27005],[-77.6372,-7.25351],[-77.645125,-7.253455],[-77.647351,-7.241514],[-77.638139,-7.243403],[-77.633812,-7.233098],[-77.60553,-7.219162],[-77.607382,-7.206113],[-77.621049,-7.191631],[-77.615504,-7.177997],[-77.634266,-7.169415],[-77.641296,-7.150709],[-77.713379,-7.107887],[-77.718047,-7.087553],[-77.707006,-7.068525],[-77.723831,-7.059599],[-77.73998,-7.035422],[-77.756384,-6.967809],[-77.757534,-6.965793]]]}},{"type":"Feature","id":"1304","properties":{"ubigeo":"1304","nombre_departamento":"la libertad","nombre_provincia":"chepen","nombre_distrito":"","capital":"chepen"},"geometry":{"type":"Polygon","coordinates":[[[-79.450746,-6.947869],[-79.478377,-6.970645],[-79.508016,-6.970436],[-79.528768,-7.005285],[-79.690621,-7.177127],[-79.621344,-7.250273],[-79.599721,-7.28575],[-79.55665,-7.28768],[-79.541357,-7.245997],[-79.50916,-7.258794],[-79.50082,-7.233921],[-79.485705,-7.230022],[-79.48858,-7.22123],[-79.47168,-7.230197],[-79.46216,-7.22368],[-79.42477,-7.25472],[-79.40397,-7.30235],[-79.3591,-7.32524],[-79.32278,-7.30532],[-79.30685,-7.28371],[-79.28263,-7.27506],[-79.26892,-7.27841],[-79.279322,-7.247702],[-79.269025,-7.228055],[-79.275553,-7.215539],[-79.251804,-7.198349],[-79.274549,-7.182783],[-79.280956,-7.157079],[-79.305301,-7.147146],[-79.29619,-7.12962],[-79.313704,-7.120663],[-79.312916,-7.090386],[-79.330488,-7.075973],[-79.322586,-7.025684],[-79.359606,-7.004966],[-79.400762,-6.956928],[-79.450124,-6.948194],[-79.450746,-6.947869]]]}},{"type":"Feature","id":"1305","properties":{"ubigeo":"1305","nombre_departamento":"la libertad","nombre_provincia":"julcan","nombre_distrito":"","capital":"julcan"},"geometry":{"type":"Polygon","coordinates":[[[-78.406148,-7.990096],[-78.430596,-8.000271],[-78.467252,-7.993451],[-78.500563,-8.026607],[-78.513588,-8.022898],[-78.533117,-8.04267],[-78.531265,-8.074846],[-78.538483,-8.085103],[-78.602358,-8.061025],[-78.625256,-8.076164],[-78.634119,-8.09732],[-78.652072,-8.091121],[-78.68237,-8.09722],[-78.681798,-8.12542],[-78.637632,-8.13044],[-78.636795,-8.155526],[-78.652467,-8.184656],[-78.60697,-8.195391],[-78.595596,-8.236411],[-78.565888,-8.250082],[-78.5832,-8.27931],[-78.588297,-8.307498],[-78.571145,-8.319892],[-78.538277,-8.32126],[-78.515401,-8.338915],[-78.485723,-8.346487],[-78.479123,-8.351311],[-78.49511,-8.37022],[-78.469673,-8.387407],[-78.442498,-8.382283],[-78.436112,-8.364942],[-78.424303,-8.358206],[-78.412513,-8.304378],[-78.37018,-8.307481],[-78.34653,-8.271168],[-78.312916,-8.253353],[-78.300048,-8.234001],[-78.303506,-8.170247],[-78.324393,-8.154115],[-78.288283,-8.062972],[-78.303713,-8.051852],[-78.328197,-8.055426],[-78.353427,-8.033381],[-78.352219,-8.025035],[-78.38227,-8.01702],[-78.403383,-7.991184],[-78.406148,-7.990096]]]}},{"type":"Feature","id":"1306","properties":{"ubigeo":"1306","nombre_departamento":"la libertad","nombre_provincia":"otuzco","nombre_distrito":"","capital":"otuzco"},"geometry":{"type":"Polygon","coordinates":[[[-78.446047,-7.634002],[-78.447955,-7.622415],[-78.4721,-7.63651],[-78.4897,-7.63389],[-78.454887,-7.656317],[-78.47954,-7.66828],[-78.49945,-7.6974],[-78.53308,-7.7206],[-78.55149,-7.7263],[-78.59643,-7.70347],[-78.60098,-7.73623],[-78.62732,-7.75129],[-78.665041,-7.796994],[-78.697406,-7.760265],[-78.712529,-7.703548],[-78.769766,-7.666877],[-78.792366,-7.64003],[-78.830023,-7.632973],[-78.895979,-7.645389],[-78.895629,-7.668391],[-78.91216,-7.685678],[-78.907697,-7.709194],[-78.91437,-7.718405],[-78.90073,-7.726201],[-78.887863,-7.752318],[-78.890198,-7.771705],[-78.863068,-7.774262],[-78.859129,-7.788858],[-78.832718,-7.783747],[-78.81626,-7.796873],[-78.774065,-7.801503],[-78.781486,-7.819989],[-78.767902,-7.833319],[-78.783102,-7.863034],[-78.78022,-7.88362],[-78.727226,-7.883364],[-78.736797,-7.910507],[-78.731927,-7.927776],[-78.720152,-7.927208],[-78.688898,-7.947408],[-78.694338,-7.972815],[-78.68228,-7.99666],[-78.716454,-8.016835],[-78.705856,-8.038654],[-78.72011,-8.050021],[-78.723054,-8.092282],[-78.683991,-8.090915],[-78.679656,-8.098738],[-78.651089,-8.091166],[-78.63506,-8.097564],[-78.619059,-8.069188],[-78.602358,-8.061025],[-78.538483,-8.085103],[-78.531265,-8.074846],[-78.533117,-8.04267],[-78.513588,-8.022898],[-78.500563,-8.026607],[-78.467252,-7.993451],[-78.430596,-8.000271],[-78.381523,-7.978148],[-78.366223,-7.950183],[-78.344434,-7.946375],[-78.324455,-7.930074],[-78.32025,-7.90576],[-78.289613,-7.888902],[-78.260205,-7.893582],[-78.253714,-7.887986],[-78.252318,-7.837176],[-78.272896,-7.797232],[-78.260914,-7.755445],[-78.282213,-7.745473],[-78.276207,-7.719558],[-78.302803,-7.696463],[-78.312351,-7.702871],[-78.330139,-7.699628],[-78.347965,-7.685716],[-78.359463,-7.668005],[-78.36073,-7.644299],[-78.445181,-7.635531],[-78.446047,-7.634002]]]}},{"type":"Feature","id":"1307","properties":{"ubigeo":"1307","nombre_departamento":"la libertad","nombre_provincia":"pacasmayo","nombre_distrito":"","capital":"san pedro de lloc"},"geometry":{"type":"Polygon","coordinates":[[[-79.473105,-7.229702],[-79.48858,-7.22123],[-79.485705,-7.230022],[-79.50082,-7.233921],[-79.5097,-7.258926],[-79.541357,-7.245997],[-79.55665,-7.28768],[-79.599721,-7.28575],[-79.587621,-7.318383],[-79.588541,-7.350932],[-79.569759,-7.390007],[-79.588637,-7.414902],[-79.576611,-7.46151],[-79.455763,-7.636639],[-79.385587,-7.597653],[-79.35844,-7.559089],[-79.336021,-7.582275],[-79.3292,-7.57459],[-79.318771,-7.583728],[-79.31059,-7.578334],[-79.300374,-7.549764],[-79.291719,-7.545474],[-79.296064,-7.512947],[-79.261785,-7.50471],[-79.26783,-7.489716],[-79.253769,-7.462672],[-79.238602,-7.457904],[-79.241682,-7.45005],[-79.211774,-7.422071],[-79.20724,-7.401735],[-79.187329,-7.388664],[-79.186451,-7.377823],[-79.197563,-7.372874],[-79.231472,-7.39093],[-79.260875,-7.378995],[-79.282902,-7.348743],[-79.314919,-7.359683],[-79.332505,-7.354349],[-79.347131,-7.336637],[-79.365597,-7.332414],[-79.370972,-7.320493],[-79.40397,-7.30235],[-79.4294,-7.24977],[-79.46216,-7.22368],[-79.47168,-7.230197],[-79.473105,-7.229702]]]}},{"type":"Feature","id":"1308","properties":{"ubigeo":"1308","nombre_departamento":"la libertad","nombre_provincia":"pataz","nombre_distrito":"","capital":"tayabamba"},"geometry":{"type":"Polygon","coordinates":[[[-77.6942,-7.59428],[-77.701446,-7.593643],[-77.698667,-7.614205],[-77.675084,-7.644677],[-77.677192,-7.687148],[-77.654532,-7.710142],[-77.665451,-7.712319],[-77.668855,-7.722201],[-77.653589,-7.770457],[-77.656889,-7.796331],[-77.648376,-7.80176],[-77.650121,-7.812933],[-77.636361,-7.829918],[-77.62269,-7.87187],[-77.635784,-7.891426],[-77.62709,-7.901215],[-77.629907,-7.936134],[-77.623917,-7.94535],[-77.640489,-7.960566],[-77.64937,-8.03182],[-77.64469,-8.06571],[-77.61883,-8.07983],[-77.636829,-8.10818],[-77.61704,-8.13095],[-77.602138,-8.135939],[-77.604741,-8.155704],[-77.57541,-8.168151],[-77.557,-8.19425],[-77.57253,-8.210448],[-77.573751,-8.23266],[-77.53117,-8.24334],[-77.52769,-8.26708],[-77.491368,-8.282553],[-77.48763,-8.303546],[-77.473638,-8.320501],[-77.478285,-8.326065],[-77.458896,-8.335656],[-77.459332,-8.35556],[-77.446956,-8.369374],[-77.437538,-8.401149],[-77.438355,-8.422328],[-77.405461,-8.441483],[-77.398367,-8.484596],[-77.368232,-8.500306],[-77.334943,-8.532973],[-77.317486,-8.530152],[-77.28278,-8.50589],[-77.26384,-8.46742],[-77.20463,-8.48568],[-77.18554,-8.48019],[-77.133844,-8.440021],[-77.11978,-8.447651],[-77.104589,-8.444763],[-77.093196,-8.43447],[-77.086639,-8.407139],[-77.069877,-8.397496],[-77.034012,-8.404707],[-77.000429,-8.382403],[-76.991685,-8.396296],[-76.976899,-8.396139],[-76.968373,-8.371241],[-76.951247,-8.375705],[-76.942679,-8.359945],[-76.927005,-8.359257],[-76.93193,-8.342595],[-76.913745,-8.32609],[-76.910515,-8.295074],[-76.901243,-8.283466],[-76.913079,-8.236988],[-76.925597,-8.218497],[-76.906998,-8.170736],[-76.929167,-8.139356],[-76.947034,-8.139919],[-76.984915,-8.113853],[-76.99487,-8.085211],[-77.024459,-8.04915],[-77.110527,-8.025227],[-77.150535,-8.032043],[-77.166228,-8.021637],[-77.231865,-8.011748],[-77.251313,-8.028004],[-77.260078,-8.048439],[-77.281342,-8.048783],[-77.296664,-8.062566],[-77.349299,-8.054384],[-77.373284,-8.064685],[-77.385746,-8.054715],[-77.374936,-8.031527],[-77.407155,-7.992811],[-77.387445,-7.962888],[-77.390522,-7.947313],[-77.375367,-7.920064],[-77.376909,-7.908821],[-77.410784,-7.900525],[-77.438385,-7.85015],[-77.431573,-7.841736],[-77.442861,-7.813642],[-77.47859,-7.80424],[-77.50655,-7.770381],[-77.525469,-7.768342],[-77.526182,-7.753889],[-77.496146,-7.737951],[-77.482936,-7.719349],[-77.483981,-7.698372],[-77.461279,-7.691371],[-77.46149,-7.678958],[-77.467168,-7.674678],[-77.49789,-7.686355],[-77.518042,-7.654417],[-77.530949,-7.65448],[-77.535479,-7.666064],[-77.55918,-7.673563],[-77.60607,-7.64704],[-77.63298,-7.61452],[-77.69374,-7.59429],[-77.6942,-7.59428]]]}},{"type":"Feature","id":"1309","properties":{"ubigeo":"1309","nombre_departamento":"la libertad","nombre_provincia":"sanchez carrion","nombre_distrito":"","capital":"huamachuco"},"geometry":{"type":"Polygon","coordinates":[[[-77.757029,-7.478955],[-77.791867,-7.500391],[-77.85686,-7.52353],[-77.86794,-7.58303],[-77.92242,-7.59974],[-77.913138,-7.625866],[-77.940503,-7.640627],[-77.931952,-7.652493],[-77.936584,-7.657477],[-77.960139,-7.655261],[-77.962802,-7.674314],[-77.973846,-7.667037],[-77.998642,-7.679074],[-78.04957,-7.67856],[-78.081221,-7.696169],[-78.116053,-7.654007],[-78.128164,-7.653158],[-78.142304,-7.664832],[-78.141004,-7.682721],[-78.158863,-7.693351],[-78.171345,-7.713394],[-78.190287,-7.717504],[-78.198087,-7.729086],[-78.219351,-7.724458],[-78.213135,-7.757526],[-78.22182,-7.763461],[-78.261154,-7.754024],[-78.272896,-7.797232],[-78.252318,-7.837176],[-78.253006,-7.886529],[-78.24347,-7.88165],[-78.21742,-7.902],[-78.21463,-7.89446],[-78.189324,-7.94081],[-78.169828,-7.942668],[-78.167149,-7.933605],[-78.147213,-7.932713],[-78.132864,-7.957349],[-78.07146,-7.94377],[-78.066307,-7.928785],[-78.0465,-7.924957],[-78.032213,-7.906963],[-78.007108,-7.981228],[-77.985629,-7.982319],[-77.971885,-8.012626],[-77.958643,-8.000488],[-77.96064,-7.97064],[-77.932479,-7.984107],[-77.919991,-8.000221],[-77.905609,-7.993077],[-77.887816,-7.999587],[-77.87736,-7.97932],[-77.864588,-7.987199],[-77.837955,-7.975244],[-77.803566,-8.007533],[-77.75565,-8.00261],[-77.755703,-7.98991],[-77.712787,-7.957606],[-77.691263,-7.975961],[-77.640816,-7.983333],[-77.640489,-7.960566],[-77.623917,-7.94535],[-77.629907,-7.936134],[-77.62709,-7.901215],[-77.635784,-7.891426],[-77.62269,-7.87187],[-77.636361,-7.829918],[-77.650121,-7.812933],[-77.648376,-7.80176],[-77.656889,-7.796331],[-77.653589,-7.770457],[-77.668855,-7.722201],[-77.665451,-7.712319],[-77.654532,-7.710142],[-77.677192,-7.687148],[-77.675084,-7.644677],[-77.698837,-7.613667],[-77.698198,-7.564553],[-77.743375,-7.507674],[-77.745983,-7.47916],[-77.755123,-7.479188],[-77.757029,-7.478955]]]}},{"type":"Feature","id":"1310","properties":{"ubigeo":"1310","nombre_departamento":"la libertad","nombre_provincia":"santiago de chuco","nombre_distrito":"","capital":"santiago de chuco"},"geometry":{"type":"Polygon","coordinates":[[[-78.24137,-7.88377],[-78.260205,-7.893582],[-78.272719,-7.887777],[-78.30344,-7.89421],[-78.32047,-7.90595],[-78.327591,-7.933543],[-78.346279,-7.947214],[-78.366223,-7.950183],[-78.378592,-7.976356],[-78.406148,-7.990096],[-78.38227,-8.01702],[-78.352219,-8.025035],[-78.353427,-8.033381],[-78.328197,-8.055426],[-78.303713,-8.051852],[-78.288314,-8.064107],[-78.324393,-8.154115],[-78.303506,-8.170247],[-78.3007,-8.236338],[-78.312916,-8.253353],[-78.34653,-8.271168],[-78.37018,-8.307481],[-78.412513,-8.304378],[-78.42991,-8.37376],[-78.42639,-8.38958],[-78.41667,-8.38844],[-78.40724,-8.39842],[-78.407234,-8.412312],[-78.395372,-8.401949],[-78.374,-8.404102],[-78.37479,-8.45959],[-78.34455,-8.47546],[-78.342745,-8.483676],[-78.3327,-8.466909],[-78.295786,-8.461767],[-78.261706,-8.46884],[-78.273553,-8.483269],[-78.272602,-8.504511],[-78.280887,-8.510537],[-78.266323,-8.5369],[-78.29009,-8.548894],[-78.23557,-8.65292],[-78.20051,-8.62251],[-78.19362,-8.59968],[-78.2019,-8.57389],[-78.21689,-8.55726],[-78.2026,-8.52607],[-78.18787,-8.5081],[-78.17366,-8.50354],[-78.15739,-8.47885],[-78.13927,-8.42715],[-78.1375,-8.36867],[-78.10839,-8.33811],[-78.11943,-8.31365],[-78.10223,-8.30538],[-78.08198,-8.281086],[-78.0368,-8.25595],[-78.01863,-8.22432],[-77.93321,-8.19701],[-77.89694,-8.063226],[-77.867911,-8.05589],[-77.852208,-8.074779],[-77.810441,-8.067735],[-77.785785,-8.079199],[-77.751272,-8.077439],[-77.743388,-8.070185],[-77.718015,-8.073362],[-77.64762,-8.050408],[-77.640367,-7.988692],[-77.640816,-7.983333],[-77.691263,-7.975961],[-77.712787,-7.957606],[-77.755703,-7.98991],[-77.75565,-8.00261],[-77.803566,-8.007533],[-77.837955,-7.975244],[-77.864588,-7.987199],[-77.87736,-7.97932],[-77.887816,-7.999587],[-77.905609,-7.993077],[-77.919991,-8.000221],[-77.932479,-7.984107],[-77.96064,-7.97064],[-77.958643,-8.000488],[-77.971885,-8.012626],[-77.985629,-7.982319],[-78.007108,-7.981228],[-78.032213,-7.906963],[-78.0465,-7.924957],[-78.066307,-7.928785],[-78.07146,-7.94377],[-78.132864,-7.957349],[-78.147213,-7.932713],[-78.167149,-7.933605],[-78.169828,-7.942668],[-78.19117,-7.93962],[-78.21184,-7.89685],[-78.21742,-7.902],[-78.2413,-7.88396],[-78.24137,-7.88377]]]}},{"type":"Feature","id":"1311","properties":{"ubigeo":"1311","nombre_departamento":"la libertad","nombre_provincia":"gran chimu","nombre_distrito":"","capital":"cascas"},"geometry":{"type":"Polygon","coordinates":[[[-78.789914,-7.395154],[-78.801408,-7.403512],[-78.80369,-7.419378],[-78.841619,-7.437617],[-78.847756,-7.452769],[-78.88464,-7.480561],[-78.861058,-7.497857],[-78.851088,-7.522117],[-78.861497,-7.531858],[-78.895908,-7.537437],[-78.912774,-7.551087],[-78.944344,-7.598418],[-78.944192,-7.621043],[-78.907763,-7.59807],[-78.858414,-7.595161],[-78.83383,-7.58777],[-78.82428,-7.57499],[-78.80725,-7.5736],[-78.793578,-7.60817],[-78.802698,-7.638256],[-78.782514,-7.646569],[-78.742619,-7.688373],[-78.730944,-7.6886],[-78.712529,-7.703548],[-78.697406,-7.760265],[-78.665041,-7.796994],[-78.62732,-7.75129],[-78.60098,-7.73623],[-78.59643,-7.70347],[-78.55149,-7.7263],[-78.53308,-7.7206],[-78.49945,-7.6974],[-78.47954,-7.66828],[-78.455279,-7.657036],[-78.4897,-7.63389],[-78.4721,-7.63651],[-78.447955,-7.622415],[-78.441608,-7.640606],[-78.376064,-7.639959],[-78.382819,-7.630107],[-78.376892,-7.624651],[-78.378166,-7.594035],[-78.366151,-7.590236],[-78.356566,-7.572941],[-78.360827,-7.529961],[-78.349002,-7.511246],[-78.32575,-7.509904],[-78.327787,-7.497469],[-78.36817,-7.50032],[-78.403084,-7.483493],[-78.41563,-7.48507],[-78.49139,-7.55487],[-78.62457,-7.54856],[-78.650242,-7.527799],[-78.627317,-7.478857],[-78.627795,-7.452642],[-78.639109,-7.432537],[-78.654935,-7.426033],[-78.663994,-7.403621],[-78.68864,-7.41408],[-78.71333,-7.40964],[-78.73372,-7.42068],[-78.76012,-7.40198],[-78.781287,-7.423669],[-78.789341,-7.3952],[-78.789914,-7.395154]]]}},{"type":"Feature","id":"1312","properties":{"ubigeo":"1312","nombre_departamento":"la libertad","nombre_provincia":"viru","nombre_distrito":"","capital":"viru"},"geometry":{"type":"Polygon","coordinates":[[[-78.648946,-8.147831],[-78.669188,-8.140736],[-78.729626,-8.171642],[-78.77234,-8.176413],[-78.781581,-8.209552],[-78.7967,-8.2012],[-78.83147,-8.20359],[-78.841598,-8.191459],[-78.837466,-8.229314],[-78.815708,-8.233069],[-78.803015,-8.250822],[-78.815261,-8.272374],[-78.808073,-8.286888],[-78.816758,-8.309993],[-78.88308,-8.34395],[-78.90053,-8.37145],[-78.895096,-8.385465],[-78.90084,-8.41423],[-78.913387,-8.429275],[-78.935521,-8.429213],[-78.915092,-8.460084],[-78.794953,-8.550338],[-78.761086,-8.594847],[-78.741551,-8.642312],[-78.737998,-8.666939],[-78.746725,-8.684273],[-78.737359,-8.711523],[-78.742771,-8.740324],[-78.761016,-8.757],[-78.761158,-8.773957],[-78.654459,-8.91008],[-78.643693,-8.935082],[-78.644924,-8.969228],[-78.629729,-8.97089],[-78.589944,-8.942622],[-78.576485,-8.889047],[-78.588281,-8.858677],[-78.565343,-8.792599],[-78.551606,-8.775038],[-78.518139,-8.752981],[-78.487242,-8.751163],[-78.438414,-8.732747],[-78.35481,-8.67328],[-78.33821,-8.67596],[-78.33425,-8.66645],[-78.23557,-8.65292],[-78.29009,-8.548894],[-78.266323,-8.5369],[-78.280887,-8.510537],[-78.272602,-8.504511],[-78.273553,-8.483269],[-78.261706,-8.46884],[-78.295786,-8.461767],[-78.3327,-8.466909],[-78.342745,-8.483676],[-78.34455,-8.47546],[-78.37479,-8.45959],[-78.374,-8.404102],[-78.395372,-8.401949],[-78.407234,-8.412312],[-78.41092,-8.39345],[-78.42639,-8.38958],[-78.429854,-8.360238],[-78.442498,-8.382283],[-78.471502,-8.386971],[-78.49511,-8.37022],[-78.479123,-8.351311],[-78.485723,-8.346487],[-78.515401,-8.338915],[-78.538277,-8.32126],[-78.571145,-8.319892],[-78.587959,-8.307781],[-78.5832,-8.27931],[-78.565888,-8.250082],[-78.595596,-8.236411],[-78.60697,-8.195391],[-78.652467,-8.184656],[-78.636795,-8.155526],[-78.639089,-8.143001],[-78.647263,-8.148111],[-78.648946,-8.147831]]]}},{"type":"Feature","id":"1401","properties":{"ubigeo":"1401","nombre_departamento":"lambayeque","nombre_provincia":"chiclayo","nombre_distrito":"","capital":"chiclayo"},"geometry":{"type":"Polygon","coordinates":[[[-79.42442,-6.489449],[-79.438887,-6.481998],[-79.460841,-6.495597],[-79.46699,-6.509367],[-79.491872,-6.520997],[-79.50814,-6.513382],[-79.536599,-6.518868],[-79.561582,-6.50386],[-79.624241,-6.513258],[-79.641214,-6.530939],[-79.642264,-6.571064],[-79.629373,-6.581829],[-79.623486,-6.60194],[-79.610621,-6.596224],[-79.603968,-6.601396],[-79.604376,-6.617255],[-79.589771,-6.632027],[-79.593945,-6.640756],[-79.608098,-6.643926],[-79.610469,-6.65531],[-79.625218,-6.652291],[-79.624902,-6.701959],[-79.657801,-6.696055],[-79.66367,-6.715132],[-79.69829,-6.68896],[-79.699549,-6.678245],[-79.72966,-6.68929],[-79.78143,-6.67959],[-79.83075,-6.72328],[-79.86574,-6.71786],[-79.893785,-6.729127],[-79.900736,-6.75923],[-79.942396,-6.8205],[-79.931846,-6.873306],[-79.872785,-6.923475],[-79.866119,-6.948602],[-79.753644,-7.043406],[-79.686195,-7.120455],[-79.681912,-7.152141],[-79.690621,-7.177127],[-79.528768,-7.005285],[-79.508016,-6.970436],[-79.468787,-6.966505],[-79.455005,-6.946314],[-79.400762,-6.956928],[-79.359606,-7.004966],[-79.320907,-7.025194],[-79.296652,-7.000738],[-79.307293,-6.968616],[-79.29923,-6.940722],[-79.310141,-6.925396],[-79.311009,-6.901342],[-79.295642,-6.883502],[-79.273076,-6.876654],[-79.26274,-6.859156],[-79.224794,-6.858376],[-79.20709,-6.82144],[-79.120884,-6.777675],[-79.138747,-6.739242],[-79.142727,-6.699895],[-79.171047,-6.701703],[-79.18843,-6.71654],[-79.196447,-6.69517],[-79.218449,-6.692679],[-79.22906,-6.671406],[-79.271872,-6.680266],[-79.29559,-6.676136],[-79.304023,-6.651605],[-79.32589,-6.6405],[-79.34475,-6.64646],[-79.362496,-6.634765],[-79.335736,-6.602429],[-79.347927,-6.573688],[-79.36066,-6.56884],[-79.369613,-6.520803],[-79.404426,-6.541321],[-79.41868,-6.53696],[-79.423554,-6.492275],[-79.42442,-6.489449]]]}},{"type":"Feature","id":"1402","properties":{"ubigeo":"1402","nombre_departamento":"lambayeque","nombre_provincia":"ferrenafe","nombre_distrito":"","capital":"ferrenafe"},"geometry":{"type":"Polygon","coordinates":[[[-79.351614,-5.978731],[-79.395918,-5.977193],[-79.42059,-6.011236],[-79.403084,-6.034022],[-79.409684,-6.050146],[-79.406775,-6.083919],[-79.431542,-6.140437],[-79.409583,-6.156697],[-79.401845,-6.173506],[-79.436205,-6.211898],[-79.437006,-6.240008],[-79.471865,-6.268716],[-79.481981,-6.306308],[-79.477872,-6.321247],[-79.492856,-6.323142],[-79.515311,-6.346842],[-79.542791,-6.355434],[-79.52834,-6.39981],[-79.6117,-6.42425],[-79.65191,-6.4554],[-79.74725,-6.43951],[-79.77841,-6.44362],[-79.80315,-6.43483],[-79.805524,-6.46404],[-79.78666,-6.47557],[-79.82419,-6.49715],[-79.825652,-6.520805],[-79.814121,-6.524357],[-79.847673,-6.609753],[-79.85105,-6.64339],[-79.835173,-6.661568],[-79.811377,-6.661589],[-79.78987,-6.67843],[-79.73093,-6.68929],[-79.699549,-6.678245],[-79.69829,-6.68896],[-79.66367,-6.715132],[-79.657801,-6.696055],[-79.624902,-6.701959],[-79.625218,-6.652291],[-79.610469,-6.65531],[-79.608098,-6.643926],[-79.593945,-6.640756],[-79.5898,-6.6312],[-79.604376,-6.617255],[-79.603968,-6.601396],[-79.610621,-6.596224],[-79.623486,-6.60194],[-79.629373,-6.581829],[-79.641475,-6.572899],[-79.641214,-6.530939],[-79.619255,-6.510361],[-79.580796,-6.504099],[-79.55764,-6.504837],[-79.536599,-6.518868],[-79.50814,-6.513382],[-79.491872,-6.520997],[-79.425836,-6.473866],[-79.422888,-6.451882],[-79.453156,-6.399086],[-79.446672,-6.376718],[-79.458571,-6.372099],[-79.443164,-6.359855],[-79.427679,-6.317402],[-79.387941,-6.298295],[-79.352773,-6.303982],[-79.344821,-6.281345],[-79.329035,-6.26627],[-79.300487,-6.26747],[-79.276996,-6.241554],[-79.279048,-6.229258],[-79.249781,-6.225082],[-79.273953,-6.164866],[-79.273384,-6.147728],[-79.260203,-6.142091],[-79.235093,-6.093723],[-79.198443,-6.100081],[-79.180818,-6.0863],[-79.188936,-6.058924],[-79.175988,-6.03837],[-79.190004,-6.024766],[-79.20396,-6.02406],[-79.216238,-6.05182],[-79.224939,-6.054706],[-79.240874,-6.028634],[-79.266012,-6.025023],[-79.263301,-6.003263],[-79.304631,-5.9854],[-79.322141,-5.999126],[-79.311088,-6.034649],[-79.31911,-6.042544],[-79.345419,-6.005973],[-79.351113,-5.978916],[-79.351614,-5.978731]]]}},{"type":"Feature","id":"1403","properties":{"ubigeo":"1403","nombre_departamento":"lambayeque","nombre_provincia":"lambayeque","nombre_distrito":"","capital":"lambayeque"},"geometry":{"type":"Polygon","coordinates":[[[-79.883727,-5.492834],[-79.901543,-5.481018],[-79.904846,-5.493414],[-79.945873,-5.514996],[-79.960523,-5.581623],[-80.001004,-5.585342],[-80.052837,-5.563573],[-80.056975,-5.618486],[-80.069959,-5.646171],[-80.071053,-5.673254],[-80.061067,-5.6844],[-80.066372,-5.698211],[-80.095171,-5.702608],[-80.091147,-5.726861],[-80.102935,-5.761498],[-80.092369,-5.795091],[-80.052984,-5.811244],[-80.056,-5.816352],[-80.106072,-5.867449],[-80.120102,-5.872219],[-80.123848,-5.891311],[-80.196178,-5.892088],[-80.278752,-5.919992],[-80.334713,-5.953904],[-80.627133,-6.37208],[-80.17732,-6.606037],[-79.995375,-6.739549],[-79.942396,-6.8205],[-79.900736,-6.75923],[-79.893785,-6.729127],[-79.86574,-6.71786],[-79.83075,-6.72328],[-79.78143,-6.67959],[-79.809295,-6.662243],[-79.835173,-6.661568],[-79.85105,-6.64339],[-79.847673,-6.609753],[-79.814121,-6.524357],[-79.825652,-6.520805],[-79.82419,-6.49715],[-79.78666,-6.47557],[-79.805524,-6.46404],[-79.80315,-6.43483],[-79.77841,-6.44362],[-79.74725,-6.43951],[-79.65191,-6.4554],[-79.5997,-6.41887],[-79.53199,-6.40245],[-79.529744,-6.388954],[-79.542791,-6.355434],[-79.515311,-6.346842],[-79.492856,-6.323142],[-79.477872,-6.321247],[-79.481981,-6.306308],[-79.471865,-6.268716],[-79.437006,-6.240008],[-79.436205,-6.211898],[-79.401845,-6.173506],[-79.409583,-6.156697],[-79.431542,-6.140437],[-79.406775,-6.083919],[-79.409684,-6.050146],[-79.403084,-6.034022],[-79.420603,-6.015402],[-79.418609,-5.9701],[-79.46251,-5.94485],[-79.470051,-5.92808],[-79.4985,-5.915141],[-79.51396,-5.92098],[-79.52763,-5.91287],[-79.5538,-5.93831],[-79.59583,-5.93362],[-79.60132,-5.93954],[-79.611107,-5.923463],[-79.61324,-5.89554],[-79.62622,-5.88812],[-79.62994,-5.86302],[-79.63741,-5.85942],[-79.62875,-5.85161],[-79.63225,-5.82993],[-79.62321,-5.8214],[-79.622584,-5.797572],[-79.630973,-5.796381],[-79.635367,-5.809002],[-79.68271,-5.84645],[-79.736877,-5.838197],[-79.739316,-5.799588],[-79.726885,-5.781113],[-79.716937,-5.740006],[-79.748193,-5.710182],[-79.766416,-5.708252],[-79.744738,-5.684894],[-79.745355,-5.675848],[-79.77931,-5.65809],[-79.786934,-5.646588],[-79.80501,-5.646414],[-79.818625,-5.664885],[-79.833459,-5.645221],[-79.86442,-5.56342],[-79.853996,-5.530744],[-79.877506,-5.509637],[-79.88265,-5.494082],[-79.883727,-5.492834]]]}},{"type":"Feature","id":"1501","properties":{"ubigeo":"1501","nombre_departamento":"lima","nombre_provincia":"lima","nombre_distrito":"","capital":"lima cercado"},"geometry":{"type":"MultiPolygon","coordinates":[[[[-77.065167,-11.575123],[-77.077695,-11.577018],[-77.085265,-11.604236],[-77.107393,-11.626842],[-77.134705,-11.626641],[-77.13696,-11.637528],[-77.122069,-11.657364],[-77.152164,-11.670635],[-77.158281,-11.68174],[-77.154532,-11.7017],[-77.182112,-11.685909],[-77.195912,-11.697939],[-77.169242,-11.745078],[-77.177992,-11.775038],[-77.198267,-11.768205],[-77.198148,-11.783482],[-77.177977,-11.802115],[-77.176709,-11.815781],[-77.18818,-11.828353],[-77.126844,-11.818484],[-77.107169,-11.866533],[-77.094558,-11.874944],[-77.089274,-11.899178],[-77.104024,-11.935711],[-77.095244,-11.949659],[-77.12858,-11.938318],[-77.10971,-11.976156],[-77.118047,-11.994862],[-77.103344,-11.997586],[-77.089307,-12.011723],[-77.096295,-12.033644],[-77.083029,-12.03632],[-77.077731,-12.048886],[-77.087656,-12.05173],[-77.087109,-12.061519],[-77.104656,-12.063262],[-77.111492,-12.079514],[-77.065963,-12.104231],[-77.029865,-12.13522],[-77.024827,-12.150985],[-77.027977,-12.165239],[-77.0384,-12.16842],[-77.037883,-12.205594],[-76.948947,-12.243357],[-76.855291,-12.300186],[-76.836611,-12.31617],[-76.826872,-12.34276],[-76.818074,-12.340488],[-76.817498,-12.351959],[-76.800451,-12.360904],[-76.789551,-12.385705],[-76.777408,-12.393483],[-76.783445,-12.397954],[-76.775685,-12.4045],[-76.781714,-12.409626],[-76.775391,-12.439271],[-76.785051,-12.443436],[-76.790737,-12.477163],[-76.802775,-12.479877],[-76.797803,-12.489464],[-76.805487,-12.495639],[-76.7985,-12.4998],[-76.803849,-12.509094],[-76.784164,-12.519932],[-76.7908,-12.50312],[-76.772887,-12.495023],[-76.751916,-12.463402],[-76.755484,-12.398213],[-76.721852,-12.396237],[-76.676479,-12.37764],[-76.668047,-12.361574],[-76.681917,-12.353254],[-76.67399,-12.31952],[-76.65417,-12.30506],[-76.650414,-12.284777],[-76.636789,-12.279364],[-76.620962,-12.238168],[-76.622109,-12.225323],[-76.64771,-12.209712],[-76.66034,-12.173455],[-76.67174,-12.17237],[-76.68792,-12.15183],[-76.691558,-12.141358],[-76.6793,-12.130974],[-76.710881,-12.113163],[-76.716598,-12.100075],[-76.705192,-12.086256],[-76.684085,-12.085882],[-76.673395,-12.072826],[-76.67808,-12.05298],[-76.706567,-12.032362],[-76.722339,-11.999594],[-76.700006,-11.985872],[-76.684281,-11.989404],[-76.661409,-11.979061],[-76.648334,-11.967373],[-76.646961,-11.952876],[-76.694141,-11.896558],[-76.717798,-11.887593],[-76.72668,-11.87454],[-76.73887,-11.89332],[-76.79168,-11.92761],[-76.81816,-11.92774],[-76.82931,-11.94499],[-76.85032,-11.93516],[-76.87838,-11.95094],[-76.919527,-11.959079],[-76.931373,-11.942174],[-76.915024,-11.927115],[-76.917996,-11.906453],[-76.912107,-11.889275],[-76.897414,-11.880659],[-76.894929,-11.865749],[-76.936767,-11.869179],[-76.942275,-11.860867],[-76.935643,-11.833684],[-76.903822,-11.823725],[-76.905764,-11.795364],[-76.851238,-11.79815],[-76.804868,-11.755874],[-76.83382,-11.743756],[-76.867746,-11.747467],[-76.880814,-11.732166],[-76.902676,-11.728777],[-76.914473,-11.732173],[-76.91565,-11.745159],[-76.933288,-11.756387],[-76.960694,-11.73414],[-76.973606,-11.73609],[-76.973673,-11.747975],[-76.996782,-11.752358],[-77.032453,-11.740793],[-77.044335,-11.714706],[-77.024409,-11.691741],[-77.035189,-11.651822],[-77.00476,-11.61427],[-77.045814,-11.578728],[-77.06505,-11.575769],[-77.065167,-11.575123]]],[[[-76.799239,-12.471475],[-76.799931,-12.479289],[-76.799157,-12.471542],[-76.799239,-12.471475]]]]}},{"type":"Feature","id":"1502","properties":{"ubigeo":"1502","nombre_departamento":"lima","nombre_provincia":"barranca","nombre_distrito":"","capital":"barranca"},"geometry":{"type":"Polygon","coordinates":[[[-77.73536,-10.323506],[-77.752365,-10.321807],[-77.756355,-10.328123],[-77.749872,-10.406796],[-77.760022,-10.43008],[-77.767862,-10.42879],[-77.764603,-10.439481],[-77.787566,-10.457098],[-77.798805,-10.477021],[-77.77067,-10.515672],[-77.771376,-10.571615],[-77.784996,-10.572039],[-77.799683,-10.585323],[-77.839688,-10.567919],[-77.886277,-10.612549],[-77.808689,-10.702568],[-77.804027,-10.725945],[-77.762422,-10.762816],[-77.764953,-10.771811],[-77.744035,-10.794537],[-77.754582,-10.803721],[-77.750826,-10.818807],[-77.705957,-10.85358],[-77.701516,-10.886117],[-77.657614,-10.865227],[-77.638691,-10.872861],[-77.595906,-10.860058],[-77.585919,-10.873128],[-77.561386,-10.878398],[-77.548668,-10.890478],[-77.525711,-10.93198],[-77.444293,-10.916098],[-77.462221,-10.870066],[-77.458154,-10.809955],[-77.438777,-10.802982],[-77.425041,-10.767826],[-77.402493,-10.767976],[-77.386742,-10.752742],[-77.365502,-10.714407],[-77.385658,-10.707793],[-77.41543,-10.72998],[-77.436139,-10.72364],[-77.491475,-10.746038],[-77.506797,-10.734619],[-77.523947,-10.734982],[-77.592255,-10.785451],[-77.57844,-10.722718],[-77.563144,-10.709428],[-77.574537,-10.694308],[-77.575354,-10.658866],[-77.590581,-10.645564],[-77.574115,-10.614662],[-77.574251,-10.588413],[-77.584621,-10.583833],[-77.60494,-10.590129],[-77.61931,-10.602294],[-77.619508,-10.614246],[-77.638163,-10.602902],[-77.645337,-10.582856],[-77.638209,-10.563026],[-77.614584,-10.546393],[-77.616333,-10.524672],[-77.600919,-10.518774],[-77.601323,-10.509304],[-77.624742,-10.502035],[-77.651391,-10.530133],[-77.670171,-10.54098],[-77.694001,-10.539502],[-77.708821,-10.548064],[-77.710083,-10.56017],[-77.727557,-10.552705],[-77.734215,-10.568066],[-77.746694,-10.553113],[-77.737942,-10.520786],[-77.721883,-10.511888],[-77.720235,-10.502742],[-77.710594,-10.503849],[-77.712407,-10.491654],[-77.688181,-10.453772],[-77.686736,-10.434021],[-77.665777,-10.427119],[-77.645299,-10.40866],[-77.636431,-10.412698],[-77.623231,-10.405463],[-77.597758,-10.381049],[-77.59807,-10.365229],[-77.619427,-10.327825],[-77.630629,-10.32207],[-77.651254,-10.344611],[-77.692391,-10.320902],[-77.734069,-10.32378],[-77.73536,-10.323506]]]}},{"type":"Feature","id":"1503","properties":{"ubigeo":"1503","nombre_departamento":"lima","nombre_provincia":"cajatambo","nombre_distrito":"","capital":"cajatambo"},"geometry":{"type":"Polygon","coordinates":[[[-76.904826,-10.27726],[-76.936009,-10.278506],[-76.965451,-10.305379],[-77.005496,-10.283279],[-77.009101,-10.307767],[-77.024711,-10.327527],[-77.051715,-10.33994],[-77.071611,-10.338104],[-77.0902,-10.37263],[-77.110885,-10.39209],[-77.112134,-10.404845],[-77.138245,-10.426469],[-77.150018,-10.451094],[-77.174625,-10.464602],[-77.16731,-10.50814],[-77.19112,-10.55227],[-77.2093,-10.55539],[-77.22577,-10.54601],[-77.25187,-10.54524],[-77.26726,-10.55054],[-77.27185,-10.56111],[-77.29166,-10.55631],[-77.31063,-10.56769],[-77.344162,-10.609783],[-77.32946,-10.618049],[-77.300176,-10.659747],[-77.246818,-10.683338],[-77.215308,-10.677205],[-77.19723,-10.68683],[-77.173811,-10.669932],[-77.152563,-10.667265],[-77.137775,-10.646881],[-77.125965,-10.646953],[-77.105816,-10.671933],[-77.084369,-10.666754],[-77.057896,-10.691871],[-77.04763,-10.679336],[-77.025848,-10.678361],[-77.010966,-10.695993],[-76.993454,-10.680759],[-76.973613,-10.68222],[-76.949888,-10.697999],[-76.910385,-10.668016],[-76.895631,-10.666277],[-76.88977,-10.653448],[-76.878441,-10.65557],[-76.859482,-10.597215],[-76.865031,-10.584498],[-76.858383,-10.564189],[-76.865984,-10.557909],[-76.854558,-10.547478],[-76.857204,-10.493359],[-76.840639,-10.473582],[-76.822764,-10.483138],[-76.829034,-10.430057],[-76.799896,-10.419127],[-76.805676,-10.392299],[-76.831672,-10.393074],[-76.840498,-10.363332],[-76.856394,-10.377266],[-76.865852,-10.374844],[-76.87467,-10.320861],[-76.881367,-10.308508],[-76.894508,-10.304328],[-76.891023,-10.294744],[-76.904506,-10.278244],[-76.904826,-10.27726]]]}},{"type":"Feature","id":"1504","properties":{"ubigeo":"1504","nombre_departamento":"lima","nombre_provincia":"canta","nombre_distrito":"","capital":"canta"},"geometry":{"type":"Polygon","coordinates":[[[-76.564971,-11.319235],[-76.579826,-11.31253],[-76.597022,-11.325074],[-76.604818,-11.349008],[-76.631061,-11.353659],[-76.64053,-11.344083],[-76.667953,-11.346014],[-76.667409,-11.389292],[-76.694571,-11.429327],[-76.706016,-11.423738],[-76.72345,-11.434843],[-76.771578,-11.420321],[-76.8057,-11.43336],[-76.85611,-11.46782],[-76.89372,-11.4615],[-76.892254,-11.492189],[-76.860562,-11.502882],[-76.860891,-11.513762],[-76.874711,-11.537799],[-76.896046,-11.535132],[-76.923789,-11.55865],[-76.937574,-11.550233],[-76.953056,-11.584141],[-77.002239,-11.600143],[-77.015896,-11.632817],[-77.035189,-11.651822],[-77.024409,-11.691741],[-77.044335,-11.714706],[-77.032453,-11.740793],[-76.996782,-11.752358],[-76.973673,-11.747975],[-76.973606,-11.73609],[-76.960694,-11.73414],[-76.933288,-11.756387],[-76.91565,-11.745159],[-76.914473,-11.732173],[-76.902676,-11.728777],[-76.880814,-11.732166],[-76.867746,-11.747467],[-76.83382,-11.743756],[-76.803562,-11.755662],[-76.752016,-11.730612],[-76.738938,-11.697258],[-76.707373,-11.691306],[-76.66407,-11.658074],[-76.612549,-11.652961],[-76.602508,-11.638547],[-76.57367,-11.631624],[-76.575276,-11.621102],[-76.558133,-11.611567],[-76.554184,-11.581412],[-76.536436,-11.561138],[-76.5446,-11.519131],[-76.529352,-11.511654],[-76.525823,-11.495775],[-76.511834,-11.487878],[-76.497216,-11.459312],[-76.47533,-11.467084],[-76.469322,-11.46065],[-76.454857,-11.462658],[-76.436904,-11.487301],[-76.414098,-11.492382],[-76.400585,-11.507174],[-76.391637,-11.499156],[-76.376839,-11.501489],[-76.38099,-11.486045],[-76.371485,-11.47648],[-76.377408,-11.444221],[-76.394341,-11.445007],[-76.411648,-11.415885],[-76.401771,-11.401261],[-76.429782,-11.346281],[-76.447564,-11.346334],[-76.457023,-11.334428],[-76.483482,-11.34442],[-76.512292,-11.327191],[-76.532761,-11.333544],[-76.544599,-11.316476],[-76.560737,-11.319331],[-76.564971,-11.319235]]]}},{"type":"Feature","id":"1505","properties":{"ubigeo":"1505","nombre_departamento":"lima","nombre_provincia":"canete","nombre_distrito":"","capital":"san vicente de canete"},"geometry":{"type":"Polygon","coordinates":[[[-76.551711,-12.280245],[-76.557334,-12.275728],[-76.571676,-12.282139],[-76.589476,-12.299729],[-76.593389,-12.336409],[-76.607426,-12.352894],[-76.608711,-12.370066],[-76.664427,-12.357659],[-76.683411,-12.38211],[-76.721852,-12.396237],[-76.755484,-12.398213],[-76.751916,-12.463402],[-76.772034,-12.494092],[-76.790941,-12.506248],[-76.784164,-12.519932],[-76.73415,-12.548441],[-76.735268,-12.556018],[-76.705531,-12.580137],[-76.704717,-12.59634],[-76.672434,-12.627775],[-76.672492,-12.660715],[-76.654061,-12.686166],[-76.656381,-12.699078],[-76.630098,-12.721035],[-76.637857,-12.74516],[-76.618463,-12.759436],[-76.609184,-12.777742],[-76.567848,-12.802951],[-76.559258,-12.821643],[-76.519478,-12.850451],[-76.505787,-12.925814],[-76.506627,-12.947314],[-76.516463,-12.955402],[-76.482894,-13.01593],[-76.482764,-13.026486],[-76.490391,-13.030224],[-76.242799,-13.3231],[-76.20288,-13.30168],[-76.16268,-13.22607],[-76.155253,-13.192201],[-76.02613,-13.09778],[-75.968614,-13.040836],[-75.957431,-12.969891],[-75.973445,-12.939281],[-75.972668,-12.923998],[-76.003898,-12.922412],[-75.992988,-12.896045],[-76.008462,-12.85299],[-76.00204,-12.84011],[-75.97987,-12.83879],[-75.95941,-12.84897],[-75.941129,-12.819508],[-75.942534,-12.802142],[-75.983928,-12.782299],[-75.999049,-12.756547],[-76.021629,-12.789354],[-76.045169,-12.781957],[-76.060816,-12.792789],[-76.076944,-12.786424],[-76.09865,-12.801607],[-76.123244,-12.786839],[-76.13953,-12.791574],[-76.153881,-12.837843],[-76.177269,-12.854369],[-76.199366,-12.813455],[-76.241293,-12.790844],[-76.247225,-12.755523],[-76.282505,-12.752486],[-76.296024,-12.733786],[-76.299494,-12.71367],[-76.28465,-12.68329],[-76.288129,-12.654457],[-76.270411,-12.644822],[-76.252169,-12.590472],[-76.268114,-12.583552],[-76.287996,-12.587095],[-76.323219,-12.528295],[-76.33481,-12.5365],[-76.367486,-12.532599],[-76.352115,-12.520018],[-76.340123,-12.49451],[-76.331566,-12.442367],[-76.321869,-12.443802],[-76.313547,-12.430623],[-76.318511,-12.419623],[-76.333278,-12.416092],[-76.345396,-12.388004],[-76.345998,-12.337726],[-76.372611,-12.334908],[-76.377657,-12.320994],[-76.387865,-12.317977],[-76.422437,-12.373599],[-76.452766,-12.404264],[-76.467126,-12.401499],[-76.483281,-12.409801],[-76.516105,-12.385953],[-76.526927,-12.365817],[-76.52507,-12.35249],[-76.537919,-12.338122],[-76.531792,-12.316246],[-76.550207,-12.28244],[-76.551711,-12.280245]]]}},{"type":"Feature","id":"1506","properties":{"ubigeo":"1506","nombre_departamento":"lima","nombre_provincia":"huaral","nombre_distrito":"","capital":"huaral"},"geometry":{"type":"Polygon","coordinates":[[[-76.566685,-11.016164],[-76.600559,-11.019363],[-76.618593,-11.029095],[-76.628212,-11.023942],[-76.633602,-11.038316],[-76.656578,-11.033416],[-76.669298,-11.05331],[-76.683704,-11.046516],[-76.704861,-11.055385],[-76.72013,-11.052186],[-76.734519,-11.065451],[-76.74075,-11.06582],[-76.741556,-11.037358],[-76.765598,-11.035123],[-76.782447,-11.045746],[-76.793268,-11.076371],[-76.825757,-11.103684],[-76.875272,-11.083243],[-76.907577,-11.087608],[-76.94268,-11.07825],[-76.98857,-11.10362],[-77.01986,-11.13528],[-77.04641,-11.13837],[-77.0567,-11.117283],[-77.052041,-11.095761],[-77.076376,-11.091568],[-77.087948,-11.150507],[-77.085811,-11.180581],[-77.060027,-11.195098],[-77.064454,-11.207524],[-77.057742,-11.233184],[-77.078159,-11.277092],[-77.110946,-11.282385],[-77.131271,-11.298211],[-77.145112,-11.341797],[-77.159286,-11.344512],[-77.164499,-11.366226],[-77.189273,-11.362822],[-77.204998,-11.342961],[-77.224771,-11.342041],[-77.230719,-11.315301],[-77.243774,-11.302591],[-77.264196,-11.297464],[-77.286117,-11.274291],[-77.303492,-11.274102],[-77.332843,-11.343132],[-77.32004,-11.3653],[-77.32398,-11.38548],[-77.33432,-11.39852],[-77.37005,-11.41467],[-77.382693,-11.44718],[-77.304752,-11.512234],[-77.271398,-11.572012],[-77.271768,-11.584406],[-77.282793,-11.586818],[-77.207842,-11.648088],[-77.192888,-11.680623],[-77.197399,-11.696633],[-77.182112,-11.685909],[-77.154532,-11.7017],[-77.158281,-11.68174],[-77.152164,-11.670635],[-77.122069,-11.657364],[-77.13696,-11.637528],[-77.134705,-11.626641],[-77.107393,-11.626842],[-77.085265,-11.604236],[-77.077257,-11.576782],[-77.045814,-11.578728],[-77.004983,-11.613409],[-76.999814,-11.5981],[-76.980799,-11.597234],[-76.946198,-11.578565],[-76.937574,-11.550233],[-76.923789,-11.55865],[-76.896046,-11.535132],[-76.874711,-11.537799],[-76.859523,-11.504051],[-76.892254,-11.492189],[-76.89349,-11.46134],[-76.85611,-11.46782],[-76.8057,-11.43336],[-76.771578,-11.420321],[-76.72345,-11.434843],[-76.706016,-11.423738],[-76.694571,-11.429327],[-76.667409,-11.389292],[-76.667953,-11.346014],[-76.64053,-11.344083],[-76.631046,-11.35366],[-76.602989,-11.348494],[-76.598177,-11.326582],[-76.579826,-11.31253],[-76.568148,-11.318914],[-76.544599,-11.316476],[-76.532761,-11.333544],[-76.508763,-11.328154],[-76.483482,-11.34442],[-76.457023,-11.334428],[-76.478595,-11.291276],[-76.463422,-11.270661],[-76.456932,-11.272521],[-76.477091,-11.263913],[-76.490715,-11.246596],[-76.483199,-11.236943],[-76.494209,-11.20974],[-76.492077,-11.189314],[-76.505563,-11.173665],[-76.505175,-11.143788],[-76.519227,-11.11809],[-76.495659,-11.109553],[-76.491213,-11.089441],[-76.51468,-11.068713],[-76.53299,-11.034127],[-76.565409,-11.018327],[-76.566685,-11.016164]]]}},{"type":"Feature","id":"1507","properties":{"ubigeo":"1507","nombre_departamento":"lima","nombre_provincia":"huarochiri","nombre_distrito":"","capital":"matucana"},"geometry":{"type":"Polygon","coordinates":[[[-76.47659,-11.466454],[-76.497216,-11.459312],[-76.511834,-11.487878],[-76.525823,-11.495775],[-76.529352,-11.511654],[-76.5446,-11.519131],[-76.536436,-11.561138],[-76.554184,-11.581412],[-76.558133,-11.611567],[-76.575276,-11.621102],[-76.574539,-11.632441],[-76.602508,-11.638547],[-76.612549,-11.652961],[-76.66407,-11.658074],[-76.707373,-11.691306],[-76.738938,-11.697258],[-76.752016,-11.730612],[-76.804868,-11.755874],[-76.851238,-11.79815],[-76.905764,-11.795364],[-76.903822,-11.823725],[-76.935643,-11.833684],[-76.942275,-11.860867],[-76.930663,-11.870611],[-76.894929,-11.865749],[-76.897414,-11.880659],[-76.912107,-11.889275],[-76.917996,-11.906453],[-76.915024,-11.927115],[-76.931373,-11.942174],[-76.918283,-11.960041],[-76.87838,-11.95094],[-76.85032,-11.93516],[-76.82931,-11.94499],[-76.81816,-11.92774],[-76.79168,-11.92761],[-76.73887,-11.89332],[-76.72668,-11.87454],[-76.669439,-11.921194],[-76.670658,-11.931046],[-76.646961,-11.952876],[-76.648334,-11.967373],[-76.681001,-11.988058],[-76.700006,-11.985872],[-76.722339,-11.999594],[-76.706567,-12.032362],[-76.67808,-12.05298],[-76.673507,-12.073508],[-76.685432,-12.086431],[-76.705192,-12.086256],[-76.716598,-12.100075],[-76.710881,-12.113163],[-76.6793,-12.130974],[-76.691558,-12.141358],[-76.68792,-12.15183],[-76.67174,-12.17237],[-76.66034,-12.173455],[-76.64771,-12.209712],[-76.622109,-12.225323],[-76.620824,-12.235874],[-76.636789,-12.279364],[-76.650414,-12.284777],[-76.65417,-12.30506],[-76.67399,-12.31952],[-76.681698,-12.354307],[-76.636135,-12.359949],[-76.616682,-12.372827],[-76.607074,-12.369084],[-76.607426,-12.352894],[-76.593389,-12.336409],[-76.589476,-12.299729],[-76.555656,-12.275937],[-76.531792,-12.316246],[-76.537657,-12.339369],[-76.526081,-12.350114],[-76.527405,-12.364431],[-76.516105,-12.385953],[-76.481337,-12.410325],[-76.467126,-12.401499],[-76.452766,-12.404264],[-76.434876,-12.38684],[-76.387865,-12.317977],[-76.377657,-12.320994],[-76.372611,-12.334908],[-76.345998,-12.337726],[-76.32275,-12.290075],[-76.303217,-12.273058],[-76.300465,-12.257351],[-76.272445,-12.302072],[-76.250302,-12.29973],[-76.220519,-12.275484],[-76.215477,-12.262785],[-76.171232,-12.259268],[-76.153217,-12.240116],[-76.112698,-12.225749],[-76.099276,-12.207411],[-76.069469,-12.207411],[-76.068352,-12.185955],[-76.086223,-12.160401],[-76.056793,-12.132732],[-76.072546,-12.108941],[-76.061351,-12.088518],[-76.044218,-12.084485],[-76.020343,-12.063965],[-76.009696,-12.023699],[-75.997564,-12.017891],[-76.000952,-11.998242],[-75.99318,-11.99468],[-76.052585,-11.948236],[-76.05825,-11.913795],[-76.050339,-11.909601],[-76.051747,-11.89086],[-76.094435,-11.848468],[-76.11814,-11.804038],[-76.142376,-11.776802],[-76.15059,-11.783766],[-76.16354,-11.772745],[-76.185063,-11.739909],[-76.198714,-11.736986],[-76.207503,-11.699786],[-76.196686,-11.692565],[-76.193297,-11.673487],[-76.204883,-11.659531],[-76.188374,-11.643062],[-76.197264,-11.622313],[-76.179551,-11.612873],[-76.19071,-11.588883],[-76.199394,-11.588431],[-76.228744,-11.553811],[-76.237414,-11.569009],[-76.264729,-11.567194],[-76.273086,-11.582006],[-76.29765,-11.596174],[-76.30437,-11.567528],[-76.317514,-11.5627],[-76.32786,-11.544323],[-76.350002,-11.542298],[-76.350646,-11.520414],[-76.359399,-11.522867],[-76.373359,-11.502286],[-76.391637,-11.499156],[-76.400585,-11.507174],[-76.414098,-11.492382],[-76.436904,-11.487301],[-76.454857,-11.462658],[-76.469322,-11.46065],[-76.47533,-11.467084],[-76.47659,-11.466454]]]}},{"type":"Feature","id":"1508","properties":{"ubigeo":"1508","nombre_departamento":"lima","nombre_provincia":"huaura","nombre_distrito":"","capital":"huacho"},"geometry":{"type":"Polygon","coordinates":[[[-77.34618,-10.60763],[-77.367305,-10.638301],[-77.380112,-10.639444],[-77.40423,-10.686774],[-77.394796,-10.701823],[-77.365502,-10.714407],[-77.366471,-10.720754],[-77.383637,-10.737277],[-77.386742,-10.752742],[-77.402493,-10.767976],[-77.425041,-10.767826],[-77.438777,-10.802982],[-77.458154,-10.809955],[-77.462221,-10.870066],[-77.444293,-10.916098],[-77.525711,-10.93198],[-77.548668,-10.890478],[-77.561386,-10.878398],[-77.585919,-10.873128],[-77.595906,-10.860058],[-77.638691,-10.872861],[-77.657614,-10.865227],[-77.701516,-10.886117],[-77.657828,-10.946506],[-77.664633,-10.95898],[-77.646824,-10.998193],[-77.661875,-11.013477],[-77.633416,-11.054508],[-77.637381,-11.071297],[-77.628066,-11.089277],[-77.633858,-11.093609],[-77.613102,-11.112164],[-77.620129,-11.126904],[-77.592769,-11.177822],[-77.601713,-11.214019],[-77.625496,-11.217769],[-77.630988,-11.21183],[-77.647148,-11.221734],[-77.6499,-11.244641],[-77.640088,-11.275609],[-77.643291,-11.290523],[-77.654227,-11.291238],[-77.645871,-11.2964],[-77.648346,-11.302738],[-77.496711,-11.377934],[-77.3841,-11.446605],[-77.37005,-11.41467],[-77.32479,-11.38722],[-77.3199,-11.36605],[-77.331939,-11.349971],[-77.331193,-11.33429],[-77.303492,-11.274102],[-77.286117,-11.274291],[-77.264196,-11.297464],[-77.243774,-11.302591],[-77.230719,-11.315301],[-77.224771,-11.342041],[-77.204998,-11.342961],[-77.189273,-11.362822],[-77.164499,-11.366226],[-77.159286,-11.344512],[-77.145112,-11.341797],[-77.131271,-11.298211],[-77.110946,-11.282385],[-77.076048,-11.274888],[-77.056968,-11.230514],[-77.064454,-11.207524],[-77.060027,-11.195098],[-77.085811,-11.180581],[-77.087948,-11.150507],[-77.076376,-11.091568],[-77.052041,-11.095761],[-77.0567,-11.117283],[-77.04641,-11.13837],[-77.01986,-11.13528],[-76.98857,-11.10362],[-76.94268,-11.07825],[-76.907577,-11.087608],[-76.875272,-11.083243],[-76.825757,-11.103684],[-76.793268,-11.076371],[-76.782447,-11.045746],[-76.765598,-11.035123],[-76.741556,-11.037358],[-76.74075,-11.06582],[-76.734519,-11.065451],[-76.72013,-11.052186],[-76.704861,-11.055385],[-76.683704,-11.046516],[-76.671367,-11.054026],[-76.656578,-11.033416],[-76.633602,-11.038316],[-76.629303,-11.024327],[-76.618593,-11.029095],[-76.576949,-11.016527],[-76.581603,-10.984984],[-76.565021,-10.963932],[-76.588212,-10.845051],[-76.65421,-10.88198],[-76.69761,-10.88043],[-76.73236,-10.91242],[-76.74391,-10.93526],[-76.79091,-10.92459],[-76.88976,-10.84381],[-76.90212,-10.84554],[-76.91508,-10.85985],[-76.92423,-10.85255],[-76.96241,-10.86163],[-76.9926,-10.90969],[-77.01025,-10.9143],[-77.02725,-10.93229],[-77.07941,-11.0144],[-77.118418,-10.997974],[-77.124623,-11.008406],[-77.13884,-11.01123],[-77.1706,-10.99111],[-77.18038,-10.961187],[-77.195661,-10.954944],[-77.19421,-10.93002],[-77.16804,-10.91854],[-77.164877,-10.872664],[-77.155967,-10.855024],[-77.173511,-10.808625],[-77.188027,-10.802916],[-77.177588,-10.779062],[-77.1669,-10.777005],[-77.160225,-10.765029],[-77.121201,-10.750621],[-77.08606,-10.753545],[-77.080738,-10.743918],[-77.041953,-10.737531],[-77.023399,-10.706152],[-77.007999,-10.699911],[-77.025102,-10.678422],[-77.04763,-10.679336],[-77.056358,-10.69207],[-77.084369,-10.666754],[-77.10507,-10.67239],[-77.125965,-10.646953],[-77.137775,-10.646881],[-77.152563,-10.667265],[-77.173811,-10.669932],[-77.19723,-10.68683],[-77.215308,-10.677205],[-77.248719,-10.683],[-77.300176,-10.659747],[-77.32946,-10.618049],[-77.34587,-10.60802],[-77.34618,-10.60763]]]}},{"type":"Feature","id":"1509","properties":{"ubigeo":"1509","nombre_departamento":"lima","nombre_provincia":"oyon","nombre_distrito":"","capital":"oyon"},"geometry":{"type":"Polygon","coordinates":[[[-76.799896,-10.419127],[-76.829034,-10.430057],[-76.822764,-10.483138],[-76.840639,-10.473582],[-76.857204,-10.493359],[-76.854558,-10.547478],[-76.865984,-10.557909],[-76.858383,-10.564189],[-76.865031,-10.584498],[-76.859482,-10.597215],[-76.878441,-10.65557],[-76.88977,-10.653448],[-76.895631,-10.666277],[-76.910385,-10.668016],[-76.949888,-10.697999],[-76.973613,-10.68222],[-76.994682,-10.681191],[-77.007675,-10.688886],[-77.011846,-10.706316],[-77.023399,-10.706152],[-77.041953,-10.737531],[-77.080738,-10.743918],[-77.08606,-10.753545],[-77.099418,-10.748256],[-77.140289,-10.756103],[-77.177588,-10.779062],[-77.188084,-10.804796],[-77.173511,-10.808625],[-77.155967,-10.855024],[-77.164877,-10.872664],[-77.16804,-10.91854],[-77.19421,-10.93002],[-77.195661,-10.954944],[-77.18038,-10.961187],[-77.1706,-10.99111],[-77.13946,-11.01088],[-77.124623,-11.008406],[-77.118418,-10.997974],[-77.07941,-11.0144],[-77.02725,-10.93229],[-77.01025,-10.9143],[-76.9926,-10.90969],[-76.96241,-10.86163],[-76.92423,-10.85255],[-76.91508,-10.85985],[-76.90212,-10.84554],[-76.88976,-10.84381],[-76.79091,-10.92459],[-76.74391,-10.93526],[-76.73236,-10.91242],[-76.69761,-10.88043],[-76.65421,-10.88198],[-76.588212,-10.845051],[-76.601577,-10.815868],[-76.617724,-10.814592],[-76.633486,-10.784528],[-76.627849,-10.76596],[-76.642241,-10.746398],[-76.659433,-10.687925],[-76.670954,-10.677814],[-76.655655,-10.646782],[-76.675574,-10.621372],[-76.672703,-10.60989],[-76.685862,-10.581457],[-76.70372,-10.588594],[-76.710188,-10.540741],[-76.730241,-10.508403],[-76.728783,-10.476463],[-76.739615,-10.467061],[-76.77235,-10.464152],[-76.787387,-10.438652],[-76.799853,-10.439558],[-76.799797,-10.419596],[-76.799896,-10.419127]]]}},{"type":"Feature","id":"1510","properties":{"ubigeo":"1510","nombre_departamento":"lima","nombre_provincia":"yauyos","nombre_distrito":"","capital":"yauyos"},"geometry":{"type":"Polygon","coordinates":[[[-75.973234,-11.984322],[-75.999436,-11.9955],[-75.997564,-12.017891],[-76.009696,-12.023699],[-76.020343,-12.063965],[-76.044218,-12.084485],[-76.061351,-12.088518],[-76.072546,-12.108941],[-76.056793,-12.132732],[-76.086223,-12.160401],[-76.068352,-12.185955],[-76.069469,-12.207411],[-76.099276,-12.207411],[-76.112698,-12.225749],[-76.153217,-12.240116],[-76.171232,-12.259268],[-76.215477,-12.262785],[-76.220519,-12.275484],[-76.250302,-12.29973],[-76.272445,-12.302072],[-76.301035,-12.25772],[-76.303217,-12.273058],[-76.32275,-12.290075],[-76.345998,-12.337726],[-76.345396,-12.388004],[-76.333278,-12.416092],[-76.318511,-12.419623],[-76.313547,-12.430623],[-76.321869,-12.443802],[-76.331566,-12.442367],[-76.340123,-12.49451],[-76.352115,-12.520018],[-76.367486,-12.532599],[-76.33481,-12.5365],[-76.323219,-12.528295],[-76.287996,-12.587095],[-76.268114,-12.583552],[-76.252169,-12.590472],[-76.270411,-12.644822],[-76.288129,-12.654457],[-76.28465,-12.68329],[-76.299494,-12.71367],[-76.296024,-12.733786],[-76.282505,-12.752486],[-76.247225,-12.755523],[-76.241293,-12.790844],[-76.199366,-12.813455],[-76.177269,-12.854369],[-76.153881,-12.837843],[-76.13953,-12.791574],[-76.123244,-12.786839],[-76.09865,-12.801607],[-76.076944,-12.786424],[-76.060816,-12.792789],[-76.045169,-12.781957],[-76.021629,-12.789354],[-75.99553,-12.756865],[-75.983928,-12.782299],[-75.941274,-12.80724],[-75.941129,-12.819508],[-75.95941,-12.84897],[-75.97987,-12.83879],[-76.00204,-12.84011],[-76.008462,-12.85299],[-75.992988,-12.896045],[-76.003898,-12.922412],[-75.972668,-12.923998],[-75.973445,-12.939281],[-75.957431,-12.969891],[-75.961402,-13.001379],[-75.939297,-12.990988],[-75.878781,-13.015994],[-75.852218,-13.035312],[-75.826889,-13.02941],[-75.817923,-13.052149],[-75.800842,-13.060334],[-75.772484,-13.037861],[-75.764588,-13.018236],[-75.753719,-13.028031],[-75.745363,-13.02497],[-75.709853,-13.040111],[-75.670361,-13.022612],[-75.667049,-12.996556],[-75.636506,-12.987576],[-75.637501,-12.973236],[-75.614075,-12.964552],[-75.622662,-12.949373],[-75.617888,-12.942736],[-75.636336,-12.915031],[-75.612714,-12.859152],[-75.570411,-12.842859],[-75.560332,-12.8174],[-75.530229,-12.821619],[-75.52001,-12.788325],[-75.509429,-12.783166],[-75.508173,-12.775047],[-75.577117,-12.715701],[-75.553654,-12.704243],[-75.551455,-12.683993],[-75.563259,-12.675728],[-75.561331,-12.663084],[-75.578027,-12.653549],[-75.579379,-12.595081],[-75.566512,-12.574225],[-75.571841,-12.564068],[-75.566439,-12.552694],[-75.55199,-12.54493],[-75.535974,-12.518548],[-75.557408,-12.45659],[-75.558869,-12.412102],[-75.56694,-12.4122],[-75.548701,-12.364244],[-75.568216,-12.331639],[-75.588596,-12.325003],[-75.5867,-12.299253],[-75.642136,-12.229623],[-75.652727,-12.20567],[-75.671262,-12.192455],[-75.6687,-12.183418],[-75.648466,-12.174208],[-75.641924,-12.149953],[-75.627015,-12.134828],[-75.638703,-12.121532],[-75.634563,-12.114639],[-75.663582,-12.090927],[-75.688222,-12.082133],[-75.67389,-12.05792],[-75.694305,-12.042691],[-75.716734,-12.046519],[-75.742039,-12.036547],[-75.751123,-12.054857],[-75.765663,-12.059627],[-75.818937,-12.013737],[-75.832367,-12.025053],[-75.842549,-12.006453],[-75.885027,-11.993411],[-75.904147,-11.998397],[-75.924053,-11.984252],[-75.948584,-11.994402],[-75.95426,-11.986176],[-75.972198,-11.984431],[-75.973234,-11.984322]]]}},{"type":"Feature","id":"1601","properties":{"ubigeo":"1601","nombre_departamento":"loreto","nombre_provincia":"maynas","nombre_distrito":"","capital":"iquitos"},"geometry":{"type":"Polygon","coordinates":[[[-75.24086,-0.64528],[-75.24473,-0.63937],[-75.24791,-0.64746],[-75.25675,-0.64365],[-75.257912,-0.655063],[-75.272298,-0.666068],[-75.248332,-0.696337],[-75.27337,-0.716865],[-75.270027,-0.745702],[-75.25094,-0.762522],[-75.26497,-0.783938],[-75.241828,-0.798366],[-75.24982,-0.834703],[-75.222808,-0.870898],[-75.221145,-0.90149],[-75.2335,-0.922014],[-75.22891,-0.941493],[-75.188331,-0.9702],[-75.203223,-0.975662],[-75.211447,-0.969568],[-75.274367,-0.969597],[-75.288527,-0.985656],[-75.300061,-0.987148],[-75.369807,-0.929006],[-75.37948,-0.923747],[-75.3867,-0.929739],[-75.538047,-1.480769],[-75.550361,-1.501986],[-75.557625,-1.559507],[-75.563566,-1.562767],[-75.581958,-1.546719],[-75.655096,-1.635898],[-75.778365,-1.793951],[-75.781101,-1.836059],[-75.745924,-1.930924],[-75.650596,-1.945881],[-75.610644,-1.969357],[-75.571295,-1.963769],[-75.536289,-1.996461],[-75.465699,-2.006846],[-75.43798,-2.036592],[-75.390031,-2.015148],[-75.337555,-2.003201],[-75.288149,-2.008711],[-75.268969,-2.043713],[-75.26677,-2.063659],[-75.253138,-2.079345],[-75.255928,-2.090924],[-75.243252,-2.100372],[-75.246187,-2.133829],[-75.224105,-2.158136],[-75.192472,-2.165754],[-75.16893,-2.186687],[-75.172206,-2.219157],[-75.155336,-2.235227],[-75.13642,-2.285902],[-75.111241,-2.301851],[-75.103939,-2.289681],[-75.083228,-2.293471],[-75.01715,-2.351791],[-74.958924,-2.369905],[-74.949592,-2.458791],[-74.954133,-2.502289],[-74.981195,-2.506802],[-74.993112,-2.524195],[-74.979621,-2.555357],[-74.962017,-2.570373],[-74.957863,-2.614745],[-74.973748,-2.660699],[-75.009927,-2.684674],[-75.010269,-2.766357],[-75.022059,-2.790467],[-75.059135,-2.962137],[-75.056684,-2.980023],[-75.036393,-2.998226],[-75.026446,-3.060724],[-75.013765,-3.076549],[-75.020453,-3.093107],[-75.010615,-3.110383],[-75.016779,-3.13451],[-74.991611,-3.190005],[-74.942666,-3.200109],[-74.921846,-3.197066],[-74.8929,-3.209853],[-74.874189,-3.200778],[-74.860261,-3.209572],[-74.855148,-3.223432],[-74.842657,-3.217759],[-74.820473,-3.233507],[-74.813521,-3.243836],[-74.828613,-3.259047],[-74.8329,-3.280822],[-74.819272,-3.287119],[-74.81139,-3.302938],[-74.781736,-3.315913],[-74.780041,-3.32661],[-74.753945,-3.334533],[-74.75009,-3.355663],[-74.731758,-3.3683],[-74.712566,-3.436074],[-74.717486,-3.458815],[-74.691936,-3.451029],[-74.679327,-3.466371],[-74.686199,-3.494035],[-74.679231,-3.509369],[-74.554543,-3.633314],[-74.504014,-3.696506],[-74.49239,-3.701205],[-74.47206,-3.684301],[-74.45864,-3.705488],[-74.430543,-3.70743],[-74.412087,-3.718276],[-74.370695,-3.715996],[-74.346774,-3.760332],[-74.314109,-3.774324],[-74.278053,-3.832958],[-74.258426,-3.84783],[-74.239104,-3.844241],[-74.211902,-3.85901],[-74.186054,-3.891526],[-74.188926,-3.899725],[-74.150218,-3.968251],[-74.146288,-3.993432],[-74.135346,-3.99965],[-74.135437,-4.061881],[-74.085609,-4.211725],[-74.058701,-4.247613],[-73.94526,-4.324502],[-73.937002,-4.371898],[-73.914857,-4.384353],[-73.883518,-4.388434],[-73.833581,-4.438622],[-73.765303,-4.44916],[-73.691924,-4.439775],[-73.592677,-4.381821],[-73.54459,-4.337902],[-73.483441,-4.321477],[-73.468213,-4.284902],[-73.400293,-4.238547],[-73.378653,-4.257187],[-73.425174,-4.289619],[-73.449925,-4.319908],[-73.420233,-4.379871],[-73.420666,-4.425323],[-73.434502,-4.447919],[-73.397473,-4.476109],[-73.322565,-4.584318],[-73.289403,-4.608672],[-73.26966,-4.638836],[-73.217164,-4.673957],[-73.183814,-4.684668],[-73.155603,-4.709709],[-73.060402,-4.667361],[-73.035243,-4.632539],[-73.035002,-4.554062],[-73.025829,-4.529582],[-73.006766,-4.507852],[-72.955984,-4.475519],[-72.934678,-4.467096],[-72.905728,-4.468113],[-72.882017,-4.487002],[-72.795773,-4.496193],[-72.783381,-4.488455],[-72.765736,-4.446086],[-72.756562,-4.382719],[-72.672194,-4.398594],[-72.632697,-4.397789],[-72.602939,-4.355233],[-72.628561,-4.303654],[-72.580777,-4.303527],[-72.539786,-4.293883],[-72.497992,-4.319389],[-72.481766,-4.293297],[-72.387757,-4.208531],[-72.436632,-4.166773],[-72.425768,-4.119051],[-72.408465,-4.100035],[-72.411549,-4.092325],[-72.395595,-4.05724],[-72.355188,-4.022137],[-72.348164,-4.006004],[-72.306011,-3.994262],[-72.253808,-3.943275],[-72.25495,-3.91969],[-72.282887,-3.834839],[-72.278455,-3.741558],[-72.289795,-3.730423],[-72.303619,-3.687381],[-72.280834,-3.678815],[-72.221418,-3.627826],[-72.174273,-3.604281],[-72.155195,-3.577148],[-72.15633,-3.54774],[-72.148022,-3.52852],[-72.117193,-3.500567],[-72.191751,-3.450105],[-72.198451,-3.404256],[-72.273963,-3.332783],[-72.293439,-3.292936],[-72.337774,-3.282447],[-72.362578,-3.247912],[-72.406568,-3.232628],[-72.417866,-3.177479],[-72.430404,-3.174264],[-72.454443,-3.132327],[-72.474615,-3.123105],[-72.479057,-3.098662],[-72.55277,-3.067543],[-72.55416,-3.008414],[-72.573391,-2.947852],[-72.570773,-2.890898],[-72.668701,-2.891057],[-72.766203,-2.915271],[-72.89123,-2.916378],[-72.935395,-2.87295],[-73.065179,-2.780938],[-73.126828,-2.771954],[-73.144799,-2.7089],[-73.208802,-2.698532],[-73.275859,-2.637168],[-73.328524,-2.623063],[-73.360233,-2.604589],[-73.395914,-2.535414],[-73.369553,-2.492776],[-73.373182,-2.465599],[-73.4424,-2.417864],[-73.481792,-2.410099],[-73.516677,-2.378606],[-73.56121,-2.367668],[-73.574303,-2.34243],[-73.633747,-2.299984],[-73.666969,-2.289592],[-73.694196,-2.302238],[-73.710811,-2.296782],[-73.731514,-2.238385],[-73.755645,-2.218054],[-73.736965,-2.156914],[-73.787397,-2.122357],[-73.80744,-2.028528],[-73.86423,-2.019366],[-73.884828,-1.997807],[-73.922105,-1.985599],[-73.9214,-1.978675],[-73.899632,-1.96921],[-73.881177,-1.935543],[-73.875284,-1.918712],[-73.879846,-1.894558],[-73.837162,-1.849388],[-73.842445,-1.824537],[-73.818998,-1.763418],[-73.82449,-1.696352],[-73.851317,-1.680959],[-73.887476,-1.682771],[-73.924547,-1.614937],[-73.941406,-1.603322],[-73.940964,-1.587771],[-73.975652,-1.583287],[-74.005728,-1.524336],[-74.087703,-1.520669],[-74.120792,-1.503087],[-74.151689,-1.471552],[-74.174703,-1.466413],[-74.196152,-1.447963],[-74.208801,-1.446018],[-74.222785,-1.455529],[-74.284584,-1.434002],[-74.304214,-1.438058],[-74.322861,-1.422],[-74.404056,-1.394489],[-74.428501,-1.390352],[-74.443564,-1.39792],[-74.463105,-1.376832],[-74.494182,-1.378443],[-74.516082,-1.35182],[-74.542941,-1.34508],[-74.548897,-1.326996],[-74.565147,-1.324767],[-74.588629,-1.307147],[-74.586914,-1.278215],[-74.60289,-1.255256],[-74.641215,-1.232728],[-74.644389,-1.216904],[-74.710592,-1.152247],[-74.720037,-1.112713],[-74.737155,-1.105473],[-74.759512,-1.056311],[-74.784424,-1.049951],[-74.794638,-1.036138],[-74.84861,-1.02051],[-74.882688,-0.965089],[-74.887346,-0.91963],[-74.909781,-0.919792],[-74.926753,-0.898325],[-74.954088,-0.887981],[-74.987022,-0.81898],[-75.028388,-0.795913],[-75.043709,-0.799958],[-75.058404,-0.781234],[-75.10396,-0.777744],[-75.127518,-0.763527],[-75.131155,-0.750329],[-75.140511,-0.753391],[-75.1928,-0.736634],[-75.19931,-0.721619],[-75.181572,-0.712026],[-75.209309,-0.70492],[-75.230793,-0.688548],[-75.228584,-0.672135],[-75.240907,-0.656362],[-75.231527,-0.647088],[-75.2404,-0.64573],[-75.24086,-0.64528]]]}},{"type":"Feature","id":"1602","properties":{"ubigeo":"1602","nombre_departamento":"loreto","nombre_provincia":"alto amazonas","nombre_distrito":"","capital":"yurimaguas"},"geometry":{"type":"Polygon","coordinates":[[[-76.307523,-3.698272],[-76.326633,-3.683178],[-76.336141,-3.76897],[-76.38677,-3.78652],[-76.381441,-3.820633],[-76.393351,-3.852844],[-76.416915,-3.867205],[-76.422626,-3.92376],[-76.413613,-3.961933],[-76.394795,-3.98447],[-76.392047,-4.001039],[-76.349974,-4.04389],[-76.332155,-4.112898],[-76.293421,-4.134508],[-76.310907,-4.15677],[-76.280218,-4.160545],[-76.237267,-4.186181],[-76.246166,-4.195962],[-76.244538,-4.219299],[-76.228709,-4.242572],[-76.230569,-4.264948],[-76.298458,-4.320734],[-76.296986,-4.341275],[-76.320977,-4.359868],[-76.307921,-4.390169],[-76.334794,-4.411679],[-76.338171,-4.436122],[-76.297308,-4.517449],[-76.269228,-4.52379],[-76.257283,-4.545473],[-76.22881,-4.555557],[-76.246914,-4.561339],[-76.217857,-4.607954],[-76.198279,-4.623351],[-76.205864,-4.672267],[-76.174177,-4.68952],[-76.163397,-4.704615],[-76.174136,-4.75025],[-76.167387,-4.779553],[-76.141653,-4.797617],[-76.101814,-4.7893],[-76.07073,-4.833535],[-76.02592,-4.815043],[-76.007135,-4.851985],[-75.964433,-4.87304],[-75.925093,-4.911142],[-75.868503,-4.937982],[-75.82954,-4.976578],[-75.79959,-4.97913],[-75.754619,-5.004267],[-75.746801,-5.012951],[-75.748727,-5.038448],[-75.789449,-5.018075],[-75.803998,-5.018422],[-75.850578,-5.028059],[-75.889147,-5.048345],[-75.919215,-5.021388],[-75.919043,-5.084489],[-75.964079,-5.080914],[-76.000728,-5.100812],[-76.023685,-5.100405],[-76.068887,-5.085126],[-76.183355,-5.017064],[-76.370948,-5.032456],[-76.421197,-5.052449],[-76.42882,-5.046306],[-76.430091,-5.016632],[-76.454035,-4.986603],[-76.446829,-5.064285],[-76.480601,-5.089072],[-76.497066,-5.121311],[-76.512965,-5.131279],[-76.504882,-5.166168],[-76.528369,-5.186427],[-76.508789,-5.236178],[-76.562289,-5.234357],[-76.585305,-5.212889],[-76.605529,-5.227767],[-76.604358,-5.248288],[-76.595464,-5.251412],[-76.593123,-5.272242],[-76.582519,-5.27931],[-76.58782,-5.313451],[-76.575924,-5.336133],[-76.588522,-5.343889],[-76.604326,-5.334904],[-76.625397,-5.367423],[-76.634595,-5.419665],[-76.626598,-5.435973],[-76.641452,-5.448023],[-76.640398,-5.462731],[-76.659601,-5.457886],[-76.702852,-5.492025],[-76.726205,-5.472803],[-76.741127,-5.446732],[-76.759338,-5.454929],[-76.759673,-5.436117],[-76.832215,-5.498514],[-76.850818,-5.532111],[-76.834952,-5.567727],[-76.811014,-5.594598],[-76.843451,-5.607639],[-76.845447,-5.638795],[-76.815659,-5.637659],[-76.812743,-5.655124],[-76.824024,-5.661838],[-76.825769,-5.672839],[-76.810333,-5.688511],[-76.82153,-5.695492],[-76.847414,-5.689424],[-76.862778,-5.694736],[-76.869508,-5.703556],[-76.866486,-5.725529],[-76.88999,-5.736301],[-76.894537,-5.746232],[-76.844074,-5.742529],[-76.824604,-5.757296],[-76.829423,-5.777341],[-76.816329,-5.807566],[-76.826339,-5.817847],[-76.820653,-5.857872],[-76.777744,-5.900555],[-76.764633,-5.946621],[-76.746728,-5.954028],[-76.745585,-5.974896],[-76.754891,-5.993423],[-76.750324,-6.002815],[-76.710769,-6.013666],[-76.640011,-6.002605],[-76.604345,-6.017151],[-76.562959,-6.001566],[-76.548876,-6.012754],[-76.517994,-6.003407],[-76.480923,-6.013963],[-76.430181,-6.002766],[-76.414353,-5.966],[-76.400158,-5.953559],[-76.372787,-5.97376],[-76.334006,-6.042107],[-76.31534,-6.054066],[-76.318297,-6.086095],[-76.247149,-6.126061],[-76.145989,-6.146673],[-76.088483,-6.107567],[-76.042718,-6.100996],[-76.01353,-6.08358],[-76.005753,-6.095218],[-75.958451,-6.09838],[-75.920809,-6.140228],[-75.895875,-6.132025],[-75.837978,-6.140515],[-75.85152,-6.10175],[-75.83472,-6.10701],[-75.82768,-6.09858],[-75.79878,-6.10483],[-75.78309,-6.12334],[-75.77478,-6.12039],[-75.76774,-6.12756],[-75.77116,-6.14765],[-75.75803,-6.14145],[-75.726644,-6.144016],[-75.71142,-6.1354],[-75.68005,-6.09531],[-75.6517,-6.09791],[-75.62921,-6.08299],[-75.62107,-6.029381],[-75.56893,-6.000389],[-75.56701,-5.958365],[-75.54671,-5.936077],[-75.512401,-5.867094],[-75.539363,-5.794656],[-75.500615,-5.739848],[-75.454249,-5.575269],[-75.518253,-5.58735],[-75.608829,-5.562725],[-75.601079,-5.53295],[-75.638139,-5.505795],[-75.618126,-5.454355],[-75.652271,-5.401856],[-75.652708,-5.364173],[-75.623052,-5.319782],[-75.632575,-5.276244],[-75.595405,-5.274526],[-75.588794,-5.251842],[-75.617954,-5.201398],[-75.511626,-5.11315],[-75.469573,-5.057653],[-75.438059,-5.04743],[-75.385821,-5.053169],[-75.423898,-4.988094],[-75.478562,-4.956275],[-75.520106,-4.940874],[-75.581078,-4.939028],[-75.604092,-4.922493],[-75.642162,-4.930954],[-75.673441,-4.924808],[-75.687484,-4.889371],[-75.664291,-4.841238],[-75.725701,-4.813172],[-75.721597,-4.789661],[-75.740282,-4.737848],[-75.843053,-4.687087],[-75.852179,-4.658739],[-75.84548,-4.625815],[-75.851889,-4.599959],[-75.891694,-4.584175],[-75.877198,-4.544131],[-75.878909,-4.490446],[-75.863331,-4.455236],[-75.867852,-4.429948],[-75.952353,-4.375051],[-75.974953,-4.372006],[-76.025243,-4.323404],[-76.030214,-4.296832],[-76.009586,-4.273884],[-76.009412,-4.25785],[-76.021855,-4.220403],[-76.070308,-4.179697],[-76.061271,-4.122205],[-76.065375,-4.089197],[-76.079465,-4.074852],[-76.078478,-4.049389],[-76.120022,-4.035596],[-76.138708,-4.002687],[-76.144511,-3.959035],[-76.204308,-3.923884],[-76.211829,-3.834561],[-76.247642,-3.787844],[-76.248867,-3.744766],[-76.257442,-3.743462],[-76.275835,-3.761742],[-76.280316,-3.747018],[-76.272786,-3.730502],[-76.282935,-3.707822],[-76.292455,-3.694403],[-76.305383,-3.698462],[-76.307523,-3.698272]]]}},{"type":"Feature","id":"1603","properties":{"ubigeo":"1603","nombre_departamento":"loreto","nombre_provincia":"loreto","nombre_distrito":"","capital":"nauta"},"geometry":{"type":"Polygon","coordinates":[[[-75.745924,-1.930924],[-75.778961,-1.849744],[-75.778365,-1.793951],[-76.043426,-2.127093],[-76.534324,-2.512278],[-76.503332,-2.532157],[-76.506375,-2.582835],[-76.470643,-2.604315],[-76.407966,-2.68779],[-76.386369,-2.697529],[-76.384344,-2.716769],[-76.395475,-2.726033],[-76.365311,-2.740105],[-76.344207,-2.80007],[-76.317836,-2.807719],[-76.307342,-2.834851],[-76.316865,-2.897561],[-76.34031,-2.913546],[-76.351231,-2.946428],[-76.348411,-2.977534],[-76.337928,-2.988614],[-76.35247,-3.02107],[-76.353471,-3.09042],[-76.389266,-3.127678],[-76.348781,-3.1665],[-76.363881,-3.18098],[-76.364055,-3.193241],[-76.351827,-3.205982],[-76.367291,-3.21783],[-76.354273,-3.236361],[-76.337325,-3.21888],[-76.328032,-3.219307],[-76.337658,-3.251549],[-76.325983,-3.258062],[-76.326465,-3.274709],[-76.31396,-3.286162],[-76.310656,-3.305427],[-76.282194,-3.333401],[-76.270027,-3.361134],[-76.274302,-3.39981],[-76.263721,-3.403037],[-76.256711,-3.436047],[-76.261463,-3.475219],[-76.248927,-3.476684],[-76.224537,-3.516186],[-76.20618,-3.528057],[-76.222041,-3.553723],[-76.260534,-3.572922],[-76.23753,-3.602436],[-76.234083,-3.634823],[-76.323785,-3.685349],[-76.307523,-3.698272],[-76.289844,-3.696615],[-76.272945,-3.729748],[-76.280316,-3.747018],[-76.275835,-3.761742],[-76.257442,-3.743462],[-76.248867,-3.744766],[-76.247642,-3.787844],[-76.211829,-3.834561],[-76.204308,-3.923884],[-76.144511,-3.959035],[-76.138708,-4.002687],[-76.120022,-4.035596],[-76.078478,-4.049389],[-76.079465,-4.074852],[-76.065375,-4.089197],[-76.061271,-4.122205],[-76.070308,-4.179697],[-76.021855,-4.220403],[-76.009412,-4.25785],[-76.009586,-4.273884],[-76.030214,-4.296832],[-76.025243,-4.323404],[-75.974953,-4.372006],[-75.952353,-4.375051],[-75.867852,-4.429948],[-75.863331,-4.455236],[-75.878909,-4.490446],[-75.877198,-4.544131],[-75.891694,-4.584175],[-75.851889,-4.599959],[-75.84548,-4.625815],[-75.852179,-4.658739],[-75.843053,-4.687087],[-75.740282,-4.737848],[-75.721597,-4.789661],[-75.725701,-4.813172],[-75.664291,-4.841238],[-75.687484,-4.889371],[-75.673441,-4.924808],[-75.642162,-4.930954],[-75.604092,-4.922493],[-75.581078,-4.939028],[-75.532752,-4.939069],[-75.490112,-4.951191],[-75.423898,-4.988094],[-75.386809,-5.050079],[-75.442833,-5.04781],[-75.469573,-5.057653],[-75.511626,-5.11315],[-75.613554,-5.194222],[-75.618152,-5.208482],[-75.592886,-5.236233],[-75.590042,-5.258447],[-75.597492,-5.275545],[-75.632575,-5.276244],[-75.623052,-5.319782],[-75.653767,-5.372118],[-75.652271,-5.401856],[-75.618696,-5.451387],[-75.62044,-5.46772],[-75.639813,-5.498763],[-75.63043,-5.514783],[-75.600283,-5.53464],[-75.61078,-5.560768],[-75.518253,-5.58735],[-75.497322,-5.588178],[-75.454391,-5.574192],[-75.497479,-5.728032],[-75.437134,-5.725417],[-75.413927,-5.720148],[-75.383758,-5.688922],[-75.335809,-5.695258],[-75.304934,-5.686215],[-75.2081,-5.6171],[-75.18158,-5.62323],[-75.065988,-5.499398],[-75.019466,-5.49693],[-74.990295,-5.513906],[-74.960098,-5.519859],[-74.928713,-5.486246],[-74.90209,-5.470304],[-74.828994,-5.453709],[-74.638014,-5.354013],[-74.61517,-5.30433],[-74.572922,-5.26432],[-74.457223,-5.215945],[-74.418338,-5.20693],[-74.350628,-5.153485],[-74.323586,-5.152368],[-74.287405,-5.133623],[-74.245514,-5.136191],[-74.232461,-5.117486],[-74.178783,-5.086976],[-74.173906,-5.034894],[-74.131168,-5.015031],[-74.089388,-4.969161],[-74.067095,-4.956635],[-74.041672,-4.946514],[-74.00016,-4.957676],[-73.956811,-4.979141],[-73.94636,-5.000225],[-73.927635,-5.009668],[-73.893001,-4.955575],[-73.90182,-4.92874],[-73.874352,-4.882809],[-73.849539,-4.876984],[-73.834404,-4.852061],[-73.810287,-4.843186],[-73.79209,-4.81371],[-73.764793,-4.79748],[-73.711726,-4.735543],[-73.678269,-4.734226],[-73.653713,-4.722804],[-73.581982,-4.618682],[-73.52941,-4.584301],[-73.510826,-4.551911],[-73.46726,-4.518682],[-73.45731,-4.462069],[-73.429836,-4.441727],[-73.420561,-4.424193],[-73.421645,-4.368578],[-73.448794,-4.315048],[-73.378232,-4.254097],[-73.400293,-4.238547],[-73.468213,-4.284902],[-73.483441,-4.321477],[-73.54459,-4.337902],[-73.592677,-4.381821],[-73.705094,-4.44487],[-73.765303,-4.44916],[-73.822234,-4.442613],[-73.84707,-4.428565],[-73.883518,-4.388434],[-73.914857,-4.384353],[-73.937002,-4.371898],[-73.94526,-4.324502],[-74.058701,-4.247613],[-74.085609,-4.211725],[-74.135437,-4.061881],[-74.135346,-3.99965],[-74.146288,-3.993432],[-74.150218,-3.968251],[-74.188926,-3.899725],[-74.186054,-3.891526],[-74.211902,-3.85901],[-74.239104,-3.844241],[-74.258426,-3.84783],[-74.278053,-3.832958],[-74.314109,-3.774324],[-74.346774,-3.760332],[-74.370695,-3.715996],[-74.412087,-3.718276],[-74.430543,-3.70743],[-74.45864,-3.705488],[-74.47206,-3.684301],[-74.49239,-3.701205],[-74.504014,-3.696506],[-74.554543,-3.633314],[-74.679231,-3.509369],[-74.686199,-3.494035],[-74.679327,-3.466371],[-74.691936,-3.451029],[-74.717486,-3.458815],[-74.712566,-3.436074],[-74.731758,-3.3683],[-74.75009,-3.355663],[-74.753945,-3.334533],[-74.780041,-3.32661],[-74.781736,-3.315913],[-74.81139,-3.302938],[-74.819272,-3.287119],[-74.8329,-3.280822],[-74.828613,-3.259047],[-74.813521,-3.243836],[-74.820473,-3.233507],[-74.842657,-3.217759],[-74.855148,-3.223432],[-74.860261,-3.209572],[-74.874189,-3.200778],[-74.8929,-3.209853],[-74.921846,-3.197066],[-74.967414,-3.197178],[-74.99053,-3.190882],[-75.000375,-3.174151],[-75.017793,-3.1294],[-75.010615,-3.110383],[-75.020188,-3.099655],[-75.013999,-3.075555],[-75.026446,-3.060724],[-75.036393,-2.998226],[-75.056684,-2.980023],[-75.059135,-2.962137],[-75.022059,-2.790467],[-75.010269,-2.766357],[-75.009927,-2.684674],[-74.973748,-2.660699],[-74.957863,-2.614745],[-74.962017,-2.570373],[-74.979621,-2.555357],[-74.993112,-2.524195],[-74.981195,-2.506802],[-74.954133,-2.502289],[-74.949592,-2.458791],[-74.958924,-2.369905],[-75.01715,-2.351791],[-75.083228,-2.293471],[-75.103939,-2.289681],[-75.111241,-2.301851],[-75.13642,-2.285902],[-75.155336,-2.235227],[-75.172206,-2.219157],[-75.16893,-2.186687],[-75.192472,-2.165754],[-75.224105,-2.158136],[-75.246187,-2.133829],[-75.243252,-2.100372],[-75.255928,-2.090924],[-75.253138,-2.079345],[-75.26677,-2.063659],[-75.268969,-2.043713],[-75.288149,-2.008711],[-75.337555,-2.003201],[-75.390031,-2.015148],[-75.43798,-2.036592],[-75.465699,-2.006846],[-75.536289,-1.996461],[-75.571295,-1.963769],[-75.610644,-1.969357],[-75.650596,-1.945881],[-75.743393,-1.931576],[-75.745924,-1.930924]]]}},{"type":"Feature","id":"1604","properties":{"ubigeo":"1604","nombre_departamento":"loreto","nombre_provincia":"mariscal ramon castilla","nombre_distrito":"","capital":"caballo cocha"},"geometry":{"type":"Polygon","coordinates":[[[-72.089964,-2.840141],[-72.117293,-2.834716],[-72.154107,-2.805826],[-72.180955,-2.799827],[-72.247023,-2.839436],[-72.307367,-2.832324],[-72.36385,-2.839822],[-72.388792,-2.85484],[-72.43238,-2.841822],[-72.53004,-2.883477],[-72.570773,-2.890898],[-72.573391,-2.947852],[-72.55416,-3.008414],[-72.55277,-3.067543],[-72.479057,-3.098662],[-72.474615,-3.123105],[-72.454443,-3.132327],[-72.430404,-3.174264],[-72.417866,-3.177479],[-72.406568,-3.232628],[-72.362578,-3.247912],[-72.337774,-3.282447],[-72.293439,-3.292936],[-72.273963,-3.332783],[-72.198451,-3.404256],[-72.191751,-3.450105],[-72.117193,-3.500567],[-72.148022,-3.52852],[-72.15633,-3.54774],[-72.155195,-3.577148],[-72.174273,-3.604281],[-72.221418,-3.627826],[-72.280834,-3.678815],[-72.304419,-3.689608],[-72.289795,-3.730423],[-72.278455,-3.741558],[-72.282887,-3.834839],[-72.25495,-3.91969],[-72.253808,-3.943275],[-72.306011,-3.994262],[-72.348164,-4.006004],[-72.355188,-4.022137],[-72.395595,-4.05724],[-72.411549,-4.092325],[-72.408465,-4.100035],[-72.425768,-4.119051],[-72.436632,-4.166773],[-72.387757,-4.208531],[-72.481766,-4.293297],[-72.497992,-4.319389],[-72.539786,-4.293883],[-72.580777,-4.303527],[-72.628561,-4.303654],[-72.602939,-4.355233],[-72.632697,-4.397789],[-72.672194,-4.398594],[-72.756562,-4.382719],[-72.765736,-4.446086],[-72.787892,-4.492367],[-72.822586,-4.498096],[-72.882017,-4.487002],[-72.905728,-4.468113],[-72.934678,-4.467096],[-73.014699,-4.515316],[-73.035002,-4.554062],[-73.035243,-4.632539],[-73.063258,-4.669731],[-73.129439,-4.695545],[-73.102152,-4.789773],[-73.236244,-4.970566],[-73.169918,-4.998002],[-73.098101,-5.000796],[-73.053867,-5.037249],[-73.00329,-5.05758],[-72.984855,-5.052566],[-72.912787,-5.119896],[-72.882917,-5.122147],[-72.849272,-5.136049],[-72.850122,-5.145818],[-72.833556,-5.138491],[-72.823479,-5.144037],[-72.823904,-5.132462],[-72.816683,-5.139588],[-72.813,-5.134716],[-72.818312,-5.102776],[-72.801026,-5.111365],[-72.790525,-5.105843],[-72.785947,-5.113442],[-72.779056,-5.102009],[-72.784189,-5.093313],[-72.768024,-5.099224],[-72.756367,-5.076617],[-72.73986,-5.088593],[-72.73809,-5.075532],[-72.729866,-5.074399],[-72.737604,-5.061228],[-72.72622,-5.061668],[-72.727648,-5.051993],[-72.715188,-5.057456],[-72.709018,-5.048371],[-72.692452,-5.060901],[-72.670828,-5.047255],[-72.665987,-5.059119],[-72.657491,-5.05453],[-72.657373,-5.063627],[-72.642011,-5.044972],[-72.641421,-5.062989],[-72.628412,-5.050877],[-72.628808,-5.038353],[-72.621198,-5.051804],[-72.617115,-5.035958],[-72.606057,-5.030378],[-72.612234,-5.016559],[-72.598506,-5.001053],[-72.609133,-4.994176],[-72.597831,-4.994851],[-72.594615,-4.982926],[-72.583973,-4.997653],[-72.583545,-4.982251],[-72.568,-4.983718],[-72.551936,-4.955561],[-72.536894,-4.953655],[-72.538804,-4.964101],[-72.527251,-4.95341],[-72.522168,-4.960019],[-72.521159,-4.932872],[-72.504941,-4.935812],[-72.50674,-4.94514],[-72.496777,-4.94999],[-72.487731,-4.933385],[-72.487954,-4.950297],[-72.482029,-4.950802],[-72.473733,-4.924554],[-72.458415,-4.924181],[-72.451348,-4.915688],[-72.463219,-4.90267],[-72.46919,-4.905285],[-72.470427,-4.891126],[-72.454513,-4.891494],[-72.454667,-4.900794],[-72.442957,-4.898201],[-72.431202,-4.910877],[-72.428332,-4.901531],[-72.414658,-4.899705],[-72.421856,-4.875994],[-72.412402,-4.876363],[-72.40611,-4.888655],[-72.399159,-4.873815],[-72.382017,-4.872956],[-72.389674,-4.86183],[-72.380252,-4.858515],[-72.38372,-4.849629],[-72.375341,-4.837567],[-72.389444,-4.834252],[-72.37175,-4.831904],[-72.379331,-4.823448],[-72.358844,-4.823387],[-72.371719,-4.808731],[-72.368052,-4.802929],[-72.344839,-4.80671],[-72.337752,-4.793462],[-72.33865,-4.804458],[-72.325264,-4.801737],[-72.324877,-4.813216],[-72.319711,-4.788585],[-72.328041,-4.781001],[-72.310497,-4.774439],[-72.313191,-4.78567],[-72.306504,-4.790423],[-72.301421,-4.775379],[-72.283269,-4.783419],[-72.279705,-4.770889],[-72.276583,-4.788862],[-72.282923,-4.797316],[-72.26962,-4.797648],[-72.264426,-4.785836],[-72.255143,-4.79208],[-72.261428,-4.780753],[-72.255723,-4.76546],[-72.243511,-4.78136],[-72.215081,-4.767035],[-72.212512,-4.759396],[-72.221919,-4.755127],[-72.209279,-4.74746],[-72.192365,-4.762948],[-72.187356,-4.750485],[-72.193227,-4.745816],[-72.171897,-4.733894],[-72.159313,-4.735262],[-72.161509,-4.728797],[-72.146728,-4.723907],[-72.140356,-4.711508],[-72.127262,-4.722514],[-72.133079,-4.7333],[-72.12511,-4.733601],[-72.12467,-4.715762],[-72.101306,-4.705506],[-72.08937,-4.681089],[-72.077421,-4.681172],[-72.080281,-4.66867],[-72.070804,-4.662881],[-72.064988,-4.676144],[-72.05967,-4.673353],[-72.068193,-4.659235],[-72.058105,-4.649365],[-72.046422,-4.65422],[-72.045911,-4.644426],[-72.03794,-4.642823],[-72.042443,-4.622903],[-72.015547,-4.631081],[-72.005987,-4.645282],[-72.002188,-4.62905],[-71.981204,-4.626011],[-71.993734,-4.609019],[-71.983856,-4.603452],[-71.976825,-4.611409],[-71.94653,-4.607831],[-71.950398,-4.599128],[-71.942607,-4.594722],[-71.949998,-4.580286],[-71.93436,-4.5782],[-71.92719,-4.570063],[-71.930478,-4.561733],[-71.919109,-4.563446],[-71.926776,-4.547256],[-71.918183,-4.528855],[-71.884587,-4.537088],[-71.906441,-4.515192],[-71.885346,-4.521934],[-71.87935,-4.515265],[-71.864998,-4.526451],[-71.856557,-4.511366],[-71.839137,-4.504528],[-71.830158,-4.514433],[-71.83212,-4.495839],[-71.806535,-4.50439],[-71.810253,-4.492896],[-71.793799,-4.483654],[-71.792417,-4.495162],[-71.783369,-4.496598],[-71.785329,-4.482318],[-71.77135,-4.4886],[-71.767648,-4.503699],[-71.748957,-4.491321],[-71.750726,-4.467422],[-71.736856,-4.495562],[-71.706796,-4.509888],[-71.688216,-4.496957],[-71.67197,-4.505826],[-71.657935,-4.500936],[-71.654039,-4.487578],[-71.660532,-4.474716],[-71.654288,-4.471138],[-71.646593,-4.480574],[-71.647905,-4.502732],[-71.624725,-4.488876],[-71.627211,-4.476029],[-71.616174,-4.46698],[-71.612513,-4.482881],[-71.633456,-4.512333],[-71.618868,-4.527004],[-71.602815,-4.528454],[-71.566926,-4.505757],[-71.550708,-4.485561],[-71.558375,-4.477604],[-71.536244,-4.481693],[-71.537277,-4.463084],[-71.517415,-4.46122],[-71.516186,-4.471608],[-71.493972,-4.485201],[-71.492798,-4.474357],[-71.506578,-4.457656],[-71.506875,-4.437349],[-71.482614,-4.456597],[-71.477685,-4.43355],[-71.461522,-4.439241],[-71.450857,-4.431712],[-71.451188,-4.445514],[-71.438172,-4.449054],[-71.436295,-4.427685],[-71.412252,-4.435391],[-71.430941,-4.44668],[-71.426042,-4.466214],[-71.437869,-4.470847],[-71.43361,-4.475963],[-71.390613,-4.427232],[-71.378549,-4.424186],[-71.360584,-4.433632],[-71.345903,-4.425542],[-71.340264,-4.440224],[-71.313471,-4.442722],[-71.308212,-4.462257],[-71.30086,-4.444435],[-71.31911,-4.417809],[-71.304738,-4.417143],[-71.288486,-4.440151],[-71.274805,-4.438487],[-71.260861,-4.425114],[-71.267785,-4.409005],[-71.260671,-4.394229],[-71.279564,-4.396917],[-71.269206,-4.383757],[-71.245918,-4.390493],[-71.230263,-4.383066],[-71.222409,-4.406173],[-71.21539,-4.378453],[-71.201398,-4.378239],[-71.197972,-4.3864],[-71.206062,-4.39963],[-71.193689,-4.423068],[-71.181887,-4.393895],[-71.157838,-4.391197],[-71.156087,-4.40228],[-71.149782,-4.40225],[-71.14764,-4.380776],[-71.129362,-4.388997],[-71.115042,-4.408139],[-71.106238,-4.399365],[-71.108112,-4.378694],[-71.091031,-4.372503],[-71.077446,-4.374202],[-71.078415,-4.394355],[-71.056953,-4.385773],[-71.050677,-4.36748],[-71.043486,-4.37282],[-71.039999,-4.399187],[-71.017893,-4.379987],[-70.996515,-4.385802],[-70.987949,-4.376552],[-70.994492,-4.344757],[-70.975367,-4.356773],[-70.969032,-4.377593],[-70.948289,-4.376022],[-70.93804,-4.383096],[-70.933519,-4.356059],[-70.915435,-4.360015],[-70.900054,-4.325881],[-70.876382,-4.321646],[-70.87662,-4.291457],[-70.846252,-4.279381],[-70.86389,-4.250649],[-70.850981,-4.246961],[-70.834384,-4.254099],[-70.816776,-4.229442],[-70.826056,-4.219329],[-70.844582,-4.23082],[-70.843239,-4.217139],[-70.82564,-4.211864],[-70.800986,-4.181818],[-70.786736,-4.185422],[-70.757751,-4.158519],[-70.723948,-4.185987],[-70.690367,-4.188188],[-70.682277,-4.206926],[-70.666781,-4.170223],[-70.669934,-4.144376],[-70.660624,-4.144763],[-70.650184,-4.164126],[-70.644622,-4.126947],[-70.617377,-4.129177],[-70.635202,-4.173489],[-70.622102,-4.192135],[-70.564464,-4.174119],[-70.571891,-4.211251],[-70.555422,-4.201602],[-70.557742,-4.165345],[-70.541011,-4.154796],[-70.551109,-4.136316],[-70.535602,-4.145406],[-70.523418,-4.136375],[-70.508249,-4.151188],[-70.503639,-4.168766],[-70.514109,-4.190835],[-70.505573,-4.199134],[-70.492694,-4.191579],[-70.485228,-4.160795],[-70.464914,-4.175874],[-70.454236,-4.158921],[-70.434903,-4.162728],[-70.442368,-4.139439],[-70.432821,-4.131289],[-70.376814,-4.135007],[-70.338534,-4.179146],[-70.327648,-4.168349],[-70.328332,-4.145269],[-70.319707,-4.143395],[-70.286603,-4.167368],[-70.287584,-4.198806],[-70.278534,-4.228928],[-70.308107,-4.247288],[-70.307393,-4.258531],[-70.284342,-4.27251],[-70.289785,-4.288007],[-70.248383,-4.272837],[-70.247252,-4.286787],[-70.268102,-4.295799],[-70.259957,-4.308602],[-70.225421,-4.317036],[-70.213791,-4.298446],[-70.19633,-4.360337],[-70.180836,-4.355405],[-70.174798,-4.334882],[-70.152609,-4.330034],[-70.152074,-4.321289],[-70.170634,-4.305228],[-70.156387,-4.274741],[-70.145144,-4.272748],[-70.120992,-4.285419],[-70.109363,-4.256151],[-70.096042,-4.287765],[-70.075082,-4.285287],[-70.061357,-4.294699],[-70.040269,-4.294788],[-70.048597,-4.305079],[-70.073239,-4.303915],[-70.079076,-4.312058],[-70.074094,-4.320646],[-70.042956,-4.332185],[-70.040262,-4.346969],[-70.051439,-4.362504],[-70.044415,-4.373742],[-70.029311,-4.372376],[-70.015139,-4.350519],[-69.991963,-4.348168],[-69.974418,-4.332777],[-69.949592,-4.279383],[-69.955689,-4.207643],[-70.034079,-4.134413],[-70.067782,-4.075982],[-70.114404,-4.049548],[-70.174281,-3.970056],[-70.186699,-3.918346],[-70.253519,-3.8845],[-70.276307,-3.837631],[-70.292275,-3.821191],[-70.354064,-3.799287],[-70.387596,-3.828504],[-70.413758,-3.822033],[-70.449812,-3.856678],[-70.510631,-3.875466],[-70.540916,-3.863037],[-70.577275,-3.82801],[-70.61902,-3.84006],[-70.627162,-3.832022],[-70.652517,-3.828879],[-70.685191,-3.79334],[-70.713132,-3.796425],[-70.477922,-3.424219],[-70.529558,-3.395666],[-70.589974,-3.418384],[-70.630232,-3.417439],[-70.654447,-3.406691],[-70.675404,-3.373415],[-70.690686,-3.36653],[-70.798347,-3.3753],[-70.870535,-3.355407],[-70.948632,-3.314465],[-70.968996,-3.298843],[-70.981148,-3.276324],[-71.011682,-3.258823],[-71.053313,-3.247963],[-71.068119,-3.212497],[-71.154239,-3.210811],[-71.241256,-3.224488],[-71.249809,-3.211476],[-71.274171,-3.199166],[-71.29625,-3.201],[-71.310742,-3.181568],[-71.354036,-3.172026],[-71.373151,-3.180649],[-71.379429,-3.193358],[-71.438408,-3.199982],[-71.446059,-3.191412],[-71.444426,-3.165834],[-71.477018,-3.151],[-71.513946,-3.101663],[-71.565146,-3.088559],[-71.599745,-3.067697],[-71.629008,-3.064244],[-71.660231,-3.041516],[-71.715562,-3.044901],[-71.757621,-3.028938],[-71.787475,-2.980857],[-71.786895,-2.929792],[-71.806696,-2.911255],[-71.852069,-2.91121],[-71.98064,-2.877488],[-72.000702,-2.862345],[-72.032736,-2.816117],[-72.086093,-2.840214],[-72.089964,-2.840141]]]}},{"type":"Feature","id":"1605","properties":{"ubigeo":"1605","nombre_departamento":"loreto","nombre_provincia":"requena","nombre_distrito":"","capital":"requena"},"geometry":{"type":"Polygon","coordinates":[[[-73.42087,-4.463549],[-73.435218,-4.446356],[-73.45641,-4.461019],[-73.46726,-4.518682],[-73.510826,-4.551911],[-73.52941,-4.584301],[-73.581982,-4.618682],[-73.644233,-4.714238],[-73.670046,-4.731999],[-73.711726,-4.735543],[-73.764793,-4.79748],[-73.79209,-4.81371],[-73.810287,-4.843186],[-73.834404,-4.852061],[-73.849539,-4.876984],[-73.874352,-4.882809],[-73.90182,-4.92874],[-73.893001,-4.955575],[-73.927635,-5.009668],[-73.94636,-5.000225],[-73.956811,-4.979141],[-74.00016,-4.957676],[-74.041672,-4.946514],[-74.067095,-4.956635],[-74.089388,-4.969161],[-74.131168,-5.015031],[-74.173906,-5.034894],[-74.178783,-5.086976],[-74.232461,-5.117486],[-74.245514,-5.136191],[-74.287405,-5.133623],[-74.323586,-5.152368],[-74.350628,-5.153485],[-74.418338,-5.20693],[-74.457223,-5.215945],[-74.572922,-5.26432],[-74.61517,-5.30433],[-74.638014,-5.354013],[-74.828994,-5.453709],[-74.90209,-5.470304],[-74.928713,-5.486246],[-74.960098,-5.519859],[-74.990295,-5.513906],[-75.019466,-5.49693],[-75.065988,-5.499398],[-75.18158,-5.62323],[-75.2081,-5.6171],[-75.28653,-5.674624],[-75.32608,-5.693891],[-75.383758,-5.688922],[-75.413927,-5.720148],[-75.497479,-5.728032],[-75.507223,-5.753557],[-75.539363,-5.794656],[-75.512401,-5.867094],[-75.54671,-5.936077],[-75.56701,-5.958365],[-75.56893,-6.000389],[-75.529373,-6.122163],[-75.393079,-6.081711],[-75.320309,-6.09975],[-75.229998,-6.07242],[-75.184812,-6.072298],[-75.138305,-6.034529],[-75.041138,-6.004481],[-74.961691,-5.901494],[-74.901251,-5.868257],[-74.884269,-5.866853],[-74.847832,-5.890019],[-74.83518,-5.919875],[-74.809634,-5.923327],[-74.811083,-5.938149],[-74.829233,-5.958012],[-74.806801,-5.973361],[-74.800338,-6.000024],[-74.786873,-6.012954],[-74.772018,-6.014139],[-74.760826,-5.999326],[-74.784568,-5.951621],[-74.783514,-5.932616],[-74.775246,-5.92448],[-74.761313,-5.926061],[-74.731404,-5.947438],[-74.696554,-5.950304],[-74.689562,-5.957589],[-74.699968,-6.018493],[-74.692327,-6.033964],[-74.708055,-6.032382],[-74.729127,-6.080795],[-74.775714,-6.105136],[-74.793368,-6.161543],[-74.869578,-6.225687],[-74.865059,-6.272859],[-74.893607,-6.338287],[-74.898526,-6.406404],[-74.912123,-6.435918],[-74.964231,-6.500924],[-74.973566,-6.527971],[-74.973787,-6.580727],[-74.956031,-6.685486],[-74.900757,-6.733875],[-74.88958,-6.852551],[-74.798493,-6.9802],[-74.829814,-7.036315],[-74.836607,-7.071666],[-74.876869,-7.119342],[-74.854889,-7.137926],[-74.852363,-7.158141],[-74.876296,-7.205523],[-74.881287,-7.234178],[-74.841062,-7.271732],[-74.834458,-7.293277],[-74.800872,-7.304685],[-74.743631,-7.308631],[-74.719902,-7.321773],[-74.649873,-7.304322],[-74.622477,-7.257699],[-74.625504,-7.245592],[-74.648807,-7.241192],[-74.64133,-7.185714],[-74.624573,-7.173656],[-74.597377,-7.177676],[-74.55038,-7.16611],[-74.537988,-7.178959],[-74.539302,-7.202145],[-74.514517,-7.217849],[-74.512061,-7.242805],[-74.500091,-7.262049],[-74.472045,-7.275466],[-74.463521,-7.298597],[-74.444447,-7.307129],[-74.431321,-7.301595],[-74.413827,-7.314897],[-74.370178,-7.317272],[-74.361567,-7.336607],[-74.329357,-7.34848],[-74.281955,-7.354095],[-74.255263,-7.343497],[-74.233727,-7.360016],[-74.180857,-7.358747],[-74.141636,-7.377772],[-74.132937,-7.400802],[-74.039109,-7.448879],[-74.036474,-7.481244],[-74.018373,-7.491445],[-74.010466,-7.515081],[-73.983033,-7.534361],[-73.942161,-7.533654],[-73.918821,-7.504936],[-73.924046,-7.480978],[-73.909715,-7.468818],[-73.925095,-7.428129],[-73.921742,-7.419885],[-73.938768,-7.408177],[-73.95555,-7.370832],[-73.951172,-7.357483],[-73.934966,-7.377258],[-73.921759,-7.36176],[-73.906701,-7.373418],[-73.903866,-7.385698],[-73.887329,-7.378916],[-73.863548,-7.389247],[-73.853662,-7.35431],[-73.829981,-7.351908],[-73.822528,-7.339205],[-73.789023,-7.347742],[-73.781362,-7.338747],[-73.761626,-7.336904],[-73.752903,-7.34039],[-73.75464,-7.353786],[-73.722887,-7.341719],[-73.695625,-7.311476],[-73.697357,-7.293036],[-73.715997,-7.273711],[-73.709119,-7.24631],[-73.721073,-7.23705],[-73.716619,-7.227558],[-73.742459,-7.219494],[-73.756035,-7.195699],[-73.756106,-7.17413],[-73.769838,-7.169147],[-73.769034,-7.154948],[-73.789324,-7.144487],[-73.782637,-7.130617],[-73.794625,-7.13002],[-73.799862,-7.117095],[-73.78398,-7.10365],[-73.78707,-7.09029],[-73.75997,-7.05757],[-73.76128,-6.97773],[-73.74389,-6.96416],[-73.76155,-6.93867],[-73.74744,-6.90903],[-73.72227,-6.8846],[-73.71046,-6.84019],[-73.69595,-6.83997],[-73.68198,-6.81426],[-73.66637,-6.80555],[-73.63826,-6.75415],[-73.6244,-6.75283],[-73.62416,-6.74516],[-73.587132,-6.723624],[-73.561792,-6.722033],[-73.536393,-6.6834],[-73.501815,-6.671488],[-73.485325,-6.67452],[-73.472136,-6.664341],[-73.464047,-6.669061],[-73.440298,-6.651914],[-73.424854,-6.65502],[-73.415026,-6.642929],[-73.39115,-6.641928],[-73.379574,-6.635185],[-73.382635,-6.621971],[-73.372938,-6.608121],[-73.368471,-6.613468],[-73.352809,-6.593267],[-73.333267,-6.593539],[-73.329574,-6.600411],[-73.315923,-6.590848],[-73.296961,-6.597154],[-73.292379,-6.587682],[-73.275382,-6.58492],[-73.2683,-6.593462],[-73.25072,-6.580997],[-73.239352,-6.592756],[-73.241758,-6.583746],[-73.227413,-6.588843],[-73.230056,-6.573448],[-73.221791,-6.564429],[-73.206692,-6.577113],[-73.196108,-6.562873],[-73.20297,-6.553205],[-73.193349,-6.554235],[-73.199534,-6.546705],[-73.181677,-6.545779],[-73.18726,-6.54074],[-73.17574,-6.534574],[-73.187967,-6.523016],[-73.173039,-6.527779],[-73.170329,-6.517939],[-73.163387,-6.531325],[-73.151351,-6.526679],[-73.141874,-6.505316],[-73.141822,-6.51468],[-73.135226,-6.510461],[-73.131954,-6.496755],[-73.142532,-6.490766],[-73.12791,-6.476926],[-73.129741,-6.463579],[-73.118556,-6.462005],[-73.119791,-6.467952],[-73.111168,-6.453567],[-73.12119,-6.431741],[-73.105775,-6.419403],[-73.104726,-6.406664],[-73.118577,-6.388656],[-73.12791,-6.393204],[-73.129865,-6.375052],[-73.135576,-6.380259],[-73.132046,-6.362653],[-73.140896,-6.358742],[-73.143006,-6.334838],[-73.150548,-6.338399],[-73.147276,-6.323066],[-73.152534,-6.329343],[-73.157916,-6.322552],[-73.160705,-6.276668],[-73.180606,-6.257291],[-73.186667,-6.262066],[-73.208595,-6.219536],[-73.21283,-6.226094],[-73.220285,-6.219577],[-73.211209,-6.201714],[-73.224226,-6.194366],[-73.215603,-6.192473],[-73.216272,-6.183181],[-73.246638,-6.149625],[-73.248192,-6.108021],[-73.235731,-6.100746],[-73.237645,-6.090559],[-73.231121,-6.091341],[-73.239569,-6.077387],[-73.227468,-6.076698],[-73.2345,-6.063486],[-73.228787,-6.053599],[-73.235381,-6.051327],[-73.227544,-6.043581],[-73.238213,-6.043992],[-73.236295,-6.035694],[-73.217994,-6.027569],[-73.222341,-6.022062],[-73.2094,-6.022103],[-73.218386,-6.019875],[-73.208981,-6.008638],[-73.186802,-6.005125],[-73.194174,-5.990556],[-73.17734,-5.970853],[-73.18695,-5.944716],[-73.179602,-5.926792],[-73.172108,-5.930114],[-73.167657,-5.907645],[-73.161226,-5.907858],[-73.167325,-5.897122],[-73.153612,-5.886864],[-73.156124,-5.880845],[-73.161164,-5.885337],[-73.152068,-5.86796],[-73.134851,-5.869644],[-73.135755,-5.863426],[-73.128207,-5.870574],[-73.122361,-5.857832],[-73.11702,-5.864329],[-73.114216,-5.833184],[-73.101314,-5.825744],[-73.08909,-5.830235],[-73.087668,-5.820243],[-73.095397,-5.821176],[-73.076467,-5.816443],[-73.075484,-5.809799],[-73.084785,-5.811447],[-73.079789,-5.801202],[-73.072999,-5.805149],[-73.07086,-5.796565],[-73.067259,-5.802172],[-73.06229,-5.793615],[-73.053029,-5.79517],[-73.049043,-5.782667],[-73.05465,-5.775638],[-73.042718,-5.775545],[-73.046399,-5.759348],[-73.019187,-5.74052],[-73.027531,-5.733411],[-73.005235,-5.732322],[-73.007906,-5.724336],[-73.000465,-5.728522],[-73.003176,-5.720204],[-72.99511,-5.715833],[-73.003986,-5.708472],[-72.998419,-5.700566],[-72.990673,-5.706213],[-72.992958,-5.69634],[-72.984215,-5.69351],[-72.979937,-5.678496],[-72.989556,-5.67451],[-72.98557,-5.661276],[-72.959116,-5.656891],[-72.973678,-5.612911],[-72.951648,-5.582669],[-72.960763,-5.579892],[-72.952977,-5.577474],[-72.961295,-5.573103],[-72.950147,-5.563576],[-72.957309,-5.558194],[-72.938574,-5.54128],[-72.952857,-5.544867],[-72.954409,-5.523589],[-72.960594,-5.521978],[-72.961599,-5.495301],[-72.949043,-5.479878],[-72.958434,-5.4809],[-72.958885,-5.466129],[-72.945919,-5.453689],[-72.952815,-5.444652],[-72.932107,-5.426872],[-72.93866,-5.418523],[-72.924142,-5.407609],[-72.920283,-5.375953],[-72.907249,-5.370989],[-72.90395,-5.352927],[-72.890292,-5.350845],[-72.896088,-5.332463],[-72.903534,-5.340005],[-72.904161,-5.333809],[-72.888146,-5.323592],[-72.891845,-5.317715],[-72.882526,-5.310622],[-72.888643,-5.306907],[-72.874504,-5.303848],[-72.870452,-5.293776],[-72.876457,-5.289069],[-72.867778,-5.290734],[-72.86789,-5.274449],[-72.860525,-5.271167],[-72.871077,-5.263465],[-72.862238,-5.2475],[-72.873271,-5.248893],[-72.863903,-5.234002],[-72.864896,-5.207677],[-72.875736,-5.203674],[-72.869364,-5.200856],[-72.876729,-5.188414],[-72.869027,-5.179063],[-72.875785,-5.176677],[-72.87999,-5.186891],[-72.877194,-5.174179],[-72.884207,-5.175252],[-72.88789,-5.165821],[-72.854968,-5.138695],[-72.882917,-5.122147],[-72.912787,-5.119896],[-72.984855,-5.052566],[-73.00329,-5.05758],[-73.053867,-5.037249],[-73.098101,-5.000796],[-73.169918,-4.998002],[-73.236244,-4.970566],[-73.102152,-4.789773],[-73.129439,-4.695545],[-73.160343,-4.708424],[-73.183814,-4.684668],[-73.217164,-4.673957],[-73.262363,-4.645373],[-73.289403,-4.608672],[-73.322565,-4.584318],[-73.397473,-4.476109],[-73.419738,-4.463684],[-73.42087,-4.463549]]]}},{"type":"Feature","id":"1606","properties":{"ubigeo":"1606","nombre_departamento":"loreto","nombre_provincia":"ucayali","nombre_distrito":"","capital":"contamana"},"geometry":{"type":"Polygon","coordinates":[[[-74.827783,-5.921647],[-74.837976,-5.917241],[-74.847832,-5.890019],[-74.884269,-5.866853],[-74.901251,-5.868257],[-74.961691,-5.901494],[-75.041138,-6.004481],[-75.138305,-6.034529],[-75.184812,-6.072298],[-75.229998,-6.07242],[-75.320309,-6.09975],[-75.393079,-6.081711],[-75.529373,-6.122163],[-75.525555,-6.165126],[-75.494148,-6.189317],[-75.487188,-6.203415],[-75.487285,-6.25426],[-75.496344,-6.281025],[-75.550095,-6.347708],[-75.536447,-6.39154],[-75.543418,-6.406865],[-75.53373,-6.416301],[-75.539003,-6.435133],[-75.529849,-6.440098],[-75.520141,-6.464821],[-75.524227,-6.47558],[-75.509597,-6.492141],[-75.502983,-6.552229],[-75.509305,-6.582978],[-75.500228,-6.640322],[-75.506207,-6.697053],[-75.500435,-6.759353],[-75.512735,-6.786466],[-75.56184,-6.801614],[-75.574167,-6.808826],[-75.576786,-6.820989],[-75.616888,-6.841189],[-75.633442,-6.843062],[-75.642696,-6.815561],[-75.659672,-6.819332],[-75.672915,-6.844397],[-75.686754,-6.846143],[-75.689986,-6.861268],[-75.700806,-6.869114],[-75.724796,-6.850874],[-75.746057,-6.856547],[-75.780539,-6.848412],[-75.794183,-6.821402],[-75.813972,-6.825478],[-75.813933,-6.817225],[-75.843875,-6.797262],[-75.877516,-6.802298],[-75.915356,-6.790636],[-75.942951,-6.795029],[-75.964951,-6.788407],[-75.980162,-6.800069],[-75.983833,-6.793753],[-76.00058,-6.795063],[-76.011585,-6.806022],[-76.052059,-6.812734],[-76.035004,-6.864986],[-76.010647,-6.890421],[-76.015736,-6.913701],[-76.046402,-6.924932],[-76.051844,-6.937872],[-76.03564,-6.993146],[-76.02049,-6.989657],[-76.008113,-7.002221],[-76.010717,-7.07838],[-76.023301,-7.114307],[-76.046586,-7.12143],[-76.059945,-7.161301],[-76.143525,-7.203962],[-76.145715,-7.217929],[-76.159276,-7.230569],[-76.166661,-7.267596],[-76.213111,-7.310143],[-76.195918,-7.334403],[-76.215408,-7.395333],[-76.204397,-7.431327],[-76.167275,-7.493018],[-76.121911,-7.525992],[-76.114459,-7.563896],[-76.091374,-7.560356],[-76.087254,-7.580748],[-76.079719,-7.584336],[-76.084905,-7.605118],[-76.093871,-7.609726],[-76.082855,-7.619652],[-76.082375,-7.631889],[-76.101332,-7.650456],[-76.101593,-7.722664],[-76.086674,-7.729232],[-76.084435,-7.762561],[-76.06707,-7.76929],[-76.060551,-7.787814],[-76.043803,-7.792344],[-76.037301,-7.816926],[-76.008492,-7.856043],[-76.00604,-7.890587],[-75.988167,-7.892327],[-75.975661,-7.908968],[-75.985855,-7.917144],[-75.99351,-7.953566],[-75.966979,-7.960359],[-75.939456,-7.94612],[-75.927838,-7.957256],[-75.895208,-7.93393],[-75.858793,-7.921125],[-75.829493,-7.973496],[-75.844933,-8.059638],[-75.887306,-8.074877],[-75.920988,-8.073119],[-75.929365,-8.089303],[-75.951803,-8.101295],[-75.940637,-8.110459],[-75.934027,-8.134428],[-75.941165,-8.186184],[-75.926475,-8.206219],[-75.912886,-8.2561],[-75.918584,-8.264069],[-75.914351,-8.282829],[-75.927093,-8.306762],[-75.948658,-8.31828],[-75.96222,-8.314301],[-75.986005,-8.323652],[-75.967589,-8.34581],[-75.946337,-8.399123],[-75.947166,-8.422399],[-75.967555,-8.459926],[-75.954531,-8.499486],[-75.970727,-8.5124],[-75.965023,-8.579975],[-75.97976,-8.636002],[-75.964896,-8.695748],[-75.946007,-8.715191],[-75.911357,-8.678663],[-75.900851,-8.677711],[-75.891321,-8.660217],[-75.853494,-8.649162],[-75.833669,-8.652162],[-75.816801,-8.636021],[-75.817723,-8.617258],[-75.79507,-8.592993],[-75.77826,-8.546411],[-75.78216,-8.52544],[-75.799222,-8.512156],[-75.783369,-8.50524],[-75.784549,-8.494326],[-75.770134,-8.498088],[-75.76069,-8.487385],[-75.716461,-8.486895],[-75.707171,-8.443741],[-75.687319,-8.423294],[-75.64512,-8.408895],[-75.61808,-8.408323],[-75.597749,-8.412949],[-75.583464,-8.441186],[-75.572289,-8.444582],[-75.54642,-8.432394],[-75.527265,-8.439974],[-75.510835,-8.432045],[-75.477002,-8.435367],[-75.457594,-8.449801],[-75.419565,-8.451534],[-75.419406,-8.44321],[-75.449575,-8.420988],[-75.463816,-8.393839],[-75.477181,-8.386369],[-75.482674,-8.345477],[-75.498822,-8.345888],[-75.510054,-8.334817],[-75.493844,-8.328651],[-75.49134,-8.312146],[-75.502877,-8.289412],[-75.488445,-8.264097],[-75.47168,-8.252567],[-75.455559,-8.211322],[-75.437683,-8.194973],[-75.439239,-8.174875],[-75.429781,-8.166523],[-75.398131,-8.168469],[-75.376147,-8.138777],[-75.345538,-8.12941],[-75.323526,-8.13931],[-75.287892,-8.125491],[-75.247284,-8.154772],[-75.235406,-8.150502],[-75.235683,-8.140101],[-75.212405,-8.123932],[-75.212493,-8.100482],[-75.189321,-8.079044],[-75.195903,-8.052686],[-75.185697,-8.018443],[-75.149435,-8.001819],[-75.14411,-7.979092],[-75.092217,-7.973676],[-75.03335,-7.950055],[-75.005531,-7.970152],[-74.98226,-7.968986],[-74.901937,-8.075098],[-74.8844,-8.083902],[-74.840385,-8.058352],[-74.779026,-8.042376],[-74.727944,-7.981009],[-74.711275,-7.979002],[-74.66844,-7.945642],[-74.627984,-7.939828],[-74.610144,-7.913982],[-74.598174,-7.86473],[-74.569745,-7.81598],[-74.540595,-7.791496],[-74.516689,-7.783513],[-74.519548,-7.760984],[-74.557889,-7.748482],[-74.571286,-7.727548],[-74.584032,-7.698494],[-74.57082,-7.668488],[-74.576227,-7.63723],[-74.62753,-7.586022],[-74.644678,-7.55389],[-74.642902,-7.500086],[-74.616074,-7.435038],[-74.579521,-7.409929],[-74.566011,-7.359708],[-74.53469,-7.318204],[-74.535523,-7.293769],[-74.500581,-7.264099],[-74.514517,-7.217849],[-74.540501,-7.200089],[-74.538902,-7.176561],[-74.551621,-7.165928],[-74.597377,-7.177676],[-74.622991,-7.173321],[-74.640319,-7.184398],[-74.648807,-7.241192],[-74.623962,-7.246677],[-74.625104,-7.270491],[-74.649873,-7.304322],[-74.707624,-7.321545],[-74.834458,-7.293277],[-74.841062,-7.271732],[-74.881287,-7.234178],[-74.876296,-7.205523],[-74.852363,-7.158141],[-74.854889,-7.137926],[-74.876869,-7.119342],[-74.836607,-7.071666],[-74.829814,-7.036315],[-74.798493,-6.9802],[-74.88958,-6.852551],[-74.900757,-6.733875],[-74.956031,-6.685486],[-74.973787,-6.580727],[-74.973566,-6.527971],[-74.964231,-6.500924],[-74.912123,-6.435918],[-74.898526,-6.406404],[-74.893607,-6.338287],[-74.865059,-6.272859],[-74.869578,-6.225687],[-74.793368,-6.161543],[-74.775714,-6.105136],[-74.729127,-6.080795],[-74.708055,-6.032382],[-74.691903,-6.032997],[-74.699968,-6.018493],[-74.690488,-5.979405],[-74.693393,-5.951424],[-74.731404,-5.947438],[-74.761313,-5.926061],[-74.778968,-5.926621],[-74.784568,-5.951621],[-74.760588,-5.997143],[-74.768592,-6.012196],[-74.781969,-6.014584],[-74.797019,-6.005641],[-74.806801,-5.973361],[-74.828772,-5.959066],[-74.808174,-5.929359],[-74.811841,-5.921515],[-74.824786,-5.921845],[-74.827783,-5.921647]]]}},{"type":"Feature","id":"1607","properties":{"ubigeo":"1607","nombre_departamento":"loreto","nombre_provincia":"datem del maranon","nombre_distrito":"","capital":"san lorenzo"},"geometry":{"type":"Polygon","coordinates":[[[-76.49832,-2.593224],[-76.506801,-2.581662],[-76.503332,-2.532157],[-76.534324,-2.512278],[-76.631865,-2.589689],[-77.808616,-2.986125],[-77.817251,-3.000792],[-77.793147,-3.043981],[-77.787664,-3.074775],[-77.794452,-3.089259],[-77.785828,-3.106283],[-77.790936,-3.11763],[-77.777855,-3.191861],[-77.772543,-3.428809],[-77.745642,-3.482229],[-77.715131,-3.514854],[-77.71646,-3.542305],[-77.666673,-3.571872],[-77.64301,-3.619346],[-77.619967,-3.622408],[-77.615623,-3.707719],[-77.651914,-3.780562],[-77.628221,-3.817051],[-77.609236,-3.825242],[-77.581916,-3.862816],[-77.561494,-3.876166],[-77.569019,-3.893074],[-77.537877,-3.961899],[-77.548405,-4.105405],[-77.585551,-4.251334],[-77.565859,-4.365536],[-77.568275,-4.42092],[-77.589088,-4.480465],[-77.61102,-4.494266],[-77.640631,-4.496516],[-77.641353,-4.510061],[-77.655457,-4.518545],[-77.649016,-4.546416],[-77.659653,-4.557974],[-77.652613,-4.57457],[-77.672572,-4.63048],[-77.694512,-4.658673],[-77.71597,-4.665088],[-77.731394,-4.68844],[-77.771879,-4.717559],[-77.789725,-4.744544],[-77.794685,-4.760217],[-77.789267,-4.785106],[-77.799113,-4.824593],[-77.791842,-4.832951],[-77.793575,-4.849963],[-77.760152,-4.909345],[-77.766932,-4.921219],[-77.758445,-4.950053],[-77.82462,-5.031779],[-77.813875,-5.039809],[-77.811817,-5.056345],[-77.82081,-5.088806],[-77.808783,-5.092502],[-77.801322,-5.085972],[-77.774287,-5.097178],[-77.745285,-5.133018],[-77.719996,-5.140624],[-77.695281,-5.16474],[-77.708243,-5.190907],[-77.739708,-5.211857],[-77.69909,-5.253976],[-77.684148,-5.295881],[-77.682389,-5.340105],[-77.70301,-5.382112],[-77.697647,-5.409461],[-77.67187,-5.408771],[-77.660006,-5.424745],[-77.606974,-5.448583],[-77.59481,-5.464224],[-77.579491,-5.459806],[-77.558119,-5.425578],[-77.518074,-5.465544],[-77.500432,-5.515341],[-77.492271,-5.519704],[-77.491767,-5.529338],[-77.508117,-5.54898],[-77.504468,-5.555614],[-77.489555,-5.562463],[-77.472752,-5.554787],[-77.462043,-5.568373],[-77.461943,-5.58414],[-77.437344,-5.592435],[-77.432006,-5.583143],[-77.408729,-5.58916],[-77.404241,-5.574366],[-77.37182,-5.567105],[-77.337026,-5.604026],[-77.27991,-5.601085],[-77.265801,-5.613969],[-77.231941,-5.595461],[-77.202161,-5.634464],[-77.178672,-5.641424],[-77.161926,-5.624569],[-77.142352,-5.625439],[-77.137132,-5.644034],[-77.12691,-5.650994],[-77.109946,-5.647949],[-77.062142,-5.667609],[-77.045744,-5.661943],[-77.01393,-5.670747],[-76.995606,-5.667119],[-76.972908,-5.698953],[-76.934435,-5.711488],[-76.894537,-5.746232],[-76.88999,-5.736301],[-76.866486,-5.725529],[-76.869508,-5.703556],[-76.862778,-5.694736],[-76.847414,-5.689424],[-76.82153,-5.695492],[-76.810333,-5.688511],[-76.825769,-5.672839],[-76.824024,-5.661838],[-76.812743,-5.655124],[-76.815659,-5.637659],[-76.845447,-5.638795],[-76.843451,-5.607639],[-76.811014,-5.594598],[-76.834952,-5.567727],[-76.850818,-5.532111],[-76.832215,-5.498514],[-76.759673,-5.436117],[-76.759338,-5.454929],[-76.741127,-5.446732],[-76.726205,-5.472803],[-76.702852,-5.492025],[-76.659601,-5.457886],[-76.640398,-5.462731],[-76.641452,-5.448023],[-76.626598,-5.435973],[-76.634595,-5.419665],[-76.625397,-5.367423],[-76.604326,-5.334904],[-76.588522,-5.343889],[-76.575924,-5.336133],[-76.58782,-5.313451],[-76.582519,-5.27931],[-76.593123,-5.272242],[-76.595464,-5.251412],[-76.604358,-5.248288],[-76.605529,-5.227767],[-76.585305,-5.212889],[-76.562289,-5.234357],[-76.508789,-5.236178],[-76.528369,-5.186427],[-76.504882,-5.166168],[-76.512965,-5.131279],[-76.497066,-5.121311],[-76.480601,-5.089072],[-76.446829,-5.064285],[-76.454035,-4.986603],[-76.430091,-5.016632],[-76.42882,-5.046306],[-76.421197,-5.052449],[-76.370948,-5.032456],[-76.183355,-5.017064],[-76.068887,-5.085126],[-76.023685,-5.100405],[-76.000728,-5.100812],[-75.964079,-5.080914],[-75.919043,-5.084489],[-75.919215,-5.021388],[-75.889147,-5.048345],[-75.850578,-5.028059],[-75.803998,-5.018422],[-75.789449,-5.018075],[-75.748727,-5.038448],[-75.746801,-5.012951],[-75.754619,-5.004267],[-75.79959,-4.97913],[-75.82954,-4.976578],[-75.868503,-4.937982],[-75.925093,-4.911142],[-75.964433,-4.87304],[-76.007135,-4.851985],[-76.02592,-4.815043],[-76.07073,-4.833535],[-76.101814,-4.7893],[-76.141653,-4.797617],[-76.167387,-4.779553],[-76.174136,-4.75025],[-76.163397,-4.704615],[-76.174177,-4.68952],[-76.205864,-4.672267],[-76.198279,-4.623351],[-76.217857,-4.607954],[-76.246914,-4.561339],[-76.22881,-4.555557],[-76.257283,-4.545473],[-76.269228,-4.52379],[-76.297308,-4.517449],[-76.338171,-4.436122],[-76.334794,-4.411679],[-76.307921,-4.390169],[-76.31978,-4.356048],[-76.296986,-4.341275],[-76.297186,-4.319063],[-76.23399,-4.270676],[-76.227527,-4.247432],[-76.244538,-4.219299],[-76.246166,-4.195962],[-76.238057,-4.184109],[-76.280218,-4.160545],[-76.310907,-4.15677],[-76.293421,-4.134508],[-76.331647,-4.113699],[-76.350627,-4.042572],[-76.392047,-4.001039],[-76.394795,-3.98447],[-76.413613,-3.961933],[-76.422677,-3.925381],[-76.417894,-3.870581],[-76.391044,-3.849115],[-76.381172,-3.818589],[-76.386193,-3.785632],[-76.347658,-3.777397],[-76.331086,-3.761422],[-76.3359,-3.726463],[-76.326633,-3.683178],[-76.234083,-3.634823],[-76.23753,-3.602436],[-76.260534,-3.572922],[-76.222041,-3.553723],[-76.20618,-3.528057],[-76.224537,-3.516186],[-76.248927,-3.476684],[-76.261463,-3.475219],[-76.256711,-3.436047],[-76.263721,-3.403037],[-76.274302,-3.39981],[-76.270027,-3.361134],[-76.282194,-3.333401],[-76.310656,-3.305427],[-76.31396,-3.286162],[-76.326465,-3.274709],[-76.325983,-3.258062],[-76.337658,-3.251549],[-76.328032,-3.219307],[-76.337325,-3.21888],[-76.354273,-3.236361],[-76.367291,-3.21783],[-76.351827,-3.205982],[-76.364055,-3.193241],[-76.363881,-3.18098],[-76.348781,-3.1665],[-76.389266,-3.127678],[-76.353471,-3.09042],[-76.35247,-3.02107],[-76.337928,-2.988614],[-76.348411,-2.977534],[-76.351231,-2.946428],[-76.34031,-2.913546],[-76.316865,-2.897561],[-76.307342,-2.834851],[-76.317836,-2.807719],[-76.344207,-2.80007],[-76.365311,-2.740105],[-76.395475,-2.726033],[-76.384344,-2.716769],[-76.386369,-2.697529],[-76.407966,-2.68779],[-76.470643,-2.604315],[-76.497417,-2.593324],[-76.49832,-2.593224]]]}},{"type":"Feature","id":"1608","properties":{"ubigeo":"1608","nombre_departamento":"loreto","nombre_provincia":"putumayo","nombre_distrito":"","capital":"san antonio del estrecho"},"geometry":{"type":"Polygon","coordinates":[[[-75.100042,-0.080964],[-75.141371,-0.066323],[-75.183596,-0.038606],[-75.215488,-0.048686],[-75.225759,-0.086029],[-75.255455,-0.111488],[-75.258796,-0.127163],[-75.28397,-0.141598],[-75.287949,-0.153964],[-75.295779,-0.148073],[-75.312141,-0.16034],[-75.339569,-0.15539],[-75.352172,-0.163816],[-75.359124,-0.157992],[-75.352843,-0.147314],[-75.364022,-0.14611],[-75.368213,-0.163233],[-75.405129,-0.170268],[-75.431084,-0.153795],[-75.460676,-0.151671],[-75.467022,-0.140784],[-75.485063,-0.130184],[-75.496802,-0.132025],[-75.516071,-0.114475],[-75.534895,-0.115037],[-75.53709,-0.12127],[-75.54244,-0.11568],[-75.55265,-0.13068],[-75.56876,-0.13108],[-75.60564,-0.10963],[-75.610619,-0.192449],[-75.59052,-0.19063],[-75.5788,-0.17835],[-75.56871,-0.18527],[-75.54805,-0.17808],[-75.53077,-0.1809],[-75.51527,-0.19596],[-75.51082,-0.21202],[-75.48222,-0.23696],[-75.47371,-0.29675],[-75.46436,-0.29859],[-75.45743,-0.32841],[-75.41501,-0.39622],[-75.40098,-0.39966],[-75.38971,-0.41516],[-75.38785,-0.43412],[-75.35646,-0.44678],[-75.3491,-0.46354],[-75.32485,-0.45314],[-75.32645,-0.46065],[-75.31095,-0.47442],[-75.312758,-0.494241],[-75.300729,-0.49278],[-75.294696,-0.505767],[-75.286124,-0.497328],[-75.269653,-0.502591],[-75.26416,-0.533437],[-75.250006,-0.517816],[-75.241401,-0.523839],[-75.237957,-0.539001],[-75.24408,-0.54695],[-75.22749,-0.55076],[-75.22448,-0.57064],[-75.23895,-0.5789],[-75.23987,-0.60156],[-75.22597,-0.60572],[-75.23223,-0.6144],[-75.22301,-0.62407],[-75.240822,-0.657215],[-75.228584,-0.672135],[-75.229632,-0.689661],[-75.209309,-0.70492],[-75.182014,-0.711191],[-75.199057,-0.721217],[-75.196918,-0.732726],[-75.140511,-0.753391],[-75.131155,-0.750329],[-75.127518,-0.763527],[-75.10396,-0.777744],[-75.058404,-0.781234],[-75.043709,-0.799958],[-75.028388,-0.795913],[-74.987022,-0.81898],[-74.954088,-0.887981],[-74.926753,-0.898325],[-74.909781,-0.919792],[-74.887346,-0.91963],[-74.882688,-0.965089],[-74.84861,-1.02051],[-74.794638,-1.036138],[-74.784424,-1.049951],[-74.757973,-1.058128],[-74.737155,-1.105473],[-74.720037,-1.112713],[-74.710592,-1.152247],[-74.644389,-1.216904],[-74.641215,-1.232728],[-74.61042,-1.247557],[-74.589488,-1.272381],[-74.586188,-1.309922],[-74.548897,-1.326996],[-74.542941,-1.34508],[-74.516082,-1.35182],[-74.494182,-1.378443],[-74.464178,-1.376282],[-74.443564,-1.39792],[-74.428501,-1.390352],[-74.404056,-1.394489],[-74.322861,-1.422],[-74.304214,-1.438058],[-74.284584,-1.434002],[-74.222785,-1.455529],[-74.2014,-1.446244],[-74.174703,-1.466413],[-74.151689,-1.471552],[-74.120792,-1.503087],[-74.09238,-1.51903],[-74.032359,-1.527749],[-74.005728,-1.524336],[-73.975652,-1.583287],[-73.940964,-1.587771],[-73.941406,-1.603322],[-73.924547,-1.614937],[-73.887476,-1.682771],[-73.851317,-1.680959],[-73.82449,-1.696352],[-73.818998,-1.763418],[-73.842445,-1.824537],[-73.837772,-1.851189],[-73.878634,-1.892657],[-73.881177,-1.935543],[-73.899632,-1.96921],[-73.922688,-1.984091],[-73.884828,-1.997807],[-73.86423,-2.019366],[-73.80744,-2.028528],[-73.787397,-2.122357],[-73.736965,-2.156914],[-73.756575,-2.213073],[-73.751205,-2.22636],[-73.731514,-2.238385],[-73.715893,-2.291364],[-73.696586,-2.302461],[-73.670676,-2.289705],[-73.633747,-2.299984],[-73.574303,-2.34243],[-73.56121,-2.367668],[-73.516677,-2.378606],[-73.479477,-2.411457],[-73.444163,-2.417014],[-73.405772,-2.439928],[-73.369104,-2.4746],[-73.370748,-2.49586],[-73.395914,-2.535414],[-73.360233,-2.604589],[-73.328524,-2.623063],[-73.275859,-2.637168],[-73.208802,-2.698532],[-73.144799,-2.7089],[-73.126828,-2.771954],[-73.065179,-2.780938],[-72.935395,-2.87295],[-72.89123,-2.916378],[-72.766203,-2.915271],[-72.668701,-2.891057],[-72.544221,-2.887519],[-72.43238,-2.841822],[-72.388792,-2.85484],[-72.36385,-2.839822],[-72.307367,-2.832324],[-72.250767,-2.840072],[-72.180955,-2.799827],[-72.155419,-2.805185],[-72.118128,-2.834315],[-72.098551,-2.839378],[-72.073923,-2.838595],[-72.032736,-2.816117],[-72.000702,-2.862345],[-71.98064,-2.877488],[-71.852069,-2.91121],[-71.816628,-2.907944],[-71.802513,-2.913645],[-71.78582,-2.932792],[-71.785204,-2.988146],[-71.757621,-3.028938],[-71.715562,-3.044901],[-71.660231,-3.041516],[-71.629008,-3.064244],[-71.599745,-3.067697],[-71.565146,-3.088559],[-71.513946,-3.101663],[-71.477018,-3.151],[-71.444426,-3.165834],[-71.446059,-3.191412],[-71.438408,-3.199982],[-71.379429,-3.193358],[-71.373151,-3.180649],[-71.354036,-3.172026],[-71.310742,-3.181568],[-71.29625,-3.201],[-71.274171,-3.199166],[-71.249809,-3.211476],[-71.241256,-3.224488],[-71.154239,-3.210811],[-71.068119,-3.212497],[-71.053313,-3.247963],[-71.011682,-3.258823],[-70.981148,-3.276324],[-70.968996,-3.298843],[-70.948632,-3.314465],[-70.870535,-3.355407],[-70.798347,-3.3753],[-70.690686,-3.36653],[-70.675404,-3.373415],[-70.654447,-3.406691],[-70.630232,-3.417439],[-70.589974,-3.418384],[-70.529558,-3.395666],[-70.477922,-3.424219],[-70.073609,-2.790662],[-70.06006,-2.758917],[-70.071255,-2.724321],[-70.066039,-2.684096],[-70.084944,-2.649031],[-70.101033,-2.653857],[-70.118432,-2.698633],[-70.140547,-2.700539],[-70.162062,-2.687849],[-70.15421,-2.656876],[-70.16616,-2.636391],[-70.182162,-2.634609],[-70.196305,-2.658982],[-70.216828,-2.648523],[-70.231006,-2.571215],[-70.245311,-2.550416],[-70.267874,-2.543603],[-70.317868,-2.578539],[-70.33458,-2.577889],[-70.356511,-2.564214],[-70.352111,-2.543539],[-70.301797,-2.528221],[-70.295166,-2.515379],[-70.300978,-2.502577],[-70.32404,-2.503283],[-70.362007,-2.489869],[-70.407746,-2.523291],[-70.428619,-2.524875],[-70.446293,-2.510787],[-70.451483,-2.481574],[-70.469281,-2.455885],[-70.510553,-2.471756],[-70.558709,-2.41998],[-70.589924,-2.417891],[-70.59642,-2.425912],[-70.557594,-2.443082],[-70.55435,-2.467748],[-70.599304,-2.484436],[-70.627226,-2.476382],[-70.641365,-2.45551],[-70.628297,-2.421623],[-70.627851,-2.39503],[-70.664877,-2.410406],[-70.678435,-2.402139],[-70.677269,-2.386049],[-70.662734,-2.363773],[-70.665924,-2.353773],[-70.693893,-2.339258],[-70.751236,-2.32827],[-70.777762,-2.29299],[-70.835953,-2.290815],[-70.854965,-2.237012],[-70.879387,-2.220893],[-70.902809,-2.227066],[-70.920662,-2.250139],[-70.937348,-2.254484],[-70.955719,-2.243084],[-70.972701,-2.214223],[-71.004616,-2.208806],[-71.017402,-2.221828],[-71.018437,-2.237441],[-70.990418,-2.287093],[-70.996144,-2.303488],[-71.016907,-2.295532],[-71.030346,-2.277052],[-71.053329,-2.27062],[-71.119928,-2.280504],[-71.136793,-2.287171],[-71.143377,-2.301595],[-71.130322,-2.337495],[-71.137879,-2.343349],[-71.15358,-2.33361],[-71.166837,-2.337767],[-71.17578,-2.379029],[-71.200176,-2.374557],[-71.234769,-2.336748],[-71.248654,-2.339023],[-71.268108,-2.357771],[-71.266341,-2.336476],[-71.272187,-2.333453],[-71.307094,-2.347416],[-71.320743,-2.377773],[-71.357847,-2.382637],[-71.394716,-2.407033],[-71.406562,-2.388252],[-71.396396,-2.347115],[-71.428917,-2.320667],[-71.458255,-2.27415],[-71.477317,-2.269365],[-71.494806,-2.277996],[-71.49615,-2.293344],[-71.479384,-2.340064],[-71.487514,-2.353378],[-71.500463,-2.352209],[-71.519833,-2.302076],[-71.518892,-2.248969],[-71.587163,-2.238282],[-71.647682,-2.200057],[-71.708504,-2.22733],[-71.723,-2.226553],[-71.731224,-2.201453],[-71.718923,-2.159936],[-71.732482,-2.140143],[-71.766932,-2.1585],[-71.799133,-2.204369],[-71.809746,-2.204178],[-71.822838,-2.188141],[-71.832769,-2.190416],[-71.884756,-2.311594],[-71.934914,-2.31235],[-71.938316,-2.328352],[-71.919221,-2.36542],[-71.922437,-2.378152],[-71.934822,-2.37967],[-71.939977,-2.36232],[-71.949782,-2.356359],[-72.010109,-2.368951],[-72.037201,-2.338001],[-72.048741,-2.334936],[-72.082063,-2.367958],[-72.097826,-2.370271],[-72.145281,-2.406249],[-72.137143,-2.449421],[-72.149821,-2.470023],[-72.166353,-2.464412],[-72.169468,-2.431902],[-72.184457,-2.4297],[-72.220362,-2.448351],[-72.248545,-2.430662],[-72.262165,-2.435502],[-72.259552,-2.458523],[-72.286278,-2.454183],[-72.297528,-2.473599],[-72.371767,-2.489189],[-72.380878,-2.478206],[-72.379418,-2.454981],[-72.408659,-2.414493],[-72.428154,-2.437434],[-72.47159,-2.420033],[-72.497974,-2.418257],[-72.516991,-2.426366],[-72.535264,-2.40543],[-72.568787,-2.397582],[-72.595519,-2.366553],[-72.619697,-2.356281],[-72.640799,-2.363263],[-72.637315,-2.388789],[-72.658216,-2.407235],[-72.667092,-2.439951],[-72.681288,-2.451664],[-72.691025,-2.44848],[-72.689141,-2.413834],[-72.707754,-2.389073],[-72.726929,-2.390906],[-72.733779,-2.419615],[-72.745795,-2.426766],[-72.755293,-2.419673],[-72.760086,-2.395848],[-72.776451,-2.384367],[-72.80281,-2.410705],[-72.851799,-2.435783],[-72.895127,-2.433674],[-72.933804,-2.454869],[-72.937416,-2.444406],[-72.922631,-2.419496],[-72.951734,-2.400959],[-72.964499,-2.341154],[-72.978463,-2.33865],[-72.994123,-2.357216],[-73.004885,-2.357609],[-73.024033,-2.318811],[-73.033797,-2.31465],[-73.042412,-2.323262],[-73.044235,-2.35279],[-73.052301,-2.360856],[-73.062355,-2.358969],[-73.070025,-2.345247],[-73.068299,-2.315141],[-73.082154,-2.311152],[-73.099971,-2.324572],[-73.122928,-2.323944],[-73.117676,-2.287006],[-73.151633,-2.260156],[-73.167666,-2.229018],[-73.170462,-2.191608],[-73.130035,-2.181598],[-73.114188,-2.130874],[-73.076728,-2.108193],[-73.069785,-2.087881],[-73.073678,-2.081629],[-73.100631,-2.082584],[-73.10675,-2.074951],[-73.093731,-2.035458],[-73.120315,-2.013164],[-73.123372,-1.981217],[-73.112307,-1.946167],[-73.118417,-1.912083],[-73.107453,-1.886062],[-73.112765,-1.872815],[-73.133256,-1.87241],[-73.150283,-1.861363],[-73.147285,-1.802686],[-73.186029,-1.807918],[-73.203793,-1.763917],[-73.220868,-1.74867],[-73.232071,-1.761057],[-73.234345,-1.801722],[-73.256788,-1.802522],[-73.244167,-1.788416],[-73.249862,-1.780388],[-73.294593,-1.776538],[-73.308837,-1.787927],[-73.30373,-1.818112],[-73.317383,-1.82619],[-73.326973,-1.804863],[-73.383337,-1.774711],[-73.431593,-1.788702],[-73.435657,-1.762485],[-73.459282,-1.736397],[-73.49995,-1.731195],[-73.529531,-1.707267],[-73.53667,-1.685909],[-73.516593,-1.662712],[-73.503662,-1.622577],[-73.465229,-1.591169],[-73.457348,-1.574322],[-73.463744,-1.567298],[-73.47962,-1.575521],[-73.490299,-1.569297],[-73.478414,-1.530425],[-73.478568,-1.522094],[-73.495103,-1.510148],[-73.485654,-1.497776],[-73.489011,-1.483042],[-73.511002,-1.482131],[-73.526307,-1.468004],[-73.534324,-1.432846],[-73.585358,-1.423068],[-73.581405,-1.41392],[-73.553863,-1.416768],[-73.550217,-1.406881],[-73.561482,-1.377175],[-73.579157,-1.359578],[-73.569785,-1.322426],[-73.576531,-1.318062],[-73.595826,-1.328751],[-73.610801,-1.319026],[-73.621094,-1.259596],[-73.647012,-1.267189],[-73.680932,-1.238021],[-73.7084,-1.251769],[-73.732314,-1.245633],[-73.740998,-1.234258],[-73.745125,-1.199662],[-73.753685,-1.20599],[-73.754014,-1.238398],[-73.77433,-1.259092],[-73.78392,-1.257605],[-73.788154,-1.23968],[-73.809615,-1.249115],[-73.823555,-1.236359],[-73.857133,-1.231779],[-73.867523,-1.223162],[-73.871422,-1.197303],[-73.895408,-1.168584],[-73.897069,-1.137182],[-73.90947,-1.121641],[-73.961654,-1.129068],[-73.966562,-1.117776],[-73.950592,-1.097912],[-73.96167,-1.082627],[-73.988037,-1.103162],[-74.010969,-1.092812],[-74.022658,-1.06292],[-74.015185,-1.018239],[-74.022769,-1.00488],[-74.038262,-1.013619],[-74.046201,-1.04482],[-74.063917,-1.052953],[-74.094261,-1.048012],[-74.168358,-1.006329],[-74.218621,-1.009424],[-74.267218,-0.982356],[-74.271349,-0.967114],[-74.263107,-0.94408],[-74.278297,-0.899855],[-74.287422,-0.893539],[-74.312873,-0.895383],[-74.319953,-0.879646],[-74.305465,-0.865168],[-74.269172,-0.879291],[-74.26815,-0.84701],[-74.24533,-0.818402],[-74.284928,-0.824844],[-74.292352,-0.813242],[-74.280258,-0.787277],[-74.283342,-0.777859],[-74.29007,-0.774988],[-74.303509,-0.792301],[-74.316658,-0.793027],[-74.312553,-0.756268],[-74.344283,-0.759029],[-74.37259,-0.734795],[-74.375557,-0.716988],[-74.345375,-0.705438],[-74.337569,-0.682935],[-74.372826,-0.652887],[-74.360933,-0.623823],[-74.387723,-0.59071],[-74.394506,-0.541983],[-74.400566,-0.540045],[-74.414769,-0.55809],[-74.423975,-0.55346],[-74.422952,-0.498924],[-74.465051,-0.487942],[-74.476402,-0.474103],[-74.497564,-0.488339],[-74.498968,-0.461616],[-74.527947,-0.466746],[-74.55318,-0.420809],[-74.573423,-0.410634],[-74.576222,-0.392276],[-74.615053,-0.377506],[-74.609336,-0.351395],[-74.661309,-0.37433],[-74.683865,-0.35926],[-74.681916,-0.330422],[-74.68959,-0.32927],[-74.710648,-0.350244],[-74.72668,-0.343561],[-74.732514,-0.334918],[-74.731475,-0.290063],[-74.748022,-0.250326],[-74.782457,-0.201357],[-74.808982,-0.189021],[-74.831764,-0.206193],[-74.848087,-0.233584],[-74.892288,-0.236896],[-74.910676,-0.203546],[-74.917301,-0.202461],[-74.918197,-0.215297],[-74.928259,-0.220215],[-74.938453,-0.203658],[-74.958616,-0.193842],[-74.969668,-0.180018],[-74.972801,-0.153525],[-75.016891,-0.145686],[-75.077363,-0.084205],[-75.094847,-0.081222],[-75.100042,-0.080964]]]}},{"type":"Feature","id":"1701","properties":{"ubigeo":"1701","nombre_departamento":"madre de dios","nombre_provincia":"tambopata","nombre_distrito":"","capital":"puerto maldonado"},"geometry":{"type":"Polygon","coordinates":[[[-71.855342,-11.048073],[-71.869579,-11.033673],[-71.861813,-11.053439],[-71.87541,-11.050173],[-71.875628,-11.058641],[-71.899314,-11.067012],[-71.896604,-11.061351],[-71.904491,-11.059391],[-71.899677,-11.046738],[-71.911072,-11.04998],[-71.91185,-11.040859],[-71.9168,-11.050423],[-71.940617,-11.052173],[-71.941082,-11.061758],[-71.955071,-11.052124],[-71.961334,-11.059097],[-71.978339,-11.05251],[-71.981704,-11.061245],[-71.981663,-11.054698],[-71.999722,-11.054131],[-72.018044,-11.063677],[-72.044473,-11.060475],[-72.052803,-11.071338],[-72.05479,-11.061569],[-72.067133,-11.066069],[-72.078787,-11.054759],[-72.09687,-11.08357],[-72.10724,-11.07857],[-72.13851,-11.08358],[-72.15994,-11.0648],[-72.16094,-11.05053],[-72.178326,-11.040283],[-72.190483,-11.043598],[-72.193061,-11.049677],[-72.182509,-11.057799],[-72.181089,-11.095539],[-72.148151,-11.087776],[-72.123246,-11.103592],[-72.120246,-11.118105],[-72.135324,-11.135682],[-72.166996,-11.142218],[-72.17648,-11.159112],[-72.184319,-11.155543],[-72.187935,-11.163729],[-72.193856,-11.156662],[-72.206781,-11.172295],[-72.186523,-11.184889],[-72.199408,-11.197811],[-72.197061,-11.227861],[-72.205179,-11.239896],[-72.199413,-11.264235],[-72.218885,-11.296861],[-72.203928,-11.351707],[-72.185891,-11.35235],[-72.182,-11.32691],[-72.159303,-11.319969],[-72.110422,-11.332562],[-72.102978,-11.344323],[-72.114292,-11.355713],[-72.112804,-11.36606],[-72.096874,-11.377598],[-72.067173,-11.382883],[-72.054295,-11.373727],[-72.035983,-11.383032],[-72.024221,-11.369633],[-72.009036,-11.374545],[-72.00122,-11.368963],[-71.976892,-11.38922],[-71.939733,-11.383404],[-71.905332,-11.351239],[-71.853875,-11.368154],[-71.826131,-11.315102],[-71.798924,-11.321027],[-71.790161,-11.316229],[-71.763832,-11.340811],[-71.750211,-11.329896],[-71.733652,-11.342975],[-71.721564,-11.339051],[-71.699195,-11.355203],[-71.689896,-11.374451],[-71.660027,-11.352498],[-71.64743,-11.384801],[-71.665247,-11.4052],[-71.66284,-11.421058],[-71.64598,-11.42942],[-71.628213,-11.423906],[-71.617912,-11.435321],[-71.591141,-11.431129],[-71.578725,-11.469629],[-71.554338,-11.487069],[-71.526314,-11.480453],[-71.494419,-11.488641],[-71.460181,-11.51251],[-71.443454,-11.502083],[-71.42424,-11.503484],[-71.398699,-11.553066],[-71.410983,-11.579517],[-71.385248,-11.576378],[-71.368953,-11.596881],[-71.376783,-11.601143],[-71.367516,-11.613979],[-71.338622,-11.62969],[-71.34201,-11.64744],[-71.3308,-11.65556],[-71.3165,-11.65307],[-71.31759,-11.68473],[-71.27353,-11.69406],[-71.24719,-11.70864],[-71.23275,-11.73469],[-71.197197,-11.763603],[-71.185432,-11.767004],[-71.152038,-11.748107],[-71.137743,-11.756741],[-71.12629,-11.75334],[-71.107583,-11.771264],[-71.104087,-11.765365],[-71.077707,-11.775375],[-71.07521,-11.789848],[-71.062025,-11.797505],[-71.067543,-11.797955],[-71.059794,-11.80594],[-71.057286,-11.83904],[-71.047419,-11.839654],[-71.044829,-11.872942],[-71.021388,-11.865009],[-71.025626,-11.888994],[-71.016424,-11.897654],[-71.008378,-11.893211],[-71.011582,-11.900428],[-71.003987,-11.89704],[-70.991304,-11.91404],[-70.974149,-11.914807],[-70.971846,-11.923853],[-70.95628,-11.915889],[-70.952013,-11.929072],[-70.947677,-11.91862],[-70.934841,-11.927154],[-70.927913,-11.91665],[-70.916752,-11.924649],[-70.896954,-11.915718],[-70.898129,-11.923025],[-70.886139,-11.925786],[-70.891218,-11.932783],[-70.884031,-11.942786],[-70.876015,-11.939131],[-70.867476,-11.955115],[-70.858526,-11.956032],[-70.860423,-11.965217],[-70.825791,-11.965786],[-70.817537,-11.980931],[-70.810437,-11.977199],[-70.807495,-11.986513],[-70.797311,-11.982227],[-70.796584,-11.988584],[-70.780486,-11.989586],[-70.779173,-11.998363],[-70.773005,-11.987685],[-70.762407,-11.999506],[-70.745819,-11.997863],[-70.747751,-11.990713],[-70.738056,-11.991502],[-70.733627,-11.983594],[-70.726089,-11.990954],[-70.705605,-11.989499],[-70.706115,-11.999116],[-70.685337,-11.998275],[-70.683473,-12.007357],[-70.67408,-11.993688],[-70.645608,-12.001784],[-70.647655,-12.012639],[-70.637074,-12.017043],[-70.633693,-12.03338],[-70.640181,-12.037474],[-70.62991,-12.042207],[-70.627059,-12.035555],[-70.621011,-12.051887],[-70.605217,-12.037256],[-70.610916,-12.051113],[-70.60001,-12.051617],[-70.602172,-12.062084],[-70.593217,-12.065773],[-70.598174,-12.069365],[-70.590372,-12.066212],[-70.586683,-12.078613],[-70.57646,-12.072729],[-70.571812,-12.08357],[-70.565392,-12.080937],[-70.56822,-12.092607],[-70.5546,-12.096751],[-70.555575,-12.103968],[-70.542442,-12.102862],[-70.534527,-12.11905],[-70.522841,-12.110908],[-70.513496,-12.114061],[-70.514227,-12.105138],[-70.509806,-12.116133],[-70.493553,-12.107096],[-70.486077,-12.122878],[-70.473384,-12.117579],[-70.476439,-12.132181],[-70.465501,-12.127045],[-70.460999,-12.14203],[-70.448622,-12.135854],[-70.445921,-12.144936],[-70.438984,-12.145095],[-70.442453,-12.138661],[-70.437131,-12.143189],[-70.436829,-12.15402],[-70.409931,-12.147424],[-70.39584,-12.154106],[-70.394441,-12.166825],[-70.388105,-12.16216],[-70.382145,-12.172153],[-70.375298,-12.16663],[-70.380926,-12.179143],[-70.371882,-12.181145],[-70.374109,-12.192829],[-70.34696,-12.198262],[-70.338669,-12.23075],[-70.334453,-12.220107],[-70.31615,-12.228873],[-70.319878,-12.252937],[-70.311369,-12.252758],[-70.311111,-12.263349],[-70.305764,-12.25831],[-70.293734,-12.296768],[-70.280417,-12.293272],[-70.277872,-12.330547],[-70.269261,-12.331395],[-70.267692,-12.339519],[-70.274093,-12.344429],[-70.262937,-12.342989],[-70.256767,-12.360598],[-70.248464,-12.361652],[-70.257564,-12.371524],[-70.248052,-12.376357],[-70.253219,-12.382603],[-70.247718,-12.395611],[-70.254942,-12.400033],[-70.255898,-12.420381],[-70.263743,-12.423609],[-70.250326,-12.428464],[-70.249991,-12.44819],[-70.236384,-12.458067],[-70.232485,-12.45216],[-70.230476,-12.465731],[-70.219021,-12.472619],[-70.21773,-12.463794],[-70.210426,-12.465262],[-70.207641,-12.478542],[-70.190208,-12.471663],[-70.190811,-12.479842],[-70.173848,-12.483348],[-70.17332,-12.492037],[-70.160938,-12.487589],[-70.136323,-12.497898],[-70.125618,-12.513636],[-70.120858,-12.504736],[-70.104507,-12.507335],[-70.098819,-12.533735],[-70.091036,-12.536679],[-70.096767,-12.549256],[-70.078882,-12.549123],[-70.091861,-12.549145],[-70.092797,-12.557441],[-70.081736,-12.554408],[-70.072124,-12.576212],[-70.039406,-12.590943],[-70.038388,-12.608709],[-70.062767,-12.619173],[-70.076872,-12.640691],[-70.133397,-12.659121],[-70.161548,-12.67868],[-70.195854,-12.720935],[-70.247082,-12.739453],[-70.256933,-12.78276],[-70.281388,-12.814193],[-70.291477,-12.84408],[-70.32436,-12.859939],[-70.354798,-12.916525],[-70.36011,-13.012258],[-70.379463,-13.041641],[-70.402868,-13.114413],[-69.64986,-13.34172],[-68.867985,-12.998999],[-68.868681,-12.989788],[-68.876964,-12.987792],[-68.863391,-12.984289],[-68.863855,-12.973012],[-68.87483,-12.97988],[-68.876036,-12.960181],[-68.882162,-12.957629],[-68.874598,-12.948464],[-68.878171,-12.94076],[-68.860212,-12.947768],[-68.873414,-12.939763],[-68.866129,-12.931317],[-68.87663,-12.928677],[-68.861309,-12.926631],[-68.874873,-12.919232],[-68.86611,-12.895515],[-68.872511,-12.887514],[-68.86409,-12.874842],[-68.870544,-12.870093],[-68.858538,-12.858914],[-68.850983,-12.866437],[-68.834799,-12.857839],[-68.841753,-12.843488],[-68.830949,-12.841663],[-68.839305,-12.829632],[-68.829128,-12.828474],[-68.839373,-12.823897],[-68.824351,-12.804832],[-68.807631,-12.808618],[-68.818015,-12.790763],[-68.804733,-12.783571],[-68.803953,-12.756566],[-68.788974,-12.757794],[-68.780454,-12.732082],[-68.766885,-12.742194],[-68.727907,-12.713389],[-68.742371,-12.707992],[-68.725133,-12.697258],[-68.734487,-12.692119],[-68.711928,-12.680112],[-68.719918,-12.667028],[-68.728302,-12.671318],[-68.719547,-12.661225],[-68.733808,-12.667384],[-68.731036,-12.650896],[-68.740586,-12.632759],[-68.731761,-12.609913],[-68.724154,-12.602035],[-68.713841,-12.60412],[-68.701416,-12.579107],[-68.693863,-12.586606],[-68.699304,-12.572096],[-68.691481,-12.557262],[-68.674479,-12.552974],[-68.674085,-12.532464],[-68.681377,-12.525357],[-68.664733,-12.524223],[-68.65552,-12.534593],[-68.660428,-12.519408],[-68.652279,-12.50274],[-68.97282,-11.90942],[-69.01226,-11.91255],[-69.01877,-11.91991],[-69.08202,-11.90611],[-69.11581,-11.93184],[-69.13383,-11.91547],[-69.19037,-11.91134],[-69.19317,-11.90167],[-69.21307,-11.89304],[-69.21739,-11.89897],[-69.23581,-11.88261],[-69.24447,-11.88271],[-69.25252,-11.89656],[-69.25855,-11.89287],[-69.28179,-11.90491],[-69.29026,-11.89824],[-69.31139,-11.91042],[-69.32389,-11.90075],[-69.33613,-11.90804],[-69.41396,-11.86676],[-69.46738,-11.87234],[-69.495,-11.84494],[-69.52716,-11.84176],[-69.52692,-11.82729],[-69.54887,-11.82028],[-69.55805,-11.8002],[-69.58427,-11.79563],[-69.58779,-11.77728],[-69.61211,-11.77413],[-69.62661,-11.76022],[-69.64758,-11.77048],[-69.6552,-11.75878],[-69.66773,-11.75839],[-69.67616,-11.77003],[-69.69421,-11.76968],[-69.71051,-11.79482],[-69.72086,-11.79046],[-69.72503,-11.80624],[-69.73936,-11.79629],[-69.75879,-11.80721],[-69.7732,-11.79615],[-69.8032,-11.79571],[-69.81399,-11.78287],[-69.82939,-11.78985],[-69.89706,-11.76073],[-69.90811,-11.73729],[-69.92099,-11.73945],[-69.92294,-11.72699],[-69.93649,-11.73525],[-69.96078,-11.70958],[-69.98393,-11.71291],[-69.99571,-11.70141],[-70.03099,-11.70998],[-70.07736,-11.67022],[-70.09027,-11.67559],[-70.11582,-11.6666],[-70.13258,-11.65576],[-70.13518,-11.64416],[-70.17806,-11.62652],[-70.19165,-11.60218],[-70.21443,-11.58528],[-70.21792,-11.57159],[-70.24005,-11.55844],[-70.24106,-11.54286],[-70.25669,-11.53093],[-70.28987,-11.46119],[-70.34158,-11.44558],[-70.35777,-11.4538],[-70.37727,-11.434002],[-70.413122,-11.430893],[-70.435138,-11.403544],[-70.451926,-11.396165],[-70.453863,-11.373166],[-70.475709,-11.352508],[-70.744121,-11.381589],[-70.75007,-11.374739],[-70.747816,-11.383707],[-70.768817,-11.384338],[-70.794233,-11.341165],[-70.800452,-11.342698],[-70.793557,-11.360994],[-70.804012,-11.34815],[-70.818613,-11.3477],[-70.812665,-11.324311],[-70.823808,-11.318726],[-70.831975,-11.327647],[-70.846365,-11.32697],[-70.876033,-11.312379],[-70.862944,-11.29233],[-70.860976,-11.277273],[-70.867226,-11.272971],[-70.879442,-11.274128],[-70.878184,-11.287744],[-70.903149,-11.283659],[-70.911084,-11.294168],[-70.907438,-11.276797],[-70.923921,-11.2904],[-70.923982,-11.278451],[-70.93158,-11.275632],[-70.942334,-11.290951],[-70.964515,-11.268096],[-70.979956,-11.268862],[-71.00128,-11.253727],[-71.014944,-11.264235],[-71.01845,-11.245736],[-71.027338,-11.243908],[-71.036887,-11.260169],[-71.034098,-11.245326],[-71.048421,-11.250242],[-71.058554,-11.237878],[-71.068316,-11.251557],[-71.068657,-11.235466],[-71.0914,-11.229951],[-71.095437,-11.240981],[-71.105643,-11.231941],[-71.100781,-11.220285],[-71.120781,-11.239414],[-71.133299,-11.221095],[-71.155852,-11.226704],[-71.161343,-11.20973],[-71.1738,-11.215044],[-71.177077,-11.229242],[-71.191453,-11.212387],[-71.217902,-11.210055],[-71.220168,-11.200296],[-71.236263,-11.21871],[-71.23288,-11.200344],[-71.243772,-11.195721],[-71.246966,-11.180357],[-71.26217,-11.193262],[-71.278365,-11.17975],[-71.286446,-11.186841],[-71.300788,-11.179974],[-71.311105,-11.185883],[-71.309923,-11.168986],[-71.331357,-11.171167],[-71.335953,-11.155009],[-71.347515,-11.164396],[-71.372082,-11.164689],[-71.374722,-11.178525],[-71.383913,-11.148556],[-71.397724,-11.151831],[-71.419719,-11.136982],[-71.43749,-11.139412],[-71.439616,-11.123069],[-71.451099,-11.132304],[-71.44557,-11.115808],[-71.435971,-11.112072],[-71.442381,-11.103201],[-71.449337,-11.110674],[-71.474642,-11.10627],[-71.492262,-11.090291],[-71.498459,-11.091567],[-71.496849,-11.106664],[-71.527659,-11.085643],[-71.535755,-11.087108],[-71.539456,-11.099967],[-71.546087,-11.081613],[-71.55803,-11.093336],[-71.569424,-11.083481],[-71.583968,-11.104071],[-71.595326,-11.090296],[-71.609989,-11.097462],[-71.62272,-11.092425],[-71.630004,-11.105562],[-71.637801,-11.088961],[-71.646066,-11.098446],[-71.671391,-11.093781],[-71.679937,-11.107242],[-71.680501,-11.100168],[-71.707986,-11.089242],[-71.712807,-11.070115],[-71.722352,-11.071994],[-71.724097,-11.064515],[-71.751618,-11.086745],[-71.756096,-11.072969],[-71.791226,-11.078198],[-71.796705,-11.069086],[-71.807545,-11.071879],[-71.81015,-11.064238],[-71.831743,-11.058815],[-71.833968,-11.047429],[-71.843018,-11.05326],[-71.85113,-11.043033],[-71.855011,-11.048202],[-71.855342,-11.048073]]]}},{"type":"Feature","id":"1702","properties":{"ubigeo":"1702","nombre_departamento":"madre de dios","nombre_provincia":"manu","nombre_distrito":"","capital":"salvacion"},"geometry":{"type":"Polygon","coordinates":[[[-71.823502,-11.316395],[-71.84591,-11.343311],[-71.853875,-11.368154],[-71.905332,-11.351239],[-71.939733,-11.383404],[-71.976892,-11.38922],[-72.00122,-11.368963],[-72.009036,-11.374545],[-72.024221,-11.369633],[-72.035983,-11.383032],[-72.054295,-11.373727],[-72.067173,-11.382883],[-72.096874,-11.377598],[-72.112804,-11.36606],[-72.114292,-11.355713],[-72.102978,-11.344323],[-72.110422,-11.332562],[-72.159303,-11.319969],[-72.182,-11.32691],[-72.1905,-11.35523],[-72.212857,-11.344381],[-72.239258,-11.345061],[-72.247894,-11.385006],[-72.270821,-11.400189],[-72.292551,-11.433273],[-72.287457,-11.466648],[-72.289628,-11.482852],[-72.304173,-11.497114],[-72.29803,-11.504116],[-72.313025,-11.561518],[-72.307894,-11.587537],[-72.348042,-11.617859],[-72.355623,-11.635025],[-72.375642,-11.633174],[-72.375317,-11.644165],[-72.390302,-11.650684],[-72.38771,-11.660459],[-72.428739,-11.708972],[-72.423327,-11.737818],[-72.385006,-11.761721],[-72.370768,-11.784967],[-72.390999,-11.80661],[-72.390757,-11.827557],[-72.33184,-11.856086],[-72.347514,-11.891267],[-72.336821,-11.937337],[-72.34049,-11.965768],[-72.286222,-11.975316],[-72.281544,-11.995797],[-72.259165,-12.005723],[-72.2696,-12.022836],[-72.268933,-12.054375],[-72.230425,-12.061778],[-72.173733,-12.05981],[-72.094447,-12.085191],[-72.087559,-12.14269],[-72.100436,-12.169419],[-72.092205,-12.194418],[-72.105611,-12.238793],[-72.0753,-12.243264],[-72.056439,-12.257278],[-72.043359,-12.254884],[-72.028936,-12.287234],[-71.94589,-12.330224],[-71.967179,-12.347642],[-71.963302,-12.376903],[-71.976647,-12.399454],[-72.00909,-12.40367],[-72.017477,-12.415179],[-72.047529,-12.423007],[-72.049893,-12.434442],[-72.060558,-12.438361],[-72.064669,-12.470227],[-72.078962,-12.498627],[-72.072638,-12.511066],[-72.057338,-12.507957],[-72.04979,-12.520946],[-72.028832,-12.526372],[-72.000535,-12.569615],[-71.981396,-12.58049],[-71.984213,-12.608167],[-71.965305,-12.614533],[-71.956132,-12.654458],[-71.970085,-12.662139],[-71.978595,-12.683331],[-71.964891,-12.693582],[-71.917782,-12.698914],[-71.918207,-12.720165],[-71.900352,-12.733355],[-71.88162,-12.73044],[-71.81224,-12.74386],[-71.79951,-12.76556],[-71.76466,-12.76746],[-71.76021,-12.78792],[-71.74756,-12.79616],[-71.70809,-12.77292],[-71.69475,-12.75374],[-71.69497,-12.73879],[-71.66054,-12.72892],[-71.63896,-12.70944],[-71.600298,-12.700058],[-71.552701,-12.708705],[-71.546591,-12.735416],[-71.523526,-12.747196],[-71.513136,-12.744387],[-71.495658,-12.78198],[-71.464846,-12.809697],[-71.459428,-12.825183],[-71.446483,-12.827216],[-71.456076,-12.840321],[-71.445074,-12.840732],[-71.448872,-12.863341],[-71.437389,-12.876268],[-71.423981,-12.873254],[-71.42719,-12.881973],[-71.417936,-12.882597],[-71.416367,-12.894062],[-71.396843,-12.882633],[-71.375058,-12.900546],[-71.358989,-12.880754],[-71.31475,-12.93148],[-71.27232,-12.95414],[-71.27101,-12.96249],[-71.23086,-12.97248],[-71.22093,-12.95766],[-71.195946,-12.959581],[-71.17641,-12.970943],[-71.162063,-12.966768],[-71.159001,-12.978679],[-71.171916,-12.981983],[-71.179395,-12.998342],[-71.16653,-13.01767],[-71.173799,-13.055008],[-71.161578,-13.066461],[-71.166932,-13.102147],[-71.161193,-13.120426],[-71.143976,-13.137235],[-71.131537,-13.220017],[-71.122012,-13.233529],[-71.09127,-13.24016],[-71.036261,-13.270495],[-71.012002,-13.264963],[-71.011213,-13.238714],[-70.990851,-13.221546],[-70.994205,-13.202222],[-70.977236,-13.169683],[-70.94219,-13.156499],[-70.94228,-13.135487],[-70.927631,-13.12878],[-70.921393,-13.110831],[-70.887291,-13.103364],[-70.899266,-13.069685],[-70.86311,-13.080324],[-70.842961,-13.067048],[-70.817353,-13.069851],[-70.799414,-13.090352],[-70.759941,-13.108096],[-70.685209,-13.106781],[-70.682932,-13.097625],[-70.660325,-13.088333],[-70.627822,-13.092317],[-70.586086,-13.104142],[-70.549425,-13.153171],[-70.464248,-13.159691],[-70.395476,-13.183051],[-70.38847,-13.19239],[-70.385577,-13.167039],[-70.401227,-13.15323],[-70.389662,-13.131538],[-70.409041,-13.13886],[-70.417695,-13.13309],[-70.403878,-13.125222],[-70.379463,-13.041641],[-70.36011,-13.012258],[-70.355286,-12.917824],[-70.337846,-12.877973],[-70.32436,-12.859939],[-70.291477,-12.84408],[-70.281388,-12.814193],[-70.256933,-12.78276],[-70.247082,-12.739453],[-70.195854,-12.720935],[-70.161548,-12.67868],[-70.133397,-12.659121],[-70.076872,-12.640691],[-70.062767,-12.619173],[-70.038388,-12.608709],[-70.037453,-12.596911],[-70.052417,-12.580765],[-70.072124,-12.576212],[-70.081736,-12.554408],[-70.092797,-12.557441],[-70.091861,-12.549145],[-70.078882,-12.549123],[-70.096767,-12.549256],[-70.091036,-12.536679],[-70.098819,-12.533735],[-70.104507,-12.507335],[-70.120858,-12.504736],[-70.125618,-12.513636],[-70.136323,-12.497898],[-70.160938,-12.487589],[-70.17332,-12.492037],[-70.173848,-12.483348],[-70.190811,-12.479842],[-70.190208,-12.471663],[-70.207641,-12.478542],[-70.210426,-12.465262],[-70.21773,-12.463794],[-70.219021,-12.472619],[-70.230476,-12.465731],[-70.232485,-12.45216],[-70.236384,-12.458067],[-70.249991,-12.44819],[-70.250326,-12.428464],[-70.263743,-12.423609],[-70.255898,-12.420381],[-70.254942,-12.400033],[-70.247718,-12.395611],[-70.253219,-12.382603],[-70.248052,-12.376357],[-70.257564,-12.371524],[-70.248464,-12.361652],[-70.256767,-12.360598],[-70.262937,-12.342989],[-70.274093,-12.344429],[-70.267692,-12.339519],[-70.269261,-12.331395],[-70.277872,-12.330547],[-70.280417,-12.293272],[-70.293734,-12.296768],[-70.305764,-12.25831],[-70.311111,-12.263349],[-70.311369,-12.252758],[-70.319878,-12.252937],[-70.31615,-12.228873],[-70.334453,-12.220107],[-70.338669,-12.23075],[-70.34696,-12.198262],[-70.3545,-12.201527],[-70.358082,-12.190978],[-70.373643,-12.193596],[-70.371882,-12.181145],[-70.380926,-12.179143],[-70.374244,-12.167683],[-70.394441,-12.166825],[-70.396846,-12.153259],[-70.411675,-12.147191],[-70.422043,-12.152657],[-70.425598,-12.146527],[-70.436829,-12.15402],[-70.441023,-12.13935],[-70.439726,-12.145863],[-70.448622,-12.135854],[-70.460999,-12.14203],[-70.465501,-12.127045],[-70.476439,-12.132181],[-70.473384,-12.117579],[-70.486077,-12.122878],[-70.493553,-12.107096],[-70.509806,-12.116133],[-70.514227,-12.105138],[-70.513496,-12.114061],[-70.522841,-12.110908],[-70.534527,-12.11905],[-70.542442,-12.102862],[-70.555575,-12.103968],[-70.5546,-12.096751],[-70.56822,-12.092607],[-70.565392,-12.080937],[-70.571812,-12.08357],[-70.57646,-12.072729],[-70.586683,-12.078613],[-70.590372,-12.066212],[-70.598174,-12.069365],[-70.593217,-12.065773],[-70.602172,-12.062084],[-70.60001,-12.051617],[-70.610916,-12.051113],[-70.605217,-12.037256],[-70.621011,-12.051887],[-70.627059,-12.035555],[-70.62991,-12.042207],[-70.640181,-12.037474],[-70.633693,-12.03338],[-70.637074,-12.017043],[-70.647655,-12.012639],[-70.645608,-12.001784],[-70.67408,-11.993688],[-70.683473,-12.007357],[-70.685337,-11.998275],[-70.706115,-11.999116],[-70.705605,-11.989499],[-70.726089,-11.990954],[-70.733627,-11.983594],[-70.738056,-11.991502],[-70.747751,-11.990713],[-70.745819,-11.997863],[-70.762407,-11.999506],[-70.773005,-11.987685],[-70.779173,-11.998363],[-70.780486,-11.989586],[-70.796584,-11.988584],[-70.797311,-11.982227],[-70.807495,-11.986513],[-70.810437,-11.977199],[-70.817537,-11.980931],[-70.825791,-11.965786],[-70.860423,-11.965217],[-70.858526,-11.956032],[-70.867476,-11.955115],[-70.876015,-11.939131],[-70.884031,-11.942786],[-70.891218,-11.932783],[-70.886139,-11.925786],[-70.898129,-11.923025],[-70.896954,-11.915718],[-70.916752,-11.924649],[-70.927913,-11.91665],[-70.934841,-11.927154],[-70.947677,-11.91862],[-70.952013,-11.929072],[-70.95628,-11.915889],[-70.971846,-11.923853],[-70.974149,-11.914807],[-70.991304,-11.91404],[-71.003987,-11.89704],[-71.011582,-11.900428],[-71.008378,-11.893211],[-71.016424,-11.897654],[-71.025626,-11.888994],[-71.021388,-11.865009],[-71.044829,-11.872942],[-71.047419,-11.839654],[-71.057286,-11.83904],[-71.059794,-11.80594],[-71.067543,-11.797955],[-71.062025,-11.797505],[-71.07521,-11.789848],[-71.077707,-11.775375],[-71.104087,-11.765365],[-71.107583,-11.771264],[-71.12629,-11.75334],[-71.137743,-11.756741],[-71.152038,-11.748107],[-71.185432,-11.767004],[-71.197197,-11.763603],[-71.23275,-11.73469],[-71.24719,-11.70864],[-71.27353,-11.69406],[-71.31759,-11.68473],[-71.3165,-11.65307],[-71.3308,-11.65556],[-71.34201,-11.64744],[-71.338622,-11.62969],[-71.367516,-11.613979],[-71.376783,-11.601143],[-71.368953,-11.596881],[-71.385248,-11.576378],[-71.410983,-11.579517],[-71.398699,-11.553066],[-71.42424,-11.503484],[-71.443454,-11.502083],[-71.460181,-11.51251],[-71.494419,-11.488641],[-71.526314,-11.480453],[-71.554338,-11.487069],[-71.578725,-11.469629],[-71.591141,-11.431129],[-71.617912,-11.435321],[-71.628213,-11.423906],[-71.64598,-11.42942],[-71.664698,-11.419385],[-71.665247,-11.4052],[-71.64743,-11.384801],[-71.660027,-11.352498],[-71.689896,-11.374451],[-71.699195,-11.355203],[-71.721564,-11.339051],[-71.733652,-11.342975],[-71.750211,-11.329896],[-71.763832,-11.340811],[-71.790161,-11.316229],[-71.822584,-11.316563],[-71.823502,-11.316395]]]}},{"type":"Feature","id":"1703","properties":{"ubigeo":"1703","nombre_departamento":"madre de dios","nombre_provincia":"tahuamanu","nombre_distrito":"","capital":"inapari"},"geometry":{"type":"Polygon","coordinates":[[[-70.613465,-10.129641],[-70.613804,-9.873393],[-70.639539,-9.884376],[-70.633479,-9.898958],[-70.650894,-9.931955],[-70.648521,-9.951576],[-70.667627,-9.970693],[-70.656893,-9.999729],[-70.672318,-10.023135],[-70.652059,-10.04006],[-70.660032,-10.051466],[-70.644542,-10.06874],[-70.6499,-10.079475],[-70.698174,-10.118031],[-70.708231,-10.13684],[-70.706443,-10.161357],[-70.750693,-10.191012],[-70.803201,-10.251154],[-70.866854,-10.253047],[-70.880833,-10.26197],[-70.873993,-10.300696],[-70.889459,-10.335139],[-70.968012,-10.335551],[-70.958415,-10.389577],[-71.004972,-10.430819],[-71.000639,-10.442222],[-71.024533,-10.4782],[-71.078506,-10.501371],[-71.128514,-10.504736],[-71.1468,-10.530984],[-71.164571,-10.531261],[-71.165293,-10.569644],[-71.196213,-10.579861],[-71.220803,-10.636734],[-71.206291,-10.65216],[-71.231313,-10.685239],[-71.227815,-10.702813],[-71.215537,-10.714948],[-71.224603,-10.730653],[-71.218749,-10.760206],[-71.228866,-10.764998],[-71.221564,-10.776698],[-71.245054,-10.776529],[-71.258723,-10.784935],[-71.271474,-10.819047],[-71.272727,-10.852819],[-71.294714,-10.876299],[-71.308337,-10.877814],[-71.317305,-10.909565],[-71.336126,-10.916788],[-71.355218,-10.950617],[-71.393455,-10.947334],[-71.412941,-10.958068],[-71.44823,-10.959054],[-71.472509,-10.953693],[-71.485951,-10.96379],[-71.508132,-10.966092],[-71.527149,-10.961727],[-71.531977,-10.952138],[-71.558854,-10.964803],[-71.661719,-10.983184],[-71.680723,-10.971558],[-71.693556,-10.979741],[-71.701694,-10.973839],[-71.716003,-10.99785],[-71.729283,-10.983676],[-71.751144,-10.993752],[-71.780228,-10.987814],[-71.808953,-10.993828],[-71.828463,-11.011868],[-71.847008,-10.995679],[-71.923332,-10.996097],[-71.938377,-11.003895],[-72.010833,-10.987747],[-72.043699,-10.99692],[-72.054413,-11.011074],[-72.10471,-10.992931],[-72.125035,-10.995624],[-72.12793,-10.979842],[-72.152863,-10.994215],[-72.15825,-11.005288],[-72.173538,-10.995526],[-72.178511,-10.999394],[-72.185254,-11.008835],[-72.1746,-11.027697],[-72.177609,-11.040675],[-72.16032,-11.05113],[-72.15994,-11.0648],[-72.13851,-11.08358],[-72.10724,-11.07857],[-72.09687,-11.08357],[-72.078787,-11.054759],[-72.067133,-11.066069],[-72.05479,-11.061569],[-72.052803,-11.071338],[-72.044473,-11.060475],[-72.018044,-11.063677],[-71.999722,-11.054131],[-71.981663,-11.054698],[-71.981704,-11.061245],[-71.978339,-11.05251],[-71.961334,-11.059097],[-71.955071,-11.052124],[-71.941082,-11.061758],[-71.940617,-11.052173],[-71.9168,-11.050423],[-71.912466,-11.040837],[-71.911072,-11.04998],[-71.899677,-11.046738],[-71.904491,-11.059391],[-71.898104,-11.066819],[-71.875628,-11.058641],[-71.87541,-11.050173],[-71.861813,-11.053439],[-71.869168,-11.033528],[-71.855342,-11.048073],[-71.85113,-11.043033],[-71.843018,-11.05326],[-71.833968,-11.047429],[-71.831743,-11.058815],[-71.81015,-11.064238],[-71.807545,-11.071879],[-71.796705,-11.069086],[-71.791226,-11.078198],[-71.756096,-11.072969],[-71.75262,-11.086557],[-71.724097,-11.064515],[-71.722352,-11.071994],[-71.712807,-11.070115],[-71.707986,-11.089242],[-71.680501,-11.100168],[-71.679937,-11.107242],[-71.671391,-11.093781],[-71.646066,-11.098446],[-71.637801,-11.088961],[-71.630004,-11.105562],[-71.62272,-11.092425],[-71.609989,-11.097462],[-71.595326,-11.090296],[-71.583968,-11.104071],[-71.569424,-11.083481],[-71.55803,-11.093336],[-71.546087,-11.081613],[-71.539456,-11.099967],[-71.535755,-11.087108],[-71.527659,-11.085643],[-71.496849,-11.106664],[-71.498459,-11.091567],[-71.492262,-11.090291],[-71.474642,-11.10627],[-71.449337,-11.110674],[-71.442381,-11.103201],[-71.435971,-11.112072],[-71.44557,-11.115808],[-71.451099,-11.132304],[-71.439616,-11.123069],[-71.43749,-11.139412],[-71.419719,-11.136982],[-71.397724,-11.151831],[-71.383913,-11.148556],[-71.374722,-11.178525],[-71.372082,-11.164689],[-71.347515,-11.164396],[-71.335953,-11.155009],[-71.331357,-11.171167],[-71.309923,-11.168986],[-71.311105,-11.185883],[-71.300788,-11.179974],[-71.286446,-11.186841],[-71.278365,-11.17975],[-71.26217,-11.193262],[-71.246966,-11.180357],[-71.243772,-11.195721],[-71.23288,-11.200344],[-71.236263,-11.21871],[-71.220168,-11.200296],[-71.217902,-11.210055],[-71.191453,-11.212387],[-71.177077,-11.229242],[-71.1738,-11.215044],[-71.161343,-11.20973],[-71.155852,-11.226704],[-71.133299,-11.221095],[-71.120781,-11.239414],[-71.100781,-11.220285],[-71.105643,-11.231941],[-71.095437,-11.240981],[-71.0914,-11.229951],[-71.068657,-11.235466],[-71.068316,-11.251557],[-71.058554,-11.237878],[-71.048421,-11.250242],[-71.034098,-11.245326],[-71.036887,-11.260169],[-71.027338,-11.243908],[-71.01845,-11.245736],[-71.014944,-11.264235],[-71.00128,-11.253727],[-70.979956,-11.268862],[-70.964515,-11.268096],[-70.942334,-11.290951],[-70.93158,-11.275632],[-70.923982,-11.278451],[-70.923921,-11.2904],[-70.907438,-11.276797],[-70.911084,-11.294168],[-70.903149,-11.283659],[-70.878184,-11.287744],[-70.879442,-11.274128],[-70.864872,-11.273803],[-70.862944,-11.29233],[-70.876033,-11.312379],[-70.846365,-11.32697],[-70.831975,-11.327647],[-70.823808,-11.318726],[-70.812665,-11.324311],[-70.818613,-11.3477],[-70.804012,-11.34815],[-70.793557,-11.360994],[-70.800452,-11.342698],[-70.794233,-11.341165],[-70.768817,-11.384338],[-70.747816,-11.383707],[-70.75007,-11.374739],[-70.744121,-11.381589],[-70.476362,-11.352316],[-70.453863,-11.373166],[-70.451926,-11.396165],[-70.435138,-11.403544],[-70.413122,-11.430893],[-70.37727,-11.434002],[-70.35777,-11.4538],[-70.34158,-11.44558],[-70.28987,-11.46119],[-70.25669,-11.53093],[-70.24106,-11.54286],[-70.24005,-11.55844],[-70.21792,-11.57159],[-70.21443,-11.58528],[-70.19165,-11.60218],[-70.17806,-11.62652],[-70.13518,-11.64416],[-70.13258,-11.65576],[-70.11582,-11.6666],[-70.09027,-11.67559],[-70.07736,-11.67022],[-70.03099,-11.70998],[-69.99571,-11.70141],[-69.98393,-11.71291],[-69.96078,-11.70958],[-69.93649,-11.73525],[-69.92294,-11.72699],[-69.92099,-11.73945],[-69.90811,-11.73729],[-69.89819,-11.75983],[-69.87332,-11.76658],[-69.86072,-11.77928],[-69.82848,-11.79005],[-69.81399,-11.78287],[-69.8032,-11.79571],[-69.7732,-11.79615],[-69.75879,-11.80721],[-69.73959,-11.79628],[-69.72503,-11.80624],[-69.72086,-11.79046],[-69.71051,-11.79482],[-69.69421,-11.76968],[-69.67616,-11.77003],[-69.66773,-11.75839],[-69.6552,-11.75878],[-69.64758,-11.77048],[-69.62661,-11.76022],[-69.61211,-11.77413],[-69.58779,-11.77728],[-69.58427,-11.79563],[-69.55805,-11.8002],[-69.54887,-11.82028],[-69.52692,-11.82729],[-69.52716,-11.84176],[-69.495,-11.84494],[-69.46738,-11.87234],[-69.41396,-11.86676],[-69.33613,-11.90804],[-69.32389,-11.90075],[-69.31139,-11.91042],[-69.29026,-11.89824],[-69.28179,-11.90491],[-69.25855,-11.89287],[-69.25252,-11.89656],[-69.24447,-11.88271],[-69.23581,-11.88261],[-69.21739,-11.89897],[-69.21307,-11.89304],[-69.19317,-11.90167],[-69.19037,-11.91134],[-69.13383,-11.91547],[-69.11581,-11.93184],[-69.08202,-11.90611],[-69.01877,-11.91991],[-68.98173,-11.90791],[-68.9709,-11.9141],[-69.103447,-11.681348],[-69.228332,-11.499824],[-69.576987,-10.941247],[-69.5881,-10.940635],[-69.583462,-10.947871],[-69.609224,-10.945668],[-69.610475,-10.957583],[-69.620337,-10.950061],[-69.633599,-10.957393],[-69.658695,-10.952564],[-69.697311,-10.97245],[-69.700534,-10.965527],[-69.716857,-10.975905],[-69.722257,-10.964724],[-69.737641,-10.974967],[-69.759935,-10.939513],[-69.773088,-10.94003],[-69.769538,-10.929937],[-69.79431,-10.934087],[-69.811067,-10.926002],[-69.83159,-10.93388],[-69.851144,-10.924576],[-69.858272,-10.934337],[-69.862723,-10.926829],[-69.873441,-10.931062],[-69.901222,-10.920561],[-69.920678,-10.933815],[-69.933301,-10.922222],[-69.953976,-10.928566],[-69.957959,-10.940851],[-69.974248,-10.949299],[-69.982024,-10.943134],[-69.984502,-10.955655],[-69.994397,-10.950697],[-69.998824,-10.965168],[-70.007532,-10.96271],[-70.027362,-10.977752],[-70.036854,-10.970973],[-70.037129,-10.980019],[-70.064587,-10.993875],[-70.09285,-10.987117],[-70.107413,-11.007885],[-70.115702,-11.00591],[-70.140529,-11.029672],[-70.156138,-11.033525],[-70.158268,-11.041872],[-70.176085,-11.040129],[-70.199053,-11.054015],[-70.241541,-11.047062],[-70.30843,-11.07059],[-70.37377,-11.06054],[-70.38578,-11.04777],[-70.43776,-11.0388],[-70.45174,-10.99676],[-70.51538,-10.94717],[-70.52167,-10.93421],[-70.613754,-11.000168],[-70.613588,-10.276168],[-70.613465,-10.129641]]]}},{"type":"Feature","id":"1801","properties":{"ubigeo":"1801","nombre_departamento":"moquegua","nombre_provincia":"mariscal nieto","nombre_distrito":"","capital":"moquegua"},"geometry":{"type":"Polygon","coordinates":[[[-70.312939,-16.461578],[-70.359748,-16.477639],[-70.36399,-16.494191],[-70.396633,-16.523763],[-70.419494,-16.530846],[-70.431216,-16.525842],[-70.47042,-16.55638],[-70.49552,-16.55219],[-70.52002,-16.55989],[-70.5379,-16.55338],[-70.57637,-16.56575],[-70.60332,-16.54797],[-70.63372,-16.55785],[-70.68068,-16.54639],[-70.69965,-16.56928],[-70.727844,-16.572842],[-70.703186,-16.598641],[-70.72927,-16.62583],[-70.74763,-16.6231],[-70.76371,-16.63419],[-70.779183,-16.7199],[-70.788987,-16.736951],[-70.816311,-16.74603],[-70.826477,-16.761972],[-70.87893,-16.77485],[-70.89403,-16.7708],[-70.901503,-16.777706],[-70.94545,-16.77239],[-70.95575,-16.77827],[-70.99373,-16.76413],[-71.01468,-16.76787],[-71.034093,-16.753516],[-71.060916,-16.758604],[-71.15489,-16.87004],[-71.1646,-16.90419],[-71.19461,-16.90254],[-71.21845,-16.9254],[-71.285792,-16.942764],[-71.30368,-16.9582],[-71.34069,-16.94438],[-71.34928,-16.94915],[-71.34484,-16.96622],[-71.3552,-16.97767],[-71.37752,-16.974029],[-71.39092,-16.98049],[-71.394882,-16.992849],[-71.385384,-17.020948],[-71.365234,-17.014111],[-71.357315,-17.024355],[-71.339424,-17.021759],[-71.319054,-17.041454],[-71.324692,-17.060308],[-71.315887,-17.065283],[-71.302841,-17.097397],[-71.325149,-17.134661],[-71.355316,-17.151274],[-71.440956,-17.251717],[-71.431297,-17.261357],[-71.385412,-17.265072],[-71.399682,-17.280984],[-71.395487,-17.304518],[-71.366211,-17.314355],[-71.376335,-17.351284],[-71.3481,-17.376469],[-71.344758,-17.388346],[-71.319848,-17.392043],[-71.330682,-17.398049],[-71.315613,-17.419953],[-71.311547,-17.449564],[-71.276244,-17.42708],[-71.257301,-17.440742],[-71.215873,-17.434666],[-71.173561,-17.453484],[-71.157607,-17.453281],[-71.144486,-17.43676],[-71.11589,-17.47482],[-71.073951,-17.487467],[-71.072549,-17.525803],[-71.037789,-17.555332],[-71.022776,-17.597742],[-70.994545,-17.621973],[-70.946379,-17.632815],[-70.91834,-17.649455],[-70.907815,-17.64722],[-70.87996,-17.55567],[-70.77998,-17.4506],[-70.75463,-17.437578],[-70.73672,-17.40828],[-70.752404,-17.380573],[-70.746703,-17.351354],[-70.733868,-17.323191],[-70.705652,-17.29118],[-70.715917,-17.273652],[-70.704279,-17.267205],[-70.684091,-17.224265],[-70.651093,-17.209175],[-70.609978,-17.214504],[-70.572508,-17.194109],[-70.55505,-17.197663],[-70.521141,-17.158234],[-70.491314,-17.090208],[-70.448739,-17.080669],[-70.439201,-17.050363],[-70.463158,-17.004367],[-70.443199,-16.964277],[-70.465017,-16.944434],[-70.453658,-16.929746],[-70.459191,-16.922738],[-70.451752,-16.900006],[-70.441574,-16.892404],[-70.450967,-16.861816],[-70.440689,-16.840047],[-70.40866,-16.829971],[-70.356086,-16.790264],[-70.344926,-16.791465],[-70.311295,-16.773301],[-70.291857,-16.781345],[-70.266575,-16.770833],[-70.2473,-16.802465],[-70.181301,-16.817875],[-70.184067,-16.834687],[-70.211715,-16.84081],[-70.223084,-16.856088],[-70.243768,-16.860242],[-70.259365,-16.903654],[-70.247182,-16.952444],[-70.227033,-16.959355],[-70.218013,-16.946352],[-70.192535,-16.941023],[-70.173689,-16.912232],[-70.148372,-16.92187],[-70.146625,-16.93873],[-70.11635,-16.922163],[-70.105597,-16.897264],[-70.094279,-16.890925],[-70.090314,-16.810855],[-70.057816,-16.787812],[-70.057125,-16.770164],[-70.032209,-16.752925],[-70.035542,-16.74289],[-70.010214,-16.741339],[-69.995563,-16.729776],[-69.99691,-16.710258],[-70.010108,-16.700435],[-70.011767,-16.688484],[-69.998391,-16.675148],[-70.001472,-16.656574],[-70.02415,-16.631408],[-70.048612,-16.627708],[-70.087845,-16.655232],[-70.137832,-16.628575],[-70.148761,-16.615313],[-70.165706,-16.613324],[-70.176244,-16.594153],[-70.175456,-16.561531],[-70.184778,-16.537609],[-70.200495,-16.53959],[-70.228666,-16.506076],[-70.30117,-16.478672],[-70.313331,-16.463381],[-70.312939,-16.461578]]]}},{"type":"Feature","id":"1802","properties":{"ubigeo":"1802","nombre_departamento":"moquegua","nombre_provincia":"general sanchez cerro","nombre_distrito":"","capital":"omate"},"geometry":{"type":"Polygon","coordinates":[[[-70.793877,-15.987212],[-70.79997,-15.975964],[-70.807509,-15.988017],[-70.820198,-15.978468],[-70.829102,-15.99549],[-70.816559,-16.002756],[-70.820946,-16.029751],[-70.807358,-16.040829],[-70.804512,-16.055134],[-70.856735,-16.056337],[-70.866806,-16.080082],[-70.878105,-16.081444],[-70.875061,-16.094578],[-70.895706,-16.106281],[-70.867111,-16.128485],[-70.867828,-16.153866],[-70.878593,-16.166616],[-70.860245,-16.175571],[-70.853889,-16.196688],[-70.866959,-16.224585],[-70.844475,-16.235878],[-70.880806,-16.284544],[-70.901466,-16.277702],[-70.915787,-16.2824],[-70.93911,-16.298933],[-70.943611,-16.314405],[-70.98629,-16.30995],[-70.969399,-16.369608],[-70.975098,-16.391029],[-70.963829,-16.39974],[-70.975616,-16.418322],[-70.953232,-16.459948],[-70.955437,-16.471626],[-70.979523,-16.480574],[-70.993454,-16.496553],[-71.012566,-16.498579],[-71.019241,-16.486891],[-71.037258,-16.485686],[-71.047195,-16.454403],[-71.072655,-16.465755],[-71.08194,-16.456858],[-71.108459,-16.465706],[-71.124725,-16.461073],[-71.139519,-16.474974],[-71.197029,-16.471659],[-71.219139,-16.460566],[-71.242104,-16.463064],[-71.249344,-16.482359],[-71.237495,-16.514591],[-71.2491,-16.5641],[-71.26284,-16.584911],[-71.260406,-16.605202],[-71.279152,-16.615822],[-71.283905,-16.682239],[-71.296013,-16.706266],[-71.285812,-16.716354],[-71.289093,-16.726458],[-71.327171,-16.752445],[-71.346985,-16.742243],[-71.353287,-16.724953],[-71.36943,-16.719677],[-71.4255,-16.74064],[-71.444195,-16.8157],[-71.4355,-16.83615],[-71.440552,-16.862885],[-71.422141,-16.896395],[-71.424062,-16.919298],[-71.45985,-16.93736],[-71.465942,-16.950569],[-71.46138,-16.959732],[-71.410095,-16.954349],[-71.39092,-16.98049],[-71.37752,-16.974029],[-71.35641,-16.97829],[-71.34508,-16.96705],[-71.35009,-16.95495],[-71.344,-16.94553],[-71.33077,-16.94402],[-71.30368,-16.9582],[-71.285792,-16.942764],[-71.21845,-16.9254],[-71.19461,-16.90254],[-71.16871,-16.90674],[-71.15489,-16.87004],[-71.060916,-16.758604],[-71.034093,-16.753516],[-71.01468,-16.76787],[-70.99373,-16.76413],[-70.95575,-16.77827],[-70.94545,-16.77239],[-70.901503,-16.777706],[-70.89403,-16.7708],[-70.87893,-16.77485],[-70.826477,-16.761972],[-70.816311,-16.74603],[-70.788987,-16.736951],[-70.779183,-16.7199],[-70.76371,-16.63419],[-70.74763,-16.6231],[-70.72927,-16.62583],[-70.703186,-16.598641],[-70.727844,-16.572842],[-70.69965,-16.56928],[-70.68068,-16.54639],[-70.63372,-16.55785],[-70.60332,-16.54797],[-70.57637,-16.56575],[-70.5379,-16.55338],[-70.52002,-16.55989],[-70.49552,-16.55219],[-70.47042,-16.55638],[-70.431216,-16.525842],[-70.419494,-16.530846],[-70.396633,-16.523763],[-70.36399,-16.494191],[-70.359748,-16.477639],[-70.312939,-16.461578],[-70.306314,-16.447206],[-70.316735,-16.444399],[-70.325052,-16.417525],[-70.360888,-16.410831],[-70.356554,-16.400271],[-70.382373,-16.385426],[-70.370595,-16.36865],[-70.356604,-16.367699],[-70.345611,-16.348139],[-70.338758,-16.322798],[-70.346595,-16.305602],[-70.340281,-16.270093],[-70.345135,-16.256102],[-70.327838,-16.234819],[-70.324529,-16.215913],[-70.334597,-16.201568],[-70.362279,-16.206499],[-70.373753,-16.175917],[-70.401942,-16.14903],[-70.408302,-16.120796],[-70.403229,-16.087231],[-70.434282,-16.061878],[-70.440125,-16.036751],[-70.447465,-16.034471],[-70.465779,-16.050369],[-70.48256,-16.039475],[-70.507324,-16.038144],[-70.510322,-16.029986],[-70.526075,-16.026723],[-70.56289,-15.9825],[-70.62477,-16.00302],[-70.64082,-15.98764],[-70.66835,-16.01339],[-70.72211,-16.03419],[-70.74124,-16.01618],[-70.77597,-16.0134],[-70.79486,-15.988196],[-70.793877,-15.987212]]]}},{"type":"Feature","id":"1803","properties":{"ubigeo":"1803","nombre_departamento":"moquegua","nombre_provincia":"ilo","nombre_distrito":"","capital":"ilo"},"geometry":{"type":"Polygon","coordinates":[[[-71.438605,-17.252955],[-71.46555,-17.254503],[-71.490797,-17.285007],[-71.472537,-17.297158],[-71.476885,-17.32281],[-71.469891,-17.318818],[-71.458107,-17.33242],[-71.444715,-17.332236],[-71.431393,-17.350523],[-71.432791,-17.366648],[-71.424668,-17.363633],[-71.418805,-17.377486],[-71.394355,-17.389412],[-71.381139,-17.449982],[-71.362953,-17.488785],[-71.365547,-17.545363],[-71.3415,-17.636895],[-71.381376,-17.707348],[-71.368183,-17.706162],[-71.363365,-17.692652],[-71.349189,-17.693449],[-71.19116,-17.777348],[-71.168734,-17.809369],[-71.139441,-17.821483],[-71.12141,-17.80335],[-71.12149,-17.78563],[-71.101135,-17.739498],[-71.082176,-17.734617],[-71.082191,-17.716684],[-71.057924,-17.718075],[-71.026916,-17.703875],[-71.017113,-17.709211],[-71.00335,-17.683699],[-70.992996,-17.679119],[-70.983162,-17.684627],[-70.95628,-17.67596],[-70.9125,-17.68737],[-70.907815,-17.64722],[-70.91834,-17.649455],[-70.946379,-17.632815],[-70.994545,-17.621973],[-71.022776,-17.597742],[-71.037789,-17.555332],[-71.072549,-17.525803],[-71.073951,-17.487467],[-71.11589,-17.47482],[-71.142198,-17.437916],[-71.157607,-17.453281],[-71.173561,-17.453484],[-71.215873,-17.434666],[-71.257301,-17.440742],[-71.276244,-17.42708],[-71.311547,-17.449564],[-71.315613,-17.419953],[-71.330682,-17.398049],[-71.319848,-17.392043],[-71.344758,-17.388346],[-71.3481,-17.376469],[-71.376335,-17.351284],[-71.366211,-17.314355],[-71.395487,-17.304518],[-71.399682,-17.280984],[-71.385412,-17.265072],[-71.431297,-17.261357],[-71.437075,-17.254763],[-71.438605,-17.252955]]]}},{"type":"Feature","id":"1901","properties":{"ubigeo":"1901","nombre_departamento":"pasco","nombre_provincia":"pasco","nombre_distrito":"","capital":"cerro de pasco"},"geometry":{"type":"Polygon","coordinates":[[[-75.858789,-10.310625],[-75.859719,-10.30283],[-75.87876,-10.313601],[-75.92441,-10.356031],[-75.934539,-10.37498],[-75.92459,-10.404041],[-75.929539,-10.41518],[-75.97581,-10.479336],[-76.002791,-10.488891],[-76.011335,-10.454897],[-76.02494,-10.467439],[-76.039223,-10.454578],[-76.057037,-10.46542],[-76.078283,-10.451988],[-76.078269,-10.434154],[-76.092892,-10.429281],[-76.104187,-10.435547],[-76.118805,-10.426373],[-76.129631,-10.430801],[-76.14448,-10.408116],[-76.171949,-10.411547],[-76.185397,-10.395463],[-76.20717,-10.38871],[-76.20417,-10.376865],[-76.230889,-10.371791],[-76.22633,-10.39693],[-76.269477,-10.368988],[-76.274705,-10.402465],[-76.285287,-10.41642],[-76.298264,-10.40968],[-76.30557,-10.41415],[-76.283333,-10.452196],[-76.267163,-10.457453],[-76.245123,-10.480861],[-76.253638,-10.498477],[-76.249812,-10.510019],[-76.237503,-10.516009],[-76.23842,-10.53844],[-76.27127,-10.56049],[-76.27337,-10.57875],[-76.28347,-10.5826],[-76.29317,-10.60164],[-76.30407,-10.59853],[-76.308882,-10.587065],[-76.334546,-10.590112],[-76.34587,-10.59573],[-76.36254,-10.62729],[-76.37309,-10.62009],[-76.41961,-10.65317],[-76.456363,-10.647425],[-76.470527,-10.667072],[-76.475409,-10.694373],[-76.495427,-10.710828],[-76.506888,-10.746512],[-76.5204,-10.737666],[-76.53851,-10.704352],[-76.57305,-10.708986],[-76.594326,-10.676944],[-76.61566,-10.67006],[-76.636333,-10.646916],[-76.655655,-10.646782],[-76.670673,-10.678717],[-76.659433,-10.687925],[-76.642241,-10.746398],[-76.627849,-10.76596],[-76.633603,-10.783931],[-76.626539,-10.799722],[-76.61523,-10.816729],[-76.601577,-10.815868],[-76.580583,-10.866906],[-76.564994,-10.965246],[-76.581603,-10.984984],[-76.577892,-11.015942],[-76.569252,-11.013484],[-76.564006,-11.022909],[-76.53299,-11.034127],[-76.51468,-11.068713],[-76.493523,-11.0886],[-76.461197,-11.084129],[-76.446807,-11.071247],[-76.433662,-11.080094],[-76.389496,-11.070988],[-76.350959,-11.094193],[-76.33551,-11.082533],[-76.31807,-11.091643],[-76.3079,-11.132664],[-76.25777,-11.15175],[-76.24153,-11.1431],[-76.22716,-11.15577],[-76.21463,-11.15031],[-76.25015,-11.1052],[-76.23957,-11.049199],[-76.259668,-11.027402],[-76.253443,-11.022878],[-76.259951,-11.015006],[-76.255671,-11.002395],[-76.263746,-10.998587],[-76.272948,-10.971019],[-76.265526,-10.959014],[-76.276604,-10.950727],[-76.280543,-10.913191],[-76.270035,-10.916535],[-76.262227,-10.908971],[-76.265896,-10.920123],[-76.249465,-10.924531],[-76.229197,-10.91559],[-76.209797,-10.918967],[-76.212844,-10.932373],[-76.190904,-10.96031],[-76.146238,-10.945814],[-76.122525,-10.95234],[-76.12293,-10.96264],[-76.08214,-10.89514],[-76.04551,-10.88074],[-75.994761,-10.820957],[-75.937146,-10.871508],[-75.935924,-10.889723],[-75.91316,-10.872001],[-75.87607,-10.867495],[-75.864782,-10.876586],[-75.858259,-10.867857],[-75.836968,-10.886037],[-75.815579,-10.872493],[-75.815447,-10.846982],[-75.789141,-10.825271],[-75.75857,-10.83009],[-75.732807,-10.809264],[-75.693253,-10.817219],[-75.692963,-10.835139],[-75.678549,-10.84018],[-75.656439,-10.825211],[-75.60824,-10.823572],[-75.59005,-10.81134],[-75.576514,-10.781023],[-75.568354,-10.727441],[-75.55366,-10.74525],[-75.521869,-10.739031],[-75.511552,-10.682803],[-75.531993,-10.682803],[-75.548517,-10.67315],[-75.537502,-10.654771],[-75.543101,-10.639419],[-75.556845,-10.63705],[-75.581181,-10.649152],[-75.594362,-10.628399],[-75.601124,-10.631649],[-75.612366,-10.620555],[-75.620333,-10.62827],[-75.634255,-10.620064],[-75.64005,-10.629872],[-75.652424,-10.630697],[-75.678368,-10.611931],[-75.667007,-10.578438],[-75.670744,-10.566314],[-75.660984,-10.552246],[-75.676538,-10.518433],[-75.66482,-10.470406],[-75.669104,-10.45754],[-75.692938,-10.449458],[-75.692781,-10.441098],[-75.724429,-10.429386],[-75.74525,-10.440291],[-75.766831,-10.432477],[-75.778207,-10.441407],[-75.797987,-10.437442],[-75.808215,-10.457377],[-75.819162,-10.439647],[-75.852219,-10.443701],[-75.869896,-10.455373],[-75.858689,-10.441639],[-75.855369,-10.40593],[-75.858582,-10.312291],[-75.858789,-10.310625]]]}},{"type":"Feature","id":"1902","properties":{"ubigeo":"1902","nombre_departamento":"pasco","nombre_provincia":"daniel alcides carrion","nombre_distrito":"","capital":"yanahuanca"},"geometry":{"type":"Polygon","coordinates":[[[-76.33817,-10.28679],[-76.3645,-10.29947],[-76.38722,-10.28929],[-76.40068,-10.30843],[-76.42494,-10.31922],[-76.493976,-10.310531],[-76.472804,-10.337768],[-76.486582,-10.352436],[-76.490941,-10.378896],[-76.52384,-10.377216],[-76.531895,-10.386873],[-76.55188,-10.384644],[-76.558244,-10.39343],[-76.579254,-10.375875],[-76.59338,-10.38724],[-76.593359,-10.401494],[-76.620394,-10.415248],[-76.648976,-10.415836],[-76.665248,-10.438557],[-76.69682,-10.442486],[-76.700876,-10.461009],[-76.715664,-10.462465],[-76.729151,-10.479066],[-76.730241,-10.508403],[-76.710188,-10.540741],[-76.70372,-10.588594],[-76.685862,-10.581457],[-76.672703,-10.60989],[-76.675574,-10.621372],[-76.655655,-10.646782],[-76.636333,-10.646916],[-76.61566,-10.67006],[-76.594326,-10.676944],[-76.57305,-10.708986],[-76.53851,-10.704352],[-76.513318,-10.744749],[-76.506888,-10.746512],[-76.495427,-10.710828],[-76.475409,-10.694373],[-76.470527,-10.667072],[-76.456363,-10.647425],[-76.41961,-10.65317],[-76.37309,-10.62009],[-76.36254,-10.62729],[-76.34587,-10.59573],[-76.334546,-10.590112],[-76.308882,-10.587065],[-76.30407,-10.59853],[-76.29317,-10.60164],[-76.28347,-10.5826],[-76.27337,-10.57875],[-76.27127,-10.56049],[-76.23824,-10.53802],[-76.237503,-10.516009],[-76.249812,-10.510019],[-76.253638,-10.498477],[-76.245123,-10.480861],[-76.267163,-10.457453],[-76.283333,-10.452196],[-76.30885,-10.4069],[-76.32341,-10.35958],[-76.31694,-10.34023],[-76.33735,-10.28692],[-76.33817,-10.28679]]]}},{"type":"Feature","id":"1903","properties":{"ubigeo":"1903","nombre_departamento":"pasco","nombre_provincia":"oxapampa","nombre_distrito":"","capital":"oxapampa"},"geometry":{"type":"Polygon","coordinates":[[[-74.680048,-9.447272],[-74.713101,-9.456674],[-74.728821,-9.472412],[-74.741355,-9.516236],[-74.750523,-9.524607],[-74.735594,-9.574445],[-74.755849,-9.584049],[-74.755739,-9.606545],[-74.772486,-9.612379],[-74.764815,-9.635716],[-74.787478,-9.66577],[-74.821883,-9.677188],[-74.817752,-9.691264],[-74.828768,-9.703963],[-74.816844,-9.736434],[-74.843799,-9.749148],[-74.839296,-9.764927],[-74.847071,-9.780477],[-74.842523,-9.787459],[-74.821366,-9.78492],[-74.8156,-9.795428],[-74.826153,-9.819686],[-74.836239,-9.820048],[-74.830399,-9.833808],[-74.835003,-9.847106],[-74.859458,-9.844518],[-74.882351,-9.819738],[-74.903392,-9.838888],[-74.951624,-9.859909],[-74.985553,-9.864064],[-74.993616,-9.839797],[-75.057789,-9.818919],[-75.094468,-9.844478],[-75.160125,-9.839975],[-75.25465,-9.779002],[-75.310639,-9.774672],[-75.275822,-9.849764],[-75.288224,-9.8707],[-75.321221,-9.876909],[-75.369356,-9.870833],[-75.399596,-9.878456],[-75.411182,-9.888426],[-75.4096,-9.902008],[-75.395547,-9.912777],[-75.404784,-9.930212],[-75.421442,-9.943435],[-75.44555,-9.937889],[-75.453696,-9.955768],[-75.462309,-9.957284],[-75.473228,-9.991941],[-75.508584,-9.976916],[-75.548379,-9.984415],[-75.560382,-9.964136],[-75.595168,-9.952613],[-75.595221,-10.00962],[-75.602079,-10.024775],[-75.64518,-10.026928],[-75.676469,-10.054275],[-75.6914,-10.092258],[-75.689912,-10.118879],[-75.703863,-10.1419],[-75.70073,-10.19734],[-75.70943,-10.21507],[-75.731959,-10.234],[-75.759529,-10.23768],[-75.7856,-10.252371],[-75.812709,-10.24409],[-75.84274,-10.26193],[-75.848949,-10.29075],[-75.859861,-10.303338],[-75.855369,-10.40593],[-75.858689,-10.441639],[-75.869896,-10.455373],[-75.852219,-10.443701],[-75.819162,-10.439647],[-75.808215,-10.457377],[-75.797987,-10.437442],[-75.778207,-10.441407],[-75.75876,-10.432821],[-75.74525,-10.440291],[-75.726189,-10.429258],[-75.669104,-10.45754],[-75.664878,-10.472576],[-75.676538,-10.518433],[-75.660984,-10.552246],[-75.670744,-10.566314],[-75.667007,-10.578438],[-75.678368,-10.611931],[-75.652424,-10.630697],[-75.64005,-10.629872],[-75.634255,-10.620064],[-75.620333,-10.62827],[-75.612366,-10.620555],[-75.601124,-10.631649],[-75.594362,-10.628399],[-75.581181,-10.649152],[-75.556845,-10.63705],[-75.539521,-10.641063],[-75.538428,-10.659734],[-75.548517,-10.67315],[-75.511381,-10.684552],[-75.516879,-10.728531],[-75.53041,-10.74758],[-75.49025,-10.75683],[-75.48009,-10.78016],[-75.470119,-10.776851],[-75.460789,-10.749771],[-75.43591,-10.747461],[-75.39481,-10.759141],[-75.386939,-10.799451],[-75.39076,-10.83226],[-75.40934,-10.845209],[-75.410722,-10.861701],[-75.396292,-10.85323],[-75.385727,-10.864937],[-75.362738,-10.850112],[-75.354728,-10.82854],[-75.361879,-10.81917],[-75.34542,-10.79949],[-75.304275,-10.838236],[-75.28308,-10.841031],[-75.247959,-10.803101],[-75.2439,-10.763881],[-75.204184,-10.764676],[-75.189949,-10.780402],[-75.176646,-10.749902],[-75.15708,-10.76198],[-75.14233,-10.74125],[-75.10964,-10.723993],[-75.088447,-10.683537],[-75.071623,-10.67785],[-75.074316,-10.66581],[-75.065073,-10.652894],[-75.035639,-10.682318],[-75.020701,-10.673694],[-75.011729,-10.679526],[-75.00649,-10.718802],[-74.987342,-10.734157],[-74.982818,-10.749787],[-74.956482,-10.732824],[-74.93829,-10.749602],[-74.91801,-10.75513],[-74.913285,-10.748385],[-74.885239,-10.770598],[-74.865936,-10.758972],[-74.887539,-10.710736],[-74.878571,-10.700463],[-74.851135,-10.73297],[-74.831311,-10.780536],[-74.794827,-10.829872],[-74.760363,-10.825142],[-74.733169,-10.833918],[-74.690846,-10.886795],[-74.681347,-10.889157],[-74.679181,-10.879071],[-74.642612,-10.867962],[-74.614102,-10.904625],[-74.570372,-10.915777],[-74.569232,-10.904036],[-74.549783,-10.89157],[-74.506712,-10.899515],[-74.487083,-10.889033],[-74.484542,-10.855873],[-74.491928,-10.84461],[-74.482676,-10.835391],[-74.467302,-10.836659],[-74.431056,-10.812957],[-74.386765,-10.813116],[-74.374396,-10.788568],[-74.385213,-10.764485],[-74.3839,-10.74748],[-74.359716,-10.759412],[-74.350299,-10.754734],[-74.337021,-10.733857],[-74.316443,-10.725931],[-74.317162,-10.7155],[-74.287574,-10.684307],[-74.286881,-10.670412],[-74.25892,-10.680432],[-74.252809,-10.65948],[-74.227578,-10.65184],[-74.229665,-10.634598],[-74.203681,-10.630144],[-74.192755,-10.639176],[-74.159856,-10.640591],[-74.156721,-10.650095],[-74.140454,-10.656766],[-74.135516,-10.671477],[-74.130981,-10.654742],[-74.139557,-10.615057],[-74.132673,-10.604911],[-74.18235,-10.503331],[-74.178719,-10.488645],[-74.225772,-10.443874],[-74.239291,-10.441186],[-74.252884,-10.417137],[-74.244241,-10.410446],[-74.242005,-10.383165],[-74.262742,-10.363661],[-74.236914,-10.321606],[-74.252195,-10.305131],[-74.234371,-10.295435],[-74.227158,-10.27733],[-74.226395,-10.230498],[-74.235171,-10.21826],[-74.230607,-10.186317],[-74.245427,-10.176653],[-74.302873,-10.164838],[-74.315019,-10.113156],[-74.331274,-10.108546],[-74.355229,-10.118777],[-74.366967,-10.112896],[-74.389899,-10.051349],[-74.404322,-10.050601],[-74.418828,-10.02575],[-74.412398,-10.00824],[-74.424587,-9.985331],[-74.411194,-9.957569],[-74.416646,-9.930824],[-74.410989,-9.91467],[-74.433102,-9.876059],[-74.453301,-9.863636],[-74.44724,-9.77715],[-74.455361,-9.745982],[-74.47409,-9.730124],[-74.49014,-9.685196],[-74.494636,-9.656155],[-74.489467,-9.651964],[-74.497291,-9.637598],[-74.490726,-9.618784],[-74.493829,-9.592225],[-74.531654,-9.592103],[-74.57485,-9.572718],[-74.574447,-9.545778],[-74.593494,-9.507362],[-74.583178,-9.498439],[-74.581092,-9.476602],[-74.678721,-9.448056],[-74.680048,-9.447272]]]}},{"type":"Feature","id":"2001","properties":{"ubigeo":"2001","nombre_departamento":"piura","nombre_provincia":"piura","nombre_distrito":"","capital":"piura"},"geometry":{"type":"Polygon","coordinates":[[[-80.246797,-4.586092],[-80.3368,-4.628085],[-80.348597,-4.658292],[-80.38843,-4.6669],[-80.40076,-4.70026],[-80.4067,-4.70073],[-80.38158,-4.75342],[-80.355754,-4.771077],[-80.360646,-4.777477],[-80.34757,-4.79252],[-80.36185,-4.80101],[-80.38107,-4.79872],[-80.41973,-4.82937],[-80.52201,-4.82606],[-80.54554,-4.84657],[-80.55298,-4.87555],[-80.572,-4.88452],[-80.57328,-4.89945],[-80.59528,-4.90572],[-80.60529,-4.91801],[-80.629955,-4.974927],[-80.645286,-4.978582],[-80.656881,-5.023554],[-80.700324,-5.017623],[-80.741604,-5.123639],[-80.767709,-5.151407],[-80.805083,-5.221934],[-80.821761,-5.216783],[-80.8289,-5.22662],[-80.834889,-5.265103],[-80.849091,-5.293211],[-80.859581,-5.280599],[-80.906228,-5.261986],[-80.937674,-5.237822],[-80.970611,-5.241336],[-80.99863,-5.23087],[-81.022506,-5.242093],[-81.017145,-5.266545],[-80.99532,-5.276687],[-80.961692,-5.310176],[-80.961193,-5.350424],[-80.85102,-5.406045],[-80.751905,-5.402664],[-80.756172,-5.408853],[-80.749148,-5.413654],[-80.737904,-5.405201],[-80.720891,-5.419739],[-80.644317,-5.436733],[-80.64519,-5.487112],[-80.591462,-5.479369],[-80.55258,-5.492269],[-80.53463,-5.601606],[-80.322489,-5.679935],[-80.29416,-5.677573],[-80.253395,-5.694422],[-80.242812,-5.710231],[-80.207554,-5.721834],[-80.172134,-5.750543],[-80.092134,-5.795073],[-80.102925,-5.762108],[-80.091147,-5.726861],[-80.095171,-5.702608],[-80.066372,-5.698211],[-80.061067,-5.6844],[-80.071053,-5.673254],[-80.069959,-5.646171],[-80.056975,-5.618486],[-80.052579,-5.5556],[-80.082873,-5.560409],[-80.106683,-5.518924],[-80.126826,-5.510813],[-80.259134,-5.33033],[-80.33029,-5.284061],[-80.351405,-5.259831],[-80.346659,-5.233203],[-80.364146,-5.230492],[-80.352332,-5.174021],[-80.35372,-5.140146],[-80.338068,-5.137166],[-80.335543,-5.121721],[-80.314603,-5.096025],[-80.295449,-5.089006],[-80.28706,-5.068482],[-80.246074,-5.067234],[-80.221762,-5.052721],[-80.221328,-5.030943],[-80.233859,-5.022869],[-80.232645,-5.010803],[-80.258969,-5.003772],[-80.228289,-4.989672],[-80.204089,-5.00346],[-80.186319,-4.986431],[-80.176115,-4.988091],[-80.15767,-4.955061],[-80.116185,-4.932711],[-80.109287,-4.906352],[-80.121945,-4.891523],[-80.09613,-4.86266],[-80.093404,-4.843527],[-80.103966,-4.835317],[-80.102782,-4.821845],[-80.114762,-4.804969],[-80.08506,-4.794275],[-80.076805,-4.778853],[-80.096387,-4.747432],[-80.078545,-4.732],[-80.049078,-4.730637],[-80.026621,-4.719457],[-80.019728,-4.699912],[-80.009852,-4.694144],[-80.00882,-4.678174],[-80.037619,-4.655693],[-80.101227,-4.663463],[-80.113613,-4.677599],[-80.123566,-4.673012],[-80.141486,-4.641758],[-80.15342,-4.604191],[-80.18586,-4.603363],[-80.201232,-4.610414],[-80.225184,-4.589803],[-80.245938,-4.586426],[-80.246797,-4.586092]]]}},{"type":"Feature","id":"2002","properties":{"ubigeo":"2002","nombre_departamento":"piura","nombre_provincia":"ayabaca","nombre_distrito":"","capital":"ayabaca"},"geometry":{"type":"Polygon","coordinates":[[[-80.134633,-4.286756],[-80.14284,-4.285631],[-80.155414,-4.30434],[-80.17132,-4.289994],[-80.179846,-4.298789],[-80.186855,-4.335113],[-80.205478,-4.338672],[-80.195734,-4.349766],[-80.211353,-4.35925],[-80.218289,-4.353467],[-80.220482,-4.378121],[-80.231229,-4.372398],[-80.248934,-4.4011],[-80.264906,-4.411754],[-80.277084,-4.4041],[-80.295646,-4.424769],[-80.289877,-4.433238],[-80.2811,-4.426588],[-80.272234,-4.438707],[-80.264078,-4.429209],[-80.241018,-4.443164],[-80.241379,-4.435631],[-80.235697,-4.437035],[-80.227135,-4.45417],[-80.21225,-4.46316],[-80.22506,-4.47602],[-80.21425,-4.48447],[-80.21262,-4.50602],[-80.22403,-4.51446],[-80.22337,-4.53227],[-80.20833,-4.54564],[-80.20159,-4.57385],[-80.221426,-4.595451],[-80.201232,-4.610414],[-80.18586,-4.603363],[-80.15342,-4.604191],[-80.141486,-4.641758],[-80.123566,-4.673012],[-80.113613,-4.677599],[-80.101227,-4.663463],[-80.037619,-4.655693],[-80.00882,-4.678174],[-80.009852,-4.694144],[-80.032197,-4.723858],[-80.077322,-4.731553],[-80.093432,-4.742832],[-80.096662,-4.752045],[-80.081543,-4.765445],[-80.077791,-4.782811],[-80.088594,-4.7964],[-80.114762,-4.804969],[-80.102782,-4.821845],[-80.103966,-4.835317],[-80.093529,-4.842537],[-80.094252,-4.858447],[-80.121986,-4.892494],[-80.111619,-4.901043],[-80.10245,-4.92904],[-80.07866,-4.941066],[-80.090287,-4.969443],[-80.083396,-5.003648],[-80.0496,-5.01423],[-80.038801,-5.026359],[-80.000822,-5.015725],[-79.95664,-5.03661],[-79.925277,-5.019379],[-79.909168,-5.0194],[-79.899504,-4.993627],[-79.863978,-4.975598],[-79.853348,-4.9535],[-79.84956,-4.972375],[-79.838439,-4.975588],[-79.830912,-4.994289],[-79.806373,-4.997889],[-79.788484,-4.990822],[-79.75463,-5.02484],[-79.73151,-5.01778],[-79.72675,-5.05529],[-79.67481,-5.09559],[-79.64883,-5.09059],[-79.650443,-5.103096],[-79.642209,-5.107217],[-79.621619,-5.101129],[-79.600035,-5.084377],[-79.59525,-5.05665],[-79.579225,-5.060508],[-79.575609,-5.072459],[-79.518191,-5.084764],[-79.487818,-5.110787],[-79.496484,-5.097449],[-79.474929,-5.052846],[-79.480636,-5.018102],[-79.465101,-4.987741],[-79.454335,-4.988624],[-79.451086,-4.967402],[-79.42496,-4.961192],[-79.404806,-4.94494],[-79.406186,-4.909296],[-79.417203,-4.884787],[-79.393545,-4.836169],[-79.437103,-4.729728],[-79.457428,-4.702522],[-79.464141,-4.652131],[-79.488709,-4.625315],[-79.494153,-4.581785],[-79.476594,-4.569982],[-79.490114,-4.527963],[-79.512288,-4.517467],[-79.525673,-4.529479],[-79.542985,-4.527142],[-79.550686,-4.51503],[-79.561284,-4.515195],[-79.580824,-4.499197],[-79.581107,-4.484897],[-79.600262,-4.456486],[-79.644615,-4.433762],[-79.682662,-4.448182],[-79.706433,-4.471572],[-79.719734,-4.468098],[-79.764896,-4.487776],[-79.813018,-4.491102],[-79.853004,-4.451312],[-79.854055,-4.434467],[-79.870644,-4.413311],[-79.91928,-4.38543],[-79.93867,-4.396711],[-79.962978,-4.394484],[-80.0345,-4.348746],[-80.061476,-4.310221],[-80.10424,-4.290957],[-80.108633,-4.29815],[-80.134961,-4.296283],[-80.134109,-4.287719],[-80.134633,-4.286756]]]}},{"type":"Feature","id":"2003","properties":{"ubigeo":"2003","nombre_departamento":"piura","nombre_provincia":"huancabamba","nombre_distrito":"","capital":"huancabamba"},"geometry":{"type":"Polygon","coordinates":[[[-79.378035,-4.832579],[-79.391015,-4.83415],[-79.404853,-4.84845],[-79.417084,-4.883812],[-79.406186,-4.909296],[-79.404806,-4.94494],[-79.42496,-4.961192],[-79.451086,-4.967402],[-79.454335,-4.988624],[-79.465101,-4.987741],[-79.480636,-5.018102],[-79.474929,-5.052846],[-79.496484,-5.097449],[-79.487818,-5.110787],[-79.518191,-5.084764],[-79.575609,-5.072459],[-79.579225,-5.060508],[-79.59525,-5.05665],[-79.600035,-5.084377],[-79.65493,-5.12143],[-79.646752,-5.137779],[-79.660906,-5.151182],[-79.666463,-5.149394],[-79.662945,-5.126725],[-79.684078,-5.099141],[-79.714916,-5.126633],[-79.71246,-5.15591],[-79.72033,-5.18209],[-79.69999,-5.20337],[-79.720037,-5.215254],[-79.668603,-5.296652],[-79.669838,-5.317432],[-79.647352,-5.33623],[-79.675742,-5.380631],[-79.698037,-5.385656],[-79.715441,-5.375941],[-79.738314,-5.379793],[-79.764031,-5.402508],[-79.76859,-5.42503],[-79.749986,-5.446436],[-79.733652,-5.443978],[-79.71568,-5.456029],[-79.644465,-5.474967],[-79.649818,-5.520607],[-79.66164,-5.53207],[-79.68326,-5.53048],[-79.729635,-5.473478],[-79.737603,-5.509559],[-79.758332,-5.541033],[-79.777047,-5.561916],[-79.800736,-5.562264],[-79.831654,-5.602496],[-79.839437,-5.630027],[-79.81901,-5.664822],[-79.80501,-5.646414],[-79.79026,-5.645727],[-79.744449,-5.677113],[-79.766416,-5.708252],[-79.748193,-5.710182],[-79.716623,-5.741557],[-79.739316,-5.799588],[-79.736877,-5.838197],[-79.68271,-5.84645],[-79.635367,-5.809002],[-79.630973,-5.796381],[-79.622584,-5.797572],[-79.62321,-5.8214],[-79.63225,-5.82993],[-79.62875,-5.85161],[-79.63741,-5.85942],[-79.62994,-5.86302],[-79.62622,-5.88812],[-79.61324,-5.89554],[-79.611107,-5.923463],[-79.60132,-5.93954],[-79.59583,-5.93362],[-79.5538,-5.93831],[-79.52763,-5.91287],[-79.51396,-5.92098],[-79.4985,-5.915141],[-79.470051,-5.92808],[-79.46251,-5.94485],[-79.418609,-5.9701],[-79.398359,-5.94993],[-79.361891,-5.93276],[-79.359582,-5.919539],[-79.335437,-5.893969],[-79.353642,-5.871119],[-79.350513,-5.855462],[-79.376449,-5.823673],[-79.375996,-5.800533],[-79.389641,-5.793047],[-79.399246,-5.771215],[-79.39926,-5.702543],[-79.384463,-5.680441],[-79.377857,-5.647055],[-79.382758,-5.63593],[-79.371121,-5.602564],[-79.398623,-5.53348],[-79.387262,-5.522393],[-79.330565,-5.53547],[-79.310658,-5.520063],[-79.286807,-5.525865],[-79.275961,-5.51974],[-79.281028,-5.486323],[-79.297615,-5.459947],[-79.294514,-5.440252],[-79.305522,-5.425869],[-79.307857,-5.365277],[-79.319738,-5.362273],[-79.326053,-5.348037],[-79.328072,-5.315914],[-79.359049,-5.288627],[-79.348189,-5.23366],[-79.369043,-5.212361],[-79.378408,-5.189978],[-79.367484,-5.174514],[-79.341857,-5.164],[-79.34207,-5.143149],[-79.330351,-5.124428],[-79.296026,-5.11198],[-79.296193,-5.101222],[-79.273258,-5.072783],[-79.273008,-5.058522],[-79.226248,-5.047857],[-79.212952,-5.001109],[-79.222181,-4.982402],[-79.210043,-4.968719],[-79.265819,-4.967446],[-79.288508,-4.942843],[-79.306854,-4.898574],[-79.320286,-4.90087],[-79.333932,-4.884202],[-79.350683,-4.882239],[-79.361983,-4.844783],[-79.377179,-4.832639],[-79.378035,-4.832579]]]}},{"type":"Feature","id":"2004","properties":{"ubigeo":"2004","nombre_departamento":"piura","nombre_provincia":"morropon","nombre_distrito":"","capital":"chulucanas"},"geometry":{"type":"Polygon","coordinates":[[[-80.09702,-4.931855],[-80.110544,-4.912358],[-80.116185,-4.932711],[-80.15859,-4.9559],[-80.176115,-4.988091],[-80.186319,-4.986431],[-80.204089,-5.00346],[-80.228289,-4.989672],[-80.258969,-5.003772],[-80.232645,-5.010803],[-80.233859,-5.022869],[-80.221328,-5.030943],[-80.221762,-5.052721],[-80.246074,-5.067234],[-80.28706,-5.068482],[-80.295449,-5.089006],[-80.314603,-5.096025],[-80.335543,-5.121721],[-80.338068,-5.137166],[-80.35372,-5.140146],[-80.352332,-5.174021],[-80.364265,-5.232498],[-80.346659,-5.233203],[-80.351405,-5.259831],[-80.33029,-5.284061],[-80.259134,-5.33033],[-80.126826,-5.510813],[-80.106683,-5.518924],[-80.082873,-5.560409],[-80.055152,-5.553829],[-80.052837,-5.563573],[-80.006471,-5.583951],[-79.960523,-5.581623],[-79.945873,-5.514996],[-79.904846,-5.493414],[-79.898352,-5.480387],[-79.853996,-5.530744],[-79.86442,-5.56342],[-79.839437,-5.630027],[-79.831654,-5.602496],[-79.800736,-5.562264],[-79.777047,-5.561916],[-79.758332,-5.541033],[-79.737603,-5.509559],[-79.729635,-5.473478],[-79.68326,-5.53048],[-79.66164,-5.53207],[-79.649818,-5.520607],[-79.644465,-5.474967],[-79.71568,-5.456029],[-79.733652,-5.443978],[-79.749986,-5.446436],[-79.76859,-5.42503],[-79.764031,-5.402508],[-79.738314,-5.379793],[-79.715441,-5.375941],[-79.698037,-5.385656],[-79.675742,-5.380631],[-79.647352,-5.33623],[-79.669838,-5.317432],[-79.668603,-5.296652],[-79.720037,-5.215254],[-79.69999,-5.20337],[-79.72033,-5.17723],[-79.71246,-5.15591],[-79.714916,-5.126633],[-79.688406,-5.098164],[-79.662945,-5.126725],[-79.66434,-5.152744],[-79.64692,-5.138449],[-79.65496,-5.12161],[-79.642209,-5.107217],[-79.650443,-5.103096],[-79.64883,-5.09059],[-79.67481,-5.09559],[-79.72528,-5.0568],[-79.73151,-5.01778],[-79.75463,-5.02484],[-79.788484,-4.990822],[-79.806373,-4.997889],[-79.830912,-4.994289],[-79.838439,-4.975588],[-79.84956,-4.972375],[-79.85281,-4.953603],[-79.864252,-4.965086],[-79.863978,-4.975598],[-79.899504,-4.993627],[-79.909168,-5.0194],[-79.925277,-5.019379],[-79.95932,-5.0367],[-80.000822,-5.015725],[-80.038801,-5.026359],[-80.0496,-5.01423],[-80.082562,-5.004467],[-80.090287,-4.969443],[-80.078352,-4.942162],[-80.096213,-4.931918],[-80.09702,-4.931855]]]}},{"type":"Feature","id":"2005","properties":{"ubigeo":"2005","nombre_departamento":"piura","nombre_provincia":"paita","nombre_distrito":"","capital":"paita"},"geometry":{"type":"Polygon","coordinates":[[[-80.953756,-4.863189],[-80.940367,-4.846301],[-80.93193,-4.804922],[-80.968258,-4.771793],[-81.210553,-4.816402],[-81.140453,-4.909807],[-81.086506,-4.967062],[-81.060289,-5.03401],[-81.062537,-5.050266],[-81.09067,-5.081738],[-81.112199,-5.084176],[-81.132387,-5.069705],[-81.148797,-5.079363],[-81.159977,-5.072748],[-81.167836,-5.080971],[-81.160467,-5.123408],[-81.179615,-5.132939],[-81.167361,-5.167121],[-81.173303,-5.18399],[-81.188998,-5.194037],[-81.192785,-5.216951],[-81.138121,-5.263617],[-81.107771,-5.315242],[-81.09184,-5.308371],[-81.078168,-5.313213],[-80.993951,-5.388461],[-80.972199,-5.3526],[-80.961082,-5.350447],[-80.961692,-5.310176],[-80.99532,-5.276687],[-81.017145,-5.266545],[-81.019857,-5.236269],[-80.99813,-5.23087],[-80.970611,-5.241336],[-80.937674,-5.237822],[-80.906228,-5.261986],[-80.859548,-5.280639],[-80.84816,-5.093131],[-80.850815,-4.950607],[-80.828582,-4.940357],[-80.825119,-4.931385],[-80.82924,-4.903641],[-80.852469,-4.909434],[-80.857658,-4.895918],[-80.924299,-4.893391],[-80.937875,-4.88298],[-80.938059,-4.867189],[-80.953289,-4.863295],[-80.953756,-4.863189]]]}},{"type":"Feature","id":"2006","properties":{"ubigeo":"2006","nombre_departamento":"piura","nombre_provincia":"sullana","nombre_distrito":"","capital":"sullana"},"geometry":{"type":"Polygon","coordinates":[[[-80.485521,-4.084428],[-80.517342,-4.098162],[-80.55898,-4.16108],[-80.56126,-4.17658],[-80.58695,-4.19895],[-80.58982,-4.21412],[-80.60442,-4.21074],[-80.62269,-4.23189],[-80.64523,-4.22956],[-80.69932,-4.1878],[-80.71968,-4.19419],[-80.73514,-4.17803],[-80.74475,-4.18429],[-80.76301,-4.17491],[-80.78337,-4.18057],[-80.803307,-4.175967],[-80.837232,-4.189355],[-80.881871,-4.192801],[-80.923676,-4.16948],[-80.936385,-4.178242],[-80.936951,-4.18951],[-80.92882,-4.191156],[-80.923795,-4.209473],[-80.908928,-4.224523],[-80.927043,-4.246311],[-80.936932,-4.295525],[-80.915189,-4.317949],[-80.905258,-4.307803],[-80.892393,-4.318871],[-80.867287,-4.31658],[-80.86885,-4.335537],[-80.880381,-4.350779],[-80.877182,-4.364723],[-80.850478,-4.384168],[-80.828516,-4.384453],[-80.851133,-4.409088],[-80.845504,-4.422629],[-80.85851,-4.435857],[-80.850291,-4.456277],[-80.872203,-4.464816],[-80.873783,-4.490393],[-80.91944,-4.52033],[-80.91959,-4.54466],[-80.913207,-4.552488],[-80.903074,-4.550641],[-80.88574,-4.57981],[-80.888494,-4.591988],[-80.913746,-4.615301],[-80.93676,-4.618752],[-80.89654,-4.67385],[-80.87248,-4.68843],[-80.84821,-4.74837],[-80.968258,-4.771793],[-80.93193,-4.804922],[-80.940367,-4.846301],[-80.953756,-4.863189],[-80.938059,-4.867189],[-80.933539,-4.888686],[-80.857658,-4.895918],[-80.854326,-4.909057],[-80.835519,-4.901617],[-80.82644,-4.90933],[-80.828018,-4.939621],[-80.850815,-4.950607],[-80.84816,-5.093131],[-80.859548,-5.280639],[-80.849091,-5.293211],[-80.834889,-5.265103],[-80.8289,-5.22662],[-80.821761,-5.216783],[-80.805083,-5.221934],[-80.767709,-5.151407],[-80.741604,-5.123639],[-80.700324,-5.017623],[-80.656881,-5.023554],[-80.645286,-4.978582],[-80.629955,-4.974927],[-80.59569,-4.90606],[-80.57359,-4.89972],[-80.572,-4.88452],[-80.5534,-4.87617],[-80.55453,-4.86305],[-80.54005,-4.83979],[-80.50743,-4.82337],[-80.48917,-4.8312],[-80.47653,-4.82583],[-80.45444,-4.83257],[-80.44274,-4.82584],[-80.41973,-4.82937],[-80.38107,-4.79872],[-80.36185,-4.80101],[-80.34757,-4.79252],[-80.360646,-4.777477],[-80.355754,-4.771077],[-80.38158,-4.75342],[-80.40612,-4.70841],[-80.38862,-4.66709],[-80.349074,-4.658621],[-80.3368,-4.628085],[-80.296102,-4.606008],[-80.250232,-4.585091],[-80.221426,-4.595451],[-80.20159,-4.57385],[-80.20833,-4.54564],[-80.22337,-4.53227],[-80.22403,-4.51446],[-80.21262,-4.50602],[-80.21425,-4.48447],[-80.22506,-4.47602],[-80.21225,-4.46316],[-80.227135,-4.45417],[-80.235697,-4.437035],[-80.241379,-4.435631],[-80.241018,-4.443164],[-80.264078,-4.429209],[-80.272234,-4.438707],[-80.283756,-4.425768],[-80.335873,-4.467396],[-80.361891,-4.480084],[-80.380518,-4.47675],[-80.389543,-4.486111],[-80.416668,-4.460051],[-80.419512,-4.466885],[-80.449135,-4.447611],[-80.453883,-4.407648],[-80.446019,-4.393648],[-80.453875,-4.387328],[-80.445785,-4.367805],[-80.435125,-4.361266],[-80.423568,-4.330984],[-80.390797,-4.295768],[-80.367176,-4.282051],[-80.36725,-4.26995],[-80.30958,-4.20562],[-80.313193,-4.198254],[-80.329371,-4.214578],[-80.339789,-4.208381],[-80.35268,-4.220701],[-80.367781,-4.197432],[-80.409277,-4.218535],[-80.431139,-4.196064],[-80.449312,-4.209336],[-80.44701,-4.12115],[-80.466963,-4.127859],[-80.463846,-4.115801],[-80.484025,-4.085402],[-80.485521,-4.084428]]]}},{"type":"Feature","id":"2007","properties":{"ubigeo":"2007","nombre_departamento":"piura","nombre_provincia":"talara","nombre_distrito":"","capital":"talara"},"geometry":{"type":"Polygon","coordinates":[[[-81.026209,-4.105939],[-81.041911,-4.082922],[-81.056852,-4.10549],[-81.100053,-4.128184],[-81.128546,-4.174071],[-81.146143,-4.179463],[-81.173523,-4.21485],[-81.23817,-4.25101],[-81.254236,-4.2779],[-81.260816,-4.309687],[-81.249627,-4.347471],[-81.252834,-4.395617],[-81.273445,-4.445783],[-81.300385,-4.458965],[-81.305027,-4.479768],[-81.280637,-4.529605],[-81.274404,-4.571123],[-81.2861,-4.575035],[-81.308709,-4.660082],[-81.327297,-4.669139],[-81.32823,-4.6824],[-81.210553,-4.816402],[-80.84821,-4.74837],[-80.87248,-4.68843],[-80.89654,-4.67385],[-80.93676,-4.618752],[-80.913746,-4.615301],[-80.888494,-4.591988],[-80.88574,-4.57981],[-80.903074,-4.550641],[-80.913207,-4.552488],[-80.91959,-4.54466],[-80.91944,-4.52033],[-80.873783,-4.490393],[-80.872203,-4.464816],[-80.850291,-4.456277],[-80.85851,-4.435857],[-80.845504,-4.422629],[-80.851133,-4.409088],[-80.832814,-4.396463],[-80.82857,-4.384222],[-80.850478,-4.384168],[-80.877182,-4.364723],[-80.880381,-4.350779],[-80.86885,-4.335537],[-80.867287,-4.31658],[-80.892393,-4.318871],[-80.905258,-4.307803],[-80.915189,-4.317949],[-80.934984,-4.298771],[-80.927043,-4.246311],[-80.908928,-4.224523],[-80.923795,-4.209473],[-80.92882,-4.191156],[-80.936951,-4.18951],[-80.94275,-4.168996],[-80.960592,-4.174271],[-80.970789,-4.168816],[-80.96165,-4.148236],[-80.971322,-4.127117],[-81.025568,-4.106217],[-81.026209,-4.105939]]]}},{"type":"Feature","id":"2008","properties":{"ubigeo":"2008","nombre_departamento":"piura","nombre_provincia":"sechura","nombre_distrito":"","capital":"sechura"},"geometry":{"type":"Polygon","coordinates":[[[-80.851028,-5.406041],[-80.961082,-5.350447],[-80.972199,-5.3526],[-80.993951,-5.388461],[-80.949549,-5.433],[-80.911564,-5.485654],[-80.855115,-5.62524],[-80.850228,-5.663551],[-80.856019,-5.730008],[-80.88525,-5.798783],[-80.917814,-5.834143],[-80.954191,-5.846178],[-81.023867,-5.829904],[-81.068068,-5.785818],[-81.083623,-5.79166],[-81.085443,-5.81566],[-81.097461,-5.838174],[-81.123514,-5.842973],[-81.128514,-5.864465],[-81.149426,-5.889592],[-81.14926,-5.98124],[-81.111498,-6.061941],[-81.091566,-6.082027],[-80.894539,-6.203346],[-80.783805,-6.298965],[-80.627133,-6.37208],[-80.334713,-5.953904],[-80.278752,-5.919992],[-80.196178,-5.892088],[-80.123848,-5.891311],[-80.120102,-5.872219],[-80.106072,-5.867449],[-80.052984,-5.811244],[-80.109179,-5.787907],[-80.208462,-5.721336],[-80.242812,-5.710231],[-80.253395,-5.694422],[-80.29416,-5.677573],[-80.322489,-5.679935],[-80.53463,-5.601606],[-80.55258,-5.492269],[-80.591462,-5.479369],[-80.64519,-5.487112],[-80.644317,-5.436733],[-80.720891,-5.419739],[-80.737904,-5.405201],[-80.749148,-5.413654],[-80.756172,-5.408853],[-80.751905,-5.402664],[-80.85102,-5.406045],[-80.851028,-5.406041]]]}},{"type":"Feature","id":"2101","properties":{"ubigeo":"2101","nombre_departamento":"puno","nombre_provincia":"puno","nombre_distrito":"","capital":"puno"},"geometry":{"type":"MultiPolygon","coordinates":[[[[-69.891123,-15.503405],[-69.893686,-15.478591],[-69.905117,-15.50678],[-69.94708,-15.51444],[-69.96831,-15.53571],[-69.961782,-15.546815],[-69.988473,-15.553665],[-69.994042,-15.541983],[-70.010704,-15.552221],[-70.014843,-15.558074],[-69.998178,-15.559652],[-70.02573,-15.5655],[-70.085708,-15.634384],[-70.083742,-15.642463],[-70.123444,-15.637499],[-70.14582,-15.66983],[-70.14813,-15.65712],[-70.16962,-15.63968],[-70.16795,-15.63224],[-70.20123,-15.61688],[-70.20508,-15.64227],[-70.24624,-15.67554],[-70.261303,-15.67369],[-70.26897,-15.692069],[-70.28374,-15.69545],[-70.31279,-15.7369],[-70.341434,-15.726129],[-70.374263,-15.741036],[-70.395949,-15.729809],[-70.415755,-15.736613],[-70.438422,-15.787147],[-70.419062,-15.819414],[-70.431451,-15.833549],[-70.427652,-15.848894],[-70.445251,-15.86757],[-70.446169,-15.895729],[-70.479278,-15.911195],[-70.480808,-15.946498],[-70.504136,-15.958976],[-70.516566,-15.976244],[-70.56289,-15.9825],[-70.526075,-16.026723],[-70.510322,-16.029986],[-70.507324,-16.038144],[-70.48256,-16.039475],[-70.465779,-16.050369],[-70.447465,-16.034471],[-70.440125,-16.036751],[-70.434282,-16.061878],[-70.403229,-16.087231],[-70.408302,-16.120796],[-70.401942,-16.14903],[-70.373753,-16.175917],[-70.360643,-16.207793],[-70.340279,-16.200903],[-70.32856,-16.205412],[-70.326517,-16.232112],[-70.345135,-16.256102],[-70.340281,-16.270093],[-70.346595,-16.305602],[-70.338758,-16.322798],[-70.345611,-16.348139],[-70.356604,-16.367699],[-70.370595,-16.36865],[-70.382257,-16.385924],[-70.356554,-16.400271],[-70.360888,-16.410831],[-70.325052,-16.417525],[-70.316735,-16.444399],[-70.306314,-16.447206],[-70.313402,-16.468153],[-70.30117,-16.478672],[-70.228666,-16.506076],[-70.200495,-16.53959],[-70.184778,-16.537609],[-70.175456,-16.561531],[-70.176244,-16.594153],[-70.165706,-16.613324],[-70.148761,-16.615313],[-70.137832,-16.628575],[-70.087845,-16.655232],[-70.049867,-16.628119],[-70.024624,-16.631184],[-70.02415,-16.596809],[-69.990654,-16.578797],[-69.963475,-16.538404],[-69.92655,-16.514277],[-69.905758,-16.519343],[-69.895277,-16.509009],[-69.878491,-16.473699],[-69.884141,-16.463523],[-69.864687,-16.445322],[-69.85203,-16.40104],[-69.79974,-16.38549],[-69.785,-16.3622],[-69.80288,-16.34437],[-69.798248,-16.321422],[-69.806882,-16.276825],[-69.77558,-16.25993],[-69.76047,-16.21533],[-69.75517,-16.21786],[-69.74364,-16.20443],[-69.725496,-16.208415],[-69.706565,-16.194485],[-69.703145,-16.168943],[-69.691564,-16.160344],[-69.693639,-16.148733],[-69.686914,-16.148739],[-69.688945,-16.128664],[-69.66889,-16.11492],[-69.702673,-16.086611],[-69.688219,-16.084354],[-69.68167,-16.06913],[-69.65533,-16.05991],[-69.64939,-16.01343],[-69.62855,-16.01904],[-69.60971,-15.99726],[-69.60974,-15.98339],[-69.622906,-15.988046],[-69.633362,-15.977347],[-69.673903,-15.963494],[-69.70079,-15.920158],[-69.725306,-15.914546],[-69.735926,-15.901469],[-69.74062,-15.919185],[-69.757647,-15.900393],[-69.760302,-15.911983],[-69.779451,-15.856033],[-69.765876,-15.833079],[-69.796249,-15.808282],[-69.805562,-15.78339],[-69.828913,-15.787053],[-69.842834,-15.808185],[-69.850584,-15.854687],[-69.847966,-15.867586],[-69.8365,-15.868707],[-69.827305,-15.859348],[-69.826642,-15.868489],[-69.815433,-15.868271],[-69.818931,-15.881549],[-69.811223,-15.881609],[-69.810156,-15.867652],[-69.798661,-15.878625],[-69.804639,-15.885927],[-69.794581,-15.886314],[-69.797737,-15.893674],[-69.783429,-15.891165],[-69.777649,-15.916722],[-69.784142,-15.928112],[-69.787758,-15.921257],[-69.808258,-15.922089],[-69.815611,-15.910693],[-69.836964,-15.910965],[-69.836025,-15.923354],[-69.846241,-15.909532],[-69.845371,-15.933174],[-69.860352,-15.931638],[-69.891797,-15.882221],[-69.919463,-15.879978],[-69.963699,-15.850638],[-69.995014,-15.864001],[-70.015081,-15.850703],[-70.01826,-15.829699],[-69.988664,-15.81906],[-70.005291,-15.789358],[-70.018676,-15.79187],[-70.035152,-15.768676],[-70.035842,-15.753825],[-70.023851,-15.742205],[-70.03418,-15.722628],[-70.011593,-15.686659],[-69.990154,-15.690273],[-69.974894,-15.705277],[-69.964868,-15.701523],[-69.964375,-15.691705],[-69.956016,-15.688287],[-69.963538,-15.687587],[-69.955083,-15.687425],[-69.968138,-15.678085],[-69.961704,-15.679185],[-69.967371,-15.665447],[-69.958555,-15.663716],[-69.94825,-15.675033],[-69.939253,-15.652824],[-69.926271,-15.644544],[-69.92559,-15.630395],[-69.916318,-15.628399],[-69.918295,-15.612551],[-69.931118,-15.617756],[-69.917559,-15.591398],[-69.92716,-15.582887],[-69.933165,-15.588856],[-69.924699,-15.576553],[-69.929554,-15.570905],[-69.915141,-15.56876],[-69.927287,-15.560731],[-69.939133,-15.56599],[-69.943225,-15.556507],[-69.906355,-15.565199],[-69.880884,-15.607547],[-69.854874,-15.625003],[-69.84479,-15.639576],[-69.850539,-15.675705],[-69.820693,-15.707577],[-69.790088,-15.726069],[-69.752836,-15.72974],[-69.743764,-15.722837],[-69.802978,-15.674782],[-69.798037,-15.667228],[-69.775903,-15.682192],[-69.761076,-15.681809],[-69.770901,-15.658185],[-69.780614,-15.653189],[-69.782322,-15.661336],[-69.79254,-15.662866],[-69.804603,-15.653973],[-69.813539,-15.634413],[-69.807365,-15.625122],[-69.816144,-15.619287],[-69.81068,-15.607672],[-69.849257,-15.560813],[-69.860438,-15.557607],[-69.862602,-15.53813],[-69.890978,-15.503468],[-69.891123,-15.503405]],[[-70.200483,-15.700477],[-70.192854,-15.703468],[-70.199717,-15.714628],[-70.188303,-15.726268],[-70.150212,-15.712319],[-70.152282,-15.722176],[-70.163702,-15.719283],[-70.147571,-15.730258],[-70.153293,-15.734853],[-70.142096,-15.749279],[-70.170879,-15.752822],[-70.201837,-15.77151],[-70.209474,-15.722343],[-70.200602,-15.700834],[-70.200483,-15.700477]]],[[[-69.685829,-15.914146],[-69.689261,-15.930195],[-69.672011,-15.959973],[-69.632688,-15.958888],[-69.629269,-15.967908],[-69.609944,-15.959021],[-69.672167,-15.956404],[-69.685362,-15.936488],[-69.686258,-15.914716],[-69.685829,-15.914146]]],[[[-69.694329,-15.892393],[-69.704838,-15.896361],[-69.698288,-15.893059],[-69.700025,-15.907377],[-69.710796,-15.916339],[-69.687686,-15.90829],[-69.666688,-15.915116],[-69.693951,-15.892879],[-69.694329,-15.892393]]],[[[-69.827784,-15.894578],[-69.825216,-15.878328],[-69.833748,-15.888208],[-69.828228,-15.894918],[-69.827784,-15.894578]]],[[[-69.684324,-15.75182],[-69.696232,-15.754215],[-69.682433,-15.798122],[-69.675668,-15.783501],[-69.683979,-15.752483],[-69.684324,-15.75182]]],[[[-69.706549,-15.649303],[-69.727305,-15.662964],[-69.717204,-15.680403],[-69.702176,-15.676306],[-69.692803,-15.662771],[-69.706077,-15.649485],[-69.706549,-15.649303]]]]}},{"type":"Feature","id":"2102","properties":{"ubigeo":"2102","nombre_departamento":"puno","nombre_provincia":"azangaro","nombre_distrito":"","capital":"azangaro"},"geometry":{"type":"Polygon","coordinates":[[[-70.18144,-14.30793],[-70.179689,-14.29284],[-70.209374,-14.268418],[-70.221885,-14.279693],[-70.230053,-14.30873],[-70.251294,-14.305445],[-70.257796,-14.287394],[-70.268242,-14.28297],[-70.281135,-14.329404],[-70.303702,-14.345389],[-70.314289,-14.340113],[-70.326647,-14.349903],[-70.315214,-14.380018],[-70.33401,-14.45264],[-70.32955,-14.46808],[-70.3528,-14.507667],[-70.352561,-14.530404],[-70.369205,-14.541051],[-70.345383,-14.565803],[-70.34257,-14.579298],[-70.365454,-14.597382],[-70.404036,-14.5623],[-70.430768,-14.579098],[-70.412369,-14.600979],[-70.417243,-14.614907],[-70.387747,-14.636713],[-70.381814,-14.666398],[-70.400242,-14.716667],[-70.417136,-14.731252],[-70.42693,-14.77061],[-70.445543,-14.78799],[-70.454235,-14.82492],[-70.442249,-14.832812],[-70.436578,-14.858897],[-70.460468,-14.88986],[-70.46817,-14.92645],[-70.445627,-14.942606],[-70.442427,-14.953539],[-70.43088,-14.951679],[-70.418785,-14.966136],[-70.404959,-14.957998],[-70.397332,-14.974461],[-70.386473,-14.971957],[-70.390837,-14.981161],[-70.376297,-14.982171],[-70.380996,-14.991832],[-70.370835,-14.993868],[-70.383557,-14.999717],[-70.3618,-14.997783],[-70.362579,-15.019342],[-70.345142,-15.031649],[-70.363989,-15.035632],[-70.353716,-15.040569],[-70.360467,-15.049681],[-70.344616,-15.072696],[-70.360156,-15.114443],[-70.347061,-15.119166],[-70.359194,-15.123418],[-70.347189,-15.136635],[-70.360903,-15.140374],[-70.349546,-15.149707],[-70.356267,-15.16366],[-70.273477,-15.165602],[-70.229689,-15.201273],[-70.227387,-15.251971],[-70.209033,-15.251916],[-70.204396,-15.298964],[-70.173773,-15.302977],[-70.16049,-15.292613],[-70.154569,-15.297734],[-70.148086,-15.312635],[-70.162793,-15.324525],[-70.159242,-15.354843],[-70.132033,-15.33382],[-70.12355,-15.337257],[-70.107136,-15.345259],[-70.094881,-15.383893],[-70.066359,-15.353417],[-70.051796,-15.354001],[-70.027555,-15.396603],[-70.006119,-15.402835],[-69.974983,-15.384499],[-69.985959,-15.369396],[-69.988759,-15.346003],[-70.005999,-15.327094],[-70.006103,-15.291586],[-69.997057,-15.27575],[-69.94086,-15.238256],[-69.930204,-15.242717],[-69.92161,-15.232719],[-69.903227,-15.235645],[-69.887743,-15.206933],[-69.895693,-15.206314],[-69.902742,-15.218053],[-69.911294,-15.210903],[-69.924005,-15.218102],[-69.926603,-15.209658],[-69.932137,-15.222517],[-69.946678,-15.192142],[-69.941978,-15.203721],[-69.948844,-15.209749],[-69.966459,-15.195043],[-69.948624,-15.220711],[-69.973837,-15.204978],[-70.063912,-15.193595],[-70.116164,-15.16793],[-70.118344,-15.14909],[-70.092749,-15.146216],[-70.066898,-15.120678],[-70.044134,-15.110781],[-70.034244,-15.118602],[-70.039166,-15.126778],[-70.026235,-15.158017],[-70.019382,-15.158628],[-70.026218,-15.145421],[-70.016324,-15.144737],[-70.020888,-15.149846],[-69.990263,-15.168452],[-69.997157,-15.140189],[-69.988585,-15.108917],[-69.986849,-15.121729],[-69.976659,-15.126745],[-69.975039,-15.153606],[-69.955538,-15.174811],[-69.949646,-15.151826],[-69.930907,-15.149188],[-69.910695,-15.195921],[-69.887345,-15.205825],[-69.880139,-15.199377],[-69.900307,-15.170482],[-69.891393,-15.130583],[-69.876609,-15.108756],[-69.884313,-15.102634],[-69.899884,-15.11042],[-69.909925,-15.094626],[-69.917283,-15.097924],[-69.921933,-15.059392],[-69.947331,-15.055045],[-69.966896,-15.029647],[-69.958215,-14.964379],[-69.976105,-14.944006],[-69.965925,-14.925445],[-69.988578,-14.873098],[-69.97016,-14.8608],[-69.96949,-14.852048],[-69.938187,-14.842853],[-69.911622,-14.86529],[-69.897674,-14.851793],[-69.900754,-14.827275],[-69.849566,-14.790082],[-69.858265,-14.777629],[-69.854157,-14.760788],[-69.836176,-14.738381],[-69.858665,-14.686282],[-69.848595,-14.6558],[-69.857021,-14.647049],[-69.85498,-14.61223],[-69.8651,-14.58534],[-69.87744,-14.60247],[-69.897086,-14.567011],[-69.913949,-14.579657],[-69.933577,-14.568652],[-69.987577,-14.583669],[-70.011826,-14.558918],[-69.98615,-14.52376],[-69.95417,-14.50408],[-69.949844,-14.491553],[-69.893025,-14.475986],[-69.889875,-14.434274],[-69.900641,-14.416526],[-69.939808,-14.398683],[-69.974279,-14.36783],[-70.05243,-14.37033],[-70.11864,-14.35157],[-70.13642,-14.3552],[-70.14451,-14.33724],[-70.15877,-14.33302],[-70.15811,-14.32413],[-70.18328,-14.31932],[-70.18181,-14.30899],[-70.18144,-14.30793]]]}},{"type":"Feature","id":"2103","properties":{"ubigeo":"2103","nombre_departamento":"puno","nombre_provincia":"carabaya","nombre_distrito":"","capital":"macusani"},"geometry":{"type":"Polygon","coordinates":[[[-70.400969,-13.114945],[-70.404407,-13.126085],[-70.417695,-13.13309],[-70.409041,-13.13886],[-70.389662,-13.131538],[-70.401227,-13.15323],[-70.385577,-13.167039],[-70.384464,-13.204736],[-70.390626,-13.232108],[-70.416309,-13.242607],[-70.422955,-13.254719],[-70.405352,-13.269408],[-70.370837,-13.276411],[-70.346648,-13.295187],[-70.345847,-13.312746],[-70.368057,-13.307072],[-70.395599,-13.316665],[-70.402503,-13.32941],[-70.392731,-13.344772],[-70.3995,-13.371644],[-70.419825,-13.358554],[-70.451116,-13.36517],[-70.442646,-13.395405],[-70.471827,-13.439928],[-70.452618,-13.447918],[-70.488795,-13.500381],[-70.538874,-13.531257],[-70.546598,-13.549843],[-70.543625,-13.577635],[-70.57787,-13.585841],[-70.588604,-13.598584],[-70.616191,-13.609062],[-70.662807,-13.660567],[-70.68952,-13.652593],[-70.715129,-13.662254],[-70.721235,-13.700156],[-70.735867,-13.71245],[-70.735376,-13.735299],[-70.718702,-13.764902],[-70.722091,-13.770642],[-70.713864,-13.772801],[-70.698858,-13.803168],[-70.70919,-13.84315],[-70.73222,-13.82345],[-70.76773,-13.81438],[-70.8284,-13.82763],[-70.849083,-13.815299],[-70.853926,-13.798605],[-70.879316,-13.815673],[-70.875136,-13.838986],[-70.854161,-13.853548],[-70.83242,-13.856872],[-70.825625,-13.878054],[-70.83086,-13.895075],[-70.814184,-13.901128],[-70.809673,-13.912264],[-70.846791,-13.965054],[-70.852636,-13.998197],[-70.840362,-14.008167],[-70.861814,-14.026228],[-70.849524,-14.054171],[-70.831666,-14.061521],[-70.829472,-14.076337],[-70.817915,-14.067583],[-70.783798,-14.082536],[-70.718053,-14.075721],[-70.703422,-14.085643],[-70.692024,-14.123915],[-70.6524,-14.120858],[-70.619291,-14.159357],[-70.612401,-14.153916],[-70.607245,-14.16148],[-70.58937,-14.157875],[-70.570046,-14.144599],[-70.567118,-14.152648],[-70.551048,-14.155318],[-70.541186,-14.189709],[-70.503019,-14.203897],[-70.495969,-14.220354],[-70.475021,-14.221017],[-70.42517,-14.178094],[-70.387741,-14.196217],[-70.363469,-14.188234],[-70.356635,-14.170595],[-70.329462,-14.175177],[-70.316296,-14.205842],[-70.302245,-14.218535],[-70.289448,-14.218282],[-70.288125,-14.265113],[-70.272819,-14.267223],[-70.275055,-14.277491],[-70.257796,-14.287394],[-70.251294,-14.305445],[-70.22727,-14.307724],[-70.221885,-14.279693],[-70.209374,-14.268418],[-70.179689,-14.29284],[-70.18328,-14.31932],[-70.15811,-14.32413],[-70.15877,-14.33302],[-70.14451,-14.33724],[-70.13642,-14.3552],[-70.11864,-14.35157],[-70.05243,-14.37033],[-69.972777,-14.368308],[-69.939808,-14.398683],[-69.902249,-14.41514],[-69.884633,-14.440753],[-69.817896,-14.448451],[-69.81027,-14.45938],[-69.79614,-14.45662],[-69.79513,-14.4464],[-69.777742,-14.448595],[-69.769224,-14.453742],[-69.76569,-14.47245],[-69.731879,-14.492764],[-69.7274,-14.50873],[-69.690961,-14.517819],[-69.660481,-14.451856],[-69.681604,-14.44131],[-69.688992,-14.420834],[-69.701752,-14.415866],[-69.722168,-14.420936],[-69.733055,-14.365114],[-69.728331,-14.348238],[-69.736265,-14.333751],[-69.757401,-14.335618],[-69.783233,-14.311987],[-69.785289,-14.275932],[-69.800476,-14.268229],[-69.840074,-14.274628],[-69.853562,-14.255426],[-69.843317,-14.221167],[-69.850447,-14.212165],[-69.841237,-14.206636],[-69.823331,-14.161904],[-69.832906,-14.138167],[-69.82113,-14.131121],[-69.79754,-14.06667],[-69.76466,-14.03084],[-69.75272,-14.03493],[-69.72538,-14.01916],[-69.7232,-13.97697],[-69.70221,-13.93578],[-69.664967,-13.905357],[-69.664456,-13.882378],[-69.677665,-13.870391],[-69.6978,-13.866953],[-69.728452,-13.841088],[-69.732455,-13.811691],[-69.761715,-13.792237],[-69.785802,-13.749699],[-69.7787,-13.738903],[-69.769086,-13.745568],[-69.75372,-13.737892],[-69.746009,-13.690597],[-69.752358,-13.676535],[-69.72629,-13.63469],[-69.71854,-13.60428],[-69.72605,-13.592],[-69.70697,-13.54933],[-69.71091,-13.53733],[-69.69624,-13.5217],[-69.714581,-13.521016],[-69.737065,-13.505699],[-69.723772,-13.49223],[-69.713135,-13.505575],[-69.682659,-13.500804],[-69.668952,-13.475211],[-69.679195,-13.45772],[-69.654682,-13.459025],[-69.65118,-13.426737],[-69.641824,-13.408369],[-69.632309,-13.408257],[-69.654128,-13.379788],[-69.64986,-13.34172],[-70.292312,-13.147023],[-70.400969,-13.114945]]]}},{"type":"Feature","id":"2104","properties":{"ubigeo":"2104","nombre_departamento":"puno","nombre_provincia":"chucuito","nombre_distrito":"","capital":"juli"},"geometry":{"type":"Polygon","coordinates":[[[-69.57192,-16.17428],[-69.585543,-16.2262],[-69.580338,-16.251847],[-69.591996,-16.286213],[-69.609027,-16.300735],[-69.63217,-16.30092],[-69.65506,-16.31511],[-69.652086,-16.339156],[-69.66572,-16.3319],[-69.67239,-16.33701],[-69.67622,-16.34783],[-69.66804,-16.36461],[-69.68675,-16.37896],[-69.6607,-16.42593],[-69.623461,-16.428643],[-69.582931,-16.442965],[-69.563036,-16.43129],[-69.55442,-16.446373],[-69.53606,-16.417985],[-69.516877,-16.43506],[-69.4838,-16.428744],[-69.471593,-16.458701],[-69.470943,-16.474619],[-69.480099,-16.48729],[-69.474566,-16.509221],[-69.488282,-16.526352],[-69.485054,-16.554853],[-69.499156,-16.565517],[-69.488909,-16.588807],[-69.487568,-16.623944],[-69.49851,-16.63729],[-69.497562,-16.655654],[-69.506879,-16.661149],[-69.525668,-16.655224],[-69.542505,-16.671182],[-69.53682,-16.69846],[-69.51963,-16.71833],[-69.511627,-16.746866],[-69.519878,-16.772303],[-69.540097,-16.787178],[-69.546924,-16.810449],[-69.56585,-16.833201],[-69.555056,-16.849274],[-69.566012,-16.876426],[-69.556571,-16.895186],[-69.568461,-16.916921],[-69.534062,-16.965286],[-69.546577,-16.979442],[-69.536314,-17.013785],[-69.545225,-17.039706],[-69.534767,-17.06086],[-69.571276,-17.084642],[-69.586028,-17.079035],[-69.602969,-17.095763],[-69.587376,-17.112871],[-69.589493,-17.140957],[-69.562798,-17.174983],[-69.556902,-17.159275],[-69.511849,-17.146171],[-69.449129,-17.097751],[-69.432917,-17.109864],[-69.406268,-17.100289],[-69.373739,-17.073123],[-69.37309,-17.04831],[-69.39358,-17.02057],[-69.36901,-16.99041],[-69.335429,-16.980265],[-69.320082,-16.960753],[-69.324586,-16.951542],[-69.304675,-16.915841],[-69.253398,-16.860994],[-69.219245,-16.836131],[-69.197533,-16.79924],[-69.186187,-16.797555],[-69.170014,-16.727535],[-69.136436,-16.713541],[-69.104523,-16.712459],[-69.05521,-16.68665],[-69.04346,-16.68784],[-68.996102,-16.656576],[-69.017051,-16.638152],[-69.031303,-16.605809],[-69.036774,-16.559903],[-69.067668,-16.531241],[-69.081331,-16.498675],[-69.097995,-16.497766],[-69.091828,-16.47016],[-69.066036,-16.452399],[-69.055287,-16.43255],[-69.042549,-16.430095],[-69.042951,-16.4204],[-69.06014,-16.404309],[-69.054223,-16.392631],[-69.067641,-16.392423],[-69.091631,-16.372001],[-69.124131,-16.365379],[-69.124635,-16.394732],[-69.136309,-16.397247],[-69.145098,-16.373965],[-69.136459,-16.354646],[-69.141343,-16.331583],[-69.178183,-16.313954],[-69.189848,-16.315471],[-69.203318,-16.300644],[-69.200172,-16.264186],[-69.228417,-16.268192],[-69.235019,-16.26204],[-69.246381,-16.270801],[-69.237514,-16.27326],[-69.245993,-16.284788],[-69.257771,-16.285828],[-69.258093,-16.300101],[-69.282054,-16.286875],[-69.290236,-16.271376],[-69.286667,-16.25932],[-69.295104,-16.260387],[-69.294721,-16.254103],[-69.355226,-16.251062],[-69.375607,-16.235581],[-69.399388,-16.206901],[-69.400397,-16.199367],[-69.38363,-16.191028],[-69.388295,-16.1804],[-69.404011,-16.190398],[-69.433855,-16.180546],[-69.459963,-16.202066],[-69.472714,-16.198214],[-69.492837,-16.208405],[-69.508959,-16.195053],[-69.513889,-16.179969],[-69.53953,-16.1757],[-69.555678,-16.184306],[-69.571029,-16.174723],[-69.57192,-16.17428]]]}},{"type":"Feature","id":"2105","properties":{"ubigeo":"2105","nombre_departamento":"puno","nombre_provincia":"el collao","nombre_distrito":"","capital":"ilave"},"geometry":{"type":"Polygon","coordinates":[[[-69.605687,-15.956407],[-69.52763,-15.972982],[-69.462418,-16.017992],[-69.476204,-16.018126],[-69.479255,-16.004072],[-69.49454,-16.015716],[-69.498528,-15.999709],[-69.518181,-15.982551],[-69.557145,-15.975356],[-69.579823,-15.981856],[-69.580192,-15.987785],[-69.598333,-15.990226],[-69.60974,-15.983391],[-69.6098,-15.99768],[-69.6212,-16.01367],[-69.65117,-16.01542],[-69.65533,-16.05991],[-69.68167,-16.06913],[-69.688219,-16.084354],[-69.702673,-16.086611],[-69.66889,-16.11492],[-69.688945,-16.128664],[-69.686914,-16.148739],[-69.693639,-16.148733],[-69.691564,-16.160344],[-69.703145,-16.168943],[-69.706565,-16.194485],[-69.725496,-16.208415],[-69.74364,-16.20443],[-69.75517,-16.21786],[-69.76047,-16.21533],[-69.77558,-16.25993],[-69.807344,-16.277864],[-69.798248,-16.321422],[-69.80288,-16.34437],[-69.785,-16.3622],[-69.79974,-16.38549],[-69.85099,-16.39996],[-69.864687,-16.445322],[-69.884141,-16.463523],[-69.878491,-16.473699],[-69.895277,-16.509009],[-69.905758,-16.519343],[-69.92655,-16.514277],[-69.963475,-16.538404],[-69.990654,-16.578797],[-70.025676,-16.599338],[-70.024624,-16.631184],[-70.001472,-16.656574],[-69.998391,-16.675148],[-70.011767,-16.688484],[-70.010108,-16.700435],[-69.99691,-16.710258],[-69.995563,-16.729776],[-70.010214,-16.741339],[-70.035542,-16.74289],[-70.032209,-16.752925],[-70.057125,-16.770164],[-70.057816,-16.787812],[-70.090314,-16.810855],[-70.094279,-16.890925],[-70.105597,-16.897264],[-70.118056,-16.923758],[-70.146625,-16.93873],[-70.095289,-16.985848],[-70.099638,-17.006009],[-70.04234,-17.05871],[-70.0468,-17.09943],[-70.04033,-17.127679],[-70.025132,-17.122181],[-70.013942,-17.141014],[-69.98763,-17.15142],[-69.981364,-17.168622],[-69.97228,-17.16601],[-69.96796,-17.17852],[-69.9428,-17.19784],[-69.89863,-17.22091],[-69.87554,-17.22232],[-69.85078,-17.24408],[-69.79873,-17.23201],[-69.78825,-17.23644],[-69.76529,-17.26336],[-69.76184,-17.28044],[-69.73107,-17.29547],[-69.69525,-17.27439],[-69.68293,-17.27874],[-69.65544,-17.27075],[-69.64132,-17.28745],[-69.63633,-17.27118],[-69.62829,-17.27354],[-69.615979,-17.261279],[-69.60115,-17.2165],[-69.5781,-17.20648],[-69.562798,-17.174983],[-69.589493,-17.140957],[-69.587376,-17.112871],[-69.602969,-17.095763],[-69.586028,-17.079035],[-69.571276,-17.084642],[-69.534767,-17.06086],[-69.545225,-17.039706],[-69.536314,-17.013785],[-69.546577,-16.979442],[-69.534062,-16.965286],[-69.568461,-16.916921],[-69.556571,-16.895186],[-69.566012,-16.876426],[-69.555056,-16.849274],[-69.56585,-16.833201],[-69.546924,-16.810449],[-69.540097,-16.787178],[-69.519878,-16.772303],[-69.511627,-16.746866],[-69.51963,-16.71833],[-69.53682,-16.69846],[-69.542505,-16.671182],[-69.525668,-16.655224],[-69.506879,-16.661149],[-69.497562,-16.655654],[-69.49851,-16.63729],[-69.487568,-16.623944],[-69.488909,-16.588807],[-69.499156,-16.565517],[-69.485054,-16.554853],[-69.488282,-16.526352],[-69.474566,-16.509221],[-69.480099,-16.48729],[-69.470888,-16.473888],[-69.4838,-16.428744],[-69.516877,-16.43506],[-69.53606,-16.417985],[-69.55442,-16.446373],[-69.563036,-16.43129],[-69.582931,-16.442965],[-69.623461,-16.428643],[-69.6607,-16.42593],[-69.68673,-16.37796],[-69.66804,-16.36461],[-69.67622,-16.34783],[-69.67239,-16.33701],[-69.66572,-16.3319],[-69.652086,-16.339156],[-69.65506,-16.31511],[-69.63217,-16.30092],[-69.609027,-16.300735],[-69.591996,-16.286213],[-69.580338,-16.251847],[-69.585543,-16.2262],[-69.57262,-16.17434],[-69.555678,-16.184306],[-69.53953,-16.1757],[-69.513889,-16.179969],[-69.516673,-16.160992],[-69.510897,-16.157913],[-69.5028,-16.173764],[-69.491855,-16.160084],[-69.505477,-16.143739],[-69.489478,-16.13233],[-69.491762,-16.124247],[-69.469478,-16.112616],[-69.468683,-16.094307],[-69.45612,-16.090682],[-69.450643,-16.077574],[-69.455572,-16.060688],[-69.446871,-16.062657],[-69.438956,-16.054191],[-69.455485,-16.045924],[-69.43688,-16.049836],[-69.431762,-16.080361],[-69.45281,-16.114427],[-69.430309,-16.094443],[-69.42229,-16.05723],[-69.451735,-15.99361],[-69.481441,-15.994225],[-69.549879,-15.962842],[-69.602455,-15.956647],[-69.605687,-15.956407]]]}},{"type":"Feature","id":"2106","properties":{"ubigeo":"2106","nombre_departamento":"puno","nombre_provincia":"huancane","nombre_distrito":"","capital":"huancane"},"geometry":{"type":"Polygon","coordinates":[[[-69.47938,-14.77245],[-69.49487,-14.76286],[-69.511877,-14.773841],[-69.499543,-14.802374],[-69.529664,-14.842957],[-69.5296,-14.85797],[-69.517663,-14.876171],[-69.541785,-14.92943],[-69.568004,-14.915716],[-69.612096,-14.913159],[-69.623318,-14.935879],[-69.621665,-14.94957],[-69.636501,-14.955048],[-69.658781,-14.943214],[-69.70506,-14.95799],[-69.71239,-14.95419],[-69.729369,-14.975923],[-69.730941,-14.997689],[-69.745864,-14.994469],[-69.759589,-14.967251],[-69.782408,-14.954555],[-69.800951,-14.958763],[-69.799541,-14.979754],[-69.833399,-14.987654],[-69.83327,-14.99697],[-69.84883,-15.00813],[-69.843157,-15.018694],[-69.851436,-15.042782],[-69.86731,-15.0519],[-69.868783,-15.064774],[-69.885669,-15.081338],[-69.874566,-15.087769],[-69.876208,-15.107132],[-69.891393,-15.130583],[-69.900307,-15.170482],[-69.880986,-15.201],[-69.895883,-15.211852],[-69.903227,-15.235645],[-69.92161,-15.232719],[-69.930204,-15.242717],[-69.94086,-15.238256],[-69.995432,-15.274074],[-70.006103,-15.291586],[-70.005999,-15.327094],[-69.988759,-15.346003],[-69.975858,-15.38722],[-70.006119,-15.402835],[-70.025454,-15.398368],[-70.051011,-15.354274],[-70.066359,-15.353417],[-70.094706,-15.383677],[-70.070647,-15.397427],[-70.081295,-15.398768],[-70.071134,-15.425239],[-70.084045,-15.455238],[-70.025395,-15.437926],[-70.028186,-15.458193],[-70.008226,-15.466644],[-69.991418,-15.486629],[-69.99656,-15.5061],[-69.97178,-15.53635],[-69.935783,-15.509027],[-69.905117,-15.50678],[-69.896938,-15.494628],[-69.922112,-15.454852],[-69.917217,-15.439006],[-69.935846,-15.418802],[-69.932699,-15.409909],[-69.942986,-15.397209],[-69.927956,-15.384883],[-69.933122,-15.361245],[-69.927114,-15.37483],[-69.923199,-15.365958],[-69.925527,-15.384262],[-69.914325,-15.370808],[-69.920971,-15.366426],[-69.906492,-15.367422],[-69.904773,-15.35574],[-69.87612,-15.359889],[-69.87386,-15.377162],[-69.860546,-15.361571],[-69.839479,-15.367746],[-69.823677,-15.355419],[-69.799663,-15.358],[-69.791125,-15.351905],[-69.80693,-15.345102],[-69.839432,-15.349612],[-69.846458,-15.344855],[-69.836589,-15.338926],[-69.844868,-15.330262],[-69.838927,-15.339608],[-69.849451,-15.346],[-69.844191,-15.353],[-69.871689,-15.366897],[-69.880081,-15.355732],[-69.873939,-15.351337],[-69.892652,-15.340974],[-69.856928,-15.347444],[-69.868342,-15.340974],[-69.863772,-15.336815],[-69.88957,-15.331593],[-69.902852,-15.303273],[-69.875907,-15.31021],[-69.897962,-15.297691],[-69.880111,-15.301388],[-69.869223,-15.290209],[-69.867071,-15.302616],[-69.856073,-15.302694],[-69.857331,-15.291885],[-69.84441,-15.293687],[-69.847066,-15.283504],[-69.8386,-15.28558],[-69.836792,-15.278894],[-69.81842,-15.3068],[-69.830579,-15.2821],[-69.814964,-15.274082],[-69.816299,-15.287595],[-69.793969,-15.299013],[-69.781199,-15.319888],[-69.773703,-15.319058],[-69.773869,-15.306072],[-69.751663,-15.302652],[-69.758392,-15.297731],[-69.750943,-15.283204],[-69.72441,-15.296504],[-69.722546,-15.307453],[-69.699169,-15.309944],[-69.714454,-15.277926],[-69.726719,-15.272901],[-69.723977,-15.27807],[-69.740601,-15.279244],[-69.734549,-15.270926],[-69.749006,-15.27166],[-69.746693,-15.260355],[-69.759294,-15.257884],[-69.749768,-15.249797],[-69.740022,-15.257316],[-69.735575,-15.241336],[-69.71813,-15.243871],[-69.70925,-15.233036],[-69.686187,-15.238326],[-69.688706,-15.255028],[-69.677424,-15.243037],[-69.655109,-15.271366],[-69.638059,-15.261477],[-69.543113,-15.308453],[-69.547486,-15.284959],[-69.526947,-15.270643],[-69.519454,-15.248569],[-69.5082,-15.24881],[-69.48607,-15.27158],[-69.447309,-15.266848],[-69.443383,-15.24441],[-69.411474,-15.229202],[-69.40108,-15.2128],[-69.362,-15.21407],[-69.35064,-15.187235],[-69.292769,-15.162219],[-69.272885,-15.181759],[-69.240635,-15.186844],[-69.226904,-15.215345],[-69.189424,-15.231177],[-69.173493,-15.254484],[-69.176296,-15.26136],[-69.15216,-15.26889],[-69.13734,-15.25515],[-69.12012,-15.26012],[-69.13211,-15.24521],[-69.13178,-15.23344],[-69.15401,-15.21511],[-69.19076,-15.15857],[-69.22961,-15.13216],[-69.23624,-15.11969],[-69.243935,-15.121849],[-69.243463,-15.112206],[-69.262573,-15.109715],[-69.265611,-15.117241],[-69.26843,-15.10434],[-69.277285,-15.109902],[-69.27269,-15.10348],[-69.28465,-15.09647],[-69.28593,-15.08313],[-69.29245,-15.08374],[-69.29012,-15.07471],[-69.3041,-15.05363],[-69.29952,-15.04737],[-69.31436,-15.04123],[-69.32324,-15.00459],[-69.36057,-14.96106],[-69.364588,-14.93098],[-69.353836,-14.924408],[-69.343871,-14.882727],[-69.35679,-14.85198],[-69.353797,-14.801666],[-69.4038,-14.82566],[-69.41352,-14.85504],[-69.41565,-14.84576],[-69.43804,-14.83411],[-69.449931,-14.787009],[-69.465928,-14.77032],[-69.47805,-14.77264],[-69.47938,-14.77245]]]}},{"type":"Feature","id":"2107","properties":{"ubigeo":"2107","nombre_departamento":"puno","nombre_provincia":"lampa","nombre_distrito":"","capital":"lampa"},"geometry":{"type":"Polygon","coordinates":[[[-70.487421,-14.930922],[-70.496295,-14.921811],[-70.491683,-14.91369],[-70.500713,-14.913932],[-70.508931,-14.925814],[-70.507672,-14.946737],[-70.499501,-14.951487],[-70.54257,-14.993415],[-70.531839,-15.02795],[-70.550282,-15.054928],[-70.55032,-15.083791],[-70.533343,-15.094899],[-70.532624,-15.13573],[-70.512566,-15.14601],[-70.540067,-15.175949],[-70.538367,-15.188396],[-70.546869,-15.194653],[-70.562546,-15.191593],[-70.579092,-15.146403],[-70.611722,-15.119157],[-70.622211,-15.128444],[-70.634104,-15.118288],[-70.657323,-15.133998],[-70.671206,-15.132061],[-70.682875,-15.115212],[-70.707888,-15.126632],[-70.709392,-15.084846],[-70.757755,-15.045174],[-70.761801,-15.029887],[-70.773771,-15.033588],[-70.797445,-15.02445],[-70.834404,-15.00132],[-70.86685,-15.03915],[-70.880876,-15.045409],[-70.904315,-15.038348],[-70.940771,-15.059769],[-70.961101,-15.061221],[-70.9936,-15.084587],[-70.994139,-15.094802],[-70.978642,-15.111368],[-70.98201,-15.149452],[-70.962502,-15.215637],[-70.985281,-15.24903],[-70.950156,-15.301954],[-70.959058,-15.319052],[-70.985113,-15.316677],[-71.006119,-15.335227],[-71.038971,-15.405166],[-71.027122,-15.432039],[-71.005913,-15.441683],[-70.992928,-15.458859],[-71.018364,-15.500022],[-71.008034,-15.51924],[-71.018356,-15.529379],[-71.007194,-15.54295],[-71.006527,-15.565525],[-70.982368,-15.598043],[-70.939163,-15.618024],[-70.917984,-15.643801],[-70.917862,-15.686342],[-70.899925,-15.717627],[-70.90475,-15.73734],[-70.92263,-15.74619],[-70.93322,-15.77067],[-70.942268,-15.774924],[-70.892174,-15.850569],[-70.887518,-15.840684],[-70.8692,-15.83727],[-70.84477,-15.80586],[-70.81386,-15.8144],[-70.813563,-15.793344],[-70.797256,-15.780318],[-70.769865,-15.7874],[-70.746139,-15.776066],[-70.719093,-15.790772],[-70.712787,-15.78195],[-70.68715,-15.794495],[-70.662514,-15.779363],[-70.657843,-15.760768],[-70.638237,-15.746383],[-70.608637,-15.75883],[-70.572357,-15.719687],[-70.558209,-15.738761],[-70.545905,-15.738593],[-70.546589,-15.724219],[-70.52836,-15.6882],[-70.498493,-15.673459],[-70.494067,-15.677761],[-70.474768,-15.656999],[-70.465366,-15.654157],[-70.433832,-15.677022],[-70.398924,-15.675877],[-70.366608,-15.664288],[-70.355535,-15.640004],[-70.257334,-15.551552],[-70.27297,-15.521971],[-70.27081,-15.510943],[-70.29674,-15.48874],[-70.28877,-15.46435],[-70.30105,-15.46812],[-70.32062,-15.45328],[-70.34029,-15.41014],[-70.328232,-15.393121],[-70.315393,-15.395794],[-70.3063,-15.386045],[-70.27911,-15.40211],[-70.268696,-15.395483],[-70.266866,-15.374938],[-70.292373,-15.354217],[-70.285848,-15.337419],[-70.276403,-15.334938],[-70.275738,-15.313932],[-70.230085,-15.337603],[-70.211668,-15.360518],[-70.18074,-15.376987],[-70.159242,-15.354843],[-70.162793,-15.324525],[-70.148086,-15.312635],[-70.154569,-15.297734],[-70.16049,-15.292613],[-70.173773,-15.302977],[-70.204396,-15.298964],[-70.209033,-15.251916],[-70.227387,-15.251971],[-70.229689,-15.201273],[-70.273477,-15.165602],[-70.356911,-15.162554],[-70.349546,-15.149707],[-70.360903,-15.140374],[-70.347189,-15.136635],[-70.359092,-15.122936],[-70.347061,-15.119166],[-70.360156,-15.114443],[-70.344576,-15.07339],[-70.360467,-15.049681],[-70.353716,-15.040569],[-70.363989,-15.035632],[-70.345073,-15.031971],[-70.365009,-15.014351],[-70.361288,-14.998215],[-70.383102,-15.000241],[-70.371074,-14.994904],[-70.381122,-14.991558],[-70.375569,-14.983104],[-70.39027,-14.981727],[-70.385928,-14.972532],[-70.397332,-14.974461],[-70.403984,-14.958434],[-70.41966,-14.965966],[-70.43088,-14.951679],[-70.447092,-14.950374],[-70.445182,-14.943128],[-70.465364,-14.933187],[-70.462768,-14.927733],[-70.476387,-14.938099],[-70.480526,-14.92864],[-70.486892,-14.931142],[-70.487421,-14.930922]]]}},{"type":"Feature","id":"2108","properties":{"ubigeo":"2108","nombre_departamento":"puno","nombre_provincia":"melgar","nombre_distrito":"","capital":"ayaviri"},"geometry":{"type":"Polygon","coordinates":[[[-70.714684,-14.078263],[-70.789818,-14.078816],[-70.821144,-14.141147],[-70.84626,-14.148899],[-70.867338,-14.169561],[-70.886182,-14.171405],[-70.889393,-14.187039],[-70.882144,-14.198786],[-70.89458,-14.209109],[-70.899793,-14.232986],[-70.882165,-14.253465],[-70.879915,-14.270434],[-70.890989,-14.272715],[-70.892823,-14.286672],[-70.913457,-14.303319],[-70.907954,-14.334271],[-70.915029,-14.343874],[-70.929773,-14.340878],[-70.962085,-14.361168],[-70.970482,-14.378284],[-70.986036,-14.379762],[-70.978692,-14.394484],[-70.985821,-14.406726],[-70.962353,-14.444539],[-70.987973,-14.45532],[-70.986585,-14.498718],[-70.999349,-14.502638],[-70.966116,-14.568336],[-70.977703,-14.583021],[-70.999543,-14.572301],[-71.01471,-14.577978],[-71.020431,-14.585345],[-71.010053,-14.597542],[-71.031042,-14.593263],[-71.073905,-14.631446],[-71.109118,-14.633951],[-71.118092,-14.64795],[-71.110107,-14.673537],[-71.088043,-14.695701],[-71.08951,-14.713188],[-71.05324,-14.75433],[-71.035694,-14.752117],[-71.027763,-14.760075],[-71.013093,-14.739694],[-70.975059,-14.764982],[-70.983709,-14.786031],[-70.978327,-14.824155],[-70.994675,-14.829899],[-70.996592,-14.843943],[-70.991368,-14.861269],[-70.995973,-14.893905],[-70.98474,-14.946068],[-70.996639,-14.953934],[-71.004422,-14.975204],[-70.993383,-15.035815],[-70.9936,-15.084587],[-70.961101,-15.061221],[-70.940771,-15.059769],[-70.904315,-15.038348],[-70.880876,-15.045409],[-70.86685,-15.03915],[-70.834404,-15.00132],[-70.797445,-15.02445],[-70.773771,-15.033588],[-70.761801,-15.029887],[-70.757755,-15.045174],[-70.709392,-15.084846],[-70.707888,-15.126632],[-70.682875,-15.115212],[-70.671206,-15.132061],[-70.657323,-15.133998],[-70.634104,-15.118288],[-70.622211,-15.128444],[-70.611722,-15.119157],[-70.579092,-15.146403],[-70.562546,-15.191593],[-70.548161,-15.194891],[-70.512566,-15.14601],[-70.532624,-15.13573],[-70.533343,-15.094899],[-70.55032,-15.083791],[-70.550282,-15.054928],[-70.531839,-15.02795],[-70.54238,-14.992579],[-70.499501,-14.951487],[-70.507672,-14.946737],[-70.508931,-14.925814],[-70.500713,-14.913932],[-70.491936,-14.913368],[-70.495157,-14.924434],[-70.474992,-14.932567],[-70.476663,-14.93809],[-70.465517,-14.928153],[-70.461038,-14.891121],[-70.436421,-14.857896],[-70.442249,-14.832812],[-70.454235,-14.82492],[-70.445543,-14.78799],[-70.42693,-14.77061],[-70.417136,-14.731252],[-70.400242,-14.716667],[-70.382095,-14.667874],[-70.387747,-14.636713],[-70.417243,-14.614907],[-70.412369,-14.600979],[-70.430768,-14.579098],[-70.404036,-14.5623],[-70.365454,-14.597382],[-70.34257,-14.579298],[-70.345383,-14.565803],[-70.369205,-14.541051],[-70.352561,-14.530404],[-70.3528,-14.507667],[-70.32955,-14.46808],[-70.33401,-14.45264],[-70.315214,-14.380018],[-70.327824,-14.352833],[-70.314733,-14.340244],[-70.304335,-14.345642],[-70.281135,-14.329404],[-70.266509,-14.290522],[-70.272819,-14.267223],[-70.285889,-14.267727],[-70.290361,-14.258311],[-70.289448,-14.218282],[-70.302245,-14.218535],[-70.316296,-14.205842],[-70.329462,-14.175177],[-70.356635,-14.170595],[-70.363469,-14.188234],[-70.387741,-14.196217],[-70.42517,-14.178094],[-70.475021,-14.221017],[-70.495969,-14.220354],[-70.503019,-14.203897],[-70.541186,-14.189709],[-70.551048,-14.155318],[-70.567118,-14.152648],[-70.570046,-14.144599],[-70.607245,-14.16148],[-70.61203,-14.154],[-70.619291,-14.159357],[-70.629265,-14.153259],[-70.6524,-14.120858],[-70.692024,-14.123915],[-70.703422,-14.085643],[-70.713162,-14.07967],[-70.714684,-14.078263]]]}},{"type":"Feature","id":"2109","properties":{"ubigeo":"2109","nombre_departamento":"puno","nombre_provincia":"moho","nombre_distrito":"","capital":"moho"},"geometry":{"type":"Polygon","coordinates":[[[-69.28387,-15.170167],[-69.292769,-15.162219],[-69.35064,-15.187235],[-69.3657,-15.21548],[-69.40108,-15.2128],[-69.411474,-15.229202],[-69.443383,-15.24441],[-69.447309,-15.266848],[-69.48607,-15.27158],[-69.5082,-15.24881],[-69.519454,-15.248569],[-69.526947,-15.270643],[-69.547486,-15.284959],[-69.543113,-15.308453],[-69.638944,-15.261223],[-69.655934,-15.27164],[-69.668703,-15.268199],[-69.668295,-15.2748],[-69.640347,-15.285993],[-69.643944,-15.295898],[-69.63335,-15.312994],[-69.653868,-15.297891],[-69.63013,-15.33072],[-69.630859,-15.336966],[-69.64052,-15.334199],[-69.6298,-15.343708],[-69.634253,-15.35322],[-69.623269,-15.353481],[-69.62939,-15.346292],[-69.622279,-15.344361],[-69.589052,-15.373046],[-69.578622,-15.361889],[-69.568246,-15.362301],[-69.573225,-15.350938],[-69.56659,-15.347565],[-69.553221,-15.376014],[-69.540442,-15.379636],[-69.522111,-15.369968],[-69.516142,-15.378675],[-69.531697,-15.386797],[-69.512387,-15.407396],[-69.497444,-15.404905],[-69.499051,-15.41379],[-69.477371,-15.426185],[-69.45977,-15.45329],[-69.440324,-15.462558],[-69.435724,-15.477271],[-69.441814,-15.491095],[-69.432144,-15.505597],[-69.414989,-15.497977],[-69.432201,-15.486704],[-69.433074,-15.478307],[-69.398157,-15.482724],[-69.37611,-15.471496],[-69.358371,-15.482934],[-69.359099,-15.50275],[-69.35002,-15.510838],[-69.363079,-15.514148],[-69.361847,-15.499209],[-69.372591,-15.502538],[-69.367889,-15.496191],[-69.377085,-15.482022],[-69.374839,-15.491466],[-69.39111,-15.507251],[-69.331118,-15.537947],[-69.30886,-15.50513],[-69.313383,-15.492526],[-69.300583,-15.486347],[-69.311725,-15.472966],[-69.290072,-15.43688],[-69.253511,-15.469193],[-69.240827,-15.460393],[-69.232335,-15.441796],[-69.249847,-15.426719],[-69.260329,-15.374036],[-69.248558,-15.370809],[-69.215642,-15.317158],[-69.206564,-15.324252],[-69.194793,-15.315039],[-69.193259,-15.295161],[-69.17797,-15.279176],[-69.173209,-15.255772],[-69.191164,-15.229738],[-69.226904,-15.215345],[-69.240635,-15.186844],[-69.277648,-15.17934],[-69.28387,-15.170167]]]}},{"type":"Feature","id":"2110","properties":{"ubigeo":"2110","nombre_departamento":"puno","nombre_provincia":"san antonio de putina","nombre_distrito":"","capital":"putina"},"geometry":{"type":"Polygon","coordinates":[[[-69.247245,-14.315401],[-69.263458,-14.306283],[-69.27408,-14.31132],[-69.270802,-14.347432],[-69.303133,-14.39912],[-69.289173,-14.424954],[-69.296431,-14.485543],[-69.303832,-14.487113],[-69.306973,-14.517462],[-69.315332,-14.522494],[-69.313321,-14.552052],[-69.333202,-14.576415],[-69.324918,-14.60033],[-69.328297,-14.613576],[-69.347845,-14.623524],[-69.372555,-14.610177],[-69.412727,-14.62111],[-69.441553,-14.613054],[-69.44697,-14.597415],[-69.466297,-14.587509],[-69.492772,-14.592691],[-69.506137,-14.607559],[-69.524616,-14.603686],[-69.548906,-14.626902],[-69.581756,-14.627221],[-69.61353,-14.66182],[-69.63545,-14.62586],[-69.65713,-14.60865],[-69.66034,-14.54322],[-69.672099,-14.523625],[-69.70925,-14.50811],[-69.7274,-14.50873],[-69.731879,-14.492764],[-69.76569,-14.47245],[-69.769224,-14.453742],[-69.777742,-14.448595],[-69.79513,-14.4464],[-69.79614,-14.45662],[-69.81027,-14.45938],[-69.817016,-14.448701],[-69.87009,-14.44467],[-69.889875,-14.434274],[-69.894938,-14.478301],[-69.949844,-14.491553],[-69.95417,-14.50408],[-69.99087,-14.52897],[-70.011826,-14.558918],[-69.988593,-14.583319],[-69.933577,-14.568652],[-69.913949,-14.579657],[-69.900809,-14.565851],[-69.886756,-14.577689],[-69.88962,-14.58572],[-69.87744,-14.60247],[-69.86706,-14.58554],[-69.86114,-14.59042],[-69.857021,-14.647049],[-69.848595,-14.6558],[-69.858665,-14.686282],[-69.836176,-14.738381],[-69.854157,-14.760788],[-69.858265,-14.777629],[-69.849566,-14.790082],[-69.900754,-14.827275],[-69.897674,-14.851793],[-69.911622,-14.86529],[-69.938187,-14.842853],[-69.96949,-14.852048],[-69.97016,-14.8608],[-69.988578,-14.873098],[-69.965925,-14.925445],[-69.976105,-14.944006],[-69.958215,-14.964379],[-69.966896,-15.029647],[-69.947331,-15.055045],[-69.921933,-15.059392],[-69.917283,-15.097924],[-69.909925,-15.094626],[-69.899884,-15.11042],[-69.884313,-15.102634],[-69.876609,-15.108756],[-69.874566,-15.087769],[-69.885669,-15.081338],[-69.868783,-15.064774],[-69.86731,-15.0519],[-69.851436,-15.042782],[-69.843157,-15.018694],[-69.84734,-15.00489],[-69.83343,-14.99716],[-69.827542,-14.981828],[-69.815803,-14.987179],[-69.798455,-14.97885],[-69.800246,-14.958141],[-69.782408,-14.954555],[-69.7649,-14.963363],[-69.745864,-14.994469],[-69.730941,-14.997689],[-69.729369,-14.975923],[-69.71239,-14.95419],[-69.70506,-14.95799],[-69.658781,-14.943214],[-69.636501,-14.955048],[-69.621665,-14.94957],[-69.623318,-14.935879],[-69.612096,-14.913159],[-69.568004,-14.915716],[-69.541785,-14.92943],[-69.517663,-14.876171],[-69.5296,-14.85797],[-69.529664,-14.842957],[-69.499543,-14.802374],[-69.512465,-14.77568],[-69.49755,-14.76374],[-69.463036,-14.77261],[-69.449419,-14.787973],[-69.43804,-14.83411],[-69.41565,-14.84576],[-69.41352,-14.85504],[-69.4038,-14.82566],[-69.33987,-14.79559],[-69.30265,-14.765837],[-69.270852,-14.76957],[-69.23994,-14.759474],[-69.224871,-14.739025],[-69.258373,-14.683977],[-69.244903,-14.661327],[-69.227901,-14.654161],[-69.231014,-14.608734],[-69.221582,-14.58227],[-69.179248,-14.590522],[-69.15003,-14.580314],[-69.143542,-14.530258],[-69.154242,-14.522075],[-69.121296,-14.510213],[-69.112647,-14.491157],[-69.148795,-14.451317],[-69.18173,-14.43837],[-69.22049,-14.439273],[-69.225721,-14.426078],[-69.218547,-14.392491],[-69.232043,-14.382885],[-69.235035,-14.356988],[-69.228442,-14.342636],[-69.246571,-14.315808],[-69.247245,-14.315401]]]}},{"type":"Feature","id":"2111","properties":{"ubigeo":"2111","nombre_departamento":"puno","nombre_provincia":"san roman","nombre_distrito":"","capital":"juliaca"},"geometry":{"type":"Polygon","coordinates":[[[-70.236901,-15.336645],[-70.275738,-15.313932],[-70.276403,-15.334938],[-70.285848,-15.337419],[-70.292373,-15.354217],[-70.266866,-15.374938],[-70.268696,-15.395483],[-70.27911,-15.40211],[-70.3063,-15.386045],[-70.315393,-15.395794],[-70.328232,-15.393121],[-70.340786,-15.411646],[-70.32062,-15.45328],[-70.30105,-15.46812],[-70.28877,-15.46435],[-70.29674,-15.48874],[-70.27081,-15.510943],[-70.259246,-15.555311],[-70.319088,-15.603028],[-70.376275,-15.670087],[-70.435771,-15.676841],[-70.466159,-15.654052],[-70.491154,-15.667845],[-70.494067,-15.677761],[-70.498493,-15.673459],[-70.52836,-15.6882],[-70.546846,-15.738979],[-70.558209,-15.738761],[-70.571604,-15.719447],[-70.608637,-15.75883],[-70.638237,-15.746383],[-70.657843,-15.760768],[-70.662514,-15.779363],[-70.68715,-15.794495],[-70.712787,-15.78195],[-70.719093,-15.790772],[-70.746139,-15.776066],[-70.76934,-15.787347],[-70.800338,-15.78161],[-70.813563,-15.793344],[-70.81386,-15.8144],[-70.84477,-15.80586],[-70.8692,-15.83727],[-70.888352,-15.84155],[-70.896294,-15.877408],[-70.88591,-15.893465],[-70.865784,-15.889386],[-70.843277,-15.923256],[-70.832199,-15.949096],[-70.841309,-15.971827],[-70.807509,-15.988017],[-70.79997,-15.975964],[-70.77597,-16.0134],[-70.74124,-16.01618],[-70.72211,-16.03419],[-70.66835,-16.01339],[-70.64082,-15.98764],[-70.62477,-16.00302],[-70.58749,-15.98794],[-70.56997,-15.98898],[-70.551477,-15.976944],[-70.516566,-15.976244],[-70.504136,-15.958976],[-70.480808,-15.946498],[-70.479278,-15.911195],[-70.446169,-15.895729],[-70.445251,-15.86757],[-70.427652,-15.848894],[-70.431451,-15.833549],[-70.419062,-15.819414],[-70.438422,-15.787147],[-70.415755,-15.736613],[-70.395949,-15.729809],[-70.374263,-15.741036],[-70.341434,-15.726129],[-70.31279,-15.7369],[-70.28374,-15.69545],[-70.26897,-15.692069],[-70.261303,-15.67369],[-70.24624,-15.67554],[-70.20508,-15.64227],[-70.20123,-15.61688],[-70.16795,-15.63224],[-70.16962,-15.63968],[-70.14813,-15.65712],[-70.14547,-15.669876],[-70.123444,-15.637499],[-70.083742,-15.642463],[-70.085708,-15.634384],[-70.02573,-15.5655],[-69.998178,-15.559652],[-70.014843,-15.558074],[-70.010704,-15.552221],[-69.994042,-15.541983],[-69.988473,-15.553665],[-69.961782,-15.546815],[-69.99656,-15.5061],[-69.991418,-15.486629],[-70.008226,-15.466644],[-70.028186,-15.458193],[-70.025395,-15.437926],[-70.084045,-15.455238],[-70.071134,-15.425239],[-70.081295,-15.398768],[-70.070647,-15.397427],[-70.078777,-15.387598],[-70.090762,-15.389971],[-70.107136,-15.345259],[-70.132033,-15.33382],[-70.18074,-15.376987],[-70.211668,-15.360518],[-70.235297,-15.336773],[-70.236901,-15.336645]]]}},{"type":"Feature","id":"2112","properties":{"ubigeo":"2112","nombre_departamento":"puno","nombre_provincia":"sandia","nombre_distrito":"","capital":"sandia"},"geometry":{"type":"Polygon","coordinates":[[[-68.867637,-13.010749],[-68.871873,-13.003926],[-69.64986,-13.34172],[-69.654128,-13.379788],[-69.632309,-13.408257],[-69.641824,-13.408369],[-69.65118,-13.426737],[-69.654437,-13.458615],[-69.679195,-13.45772],[-69.668952,-13.475211],[-69.683556,-13.501486],[-69.713135,-13.505575],[-69.723772,-13.49223],[-69.737065,-13.505699],[-69.714581,-13.521016],[-69.69624,-13.5217],[-69.71091,-13.53733],[-69.70697,-13.54933],[-69.72605,-13.592],[-69.71854,-13.60428],[-69.72629,-13.63469],[-69.752358,-13.676535],[-69.746009,-13.690597],[-69.75372,-13.737892],[-69.769086,-13.745568],[-69.7787,-13.738903],[-69.785744,-13.750721],[-69.761715,-13.792237],[-69.732455,-13.811691],[-69.728452,-13.841088],[-69.6978,-13.866953],[-69.677665,-13.870391],[-69.664456,-13.882378],[-69.664868,-13.904911],[-69.67579,-13.92063],[-69.70221,-13.93578],[-69.7232,-13.97697],[-69.72538,-14.01916],[-69.75272,-14.03493],[-69.76466,-14.03084],[-69.79754,-14.06667],[-69.82113,-14.131121],[-69.832906,-14.138167],[-69.823331,-14.161904],[-69.841237,-14.206636],[-69.850447,-14.212165],[-69.843317,-14.221167],[-69.853507,-14.256479],[-69.840074,-14.274628],[-69.800476,-14.268229],[-69.785289,-14.275932],[-69.783233,-14.311987],[-69.757401,-14.335618],[-69.736265,-14.333751],[-69.728331,-14.348238],[-69.733055,-14.365114],[-69.722168,-14.420936],[-69.701752,-14.415866],[-69.688992,-14.420834],[-69.681604,-14.44131],[-69.660481,-14.451856],[-69.690961,-14.517819],[-69.66664,-14.53104],[-69.65713,-14.60865],[-69.63545,-14.62586],[-69.61353,-14.66182],[-69.581756,-14.627221],[-69.548906,-14.626902],[-69.538871,-14.611361],[-69.516154,-14.601614],[-69.506137,-14.607559],[-69.481715,-14.589952],[-69.460615,-14.5874],[-69.44697,-14.597415],[-69.444675,-14.611627],[-69.412727,-14.62111],[-69.372555,-14.610177],[-69.347845,-14.623524],[-69.328519,-14.613909],[-69.324918,-14.60033],[-69.333202,-14.576415],[-69.313321,-14.552052],[-69.315332,-14.522494],[-69.306973,-14.517462],[-69.308038,-14.498188],[-69.296431,-14.485543],[-69.290594,-14.451506],[-69.289173,-14.424954],[-69.303133,-14.39912],[-69.270802,-14.347432],[-69.269041,-14.307063],[-69.245775,-14.316252],[-69.228442,-14.342636],[-69.235035,-14.356988],[-69.232043,-14.382885],[-69.218547,-14.392491],[-69.225721,-14.426078],[-69.22049,-14.439273],[-69.18173,-14.43837],[-69.142703,-14.455073],[-69.118073,-14.486133],[-69.098778,-14.486088],[-69.081949,-14.444439],[-69.06123,-14.442538],[-69.050382,-14.429128],[-69.028384,-14.424819],[-69.024811,-14.406808],[-69.005264,-14.404344],[-69.004013,-14.391165],[-68.985234,-14.374318],[-69.015243,-14.314709],[-69.005176,-14.290866],[-68.979249,-14.265625],[-68.988395,-14.25043],[-68.985006,-14.237115],[-68.968937,-14.235234],[-68.962406,-14.220055],[-68.8278,-14.21942],[-68.83111,-14.20526],[-68.84631,-14.19694],[-68.85618,-14.16267],[-68.84625,-14.15303],[-68.8337,-14.15394],[-68.83329,-14.14487],[-68.84926,-14.1383],[-68.87113,-14.11106],[-68.87528,-14.08679],[-68.88405,-14.08392],[-68.87943,-14.06467],[-68.89032,-14.046605],[-68.909049,-14.04042],[-68.917941,-14.027352],[-68.93634,-14.026346],[-68.946289,-14.004519],[-68.954012,-14.005278],[-68.978893,-13.97653],[-68.963301,-13.94867],[-68.982835,-13.930082],[-68.982528,-13.894712],[-68.972801,-13.882187],[-68.950965,-13.87867],[-68.94105,-13.83954],[-68.92307,-13.82804],[-68.917236,-13.814172],[-68.958592,-13.790498],[-68.974283,-13.796173],[-68.99423,-13.787512],[-68.992388,-13.778047],[-68.98036,-13.78298],[-68.97446,-13.76059],[-69.00776,-13.738501],[-69.025947,-13.739293],[-69.035502,-13.716201],[-69.067242,-13.686752],[-69.063192,-13.659406],[-69.046846,-13.644996],[-69.035594,-13.640482],[-69.033004,-13.653861],[-69.025049,-13.65075],[-69.020329,-13.657633],[-68.995789,-13.652391],[-68.990203,-13.634894],[-69.005045,-13.624119],[-68.972436,-13.611107],[-68.972236,-13.601391],[-68.952473,-13.6044],[-68.958059,-13.589812],[-68.945805,-13.568578],[-68.949516,-13.551533],[-68.93562,-13.534747],[-68.940827,-13.522282],[-68.935169,-13.529089],[-68.922068,-13.517279],[-68.919338,-13.525328],[-68.914543,-13.512543],[-68.921945,-13.510104],[-68.907429,-13.489089],[-68.916758,-13.484271],[-68.905482,-13.475387],[-68.908332,-13.469539],[-68.901443,-13.470449],[-68.90599,-13.456672],[-68.896076,-13.46126],[-68.905998,-13.437068],[-68.898797,-13.446713],[-68.900519,-13.435221],[-68.889486,-13.435396],[-68.89775,-13.413264],[-68.885328,-13.404436],[-68.894697,-13.401709],[-68.884582,-13.393098],[-68.891678,-13.383186],[-68.883156,-13.381406],[-68.888463,-13.371912],[-68.868797,-13.359242],[-68.875367,-13.353883],[-68.867002,-13.350768],[-68.878998,-13.344402],[-68.868025,-13.333502],[-68.878788,-13.329378],[-68.859406,-13.312287],[-68.8684,-13.299826],[-68.856912,-13.293991],[-68.861915,-13.271275],[-68.849019,-13.269614],[-68.859331,-13.267195],[-68.852914,-13.261393],[-68.859516,-13.25596],[-68.845287,-13.246693],[-68.857527,-13.235007],[-68.853796,-13.222091],[-68.862743,-13.225017],[-68.861391,-13.212446],[-68.854667,-13.216882],[-68.852221,-13.210696],[-68.872132,-13.181356],[-68.861132,-13.183484],[-68.856796,-13.169958],[-68.870859,-13.168029],[-68.858089,-13.150525],[-68.869904,-13.148933],[-68.867696,-13.134393],[-68.87802,-13.136203],[-68.865966,-13.119295],[-68.873107,-13.113089],[-68.859242,-13.113288],[-68.866383,-13.110981],[-68.859799,-13.095664],[-68.869108,-13.081502],[-68.85417,-13.05986],[-68.863002,-13.047428],[-68.850112,-13.047985],[-68.851664,-13.03245],[-68.866781,-13.030879],[-68.853534,-13.015204],[-68.870501,-13.018984],[-68.874996,-13.013832],[-68.869168,-13.011186],[-68.867637,-13.010749]]]}},{"type":"Feature","id":"2113","properties":{"ubigeo":"2113","nombre_departamento":"puno","nombre_provincia":"yunguyo","nombre_distrito":"","capital":"yunguyo"},"geometry":{"type":"MultiPolygon","coordinates":[[[[-68.977402,-16.189209],[-69.006974,-16.205357],[-69.012764,-16.219762],[-69.055259,-16.197362],[-69.081536,-16.221382],[-69.102504,-16.224133],[-69.097311,-16.243818],[-69.114716,-16.237274],[-69.148299,-16.254266],[-69.200172,-16.264186],[-69.203318,-16.300644],[-69.189848,-16.315471],[-69.178183,-16.313954],[-69.141343,-16.331583],[-69.136459,-16.354646],[-69.145098,-16.373965],[-69.136309,-16.397247],[-69.125499,-16.396654],[-69.124339,-16.365646],[-69.116718,-16.365443],[-69.082897,-16.37618],[-69.06668,-16.392942],[-69.054223,-16.392631],[-69.060607,-16.402752],[-69.04719,-16.42034],[-69.023216,-16.404138],[-69.030823,-16.375777],[-69.021959,-16.331906],[-69.050007,-16.283112],[-69.078127,-16.275927],[-69.077072,-16.260476],[-69.055072,-16.249058],[-69.031365,-16.274708],[-69.026638,-16.263829],[-69.006779,-16.260106],[-68.990489,-16.236321],[-69.006467,-16.271388],[-68.995895,-16.273706],[-68.986877,-16.257925],[-68.983081,-16.265396],[-68.971913,-16.236075],[-68.965959,-16.239828],[-68.970123,-16.230231],[-68.95872,-16.226643],[-68.965448,-16.218751],[-68.956645,-16.196567],[-68.975892,-16.19074],[-68.977402,-16.189209]]],[[[-68.814217,-16.347986],[-68.814217,-16.319773],[-68.918399,-16.233295],[-68.918389,-16.403721],[-68.814217,-16.347986]]],[[[-68.938713,-16.23383],[-68.953293,-16.226455],[-68.944939,-16.244832],[-68.93817,-16.234299],[-68.938713,-16.23383]]]]}},{"type":"Feature","id":"2201","properties":{"ubigeo":"2201","nombre_departamento":"san martin","nombre_provincia":"moyobamba","nombre_distrito":"","capital":"moyobamba"},"geometry":{"type":"Polygon","coordinates":[[[-77.716783,-5.415967],[-77.744828,-5.406899],[-77.732527,-5.435382],[-77.64185,-5.52274],[-77.65901,-5.57198],[-77.62422,-5.6299],[-77.62053,-5.65571],[-77.58287,-5.68669],[-77.5872,-5.69825],[-77.57173,-5.70725],[-77.57542,-5.71282],[-77.5333,-5.70444],[-77.53339,-5.69274],[-77.52518,-5.69809],[-77.50812,-5.68624],[-77.51603,-5.67765],[-77.50892,-5.67341],[-77.466221,-5.684155],[-77.461721,-5.679194],[-77.446069,-5.689655],[-77.438999,-5.679954],[-77.432138,-5.685155],[-77.431838,-5.678874],[-77.420407,-5.678734],[-77.401645,-5.710207],[-77.381393,-5.707097],[-77.384024,-5.715858],[-77.375113,-5.711337],[-77.371272,-5.721878],[-77.378813,-5.722358],[-77.372883,-5.725228],[-77.359828,-5.719789],[-77.360565,-5.733703],[-77.351177,-5.730615],[-77.34027,-5.759403],[-77.332438,-5.753655],[-77.314723,-5.767006],[-77.315111,-5.754592],[-77.30696,-5.764043],[-77.298884,-5.755468],[-77.299634,-5.767444],[-77.291784,-5.765743],[-77.284896,-5.77667],[-77.279345,-5.768981],[-77.282283,-5.780057],[-77.267406,-5.778445],[-77.272444,-5.782307],[-77.26299,-5.792076],[-77.270557,-5.798972],[-77.258956,-5.802272],[-77.257255,-5.796584],[-77.257455,-5.805047],[-77.251392,-5.804247],[-77.247479,-5.832512],[-77.256368,-5.829012],[-77.254543,-5.841838],[-77.247467,-5.841451],[-77.241016,-5.851789],[-77.246417,-5.855314],[-77.237754,-5.860665],[-77.246467,-5.882767],[-77.235728,-5.88328],[-77.23144,-5.897868],[-77.225027,-5.895256],[-77.212701,-5.907632],[-77.218902,-5.919921],[-77.205301,-5.924246],[-77.2029,-5.940022],[-77.188924,-5.93626],[-77.182261,-5.947123],[-77.161421,-5.935785],[-77.152971,-5.940072],[-77.154019,-5.932833],[-77.148384,-5.942087],[-77.142047,-5.936535],[-77.13882,-5.95363],[-77.14839,-5.95952],[-77.14041,-5.96035],[-77.14592,-5.9649],[-77.14036,-5.97178],[-77.14918,-5.97793],[-77.13963,-5.98014],[-77.14225,-5.99713],[-77.14815,-5.99398],[-77.150405,-6.008959],[-77.157334,-6.008936],[-77.147898,-6.017914],[-77.149357,-6.038043],[-77.155969,-6.039285],[-77.144197,-6.056249],[-77.145402,-6.062372],[-77.151491,-6.057315],[-77.152034,-6.070393],[-77.143553,-6.080385],[-77.139429,-6.073321],[-77.136865,-6.086185],[-77.145981,-6.086888],[-77.146369,-6.108001],[-77.140794,-6.114433],[-77.133924,-6.109655],[-77.132672,-6.128528],[-77.123539,-6.132931],[-77.131112,-6.146363],[-77.119821,-6.162473],[-77.128405,-6.189825],[-77.124536,-6.203359],[-77.153142,-6.209719],[-77.162136,-6.225331],[-77.177801,-6.233462],[-77.197275,-6.23342],[-77.17407,-6.246529],[-77.170791,-6.265199],[-77.132725,-6.302421],[-77.132303,-6.322551],[-77.146583,-6.351112],[-77.128609,-6.374463],[-77.127121,-6.388934],[-77.115485,-6.399205],[-77.097473,-6.387355],[-77.065672,-6.407664],[-77.051756,-6.40995],[-77.043714,-6.402677],[-77.00608,-6.413303],[-76.990644,-6.407619],[-76.981538,-6.387456],[-76.971644,-6.383216],[-76.957094,-6.398986],[-76.938926,-6.39005],[-76.93449,-6.384305],[-76.944101,-6.354251],[-76.971813,-6.322515],[-76.953874,-6.280265],[-76.900715,-6.287746],[-76.885218,-6.269393],[-76.867103,-6.264609],[-76.835144,-6.285152],[-76.815366,-6.244463],[-76.816877,-6.203063],[-76.82899,-6.20033],[-76.83128,-6.19011],[-76.83755,-6.11036],[-76.84756,-6.09959],[-76.87069,-6.09785],[-76.88406,-6.08113],[-76.87192,-6.07623],[-76.84708,-6.03072],[-76.819447,-6.033205],[-76.81189,-6.02458],[-76.79873,-6.0278],[-76.7609,-6.01012],[-76.745585,-5.974896],[-76.746728,-5.954028],[-76.766068,-5.944666],[-76.777744,-5.900555],[-76.820203,-5.859286],[-76.826339,-5.817847],[-76.816329,-5.807566],[-76.829423,-5.777341],[-76.824604,-5.757296],[-76.837507,-5.744413],[-76.861832,-5.739726],[-76.892844,-5.747782],[-76.934435,-5.711488],[-76.972908,-5.698953],[-76.995606,-5.667119],[-77.01393,-5.670747],[-77.045744,-5.661943],[-77.062142,-5.667609],[-77.109946,-5.647949],[-77.12691,-5.650994],[-77.137132,-5.644034],[-77.142352,-5.625439],[-77.161926,-5.624569],[-77.178672,-5.641424],[-77.202161,-5.634464],[-77.231941,-5.595461],[-77.265801,-5.613969],[-77.27991,-5.601085],[-77.337026,-5.604026],[-77.37182,-5.567105],[-77.404241,-5.574366],[-77.4106,-5.589754],[-77.432006,-5.583143],[-77.437344,-5.592435],[-77.460831,-5.584694],[-77.472752,-5.554787],[-77.490189,-5.562461],[-77.507365,-5.552664],[-77.492271,-5.519704],[-77.500432,-5.515341],[-77.518074,-5.465544],[-77.558119,-5.425578],[-77.579491,-5.459806],[-77.59481,-5.464224],[-77.606974,-5.448583],[-77.660006,-5.424745],[-77.67187,-5.408771],[-77.712703,-5.416411],[-77.716783,-5.415967]]]}},{"type":"Feature","id":"2202","properties":{"ubigeo":"2202","nombre_departamento":"san martin","nombre_provincia":"bellavista","nombre_distrito":"","capital":"bellavista"},"geometry":{"type":"Polygon","coordinates":[[[-76.500801,-6.787648],[-76.504345,-6.753619],[-76.523873,-6.725383],[-76.534546,-6.748792],[-76.594951,-6.794259],[-76.62092,-6.775825],[-76.68359,-6.809875],[-76.69733,-6.799105],[-76.736207,-6.80625],[-76.705483,-6.881796],[-76.63392,-6.986268],[-76.641394,-7.003504],[-76.65345,-7.008971],[-76.6321,-7.04227],[-76.637286,-7.047708],[-76.63003,-7.061294],[-76.632648,-7.098968],[-76.648071,-7.102622],[-76.668993,-7.128123],[-76.633085,-7.149284],[-76.635165,-7.160574],[-76.613815,-7.207974],[-76.623875,-7.231904],[-76.583346,-7.258462],[-76.584255,-7.267494],[-76.570702,-7.277351],[-76.557409,-7.306736],[-76.571055,-7.330018],[-76.564595,-7.364068],[-76.57438,-7.385224],[-76.564535,-7.396053],[-76.568557,-7.415351],[-76.557682,-7.442357],[-76.564453,-7.462208],[-76.551183,-7.503959],[-76.557111,-7.548564],[-76.574241,-7.557711],[-76.571496,-7.580522],[-76.579784,-7.609208],[-76.568035,-7.62328],[-76.565697,-7.658111],[-76.577306,-7.678846],[-76.591669,-7.680956],[-76.609992,-7.702898],[-76.630417,-7.749118],[-76.615982,-7.778042],[-76.636375,-7.829981],[-76.636755,-7.854133],[-76.614967,-7.851897],[-76.605705,-7.874051],[-76.624476,-7.905875],[-76.627981,-7.943814],[-76.615339,-7.954802],[-76.614663,-7.985398],[-76.607168,-7.984529],[-76.595187,-8.001326],[-76.555421,-7.995466],[-76.520047,-8.031363],[-76.455848,-8.055514],[-76.448808,-8.073529],[-76.430463,-8.078154],[-76.376579,-8.129163],[-76.376438,-8.144978],[-76.366049,-8.147394],[-76.353444,-8.137001],[-76.335014,-8.148692],[-76.328277,-8.158092],[-76.336221,-8.175486],[-76.333409,-8.203879],[-76.303745,-8.20684],[-76.297523,-8.218135],[-76.260475,-8.20826],[-76.253837,-8.214855],[-76.231637,-8.213986],[-76.227385,-8.238667],[-76.202627,-8.264623],[-76.196691,-8.2957],[-76.165831,-8.311226],[-76.151428,-8.35757],[-76.132145,-8.377269],[-76.129943,-8.361592],[-76.106974,-8.331772],[-76.056348,-8.329291],[-76.042596,-8.341592],[-76.004448,-8.305613],[-75.984274,-8.322152],[-75.96222,-8.314301],[-75.948658,-8.31828],[-75.920816,-8.299674],[-75.912886,-8.2561],[-75.926475,-8.206219],[-75.941165,-8.186184],[-75.934027,-8.134428],[-75.940637,-8.110459],[-75.951803,-8.101295],[-75.929365,-8.089303],[-75.920988,-8.073119],[-75.887306,-8.074877],[-75.844933,-8.059638],[-75.829493,-7.973496],[-75.858793,-7.921125],[-75.895208,-7.93393],[-75.927838,-7.957256],[-75.939456,-7.94612],[-75.966979,-7.960359],[-75.992855,-7.954281],[-75.985855,-7.917144],[-75.975602,-7.909622],[-75.979516,-7.900756],[-76.00604,-7.890587],[-76.008492,-7.856043],[-76.037301,-7.816926],[-76.043803,-7.792344],[-76.060551,-7.787814],[-76.06707,-7.76929],[-76.084435,-7.762561],[-76.086674,-7.729232],[-76.101593,-7.722664],[-76.101332,-7.650456],[-76.082375,-7.631889],[-76.082855,-7.619652],[-76.093871,-7.609726],[-76.084905,-7.605118],[-76.079719,-7.584336],[-76.087254,-7.580748],[-76.091374,-7.560356],[-76.115671,-7.562503],[-76.121911,-7.525992],[-76.167275,-7.493018],[-76.214941,-7.402298],[-76.195918,-7.334403],[-76.213111,-7.310143],[-76.166661,-7.267596],[-76.159276,-7.230569],[-76.143264,-7.208673],[-76.159366,-7.195671],[-76.157271,-7.14523],[-76.16367,-7.126938],[-76.157762,-7.102746],[-76.169026,-7.082313],[-76.225301,-7.070559],[-76.237162,-7.074514],[-76.257271,-7.061344],[-76.274127,-7.066204],[-76.296042,-7.057281],[-76.313602,-7.060874],[-76.369311,-7.01701],[-76.41586,-7.02087],[-76.419071,-7.001419],[-76.424335,-7.013453],[-76.45015,-7.00587],[-76.454617,-7.013913],[-76.46562,-7.00886],[-76.46496,-6.99218],[-76.47091,-6.99874],[-76.4779,-6.98675],[-76.48161,-6.99547],[-76.4868,-6.98713],[-76.49863,-6.99254],[-76.505551,-6.968369],[-76.523731,-6.975939],[-76.519611,-6.962239],[-76.528321,-6.961649],[-76.527031,-6.950409],[-76.545421,-6.946879],[-76.538761,-6.940169],[-76.549271,-6.928349],[-76.538136,-6.913422],[-76.51413,-6.905608],[-76.508452,-6.889169],[-76.472836,-6.858674],[-76.474193,-6.826628],[-76.463057,-6.821089],[-76.50008,-6.792462],[-76.500801,-6.787648]]]}},{"type":"Feature","id":"2203","properties":{"ubigeo":"2203","nombre_departamento":"san martin","nombre_provincia":"el dorado","nombre_distrito":"","capital":"san jose de sisa"},"geometry":{"type":"Polygon","coordinates":[[[-76.836418,-6.287221],[-76.867103,-6.264609],[-76.885218,-6.269393],[-76.900715,-6.287746],[-76.953874,-6.280265],[-76.971813,-6.322515],[-76.944101,-6.354251],[-76.93449,-6.384305],[-76.952521,-6.39716],[-76.944498,-6.439145],[-76.921028,-6.471254],[-76.891113,-6.48032],[-76.877337,-6.492676],[-76.840811,-6.549776],[-76.811662,-6.627635],[-76.795363,-6.649335],[-76.780846,-6.700671],[-76.785995,-6.728248],[-76.737922,-6.788008],[-76.734467,-6.802689],[-76.69733,-6.799105],[-76.68359,-6.809875],[-76.62092,-6.775825],[-76.594231,-6.793979],[-76.524209,-6.733798],[-76.52421,-6.69287],[-76.558467,-6.671431],[-76.555487,-6.653705],[-76.534576,-6.625488],[-76.537889,-6.609882],[-76.552552,-6.595739],[-76.591243,-6.594961],[-76.639809,-6.548166],[-76.646252,-6.535072],[-76.641019,-6.519823],[-76.654978,-6.514871],[-76.657479,-6.486158],[-76.683763,-6.425465],[-76.697496,-6.415359],[-76.699439,-6.425549],[-76.714573,-6.427456],[-76.732141,-6.41962],[-76.780348,-6.418223],[-76.83174,-6.38862],[-76.843943,-6.366816],[-76.836646,-6.28791],[-76.836418,-6.287221]]]}},{"type":"Feature","id":"2204","properties":{"ubigeo":"2204","nombre_departamento":"san martin","nombre_provincia":"huallaga","nombre_distrito":"","capital":"saposoa"},"geometry":{"type":"Polygon","coordinates":[[[-77.259353,-6.329856],[-77.28666,-6.331023],[-77.275514,-6.384731],[-77.251995,-6.387961],[-77.22144,-6.419304],[-77.199133,-6.419837],[-77.198213,-6.431536],[-77.177048,-6.449475],[-77.158223,-6.501197],[-77.12278,-6.508618],[-77.085655,-6.550156],[-77.058369,-6.567449],[-77.046611,-6.565689],[-77.049437,-6.593703],[-77.06442,-6.601011],[-77.075419,-6.636578],[-77.062063,-6.64421],[-77.056971,-6.665994],[-77.041371,-6.675655],[-77.02542,-6.713502],[-77.039152,-6.730256],[-77.027754,-6.76673],[-77.031232,-6.782725],[-77.013597,-6.803893],[-77.015344,-6.835676],[-77.006254,-6.841303],[-76.989919,-6.900955],[-76.967359,-6.935824],[-76.957031,-6.991478],[-76.937937,-7.000995],[-76.909305,-7.001978],[-76.902566,-7.009721],[-76.897342,-7.04669],[-76.905759,-7.054216],[-76.90708,-7.08618],[-76.885038,-7.094663],[-76.874474,-7.078374],[-76.852676,-7.069931],[-76.815978,-7.166255],[-76.805377,-7.174822],[-76.783886,-7.162872],[-76.779431,-7.130239],[-76.759025,-7.130937],[-76.715298,-7.097691],[-76.701392,-7.102354],[-76.681795,-7.089133],[-76.670404,-7.127247],[-76.658182,-7.120534],[-76.648071,-7.102622],[-76.632648,-7.098968],[-76.63003,-7.061294],[-76.637286,-7.047708],[-76.6321,-7.04227],[-76.65345,-7.008971],[-76.641394,-7.003504],[-76.63392,-6.986268],[-76.710802,-6.87223],[-76.737922,-6.788008],[-76.785995,-6.728248],[-76.780846,-6.700671],[-76.796148,-6.647241],[-76.811662,-6.627635],[-76.840811,-6.549776],[-76.877182,-6.492879],[-76.891113,-6.48032],[-76.921028,-6.471254],[-76.944498,-6.439145],[-76.952521,-6.39716],[-76.968925,-6.383357],[-76.981538,-6.387456],[-76.989486,-6.406216],[-77.001802,-6.412608],[-77.043714,-6.402677],[-77.059234,-6.409398],[-77.095559,-6.387629],[-77.115485,-6.399205],[-77.146583,-6.351112],[-77.165948,-6.37943],[-77.208965,-6.375043],[-77.221456,-6.381133],[-77.243653,-6.33812],[-77.258045,-6.333128],[-77.259353,-6.329856]]]}},{"type":"Feature","id":"2205","properties":{"ubigeo":"2205","nombre_departamento":"san martin","nombre_provincia":"lamas","nombre_distrito":"","capital":"lamas"},"geometry":{"type":"Polygon","coordinates":[[[-76.35482,-6.003369],[-76.372787,-5.97376],[-76.400158,-5.953559],[-76.414353,-5.966],[-76.430181,-6.002766],[-76.480923,-6.013963],[-76.517994,-6.003407],[-76.548876,-6.012754],[-76.562959,-6.001566],[-76.604345,-6.017151],[-76.640011,-6.002605],[-76.710769,-6.013666],[-76.754435,-5.998391],[-76.7609,-6.01012],[-76.78683,-6.02388],[-76.806062,-6.029493],[-76.81189,-6.02458],[-76.819447,-6.033205],[-76.84708,-6.03072],[-76.87192,-6.07623],[-76.88406,-6.08113],[-76.87069,-6.09785],[-76.85935,-6.09544],[-76.83897,-6.10747],[-76.82918,-6.20009],[-76.816877,-6.203063],[-76.815366,-6.244463],[-76.836646,-6.28791],[-76.843926,-6.362443],[-76.838616,-6.378647],[-76.780348,-6.418223],[-76.732141,-6.41962],[-76.714573,-6.427456],[-76.699439,-6.425549],[-76.697496,-6.415359],[-76.683269,-6.425854],[-76.657479,-6.486158],[-76.654978,-6.514871],[-76.641019,-6.519823],[-76.646252,-6.535072],[-76.639809,-6.548166],[-76.591243,-6.594961],[-76.552552,-6.595739],[-76.537889,-6.609882],[-76.534576,-6.625488],[-76.555487,-6.653705],[-76.558467,-6.671431],[-76.52421,-6.69287],[-76.478425,-6.693761],[-76.43282,-6.66838],[-76.407928,-6.635648],[-76.37373,-6.618353],[-76.425256,-6.573318],[-76.418394,-6.56183],[-76.460593,-6.530873],[-76.456245,-6.516127],[-76.491563,-6.487156],[-76.478256,-6.483932],[-76.459137,-6.461676],[-76.447649,-6.41301],[-76.425482,-6.381304],[-76.410803,-6.379996],[-76.382358,-6.394868],[-76.358918,-6.339406],[-76.315789,-6.365656],[-76.269851,-6.426475],[-76.246892,-6.431709],[-76.232444,-6.419374],[-76.184536,-6.427449],[-76.180748,-6.459564],[-76.197649,-6.474784],[-76.18279,-6.482535],[-76.183572,-6.498424],[-76.167571,-6.505681],[-76.132579,-6.4995],[-76.112797,-6.476168],[-76.070741,-6.472432],[-76.007282,-6.498629],[-75.979089,-6.499467],[-75.969288,-6.488794],[-75.954059,-6.490475],[-75.941462,-6.464398],[-75.900056,-6.456121],[-75.910594,-6.416068],[-75.925789,-6.400051],[-75.919034,-6.386249],[-75.92648,-6.376345],[-75.922736,-6.367322],[-75.978535,-6.294109],[-75.972793,-6.266746],[-75.933954,-6.214766],[-75.930928,-6.182378],[-75.915475,-6.156451],[-75.916588,-6.140789],[-75.95473,-6.101368],[-76.005753,-6.095218],[-76.01353,-6.08358],[-76.042718,-6.100996],[-76.088483,-6.107567],[-76.145989,-6.146673],[-76.247149,-6.126061],[-76.318297,-6.086095],[-76.31534,-6.054066],[-76.33321,-6.043109],[-76.351848,-6.009555],[-76.35482,-6.003369]]]}},{"type":"Feature","id":"2206","properties":{"ubigeo":"2206","nombre_departamento":"san martin","nombre_provincia":"mariscal caceres","nombre_distrito":"","capital":"juanjui"},"geometry":{"type":"Polygon","coordinates":[[[-77.259009,-6.384953],[-77.277434,-6.386102],[-77.273159,-6.406531],[-77.297671,-6.42474],[-77.305915,-6.453724],[-77.326357,-6.468027],[-77.335152,-6.522328],[-77.354898,-6.560587],[-77.380512,-6.569228],[-77.39387,-6.602688],[-77.437881,-6.602527],[-77.435654,-6.61807],[-77.423693,-6.638062],[-77.407656,-6.646332],[-77.404986,-6.663054],[-77.381733,-6.697589],[-77.400135,-6.708453],[-77.405557,-6.726214],[-77.456467,-6.680522],[-77.475482,-6.683628],[-77.510656,-6.672339],[-77.521198,-6.679679],[-77.544074,-6.676996],[-77.568765,-6.638218],[-77.612337,-6.612261],[-77.628145,-6.612562],[-77.651198,-6.629822],[-77.662662,-6.6599],[-77.68837,-6.67737],[-77.70193,-6.67676],[-77.715935,-6.659123],[-77.740297,-6.647456],[-77.746366,-6.668985],[-77.7395,-6.7111],[-77.748109,-6.744925],[-77.731898,-6.783467],[-77.764717,-6.798441],[-77.723325,-6.893456],[-77.707198,-6.908183],[-77.715761,-6.921202],[-77.733816,-6.928577],[-77.738384,-6.948343],[-77.758934,-6.964508],[-77.747189,-6.986062],[-77.73998,-7.035422],[-77.723831,-7.059599],[-77.707006,-7.068525],[-77.718047,-7.087553],[-77.713379,-7.107887],[-77.641296,-7.150709],[-77.634266,-7.169415],[-77.615504,-7.177997],[-77.621049,-7.191631],[-77.607382,-7.206113],[-77.60553,-7.219162],[-77.633812,-7.233098],[-77.638139,-7.243403],[-77.647351,-7.241514],[-77.645125,-7.253455],[-77.6372,-7.25351],[-77.64692,-7.27005],[-77.628419,-7.320809],[-77.639212,-7.343701],[-77.621678,-7.396994],[-77.630918,-7.413875],[-77.61365,-7.419949],[-77.598968,-7.44851],[-77.591867,-7.443507],[-77.55966,-7.464187],[-77.539077,-7.507385],[-77.521389,-7.509553],[-77.529128,-7.516192],[-77.540067,-7.577414],[-77.496945,-7.582741],[-77.485764,-7.603992],[-77.495247,-7.614135],[-77.528389,-7.61595],[-77.522704,-7.633407],[-77.538391,-7.650228],[-77.511602,-7.657405],[-77.509475,-7.676536],[-77.49789,-7.686355],[-77.467168,-7.674678],[-77.460733,-7.680298],[-77.461279,-7.691371],[-77.483981,-7.698372],[-77.482936,-7.719349],[-77.496146,-7.737951],[-77.526182,-7.753889],[-77.525469,-7.768342],[-77.50655,-7.770381],[-77.47859,-7.80424],[-77.442861,-7.813642],[-77.431573,-7.841736],[-77.438385,-7.85015],[-77.410784,-7.900525],[-77.376909,-7.908821],[-77.375367,-7.920064],[-77.390522,-7.947313],[-77.387445,-7.962888],[-77.407155,-7.992811],[-77.374936,-8.031527],[-77.385746,-8.054715],[-77.372444,-8.064926],[-77.349299,-8.054384],[-77.296664,-8.062566],[-77.281342,-8.048783],[-77.260078,-8.048439],[-77.251313,-8.028004],[-77.231865,-8.011748],[-77.166228,-8.021637],[-77.150535,-8.032043],[-77.110527,-8.025227],[-77.068703,-8.039512],[-77.074363,-7.992301],[-77.10285,-7.951268],[-77.088051,-7.914579],[-77.090913,-7.873273],[-77.076283,-7.847776],[-77.054146,-7.837592],[-77.048861,-7.825445],[-77.020843,-7.805873],[-77.005896,-7.802914],[-76.940865,-7.831714],[-76.900315,-7.863482],[-76.870604,-7.903327],[-76.855642,-7.898662],[-76.855269,-7.904947],[-76.831121,-7.906811],[-76.821143,-7.919165],[-76.796973,-7.919418],[-76.759447,-7.894208],[-76.749144,-7.875209],[-76.727605,-7.875921],[-76.718892,-7.861029],[-76.73136,-7.82705],[-76.743179,-7.82212],[-76.747679,-7.805903],[-76.73999,-7.796601],[-76.754889,-7.800146],[-76.767171,-7.786188],[-76.760217,-7.774715],[-76.774014,-7.776783],[-76.769444,-7.764196],[-76.753463,-7.762105],[-76.773045,-7.745709],[-76.772762,-7.736908],[-76.756222,-7.728766],[-76.741961,-7.739079],[-76.693101,-7.736747],[-76.657791,-7.726422],[-76.633522,-7.686282],[-76.606303,-7.691346],[-76.577306,-7.678846],[-76.565609,-7.657191],[-76.568035,-7.62328],[-76.579752,-7.609991],[-76.571496,-7.580522],[-76.574241,-7.557711],[-76.557111,-7.548564],[-76.551183,-7.503959],[-76.564453,-7.462208],[-76.557682,-7.442357],[-76.568557,-7.415351],[-76.564535,-7.396053],[-76.57438,-7.385224],[-76.564595,-7.364068],[-76.571055,-7.330018],[-76.557479,-7.306176],[-76.570702,-7.277351],[-76.584255,-7.267494],[-76.583346,-7.258462],[-76.623875,-7.231904],[-76.613815,-7.207974],[-76.635165,-7.160574],[-76.633085,-7.149284],[-76.670404,-7.127247],[-76.681795,-7.089133],[-76.698298,-7.101545],[-76.717876,-7.098833],[-76.759025,-7.130937],[-76.77898,-7.129863],[-76.783886,-7.162872],[-76.810312,-7.173955],[-76.852676,-7.069931],[-76.874474,-7.078374],[-76.885038,-7.094663],[-76.90708,-7.08618],[-76.905759,-7.054216],[-76.897342,-7.04669],[-76.902566,-7.009721],[-76.909305,-7.001978],[-76.937937,-7.000995],[-76.957031,-6.991478],[-76.967359,-6.935824],[-76.989919,-6.900955],[-77.006254,-6.841303],[-77.015344,-6.835676],[-77.013597,-6.803893],[-77.031232,-6.782725],[-77.027754,-6.76673],[-77.039152,-6.730256],[-77.02542,-6.713502],[-77.041371,-6.675655],[-77.056971,-6.665994],[-77.062063,-6.64421],[-77.075419,-6.636578],[-77.06442,-6.601011],[-77.049437,-6.593703],[-77.046611,-6.565689],[-77.058369,-6.567449],[-77.085655,-6.550156],[-77.12278,-6.508618],[-77.158223,-6.501197],[-77.177048,-6.449475],[-77.198213,-6.431536],[-77.197872,-6.420986],[-77.22144,-6.419304],[-77.257016,-6.385914],[-77.259009,-6.384953]]]}},{"type":"Feature","id":"2207","properties":{"ubigeo":"2207","nombre_departamento":"san martin","nombre_provincia":"picota","nombre_distrito":"","capital":"picota"},"geometry":{"type":"Polygon","coordinates":[[[-76.371559,-6.681154],[-76.38328,-6.678202],[-76.408816,-6.689922],[-76.416788,-6.680968],[-76.457433,-6.679611],[-76.481108,-6.694493],[-76.52421,-6.69287],[-76.523873,-6.725383],[-76.504345,-6.753619],[-76.50008,-6.792462],[-76.463057,-6.821089],[-76.474193,-6.826628],[-76.472836,-6.858674],[-76.508452,-6.889169],[-76.51413,-6.905608],[-76.538136,-6.913422],[-76.54923,-6.928258],[-76.538761,-6.940169],[-76.545421,-6.946879],[-76.526801,-6.950639],[-76.528321,-6.961649],[-76.519511,-6.962959],[-76.523561,-6.976079],[-76.502851,-6.969989],[-76.4953,-6.99502],[-76.4868,-6.98713],[-76.48501,-6.99575],[-76.47834,-6.9868],[-76.47131,-6.99871],[-76.46496,-6.99218],[-76.46562,-7.00886],[-76.454949,-7.013795],[-76.45015,-7.00587],[-76.424335,-7.013453],[-76.419071,-7.001419],[-76.41624,-7.02067],[-76.369311,-7.01701],[-76.313602,-7.060874],[-76.296042,-7.057281],[-76.274127,-7.066204],[-76.257271,-7.061344],[-76.237162,-7.074514],[-76.225301,-7.070559],[-76.169835,-7.081576],[-76.157762,-7.102746],[-76.16367,-7.126938],[-76.157943,-7.198295],[-76.143525,-7.203962],[-76.111804,-7.183051],[-76.076768,-7.174412],[-76.059041,-7.159969],[-76.046586,-7.12143],[-76.022583,-7.113313],[-76.010717,-7.07838],[-76.008113,-7.002221],[-76.02049,-6.989657],[-76.03564,-6.993146],[-76.051844,-6.937872],[-76.046402,-6.924932],[-76.015736,-6.913701],[-76.010512,-6.892228],[-76.035004,-6.864986],[-76.050896,-6.81086],[-76.072913,-6.794054],[-76.103393,-6.728806],[-76.095408,-6.714859],[-76.121208,-6.699442],[-76.12677,-6.687993],[-76.156152,-6.706969],[-76.176054,-6.704404],[-76.190237,-6.715752],[-76.197679,-6.750564],[-76.20799,-6.760989],[-76.256815,-6.772613],[-76.27505,-6.692069],[-76.323346,-6.68044],[-76.351053,-6.689223],[-76.369603,-6.681606],[-76.371559,-6.681154]]]}},{"type":"Feature","id":"2208","properties":{"ubigeo":"2208","nombre_departamento":"san martin","nombre_provincia":"rioja","nombre_distrito":"","capital":"rioja"},"geometry":{"type":"Polygon","coordinates":[[[-77.726932,-5.438814],[-77.742189,-5.423376],[-77.744828,-5.406899],[-77.768451,-5.438049],[-77.748832,-5.459859],[-77.770637,-5.478153],[-77.77157,-5.493921],[-77.757037,-5.513942],[-77.765762,-5.538982],[-77.736384,-5.60929],[-77.752606,-5.637578],[-77.754365,-5.658998],[-77.775091,-5.689679],[-77.775148,-5.710752],[-77.759359,-5.729848],[-77.772419,-5.753351],[-77.76056,-5.770454],[-77.770355,-5.788143],[-77.763929,-5.819709],[-77.746138,-5.83511],[-77.726416,-5.843982],[-77.694813,-5.840233],[-77.681527,-5.849487],[-77.68308,-5.877576],[-77.665512,-5.892205],[-77.663294,-5.91767],[-77.651891,-5.935332],[-77.672009,-5.964745],[-77.669225,-5.980365],[-77.63914,-6.001079],[-77.597708,-6.004416],[-77.596362,-6.033331],[-77.586199,-6.036917],[-77.566803,-6.028122],[-77.554735,-6.050729],[-77.542228,-6.052788],[-77.53659,-6.063705],[-77.518844,-6.055943],[-77.509752,-6.032496],[-77.489021,-6.028511],[-77.487075,-6.010249],[-77.474139,-5.999784],[-77.467508,-6.019615],[-77.432116,-6.061916],[-77.419305,-6.032381],[-77.395498,-6.039377],[-77.3805,-6.079986],[-77.358679,-6.07282],[-77.346428,-6.114341],[-77.332411,-6.112182],[-77.280478,-6.142209],[-77.257956,-6.138016],[-77.240654,-6.149762],[-77.224366,-6.145547],[-77.202057,-6.179715],[-77.219093,-6.195732],[-77.197275,-6.23342],[-77.177801,-6.233462],[-77.162136,-6.225331],[-77.153142,-6.209719],[-77.125265,-6.204183],[-77.119821,-6.162473],[-77.131112,-6.146363],[-77.123539,-6.132931],[-77.132672,-6.128528],[-77.133924,-6.109655],[-77.140794,-6.114433],[-77.146369,-6.108001],[-77.145981,-6.086888],[-77.136865,-6.086185],[-77.139429,-6.073321],[-77.143553,-6.080385],[-77.152034,-6.070393],[-77.151491,-6.057315],[-77.145402,-6.062372],[-77.144197,-6.056249],[-77.155969,-6.039285],[-77.149357,-6.038043],[-77.147898,-6.017914],[-77.157334,-6.008936],[-77.150405,-6.008959],[-77.14815,-5.99398],[-77.14225,-5.99713],[-77.13963,-5.98014],[-77.14918,-5.97793],[-77.14036,-5.97178],[-77.14592,-5.9649],[-77.14041,-5.96035],[-77.14839,-5.95952],[-77.13882,-5.95363],[-77.142047,-5.936535],[-77.148384,-5.942087],[-77.154019,-5.932833],[-77.152971,-5.940072],[-77.161421,-5.935785],[-77.182261,-5.947123],[-77.188924,-5.93626],[-77.2029,-5.940022],[-77.205301,-5.924246],[-77.218902,-5.919921],[-77.212701,-5.907632],[-77.225027,-5.895256],[-77.23144,-5.897868],[-77.235728,-5.88328],[-77.246467,-5.882767],[-77.237754,-5.860665],[-77.246417,-5.855314],[-77.241016,-5.851789],[-77.247467,-5.841451],[-77.254543,-5.841838],[-77.256368,-5.829012],[-77.247479,-5.832512],[-77.251392,-5.804247],[-77.257455,-5.805047],[-77.257255,-5.796584],[-77.258956,-5.802272],[-77.270557,-5.798972],[-77.26299,-5.792076],[-77.272444,-5.782307],[-77.267406,-5.778445],[-77.282283,-5.780057],[-77.279345,-5.768981],[-77.284896,-5.77667],[-77.291784,-5.765743],[-77.299634,-5.767444],[-77.298884,-5.755468],[-77.30696,-5.764043],[-77.315111,-5.754592],[-77.314723,-5.767006],[-77.332438,-5.753655],[-77.34027,-5.759403],[-77.351177,-5.730615],[-77.360565,-5.733703],[-77.359828,-5.719789],[-77.372883,-5.725228],[-77.378813,-5.722358],[-77.371272,-5.721878],[-77.375113,-5.711337],[-77.384024,-5.715858],[-77.381393,-5.707097],[-77.401645,-5.710207],[-77.420407,-5.678734],[-77.431838,-5.678874],[-77.432138,-5.685155],[-77.438999,-5.679954],[-77.446069,-5.689655],[-77.461721,-5.679194],[-77.466221,-5.684155],[-77.50892,-5.67341],[-77.51603,-5.67765],[-77.50812,-5.68624],[-77.52518,-5.69809],[-77.53339,-5.69274],[-77.5333,-5.70444],[-77.57542,-5.71282],[-77.57173,-5.70725],[-77.5872,-5.69825],[-77.58287,-5.68669],[-77.62053,-5.65571],[-77.62422,-5.6299],[-77.65901,-5.57198],[-77.64185,-5.52274],[-77.726452,-5.438885],[-77.726932,-5.438814]]]}},{"type":"Feature","id":"2209","properties":{"ubigeo":"2209","nombre_departamento":"san martin","nombre_provincia":"san martin","nombre_distrito":"","capital":"tarapoto"},"geometry":{"type":"Polygon","coordinates":[[[-75.545382,-6.063844],[-75.565029,-6.025545],[-75.56893,-6.000389],[-75.62107,-6.029381],[-75.62921,-6.08299],[-75.6517,-6.09791],[-75.68005,-6.09531],[-75.71883,-6.14123],[-75.77116,-6.14765],[-75.76774,-6.12756],[-75.77478,-6.12039],[-75.78309,-6.12334],[-75.79878,-6.10483],[-75.82768,-6.09858],[-75.83472,-6.10701],[-75.85152,-6.10175],[-75.837978,-6.140515],[-75.895875,-6.132025],[-75.916588,-6.140789],[-75.933954,-6.214766],[-75.972793,-6.266746],[-75.978892,-6.290534],[-75.922736,-6.367322],[-75.92648,-6.376345],[-75.919034,-6.386249],[-75.925789,-6.400051],[-75.910594,-6.416068],[-75.899963,-6.455316],[-75.941462,-6.464398],[-75.954561,-6.490756],[-76.007282,-6.498629],[-76.072967,-6.472555],[-76.112797,-6.476168],[-76.132579,-6.4995],[-76.167571,-6.505681],[-76.183572,-6.498424],[-76.18279,-6.482535],[-76.197649,-6.474784],[-76.180748,-6.459564],[-76.184536,-6.427449],[-76.232444,-6.419374],[-76.246892,-6.431709],[-76.269851,-6.426475],[-76.299172,-6.38423],[-76.33767,-6.346937],[-76.361039,-6.341229],[-76.384252,-6.395657],[-76.42356,-6.379471],[-76.447649,-6.41301],[-76.459137,-6.461676],[-76.478256,-6.483932],[-76.491563,-6.487156],[-76.456245,-6.516127],[-76.460593,-6.530873],[-76.418394,-6.56183],[-76.425256,-6.573318],[-76.37373,-6.618353],[-76.407928,-6.635648],[-76.427574,-6.663694],[-76.456318,-6.680006],[-76.416788,-6.680968],[-76.408816,-6.689922],[-76.38328,-6.678202],[-76.351053,-6.689223],[-76.323346,-6.68044],[-76.27505,-6.692069],[-76.256815,-6.772613],[-76.20799,-6.760989],[-76.197679,-6.750564],[-76.196283,-6.726896],[-76.184104,-6.708258],[-76.156152,-6.706969],[-76.12677,-6.687993],[-76.121208,-6.699442],[-76.095408,-6.714859],[-76.103393,-6.728806],[-76.068524,-6.801491],[-76.050896,-6.81086],[-76.011585,-6.806022],[-76.00058,-6.795063],[-75.983833,-6.793753],[-75.980162,-6.800069],[-75.964951,-6.788407],[-75.942951,-6.795029],[-75.915356,-6.790636],[-75.877516,-6.802298],[-75.843875,-6.797262],[-75.813933,-6.817225],[-75.813972,-6.825478],[-75.794183,-6.821402],[-75.780539,-6.848412],[-75.746057,-6.856547],[-75.724796,-6.850874],[-75.700806,-6.869114],[-75.689986,-6.861268],[-75.686754,-6.846143],[-75.672915,-6.844397],[-75.659672,-6.819332],[-75.642696,-6.815561],[-75.633442,-6.843062],[-75.616888,-6.841189],[-75.576786,-6.820989],[-75.574167,-6.808826],[-75.56184,-6.801614],[-75.512735,-6.786466],[-75.500435,-6.759353],[-75.506207,-6.697053],[-75.500228,-6.640322],[-75.509305,-6.582978],[-75.502983,-6.552229],[-75.509597,-6.492141],[-75.524227,-6.47558],[-75.520141,-6.464821],[-75.529849,-6.440098],[-75.539003,-6.435133],[-75.53373,-6.416301],[-75.543418,-6.406865],[-75.536447,-6.39154],[-75.550095,-6.347708],[-75.496344,-6.281025],[-75.487285,-6.25426],[-75.487188,-6.203415],[-75.494148,-6.189317],[-75.525555,-6.165126],[-75.532794,-6.095599],[-75.545382,-6.063844]]]}},{"type":"Feature","id":"2210","properties":{"ubigeo":"2210","nombre_departamento":"san martin","nombre_provincia":"tocache","nombre_distrito":"","capital":"tocache nuevo"},"geometry":{"type":"Polygon","coordinates":[[[-76.618715,-7.691329],[-76.633522,-7.686282],[-76.656868,-7.725736],[-76.692844,-7.736683],[-76.741961,-7.739079],[-76.756222,-7.728766],[-76.771772,-7.735201],[-76.773045,-7.745709],[-76.753463,-7.762105],[-76.769444,-7.764196],[-76.774014,-7.776783],[-76.760217,-7.774715],[-76.767171,-7.786188],[-76.754889,-7.800146],[-76.73999,-7.796601],[-76.747679,-7.805903],[-76.743179,-7.82212],[-76.73136,-7.82705],[-76.718702,-7.862719],[-76.727999,-7.876111],[-76.749522,-7.875457],[-76.759447,-7.894208],[-76.800304,-7.920584],[-76.821143,-7.919165],[-76.831121,-7.906811],[-76.855269,-7.904947],[-76.855642,-7.898662],[-76.870604,-7.903327],[-76.900315,-7.863482],[-76.940865,-7.831714],[-77.005896,-7.802914],[-77.020843,-7.805873],[-77.048861,-7.825445],[-77.054146,-7.837592],[-77.076974,-7.848623],[-77.090913,-7.873273],[-77.088051,-7.914579],[-77.10285,-7.951268],[-77.074363,-7.992301],[-77.068703,-8.039512],[-77.020943,-8.051586],[-76.993881,-8.086918],[-76.984915,-8.113853],[-76.947034,-8.139919],[-76.932237,-8.137143],[-76.911769,-8.158901],[-76.907011,-8.171365],[-76.925597,-8.218497],[-76.913079,-8.236988],[-76.901243,-8.283466],[-76.910515,-8.295074],[-76.913745,-8.32609],[-76.93193,-8.342595],[-76.927005,-8.359257],[-76.942679,-8.359945],[-76.951247,-8.375705],[-76.968373,-8.371241],[-76.976899,-8.396139],[-76.991685,-8.396296],[-77.000429,-8.382403],[-77.034012,-8.404707],[-77.069877,-8.397496],[-77.086639,-8.407139],[-77.093196,-8.43447],[-77.104589,-8.444763],[-77.11978,-8.447651],[-77.133844,-8.440021],[-77.131051,-8.454276],[-77.142565,-8.475826],[-77.080833,-8.48818],[-77.091651,-8.516981],[-77.049801,-8.553715],[-77.011598,-8.537687],[-76.994842,-8.555632],[-76.977301,-8.560599],[-76.948889,-8.545666],[-76.936668,-8.566582],[-76.919176,-8.570115],[-76.897084,-8.568751],[-76.887358,-8.554798],[-76.864702,-8.56635],[-76.86254,-8.552537],[-76.846842,-8.54579],[-76.842659,-8.52523],[-76.80445,-8.510573],[-76.796319,-8.511188],[-76.79015,-8.523641],[-76.768424,-8.526809],[-76.754594,-8.519645],[-76.740989,-8.524647],[-76.728404,-8.515004],[-76.69708,-8.5325],[-76.678351,-8.521267],[-76.64329,-8.52374],[-76.636657,-8.514747],[-76.566293,-8.508146],[-76.547807,-8.497641],[-76.5395,-8.513497],[-76.494838,-8.549588],[-76.49909,-8.563941],[-76.492504,-8.575761],[-76.466167,-8.569743],[-76.444345,-8.489558],[-76.417496,-8.443748],[-76.36671,-8.411541],[-76.3561,-8.425074],[-76.332326,-8.431788],[-76.321716,-8.469839],[-76.327427,-8.479908],[-76.312307,-8.500984],[-76.32508,-8.524324],[-76.299675,-8.556854],[-76.305807,-8.573238],[-76.280359,-8.573564],[-76.287329,-8.585435],[-76.264064,-8.6103],[-76.269456,-8.652489],[-76.252736,-8.665431],[-76.24834,-8.683032],[-76.256884,-8.683827],[-76.257403,-8.706642],[-76.228681,-8.745028],[-76.244993,-8.751483],[-76.230904,-8.756482],[-76.240647,-8.769786],[-76.223144,-8.785454],[-76.198587,-8.769735],[-76.203416,-8.75333],[-76.195411,-8.761849],[-76.166946,-8.756501],[-76.16462,-8.731841],[-76.156771,-8.733709],[-76.14527,-8.71144],[-76.15088,-8.70865],[-76.13949,-8.66664],[-76.13003,-8.65529],[-76.1155,-8.65768],[-76.10713,-8.6488],[-76.10762,-8.64046],[-76.12107,-8.63376],[-76.12016,-8.58956],[-76.13502,-8.5673],[-76.1264,-8.54542],[-76.130668,-8.467877],[-76.108715,-8.41599],[-76.109166,-8.379613],[-76.128226,-8.360528],[-76.132145,-8.377269],[-76.145781,-8.367545],[-76.165831,-8.311226],[-76.196691,-8.2957],[-76.202627,-8.264623],[-76.227385,-8.238667],[-76.231637,-8.213986],[-76.253837,-8.214855],[-76.260475,-8.20826],[-76.297523,-8.218135],[-76.303745,-8.20684],[-76.333409,-8.203879],[-76.336221,-8.175486],[-76.328277,-8.158092],[-76.335014,-8.148692],[-76.353444,-8.137001],[-76.366049,-8.147394],[-76.376438,-8.144978],[-76.376579,-8.129163],[-76.430463,-8.078154],[-76.448808,-8.073529],[-76.455848,-8.055514],[-76.520047,-8.031363],[-76.555421,-7.995466],[-76.593069,-8.002397],[-76.607168,-7.984529],[-76.614663,-7.985398],[-76.614347,-7.958947],[-76.627815,-7.944504],[-76.628283,-7.928242],[-76.605943,-7.870827],[-76.614967,-7.851897],[-76.636755,-7.854133],[-76.636375,-7.829981],[-76.615982,-7.778042],[-76.630417,-7.749118],[-76.597717,-7.689289],[-76.612292,-7.691573],[-76.618715,-7.691329]]]}},{"type":"Feature","id":"2301","properties":{"ubigeo":"2301","nombre_departamento":"tacna","nombre_provincia":"tacna","nombre_distrito":"","capital":"tacna"},"geometry":{"type":"Polygon","coordinates":[[[-69.58811,-17.40189],[-69.60065,-17.39413],[-69.61543,-17.4183],[-69.65419,-17.4123],[-69.665562,-17.429221],[-69.690389,-17.443521],[-69.679883,-17.457571],[-69.70343,-17.474103],[-69.72834,-17.459959],[-69.802983,-17.461272],[-69.819555,-17.45465],[-69.838258,-17.460076],[-69.836687,-17.471385],[-69.849799,-17.489418],[-69.846297,-17.505686],[-69.872107,-17.546371],[-69.875748,-17.58484],[-69.931006,-17.59023],[-69.943074,-17.577824],[-69.957648,-17.59075],[-69.967144,-17.586219],[-70.014383,-17.625484],[-70.007303,-17.642059],[-70.015025,-17.655139],[-70.048596,-17.672781],[-70.054973,-17.694457],[-70.094719,-17.724965],[-70.110301,-17.760646],[-70.137611,-17.772666],[-70.180748,-17.778213],[-70.194353,-17.774869],[-70.201187,-17.758328],[-70.153723,-17.6934],[-70.143178,-17.635389],[-70.15183,-17.624139],[-70.150019,-17.597541],[-70.160799,-17.599467],[-70.173256,-17.58692],[-70.236193,-17.590059],[-70.259701,-17.578277],[-70.281249,-17.560731],[-70.287602,-17.537559],[-70.303218,-17.538986],[-70.312873,-17.519565],[-70.332223,-17.50876],[-70.345787,-17.46074],[-70.392249,-17.46431],[-70.404038,-17.47775],[-70.429018,-17.483896],[-70.446833,-17.515907],[-70.508896,-17.54534],[-70.608418,-17.656283],[-70.680911,-17.715611],[-70.697865,-17.768027],[-70.729316,-17.785092],[-70.790496,-17.857769],[-70.806846,-17.889566],[-70.822862,-17.893936],[-70.839295,-17.911518],[-70.86334,-17.9668],[-70.889473,-17.97652],[-70.882586,-17.993359],[-70.887695,-18.009285],[-70.813156,-18.040488],[-70.811674,-18.050246],[-70.760596,-18.078705],[-70.730027,-18.108282],[-70.729564,-18.118657],[-70.679503,-18.161797],[-70.498314,-18.262738],[-70.376711,-18.350928],[-70.353877,-18.326193],[-70.317451,-18.309703],[-70.197168,-18.322187],[-70.149652,-18.318367],[-70.050707,-18.268803],[-69.980233,-18.270264],[-69.960549,-18.262885],[-69.854309,-18.165348],[-69.81308,-18.114478],[-69.751504,-17.98559],[-69.747178,-17.943937],[-69.776719,-17.90816],[-69.795715,-17.862258],[-69.800049,-17.762332],[-69.821678,-17.743812],[-69.821197,-17.686355],[-69.795988,-17.646242],[-69.665412,-17.6599],[-69.468293,-17.50417],[-69.468379,-17.464793],[-69.48779,-17.4377],[-69.51915,-17.42388],[-69.52701,-17.40972],[-69.5872,-17.40196],[-69.58811,-17.40189]]]}},{"type":"Feature","id":"2302","properties":{"ubigeo":"2302","nombre_departamento":"tacna","nombre_provincia":"candarave","nombre_distrito":"","capital":"candarave"},"geometry":{"type":"Polygon","coordinates":[[[-70.266043,-16.779554],[-70.268287,-16.770432],[-70.291857,-16.781345],[-70.317871,-16.775295],[-70.372795,-16.79818],[-70.38523,-16.815871],[-70.441605,-16.841227],[-70.450967,-16.861816],[-70.441574,-16.892404],[-70.451752,-16.900006],[-70.459191,-16.922738],[-70.453658,-16.929746],[-70.465017,-16.944434],[-70.443199,-16.964277],[-70.463158,-17.004367],[-70.439201,-17.050363],[-70.448333,-17.079829],[-70.489606,-17.088447],[-70.527799,-17.168308],[-70.55505,-17.197663],[-70.572508,-17.194109],[-70.454271,-17.300643],[-70.452781,-17.320303],[-70.440293,-17.335309],[-70.363387,-17.374385],[-70.40258,-17.395871],[-70.404205,-17.40851],[-70.400025,-17.421797],[-70.3504,-17.44993],[-70.345787,-17.46074],[-70.292076,-17.409658],[-70.277459,-17.408562],[-70.282187,-17.39523],[-70.264574,-17.388143],[-70.244597,-17.359132],[-70.225578,-17.357775],[-70.209736,-17.333415],[-70.169205,-17.316311],[-70.121262,-17.31906],[-70.100402,-17.304867],[-70.093315,-17.290048],[-70.114785,-17.237246],[-70.099061,-17.217334],[-70.101434,-17.200242],[-70.086365,-17.196139],[-70.096039,-17.18776],[-70.097656,-17.138621],[-70.084061,-17.093952],[-70.070004,-17.081183],[-70.073152,-17.034914],[-70.099764,-17.005734],[-70.09577,-16.985226],[-70.117092,-16.972609],[-70.119078,-16.959451],[-70.151125,-16.934814],[-70.148372,-16.92187],[-70.173689,-16.912232],[-70.181289,-16.93212],[-70.218013,-16.946352],[-70.225106,-16.958551],[-70.249818,-16.94934],[-70.259365,-16.903654],[-70.243768,-16.860242],[-70.223084,-16.856088],[-70.211715,-16.84081],[-70.184067,-16.834687],[-70.181301,-16.817875],[-70.2473,-16.802465],[-70.264742,-16.781476],[-70.266043,-16.779554]]]}},{"type":"Feature","id":"2303","properties":{"ubigeo":"2303","nombre_departamento":"tacna","nombre_provincia":"jorge basadre","nombre_distrito":"","capital":"locumba"},"geometry":{"type":"Polygon","coordinates":[[[-70.572508,-17.194109],[-70.609978,-17.214504],[-70.651093,-17.209175],[-70.684091,-17.224265],[-70.704279,-17.267205],[-70.715917,-17.273652],[-70.705652,-17.29118],[-70.733868,-17.323191],[-70.746703,-17.351354],[-70.752404,-17.380573],[-70.73672,-17.40828],[-70.75463,-17.437578],[-70.77998,-17.4506],[-70.87996,-17.55567],[-70.90389,-17.62256],[-70.9125,-17.68737],[-70.95628,-17.67596],[-70.983162,-17.684627],[-70.992996,-17.679119],[-71.00335,-17.683699],[-71.017113,-17.709211],[-71.026916,-17.703875],[-71.057924,-17.718075],[-71.079117,-17.715197],[-71.082955,-17.735803],[-71.101135,-17.739498],[-71.12149,-17.78563],[-71.12141,-17.80335],[-71.139441,-17.821483],[-71.105453,-17.843402],[-71.096844,-17.867725],[-71.029512,-17.884904],[-71.00784,-17.877361],[-70.959684,-17.910666],[-70.943144,-17.913812],[-70.93543,-17.929307],[-70.92526,-17.926682],[-70.889473,-17.97652],[-70.87354,-17.9729],[-70.85288,-17.95187],[-70.839295,-17.911518],[-70.822862,-17.893936],[-70.806846,-17.889566],[-70.760062,-17.818234],[-70.729316,-17.785092],[-70.697865,-17.768027],[-70.680911,-17.715611],[-70.608418,-17.656283],[-70.508896,-17.54534],[-70.446833,-17.515907],[-70.429018,-17.483896],[-70.404038,-17.47775],[-70.392249,-17.46431],[-70.345787,-17.46074],[-70.3504,-17.44993],[-70.400025,-17.421797],[-70.404205,-17.40851],[-70.40258,-17.395871],[-70.363387,-17.374385],[-70.440293,-17.335309],[-70.452781,-17.320303],[-70.454271,-17.300643],[-70.51301,-17.247385],[-70.572508,-17.194109]]]}},{"type":"Feature","id":"2304","properties":{"ubigeo":"2304","nombre_departamento":"tacna","nombre_provincia":"tarata","nombre_distrito":"","capital":"tarata"},"geometry":{"type":"Polygon","coordinates":[[[-70.072412,-17.035327],[-70.07715,-17.047973],[-70.070004,-17.081183],[-70.084061,-17.093952],[-70.097656,-17.138621],[-70.096039,-17.18776],[-70.086365,-17.196139],[-70.101434,-17.200242],[-70.099061,-17.217334],[-70.114785,-17.237246],[-70.093315,-17.290048],[-70.100402,-17.304867],[-70.122863,-17.319643],[-70.169205,-17.316311],[-70.209736,-17.333415],[-70.225578,-17.357775],[-70.244597,-17.359132],[-70.264574,-17.388143],[-70.282187,-17.39523],[-70.277459,-17.408562],[-70.292076,-17.409658],[-70.345787,-17.46074],[-70.332223,-17.50876],[-70.312873,-17.519565],[-70.303218,-17.538986],[-70.287602,-17.537559],[-70.281249,-17.560731],[-70.259701,-17.578277],[-70.236193,-17.590059],[-70.173256,-17.58692],[-70.160799,-17.599467],[-70.150019,-17.597541],[-70.15183,-17.624139],[-70.143178,-17.635389],[-70.153723,-17.6934],[-70.201187,-17.758328],[-70.195281,-17.773943],[-70.182732,-17.778086],[-70.137611,-17.772666],[-70.110301,-17.760646],[-70.094719,-17.724965],[-70.054973,-17.694457],[-70.048596,-17.672781],[-70.015025,-17.655139],[-70.007303,-17.642059],[-70.014383,-17.625484],[-69.967144,-17.586219],[-69.957648,-17.59075],[-69.943074,-17.577824],[-69.931006,-17.59023],[-69.875748,-17.58484],[-69.872107,-17.546371],[-69.846297,-17.505686],[-69.849799,-17.489418],[-69.836687,-17.471385],[-69.837486,-17.459635],[-69.819555,-17.45465],[-69.802983,-17.461272],[-69.72834,-17.459959],[-69.70343,-17.474103],[-69.679883,-17.457571],[-69.690389,-17.443521],[-69.665562,-17.429221],[-69.65502,-17.41288],[-69.61442,-17.418],[-69.59849,-17.39304],[-69.58811,-17.40189],[-69.52657,-17.40992],[-69.51915,-17.42388],[-69.48779,-17.4377],[-69.468379,-17.464793],[-69.467316,-17.373537],[-69.575219,-17.29259],[-69.64456,-17.28752],[-69.65544,-17.27075],[-69.68293,-17.27874],[-69.69525,-17.27439],[-69.73107,-17.29547],[-69.76184,-17.28044],[-69.76529,-17.26336],[-69.79055,-17.23529],[-69.84991,-17.24421],[-69.87554,-17.22232],[-69.89863,-17.22091],[-69.95795,-17.18659],[-69.97248,-17.16586],[-69.981364,-17.168622],[-69.98763,-17.15142],[-70.013175,-17.14164],[-70.025132,-17.122181],[-70.04033,-17.127679],[-70.0468,-17.09943],[-70.04234,-17.05871],[-70.071432,-17.035566],[-70.072412,-17.035327]]]}},{"type":"Feature","id":"2401","properties":{"ubigeo":"2401","nombre_departamento":"tumbes","nombre_provincia":"tumbes","nombre_distrito":"","capital":"tumbes"},"geometry":{"type":"Polygon","coordinates":[[[-80.403579,-3.485408],[-80.428533,-3.487875],[-80.460953,-3.505922],[-80.457939,-3.500248],[-80.479701,-3.503621],[-80.469703,-3.505707],[-80.474875,-3.506463],[-80.498146,-3.499504],[-80.558783,-3.610547],[-80.581742,-3.63548],[-80.604733,-3.637196],[-80.5992,-3.647336],[-80.60415,-3.67007],[-80.59463,-3.6743],[-80.59779,-3.68141],[-80.57588,-3.70832],[-80.580805,-3.727064],[-80.553451,-3.734517],[-80.552166,-3.772213],[-80.558978,-3.783996],[-80.577734,-3.785361],[-80.589956,-3.831211],[-80.546758,-3.835164],[-80.539795,-3.843187],[-80.55057,-3.882619],[-80.54022,-3.899084],[-80.523206,-3.908053],[-80.533389,-3.928855],[-80.520463,-3.979205],[-80.528051,-4.003159],[-80.515182,-4.021244],[-80.539277,-4.029236],[-80.556752,-4.05209],[-80.583485,-4.138908],[-80.612514,-4.171935],[-80.635645,-4.179258],[-80.644494,-4.205295],[-80.666451,-4.215059],[-80.64523,-4.22956],[-80.62269,-4.23189],[-80.60442,-4.21074],[-80.58982,-4.21412],[-80.58695,-4.19895],[-80.56126,-4.17658],[-80.55898,-4.16108],[-80.518072,-4.09899],[-80.475426,-4.081458],[-80.473514,-4.060659],[-80.479883,-4.054871],[-80.467919,-4.035042],[-80.451127,-4.031027],[-80.456227,-4.017362],[-80.445317,-4.015855],[-80.4451,-3.99613],[-80.43024,-3.9895],[-80.42454,-3.996472],[-80.398287,-3.980264],[-80.377111,-3.989635],[-80.365597,-3.98182],[-80.352759,-3.994765],[-80.338645,-3.992172],[-80.323693,-4.011166],[-80.298076,-4.017258],[-80.26233,-3.99945],[-80.236162,-3.962721],[-80.234955,-3.94883],[-80.21678,-3.95698],[-80.18074,-3.92583],[-80.21255,-3.90262],[-80.25879,-3.90211],[-80.26389,-3.88525],[-80.252531,-3.868859],[-80.257894,-3.82574],[-80.305,-3.772566],[-80.29709,-3.66599],[-80.31296,-3.64353],[-80.342272,-3.625089],[-80.37883,-3.494611],[-80.42104,-3.51281],[-80.415959,-3.496389],[-80.431139,-3.498623],[-80.428703,-3.490182],[-80.441133,-3.494767],[-80.402336,-3.485868],[-80.403579,-3.485408]]]}},{"type":"Feature","id":"2402","properties":{"ubigeo":"2402","nombre_departamento":"tumbes","nombre_provincia":"contralmirante villar","nombre_distrito":"","capital":"zorritos"},"geometry":{"type":"Polygon","coordinates":[[[-80.60203,-3.66574],[-80.604733,-3.637196],[-80.626325,-3.662249],[-80.656559,-3.666775],[-80.726566,-3.710797],[-80.754221,-3.718613],[-80.794619,-3.760203],[-80.828691,-3.837297],[-80.833646,-3.875758],[-80.963059,-3.957883],[-80.972795,-3.976592],[-80.986812,-3.984699],[-81.009588,-4.038098],[-81.041911,-4.082922],[-81.019277,-4.112818],[-80.999963,-4.111361],[-80.971322,-4.127117],[-80.96165,-4.148236],[-80.967562,-4.172598],[-80.94409,-4.168482],[-80.935674,-4.17841],[-80.923676,-4.16948],[-80.882822,-4.192801],[-80.837232,-4.189355],[-80.803307,-4.175967],[-80.78337,-4.18057],[-80.76301,-4.17491],[-80.74475,-4.18429],[-80.73514,-4.17803],[-80.71968,-4.19419],[-80.6949,-4.19009],[-80.66541,-4.215194],[-80.644494,-4.205295],[-80.635645,-4.179258],[-80.612514,-4.171935],[-80.583485,-4.138908],[-80.556752,-4.05209],[-80.539277,-4.029236],[-80.515182,-4.020328],[-80.528051,-4.003159],[-80.520463,-3.979205],[-80.533389,-3.928855],[-80.523206,-3.908053],[-80.54022,-3.899084],[-80.55057,-3.882619],[-80.539795,-3.843187],[-80.546758,-3.835164],[-80.586273,-3.835505],[-80.590661,-3.827765],[-80.577734,-3.785361],[-80.558978,-3.783996],[-80.552166,-3.772213],[-80.553591,-3.733909],[-80.580805,-3.727064],[-80.57588,-3.70832],[-80.60254,-3.66696],[-80.60203,-3.66574]]]}},{"type":"Feature","id":"2403","properties":{"ubigeo":"2403","nombre_departamento":"tumbes","nombre_provincia":"zarumilla","nombre_distrito":"","capital":"zarumilla"},"geometry":{"type":"Polygon","coordinates":[[[-80.285215,-3.412764],[-80.318478,-3.381773],[-80.313185,-3.404508],[-80.337123,-3.456053],[-80.326271,-3.436314],[-80.371906,-3.485723],[-80.394977,-3.492434],[-80.376719,-3.492139],[-80.342272,-3.625089],[-80.31296,-3.64353],[-80.29709,-3.66599],[-80.305,-3.772566],[-80.257894,-3.82574],[-80.252531,-3.868859],[-80.26389,-3.88525],[-80.25879,-3.90211],[-80.21255,-3.90262],[-80.1975,-3.90778],[-80.191,-3.92122],[-80.17159,-3.92561],[-80.158828,-3.913506],[-80.139953,-3.912734],[-80.127196,-3.888119],[-80.15855,-3.86982],[-80.15144,-3.85483],[-80.16311,-3.82767],[-80.16043,-3.80239],[-80.19261,-3.77537],[-80.19194,-3.74854],[-80.18358,-3.75175],[-80.18845,-3.74331],[-80.18018,-3.73516],[-80.19874,-3.68938],[-80.185594,-3.658996],[-80.18662,-3.62913],[-80.19716,-3.61771],[-80.18819,-3.5984],[-80.21113,-3.59221],[-80.21864,-3.57391],[-80.20499,-3.55221],[-80.21573,-3.5],[-80.22801,-3.50162],[-80.23244,-3.48916],[-80.24502,-3.4858],[-80.24013,-3.46125],[-80.220764,-3.4455],[-80.2211,-3.43774],[-80.256668,-3.413154],[-80.284064,-3.412957],[-80.285215,-3.412764]]]}},{"type":"Feature","id":"2501","properties":{"ubigeo":"2501","nombre_departamento":"ucayali","nombre_provincia":"coronel portillo","nombre_distrito":"","capital":"pucallpa"},"geometry":{"type":"Polygon","coordinates":[[[-74.471446,-7.276175],[-74.500091,-7.262049],[-74.535523,-7.293769],[-74.53469,-7.318204],[-74.566011,-7.359708],[-74.579521,-7.409929],[-74.616074,-7.435038],[-74.642902,-7.500086],[-74.643144,-7.562285],[-74.608795,-7.608782],[-74.576227,-7.63723],[-74.57082,-7.668488],[-74.583455,-7.685069],[-74.582084,-7.706014],[-74.558935,-7.747465],[-74.524341,-7.757134],[-74.51561,-7.777825],[-74.569745,-7.81598],[-74.598174,-7.86473],[-74.610144,-7.913982],[-74.627984,-7.939828],[-74.66844,-7.945642],[-74.711275,-7.979002],[-74.727944,-7.981009],[-74.779026,-8.042376],[-74.840385,-8.058352],[-74.887928,-8.084199],[-74.953405,-8.012707],[-74.98226,-7.968986],[-75.005531,-7.970152],[-75.03335,-7.950055],[-75.092217,-7.973676],[-75.14411,-7.979092],[-75.149435,-8.001819],[-75.185697,-8.018443],[-75.195903,-8.052686],[-75.189321,-8.079044],[-75.212493,-8.100482],[-75.212405,-8.123932],[-75.235683,-8.140101],[-75.235406,-8.150502],[-75.247284,-8.154772],[-75.287892,-8.125491],[-75.323526,-8.13931],[-75.346622,-8.129704],[-75.376147,-8.138777],[-75.398131,-8.168469],[-75.430096,-8.166598],[-75.439274,-8.174944],[-75.437683,-8.194973],[-75.453039,-8.210449],[-75.415731,-8.243664],[-75.391078,-8.236154],[-75.37597,-8.245057],[-75.271775,-8.263554],[-75.241733,-8.242666],[-75.217769,-8.240118],[-75.203026,-8.257272],[-75.184285,-8.257266],[-75.172628,-8.26707],[-75.15089,-8.264779],[-75.131955,-8.273241],[-75.129921,-8.265479],[-75.110348,-8.265555],[-75.07206,-8.278126],[-75.040359,-8.312557],[-75.026643,-8.362859],[-75.003954,-8.38249],[-75.016206,-8.392902],[-75.012473,-8.406835],[-75.029831,-8.416329],[-75.025015,-8.442635],[-75.013722,-8.449178],[-75.017375,-8.456732],[-75.008987,-8.461277],[-75.012057,-8.474436],[-75.005061,-8.478017],[-74.99907,-8.50547],[-74.97742,-8.52324],[-74.96011,-8.56601],[-74.93918,-8.5923],[-74.95148,-8.6094],[-74.9668,-8.6658],[-74.94151,-8.72165],[-74.94634,-8.77983],[-74.96587,-8.80848],[-74.954472,-8.863568],[-74.939902,-8.857217],[-74.852199,-8.763094],[-74.847978,-8.69198],[-74.840776,-8.679069],[-74.847146,-8.661524],[-74.664148,-8.561909],[-74.630329,-8.55041],[-74.582982,-8.551087],[-74.547135,-8.584567],[-74.536123,-8.629865],[-74.526598,-8.754996],[-74.532178,-8.776133],[-74.572875,-8.792646],[-74.58809,-8.812646],[-74.618309,-8.832027],[-74.624215,-8.888727],[-74.644311,-8.918783],[-74.65274,-8.979582],[-74.647875,-8.995768],[-74.66171,-9.00383],[-74.669164,-9.020257],[-74.651366,-9.048768],[-74.6584,-9.071404],[-74.678094,-9.094039],[-74.671865,-9.110542],[-74.636539,-9.125511],[-74.639564,-9.159682],[-74.624467,-9.215562],[-74.589904,-9.267172],[-74.58715,-9.296607],[-74.625375,-9.350209],[-74.627374,-9.364775],[-74.654317,-9.368774],[-74.657834,-9.382013],[-74.672751,-9.388883],[-74.684744,-9.408871],[-74.70942,-9.42221],[-74.662603,-9.454946],[-74.581092,-9.476602],[-74.583178,-9.498439],[-74.593494,-9.507362],[-74.574447,-9.545778],[-74.57485,-9.572718],[-74.531654,-9.592103],[-74.493829,-9.592225],[-74.490726,-9.618784],[-74.497291,-9.637598],[-74.489467,-9.651964],[-74.494636,-9.656155],[-74.49014,-9.685196],[-74.47409,-9.730124],[-74.455361,-9.745982],[-74.44724,-9.77715],[-74.453301,-9.863636],[-74.435414,-9.873597],[-74.414825,-9.901231],[-74.412326,-9.953955],[-74.360815,-9.901215],[-74.359215,-9.892915],[-74.375914,-9.871002],[-74.37011,-9.848036],[-74.338308,-9.865863],[-74.33338,-9.838189],[-74.319908,-9.82729],[-74.316959,-9.801582],[-74.295461,-9.806485],[-74.287674,-9.790068],[-74.253418,-9.771727],[-74.216321,-9.773343],[-74.185992,-9.76535],[-74.144432,-9.704641],[-74.103797,-9.712342],[-74.065795,-9.705537],[-74.069459,-9.686611],[-74.049369,-9.656863],[-73.985778,-9.635184],[-73.959754,-9.610787],[-73.875541,-9.596559],[-73.817221,-9.529572],[-73.76475,-9.530882],[-73.743391,-9.540348],[-73.690489,-9.527748],[-73.660419,-9.546081],[-73.665312,-9.571973],[-73.641396,-9.592282],[-73.609186,-9.644408],[-73.568728,-9.658347],[-73.536269,-9.709617],[-73.517814,-9.714996],[-73.469376,-9.75078],[-73.459349,-9.79561],[-73.372558,-9.8252],[-73.37038,-9.861618],[-73.309221,-9.89299],[-73.267953,-9.952269],[-73.221425,-9.972196],[-73.218743,-10.000166],[-73.187157,-10.018338],[-73.197031,-10.047646],[-73.194763,-10.079064],[-73.179467,-10.093853],[-73.15191,-10.03801],[-73.103018,-10.010721],[-73.098492,-9.987128],[-73.079933,-9.988393],[-73.066808,-9.969699],[-73.093184,-9.949542],[-73.111317,-9.920739],[-73.114039,-9.902841],[-73.09737,-9.889974],[-73.100685,-9.876685],[-73.164459,-9.863607],[-73.198478,-9.87023],[-73.209362,-9.853573],[-73.228074,-9.847489],[-73.217811,-9.827125],[-73.238644,-9.787435],[-73.246563,-9.719753],[-73.27658,-9.684205],[-73.267631,-9.678885],[-73.274287,-9.666029],[-73.235508,-9.656021],[-73.219261,-9.663373],[-73.215546,-9.652921],[-73.224964,-9.632372],[-73.213393,-9.576341],[-73.200148,-9.568447],[-73.202936,-9.545591],[-73.189629,-9.526797],[-73.207459,-9.481334],[-73.19362,-9.462898],[-73.204643,-9.444351],[-73.191234,-9.426626],[-73.203797,-9.407154],[-73.186928,-9.399037],[-73.18876,-9.363223],[-73.176666,-9.355006],[-73.169379,-9.360389],[-73.148366,-9.354101],[-73.148094,-9.336723],[-73.133797,-9.330564],[-73.131406,-9.318317],[-73.101434,-9.308117],[-73.107328,-9.275348],[-73.094361,-9.269279],[-73.073518,-9.234607],[-73.062597,-9.227099],[-73.036394,-9.234752],[-73.02371,-9.220429],[-73.009298,-9.222365],[-73.003343,-9.195447],[-73.026825,-9.178845],[-73.011785,-9.174131],[-73.003675,-9.160592],[-72.990159,-9.162032],[-72.958356,-9.143209],[-72.960076,-9.133129],[-72.946103,-9.119092],[-72.939994,-9.093248],[-72.949951,-9.06841],[-72.943002,-9.052871],[-72.94795,-9.028872],[-72.963102,-9.012504],[-72.940911,-8.98494],[-72.96798,-8.981013],[-72.999693,-8.917516],[-73.019276,-8.911298],[-73.037101,-8.91618],[-73.058886,-8.905774],[-73.07108,-8.862425],[-73.080041,-8.860325],[-73.077708,-8.842192],[-73.095794,-8.836404],[-73.112014,-8.819298],[-73.114648,-8.784413],[-73.134633,-8.766723],[-73.140552,-8.749611],[-73.135977,-8.739122],[-73.167241,-8.698298],[-73.204517,-8.687747],[-73.255472,-8.690216],[-73.26569,-8.67133],[-73.284878,-8.664328],[-73.300094,-8.631961],[-73.311875,-8.631906],[-73.319275,-8.610906],[-73.336509,-8.620964],[-73.341042,-8.616784],[-73.335203,-8.533042],[-73.328813,-8.523062],[-73.331831,-8.474035],[-73.371606,-8.472652],[-73.376152,-8.463762],[-73.388115,-8.47024],[-73.406715,-8.431291],[-73.421691,-8.434689],[-73.441311,-8.425401],[-73.485295,-8.384223],[-73.519867,-8.372984],[-73.52182,-8.360135],[-73.54226,-8.34965],[-73.526433,-8.321133],[-73.537613,-8.296773],[-73.526262,-8.270786],[-73.562992,-8.245498],[-73.587386,-8.240861],[-73.571412,-8.22366],[-73.588791,-8.196975],[-73.595695,-8.164561],[-73.584471,-8.128678],[-73.626253,-8.05746],[-73.616851,-8.03425],[-73.639248,-8.006529],[-73.668023,-8.013148],[-73.681664,-7.996752],[-73.6811,-7.983867],[-73.699867,-7.97632],[-73.705635,-7.954703],[-73.726783,-7.965846],[-73.730477,-7.952629],[-73.747887,-7.947373],[-73.740303,-7.929674],[-73.772256,-7.909164],[-73.755225,-7.892328],[-73.765824,-7.866217],[-73.761543,-7.8606],[-73.758268,-7.870672],[-73.735451,-7.878811],[-73.720908,-7.872396],[-73.703574,-7.875957],[-73.67816,-7.857964],[-73.682824,-7.817894],[-73.676188,-7.80053],[-73.68848,-7.767135],[-73.711717,-7.760905],[-73.714799,-7.742386],[-73.734089,-7.744752],[-73.741416,-7.733287],[-73.80176,-7.713721],[-73.817756,-7.71726],[-73.822465,-7.700516],[-73.836061,-7.69223],[-73.83918,-7.666871],[-73.855377,-7.67759],[-73.868064,-7.675297],[-73.900459,-7.640228],[-73.889023,-7.603553],[-73.958404,-7.564437],[-73.978568,-7.561471],[-73.983033,-7.534361],[-74.012092,-7.513885],[-74.018373,-7.491445],[-74.036474,-7.481244],[-74.039109,-7.448879],[-74.132937,-7.400802],[-74.141636,-7.377772],[-74.180857,-7.358747],[-74.233727,-7.360016],[-74.253659,-7.343682],[-74.284037,-7.354202],[-74.344313,-7.34473],[-74.361567,-7.336607],[-74.370178,-7.317272],[-74.413827,-7.314897],[-74.431321,-7.301595],[-74.444447,-7.307129],[-74.463521,-7.298597],[-74.470519,-7.277292],[-74.471446,-7.276175]]]}},{"type":"Feature","id":"2502","properties":{"ubigeo":"2502","nombre_departamento":"ucayali","nombre_provincia":"atalaya","nombre_distrito":"","capital":"atalaya"},"geometry":{"type":"Polygon","coordinates":[[[-73.181457,-9.411742],[-73.20076,-9.412193],[-73.191234,-9.426626],[-73.204643,-9.444351],[-73.19362,-9.462898],[-73.207459,-9.481334],[-73.189629,-9.526797],[-73.202936,-9.545591],[-73.200148,-9.568447],[-73.213393,-9.576341],[-73.225208,-9.635126],[-73.214944,-9.648478],[-73.218929,-9.663041],[-73.235508,-9.656021],[-73.272822,-9.664258],[-73.267631,-9.678885],[-73.27658,-9.684205],[-73.243002,-9.730395],[-73.247322,-9.749647],[-73.238644,-9.787435],[-73.217758,-9.827472],[-73.227851,-9.847809],[-73.209362,-9.853573],[-73.198478,-9.87023],[-73.164459,-9.863607],[-73.100685,-9.876685],[-73.09737,-9.889974],[-73.114039,-9.902841],[-73.111505,-9.920219],[-73.094122,-9.948505],[-73.066592,-9.971404],[-73.079933,-9.988393],[-73.098492,-9.987128],[-73.103018,-10.010721],[-73.15191,-10.03801],[-73.179467,-10.093853],[-73.194763,-10.079064],[-73.197031,-10.047646],[-73.187157,-10.018338],[-73.218743,-10.000166],[-73.221425,-9.972196],[-73.267953,-9.952269],[-73.309221,-9.89299],[-73.37038,-9.861618],[-73.372558,-9.8252],[-73.459349,-9.79561],[-73.469376,-9.75078],[-73.517814,-9.714996],[-73.536269,-9.709617],[-73.568728,-9.658347],[-73.609186,-9.644408],[-73.641396,-9.592282],[-73.665312,-9.571973],[-73.660419,-9.546081],[-73.690489,-9.527748],[-73.743391,-9.540348],[-73.76475,-9.530882],[-73.817221,-9.529572],[-73.875541,-9.596559],[-73.959754,-9.610787],[-73.985778,-9.635184],[-74.049369,-9.656863],[-74.069459,-9.686611],[-74.065795,-9.705537],[-74.103797,-9.712342],[-74.144432,-9.704641],[-74.185992,-9.76535],[-74.216321,-9.773343],[-74.253418,-9.771727],[-74.287674,-9.790068],[-74.295461,-9.806485],[-74.316959,-9.801582],[-74.319908,-9.82729],[-74.33338,-9.838189],[-74.338458,-9.865975],[-74.369226,-9.846648],[-74.375914,-9.871002],[-74.359315,-9.895915],[-74.374564,-9.920106],[-74.412326,-9.953955],[-74.424587,-9.985331],[-74.412398,-10.00824],[-74.418828,-10.02575],[-74.404322,-10.050601],[-74.389899,-10.051349],[-74.366967,-10.112896],[-74.355229,-10.118777],[-74.331274,-10.108546],[-74.315019,-10.113156],[-74.302873,-10.164838],[-74.245427,-10.176653],[-74.230607,-10.186317],[-74.235171,-10.21826],[-74.226395,-10.230498],[-74.227158,-10.27733],[-74.234371,-10.295435],[-74.252195,-10.305131],[-74.236914,-10.321606],[-74.262742,-10.363661],[-74.242005,-10.383165],[-74.244241,-10.410446],[-74.252884,-10.417137],[-74.239291,-10.441186],[-74.225772,-10.443874],[-74.178719,-10.488645],[-74.18235,-10.503331],[-74.134104,-10.599108],[-74.139402,-10.625197],[-74.132,-10.660948],[-74.138618,-10.670733],[-74.140454,-10.656766],[-74.169837,-10.636934],[-74.192755,-10.639176],[-74.203681,-10.630144],[-74.229665,-10.634598],[-74.227578,-10.65184],[-74.252809,-10.65948],[-74.25892,-10.680432],[-74.286881,-10.670412],[-74.287574,-10.684307],[-74.317162,-10.7155],[-74.316443,-10.725931],[-74.337021,-10.733857],[-74.350299,-10.754734],[-74.359716,-10.759412],[-74.3839,-10.74748],[-74.385213,-10.764485],[-74.374396,-10.788568],[-74.386765,-10.813116],[-74.431056,-10.812957],[-74.467302,-10.836659],[-74.482676,-10.835391],[-74.491928,-10.84461],[-74.484542,-10.855873],[-74.487083,-10.889033],[-74.506712,-10.899515],[-74.547996,-10.890997],[-74.569232,-10.904036],[-74.56996,-10.915208],[-74.562363,-10.913682],[-74.508384,-10.9503],[-74.496472,-11.000239],[-74.45031,-11.001867],[-74.373168,-11.05662],[-74.341634,-11.054773],[-74.31645,-11.036713],[-74.281507,-11.033126],[-74.256436,-11.018223],[-74.202767,-11.021013],[-74.19087,-10.985997],[-74.155653,-10.998761],[-74.137384,-10.988694],[-74.102906,-10.986404],[-74.061358,-10.995745],[-74.007202,-10.991308],[-73.978838,-11.069038],[-73.983718,-11.092441],[-73.975927,-11.125498],[-73.954551,-11.150399],[-73.916487,-11.143102],[-73.890614,-11.169653],[-73.86306,-11.169124],[-73.852696,-11.164262],[-73.865647,-11.09868],[-73.862202,-10.978775],[-73.855748,-10.956966],[-73.82366,-10.921579],[-73.826749,-10.911354],[-73.813005,-10.889241],[-73.820774,-10.879014],[-73.816012,-10.857368],[-73.822158,-10.836072],[-73.814217,-10.799896],[-73.786939,-10.794139],[-73.778368,-10.774529],[-73.781986,-10.750625],[-73.742116,-10.734008],[-73.731742,-10.753818],[-73.668029,-10.791113],[-73.666568,-10.80264],[-73.610396,-10.846574],[-73.560898,-10.859256],[-73.564259,-10.934033],[-73.572577,-10.9545],[-73.558779,-10.974963],[-73.553012,-11.014052],[-73.540993,-11.022098],[-73.542579,-11.047424],[-73.482603,-11.065242],[-73.471081,-11.088493],[-73.466781,-11.119072],[-73.475186,-11.128356],[-73.449812,-11.236768],[-73.463231,-11.284409],[-73.459194,-11.300924],[-73.484129,-11.318531],[-73.484561,-11.350264],[-73.479534,-11.353973],[-73.467869,-11.343651],[-73.449759,-11.368083],[-73.414914,-11.386853],[-73.386262,-11.37127],[-73.37866,-11.350741],[-73.352955,-11.334178],[-73.341705,-11.310996],[-73.255999,-11.312535],[-73.237132,-11.299513],[-73.213188,-11.299082],[-73.205995,-11.290196],[-73.193728,-11.293155],[-73.184968,-11.285903],[-73.131662,-11.293927],[-73.082137,-11.273284],[-73.065041,-11.284355],[-73.025551,-11.264161],[-73.015722,-11.231369],[-72.977062,-11.212293],[-72.96618,-11.217324],[-72.975483,-11.224352],[-72.967935,-11.266227],[-72.955879,-11.263381],[-72.956273,-11.272868],[-72.945189,-11.275437],[-72.935632,-11.290825],[-72.952825,-11.293278],[-72.955556,-11.304616],[-72.932462,-11.307347],[-72.940445,-11.322689],[-72.944425,-11.309869],[-72.959512,-11.314196],[-72.950928,-11.324632],[-72.9649,-11.329498],[-72.961675,-11.334855],[-72.949518,-11.3305],[-72.944737,-11.339914],[-72.924353,-11.327405],[-72.920794,-11.333836],[-72.93284,-11.350384],[-72.920924,-11.355443],[-72.926372,-11.348253],[-72.919886,-11.343639],[-72.894684,-11.35826],[-72.890366,-11.343175],[-72.887234,-11.356499],[-72.876181,-11.355289],[-72.877061,-11.364307],[-72.859167,-11.355432],[-72.852862,-11.365283],[-72.844439,-11.363284],[-72.844415,-11.373349],[-72.833969,-11.374301],[-72.842464,-11.38684],[-72.82268,-11.389609],[-72.816198,-11.375084],[-72.799729,-11.38557],[-72.797036,-11.364431],[-72.789458,-11.368602],[-72.794975,-11.384557],[-72.763349,-11.37161],[-72.738238,-11.347429],[-72.723264,-11.350753],[-72.71768,-11.362111],[-72.712378,-11.347353],[-72.709736,-11.378813],[-72.698617,-11.380408],[-72.692302,-11.395698],[-72.665695,-11.385909],[-72.645569,-11.412766],[-72.634218,-11.405055],[-72.631892,-11.415674],[-72.617167,-11.417785],[-72.62433,-11.425613],[-72.607511,-11.429252],[-72.608691,-11.440138],[-72.601146,-11.418433],[-72.591042,-11.432094],[-72.594116,-11.440836],[-72.580821,-11.430798],[-72.581818,-11.439124],[-72.553665,-11.43208],[-72.547126,-11.448313],[-72.548847,-11.436888],[-72.536316,-11.434801],[-72.533691,-11.424838],[-72.534201,-11.438514],[-72.525315,-11.439244],[-72.524026,-11.431041],[-72.515977,-11.430724],[-72.517756,-11.417683],[-72.511842,-11.425031],[-72.507187,-11.420713],[-72.509822,-11.411509],[-72.501215,-11.409019],[-72.498952,-11.395024],[-72.493061,-11.40401],[-72.482212,-11.398119],[-72.487517,-11.393341],[-72.481115,-11.387556],[-72.474338,-11.392349],[-72.469365,-11.385257],[-72.464857,-11.390606],[-72.449034,-11.385768],[-72.449845,-11.371478],[-72.425127,-11.368487],[-72.423594,-11.355174],[-72.403384,-11.357112],[-72.399327,-11.343153],[-72.396502,-11.349764],[-72.393436,-11.342101],[-72.387095,-11.347661],[-72.381164,-11.334023],[-72.361023,-11.333863],[-72.338295,-11.31708],[-72.315002,-11.321775],[-72.307709,-11.307],[-72.283752,-11.316891],[-72.280061,-11.339605],[-72.255043,-11.329861],[-72.246021,-11.346161],[-72.204623,-11.347433],[-72.218885,-11.296861],[-72.199413,-11.264235],[-72.205179,-11.239896],[-72.197061,-11.227861],[-72.199408,-11.197811],[-72.186523,-11.184889],[-72.206781,-11.172295],[-72.193856,-11.156662],[-72.187935,-11.163729],[-72.184319,-11.155543],[-72.17648,-11.159112],[-72.166996,-11.142218],[-72.135324,-11.135682],[-72.12143,-11.122029],[-72.121406,-11.107141],[-72.151768,-11.086444],[-72.178771,-11.097551],[-72.183299,-11.092592],[-72.182509,-11.057799],[-72.193061,-11.049677],[-72.174432,-11.032357],[-72.185191,-11.008932],[-72.194178,-11.004493],[-72.21629,-11.01311],[-72.239977,-10.983532],[-72.262126,-10.971676],[-72.315856,-10.982789],[-72.330947,-10.968641],[-72.360415,-10.962102],[-72.398047,-10.932658],[-72.4008,-10.915946],[-72.419036,-10.906292],[-72.429719,-10.886006],[-72.428215,-10.861957],[-72.437211,-10.84259],[-72.472324,-10.817066],[-72.484348,-10.792189],[-72.481404,-10.767556],[-72.466789,-10.750529],[-72.46686,-10.716273],[-72.445804,-10.638317],[-72.406097,-10.649462],[-72.38794,-10.594657],[-72.392279,-10.574502],[-72.378843,-10.5477],[-72.380802,-10.537832],[-72.409425,-10.516278],[-72.46443,-10.509],[-72.427674,-10.489551],[-72.41976,-10.47232],[-72.423341,-10.443908],[-72.477167,-10.378694],[-72.477768,-10.366111],[-72.465174,-10.347243],[-72.478245,-10.330977],[-72.472381,-10.299781],[-72.444721,-10.255042],[-72.41889,-10.233439],[-72.368066,-10.213494],[-72.364463,-10.200458],[-72.334323,-10.178157],[-72.242548,-10.18881],[-72.229418,-10.163066],[-72.155683,-10.164031],[-72.142675,-10.139477],[-72.146574,-10.098462],[-72.141066,-10.090549],[-72.162895,-10.076094],[-72.189961,-10.007508],[-72.17717,-9.985498],[-72.158847,-9.979176],[-72.149874,-9.966],[-72.16205,-9.953577],[-72.155827,-9.942233],[-72.17436,-9.931563],[-72.165577,-9.909279],[-72.150712,-9.905742],[-72.135935,-9.874872],[-72.148201,-9.872228],[-72.154305,-9.835258],[-72.162833,-9.830402],[-72.15141,-9.797305],[-72.186912,-9.778207],[-72.214869,-9.778816],[-72.245623,-9.750834],[-72.262955,-9.750855],[-72.24539,-9.65874],[-72.25961,-9.64571],[-72.25315,-9.61576],[-72.26843,-9.62076],[-72.28832,-9.60282],[-72.28133,-9.5423],[-72.29817,-9.5331],[-72.318586,-9.543794],[-72.342476,-9.520527],[-72.340497,-9.506922],[-72.366982,-9.4897],[-72.378119,-9.4952],[-72.407492,-9.477154],[-72.426467,-9.485696],[-72.440474,-9.476982],[-72.454619,-9.489769],[-72.4881,-9.479543],[-72.515255,-9.484217],[-72.519535,-9.491281],[-72.542144,-9.467022],[-72.557021,-9.465865],[-72.561323,-9.472513],[-72.567831,-9.459951],[-72.577343,-9.464175],[-72.57678,-9.455868],[-72.619955,-9.453462],[-72.627818,-9.442365],[-72.643323,-9.4422],[-72.65502,-9.452045],[-72.682639,-9.433454],[-72.695146,-9.439365],[-72.698931,-9.429222],[-72.711582,-9.430004],[-72.716295,-9.412242],[-73.13475,-9.41185],[-73.181457,-9.411742]]]}},{"type":"Feature","id":"2503","properties":{"ubigeo":"2503","nombre_departamento":"ucayali","nombre_provincia":"padre abad","nombre_distrito":"","capital":"aguaytia"},"geometry":{"type":"Polygon","coordinates":[[[-75.436632,-8.229986],[-75.455126,-8.210748],[-75.47168,-8.252567],[-75.488445,-8.264097],[-75.502877,-8.289412],[-75.49134,-8.312146],[-75.493844,-8.328651],[-75.510054,-8.334817],[-75.498822,-8.345888],[-75.482674,-8.345477],[-75.477181,-8.386369],[-75.463816,-8.393839],[-75.449575,-8.420988],[-75.419406,-8.44321],[-75.419565,-8.451534],[-75.457594,-8.449801],[-75.477002,-8.435367],[-75.510835,-8.432045],[-75.527265,-8.439974],[-75.54642,-8.432394],[-75.572289,-8.444582],[-75.583464,-8.441186],[-75.597749,-8.412949],[-75.61808,-8.408323],[-75.64512,-8.408895],[-75.687319,-8.423294],[-75.707171,-8.443741],[-75.716461,-8.486895],[-75.76069,-8.487385],[-75.770134,-8.498088],[-75.784549,-8.494326],[-75.783369,-8.50524],[-75.799222,-8.512156],[-75.78216,-8.52544],[-75.77826,-8.546411],[-75.79507,-8.592993],[-75.817723,-8.617258],[-75.816801,-8.636021],[-75.833669,-8.652162],[-75.853494,-8.649162],[-75.891321,-8.660217],[-75.947824,-8.72067],[-75.921647,-8.780808],[-75.927883,-8.844538],[-75.910511,-8.896328],[-75.901273,-8.898151],[-75.903121,-8.915495],[-75.883767,-8.972733],[-75.894504,-8.983714],[-75.891471,-9.003024],[-75.860036,-9.050056],[-75.837876,-9.061944],[-75.837874,-9.084893],[-75.825017,-9.090051],[-75.82152,-9.118965],[-75.802452,-9.151776],[-75.796127,-9.20267],[-75.775067,-9.21973],[-75.76379,-9.217098],[-75.763963,-9.237848],[-75.720242,-9.277228],[-75.705691,-9.336267],[-75.688623,-9.349366],[-75.695012,-9.363927],[-75.671488,-9.384863],[-75.66896,-9.418437],[-75.61666,-9.414076],[-75.611378,-9.406141],[-75.600659,-9.413813],[-75.493644,-9.377012],[-75.456255,-9.325],[-75.451968,-9.296344],[-75.418494,-9.292606],[-75.372154,-9.31023],[-75.349491,-9.304544],[-75.334057,-9.288765],[-75.313929,-9.302089],[-75.304288,-9.297024],[-75.272272,-9.268045],[-75.27192,-9.233415],[-75.256686,-9.232476],[-75.242203,-9.220934],[-75.220911,-9.180077],[-75.211932,-9.176427],[-75.216481,-9.155075],[-75.228754,-9.147704],[-75.241313,-9.101102],[-75.206455,-9.101339],[-75.204902,-9.080287],[-75.194674,-9.073127],[-75.201215,-9.063838],[-75.162401,-9.033953],[-75.175709,-9.024735],[-75.173864,-9.011575],[-75.156811,-9.010309],[-75.154346,-8.999126],[-75.139215,-8.999503],[-75.13756,-8.988363],[-75.119755,-8.98356],[-75.120105,-8.960699],[-75.134845,-8.945969],[-75.108413,-8.922291],[-75.119428,-8.907176],[-75.122592,-8.880954],[-75.072939,-8.87312],[-75.064715,-8.882277],[-75.022404,-8.858527],[-74.988756,-8.871504],[-74.954472,-8.863568],[-74.96587,-8.80848],[-74.94634,-8.77983],[-74.94151,-8.72165],[-74.9668,-8.6658],[-74.95148,-8.6094],[-74.93918,-8.5923],[-74.96011,-8.56601],[-74.97742,-8.52324],[-74.99907,-8.50547],[-75.005061,-8.478017],[-75.012057,-8.474436],[-75.008987,-8.461277],[-75.017375,-8.456732],[-75.013722,-8.449178],[-75.025015,-8.442635],[-75.029831,-8.416329],[-75.012473,-8.406835],[-75.016206,-8.392902],[-75.003954,-8.38249],[-75.026643,-8.362859],[-75.040359,-8.312557],[-75.08145,-8.2739],[-75.110547,-8.265508],[-75.129921,-8.265479],[-75.131955,-8.273241],[-75.15089,-8.264779],[-75.172628,-8.26707],[-75.184285,-8.257266],[-75.203026,-8.257272],[-75.217769,-8.240118],[-75.241733,-8.242666],[-75.272193,-8.263549],[-75.37597,-8.245057],[-75.391078,-8.236154],[-75.416831,-8.243448],[-75.436506,-8.230023],[-75.436632,-8.229986]]]}},{"type":"Feature","id":"2504","properties":{"ubigeo":"2504","nombre_departamento":"ucayali","nombre_provincia":"purus","nombre_distrito":"","capital":"puerto esperanza"},"geometry":{"type":"Polygon","coordinates":[[[-70.613804,-9.873393],[-70.62314,-9.81995],[-70.60816,-9.80114],[-70.5909,-9.80298],[-70.57777,-9.77779],[-70.55963,-9.78947],[-70.54592,-9.7788],[-70.52523,-9.71498],[-70.54256,-9.67994],[-70.55302,-9.66818],[-70.56663,-9.66741],[-70.5847,-9.64084],[-70.59824,-9.60762],[-70.58804,-9.59833],[-70.58565,-9.57558],[-70.599725,-9.564092],[-70.599157,-9.556136],[-70.58909,-9.54887],[-70.587548,-9.567258],[-70.576385,-9.563726],[-70.566034,-9.573184],[-70.555318,-9.571885],[-70.556292,-9.560763],[-70.569078,-9.55435],[-70.564004,-9.540711],[-70.570621,-9.532917],[-70.542129,-9.537699],[-70.544334,-9.51409],[-70.530979,-9.515524],[-70.531517,-9.503548],[-70.521921,-9.505467],[-70.513717,-9.492803],[-70.505699,-9.504602],[-70.524902,-9.461199],[-70.504777,-9.463339],[-70.511558,-9.44775],[-70.495874,-9.440883],[-70.496654,-9.424887],[-70.510466,-9.424679],[-70.52602,-9.438308],[-70.526722,-9.428893],[-70.538531,-9.43836],[-70.54649,-9.427878],[-70.549689,-9.435655],[-70.561914,-9.430011],[-70.57081,-9.440389],[-70.595806,-9.442496],[-70.596352,-9.459091],[-70.611542,-9.457426],[-70.61599,-9.476128],[-70.623299,-9.470587],[-70.631903,-9.480191],[-70.635781,-9.501632],[-70.652952,-9.500267],[-70.651379,-9.512372],[-70.663203,-9.526011],[-70.66612,-9.51942],[-70.679719,-9.534459],[-70.714758,-9.547149],[-70.729797,-9.570256],[-70.73832,-9.559005],[-70.750669,-9.560426],[-70.759533,-9.584044],[-70.757241,-9.604253],[-70.767753,-9.600693],[-70.765691,-9.606971],[-70.786147,-9.614269],[-70.793319,-9.638462],[-70.836149,-9.643235],[-70.838245,-9.656367],[-70.868502,-9.664809],[-70.897805,-9.714134],[-70.923827,-9.741298],[-70.963367,-9.748912],[-70.99243,-9.79504],[-70.99391,-9.81721],[-71.05122,-9.81584],[-71.05859,-9.82475],[-71.07692,-9.8277],[-71.10224,-9.85319],[-71.13974,-9.857016],[-71.171182,-9.890527],[-71.178764,-9.918119],[-71.18943,-9.920914],[-71.192574,-9.941764],[-71.205094,-9.946381],[-71.209389,-9.965053],[-71.220519,-9.969678],[-71.253213,-9.962926],[-71.253998,-9.976559],[-71.291055,-9.981928],[-71.29819,-9.992199],[-71.312408,-9.991639],[-71.342764,-9.966773],[-71.350066,-9.985186],[-71.360008,-9.98374],[-71.375045,-10.000144],[-72.181013,-9.999798],[-72.189776,-10.006703],[-72.189232,-10.022135],[-72.162895,-10.076094],[-72.141066,-10.090549],[-72.146574,-10.098462],[-72.142675,-10.139477],[-72.156515,-10.165016],[-72.229418,-10.163066],[-72.242548,-10.18881],[-72.334323,-10.178157],[-72.364463,-10.200458],[-72.368066,-10.213494],[-72.41889,-10.233439],[-72.444721,-10.255042],[-72.472381,-10.299781],[-72.478157,-10.331638],[-72.465145,-10.349533],[-72.477768,-10.366111],[-72.477167,-10.378694],[-72.423341,-10.443908],[-72.419659,-10.473632],[-72.427674,-10.489551],[-72.46443,-10.509],[-72.409425,-10.516278],[-72.380802,-10.537832],[-72.378843,-10.5477],[-72.392279,-10.574502],[-72.38794,-10.594657],[-72.406097,-10.649462],[-72.445804,-10.638317],[-72.46686,-10.716273],[-72.466789,-10.750529],[-72.483935,-10.780903],[-72.472324,-10.817066],[-72.437211,-10.84259],[-72.421396,-10.902966],[-72.4008,-10.915946],[-72.398047,-10.932658],[-72.371795,-10.953579],[-72.346739,-10.969691],[-72.330947,-10.968641],[-72.312634,-10.983514],[-72.262126,-10.971676],[-72.239977,-10.983532],[-72.213743,-11.013669],[-72.194178,-11.004493],[-72.185191,-11.008932],[-72.173538,-10.995526],[-72.15825,-11.005288],[-72.152863,-10.994215],[-72.12793,-10.979842],[-72.125035,-10.995624],[-72.10471,-10.992931],[-72.054413,-11.011074],[-72.043699,-10.99692],[-72.010833,-10.987747],[-71.938377,-11.003895],[-71.923332,-10.996097],[-71.847008,-10.995679],[-71.828463,-11.011868],[-71.808953,-10.993828],[-71.780228,-10.987814],[-71.751144,-10.993752],[-71.729283,-10.983676],[-71.716003,-10.99785],[-71.701694,-10.973839],[-71.693556,-10.979741],[-71.680723,-10.971558],[-71.661719,-10.983184],[-71.558854,-10.964803],[-71.531977,-10.952138],[-71.527149,-10.961727],[-71.508132,-10.966092],[-71.485951,-10.96379],[-71.472509,-10.953693],[-71.44823,-10.959054],[-71.412941,-10.958068],[-71.393455,-10.947334],[-71.355218,-10.950617],[-71.336126,-10.916788],[-71.317305,-10.909565],[-71.308337,-10.877814],[-71.294714,-10.876299],[-71.272727,-10.852819],[-71.271474,-10.819047],[-71.258723,-10.784935],[-71.245054,-10.776529],[-71.221564,-10.776698],[-71.228866,-10.764998],[-71.218749,-10.760206],[-71.224603,-10.730653],[-71.215537,-10.714948],[-71.227815,-10.702813],[-71.231313,-10.685239],[-71.206291,-10.65216],[-71.220803,-10.636734],[-71.196213,-10.579861],[-71.165293,-10.569644],[-71.164571,-10.531261],[-71.1468,-10.530984],[-71.128514,-10.504736],[-71.078506,-10.501371],[-71.024533,-10.4782],[-71.000639,-10.442222],[-71.004972,-10.430819],[-70.958415,-10.389577],[-70.968012,-10.335551],[-70.889459,-10.335139],[-70.873993,-10.300696],[-70.880833,-10.26197],[-70.866854,-10.253047],[-70.803201,-10.251154],[-70.750693,-10.191012],[-70.706443,-10.161357],[-70.708231,-10.13684],[-70.698174,-10.118031],[-70.6499,-10.079475],[-70.644542,-10.06874],[-70.660032,-10.051466],[-70.652059,-10.04006],[-70.672318,-10.023135],[-70.656893,-9.999729],[-70.667627,-9.970693],[-70.648521,-9.951576],[-70.650894,-9.931955],[-70.633479,-9.898958],[-70.639539,-9.884376],[-70.621403,-9.878082],[-70.613804,-9.873393]]]}}]}