{"type":"Topology","objects":{"peru":{"type":"GeometryCollection","geometries":[{"type":"Polygon","arcs":[[0,1,2,3,4,5,6,7,8,9,10,11,12,13,14,15,16,17,18,19,20,21,22,23,24,25,26,27,28,29,30,31,32,33,34,35,36,37,38,39,40,41,42,43,44,45,46,47,48,49,50,51,52,53,54,55,56,57,58,59,60,61,62,63,64,65,66]],"id":"01","properties":{"ubigeo":"01","nombre_departamento":"amazonas","nombre_provincia":"","nombre_distrito":"","capital":"chachapoyas"}},{"type":"Polygon","arcs":[[67,68,69,70,71,72,73,74,75,76,77,78,79,80,81,82,83,84,85,86,87,88,89,90,91,92,93,94,95,96,97,98,99,100,101,102,103,104,105,106,107,108,109,110,111,112,113,114,115,116]],"id":"02","properties":{"ubigeo":"02","nombre_departamento":"ancash","nombre_provincia":"","nombre_distrito":"","capital":"huaraz"}},{"type":"Polygon","arcs":[[117,118,119,120,121,122,123,124,125,126,127,128,129,130,131,132,133,134,135,136,137,138,139,140,141,142,143,144,145,146,147,148,149,150,151,152,153,154,155,156,157,158,159,160,161,162,163,164,165,166,167,168,169,170,171,172,173,174,175,176,177,178,179,180,181,182,183,184,185,186,187,188,189,190,191,192,193,194,195,196,197,198,199,200,201,202,203]],"id":"03","properties":{"ubigeo":"03","nombre_departamento":"apurimac","nombre_provincia":"","nombre_distrito":"","capital":"abancay"}},{"type":"Polygon","arcs":[[204,205,206,207,208,209,210,211,212,213,214,215,216,217,218,219,220,221,222,223,224,225,226,227,-158,228,-156,229,-154,230,-152,231,-150,232,233,234,235,236,237,238,239,240,241,242,243,244,245,246,247,248,249,250,251,252,253,254,255,256,257,258,259,260,261,262,263,264,265,266,267,268,269,270,271,272,273,274,275,276,277,278,279,280,281,282,283,284,285,286,287,288,289,290,291,292,293,294,295,296,297,298,299,300,301,302,303,304,305,306,307,308,309,310,311,312,313,314,315,316,317,318,319],[320]],"id":"04","properties":{"ubigeo":"04","nombre_departamento":"arequipa","nombre_provincia":"","nombre_distrito":"","capital":"arequipa"}},{"type":"Polygon","arcs":[[321,322,323,324,325,326,327,328,329,330,331,332,333,334,335,336,337,338,339,340,341,342,343,344,345,346,347,348,349,350,351,352,353,354,355,356,357,358,359,360,361,362,363,364,365,366,-245,367,-243,368,-241,369,-239,370,-237,371,372,-234,373,-148,374,-146,375,376,-143,377,-141,378,-139,379,380,-136,381,-134,382,383,384,-130,385,-128,386,-126,387,-124,388,-122,389,-120,390,-118,391,-203,392,-201,393,394,-198,395,396,397,398,399,400,401,402,403,404,405,406,407,408,409,410,411,412,413,414,415,416,417,418,419,420,421,422,423,424,425,426,427,428,429,430,431,432,433,434,435,436,437,438,439,440,441,442,443],[444]],"id":"05","properties":{"ubigeo":"05","nombre_departamento":"ayacucho","nombre_provincia":"","nombre_distrito":"","capital":"ayacucho"}},{"type":"Polygon","arcs":[[445,446,447,448,449,450,451,452,453,454,455,456,457,458,459,460,461,462,463,464,465,466,467,468,469,470,471,472,473,474,475,476,477,478,-7,479,480,-4,481]],"id":"06","properties":{"ubigeo":"06","nombre_departamento":"cajamarca","nombre_provincia":"","nombre_distrito":"","capital":"cajamarca"}},{"type":"Polygon","arcs":[[482,483,484,485,486,487,488,489,490,491]],"id":"07","properties":{"ubigeo":"07","nombre_departamento":"callao","nombre_provincia":"","nombre_distrito":"","capital":"callao"}},{"type":"Polygon","arcs":[[492,493,494,495,496,497,498,499,500,501,502,503,504,505,506,507,508,509,510,511,512,513,514,515,516,517,518,519,520,521,522,523,-422,524,525,-419,526,-417,527,-415,528,-413,529,530,-410,531,-408,532,-406,533,534,535,-402,536,537,-399,538,-397,539,-196,540,-194,541,542,-191,543,-189,544,-187,545,546,547,-183,548,-181,549,550,-178,551,-176,552,-174,553,554,-171,555,-169,556,-167,557,-165,558,-163,559,-161,560,561,562,-226,563,-224,564,-222,565,-220,566,-218,567,-216,568,-214,569,570,-211,571,-209,572,-207,573,-205,574,-319,575,-317,576,-315,577,-313,578,-311,579,-309,580,-307,581,-305,582,-303,583,584,585,586,587,588,589,590,591,592,593,594,595,596,597,598,599,600,601,602,603,604,605,606,607,608,609,610,611,612,613,614,615,616,617,618,619,620,621,622,623,624,625,626,627,628,629,630,631,632,633,634,635,636,637,638,639,640,641,642,643,644,645,646,647,648,649,650,651,652,653,654,655,656,657,658,659,660,661],[662]],"id":"08","properties":{"ubigeo":"08","nombre_departamento":"cusco","nombre_provincia":"","nombre_distrito":"","capital":"cusco"}},{"type":"Polygon","arcs":[[663,664,665,666,667,668,669,670,671,672,673,674,675,676,677,678,679,680,681,682,683,684,685,686,687,688,689,690,691,692,693,694,695,696,697,698,699,700,701,702,703,704,705,706,707,708,709,710,711,712,713,-338,714,715,-335,716,-333,717,-331,718,-329,719,-327,720,-325,721,-323,722,723,724,725,726,727,728]],"id":"09","properties":{"ubigeo":"09","nombre_departamento":"huancavelica","nombre_provincia":"","nombre_distrito":"","capital":"huancavelica"}},{"type":"Polygon","arcs":[[729,730,731,732,733,734,735,736,737,738,739,740,741,742,743,744,745,746,747,748,749,-108,750,-106,751,-104,752,-102,753,-100,754,-98,755,-96,756,-94,757,-92,758,-90,759,760,761,762,763,764,765,766,767,768,769,770,771,772,773,774,775,776,777,778,779,780,781,782,783,784,785,786,787,788,789,790,791,792,793,794,795,796,797,798,799,800,801,802,803,804]],"id":"10","properties":{"ubigeo":"10","nombre_departamento":"huanuco","nombre_provincia":"","nombre_distrito":"","capital":"huanuco"}},{"type":"Polygon","arcs":[[805,806,807,808,809,810,811,812,813,814,815,816,817,818,819,820,-251,821,-249,822,-247,823,-366,824,-364,825,-362,826,-360,827,828,-357,829,830,-354,831,-352,832,-350,833,-348,834,-346,835,-344,836,-342,837,-340,838,839,-712,840,-710,841,842,-707,843,-705,844,-703,845,-701,846,847,-698,848,-696,849,-694,850,851,-691,852,-689,853,-687,854,-685,855,-683,856,-681,857]],"id":"11","properties":{"ubigeo":"11","nombre_departamento":"ica","nombre_provincia":"","nombre_distrito":"","capital":"ica"}},{"type":"Polygon","arcs":[[858,859,860,861,862,863,864,865,866,867,868,869,870,871,872,873,874,875,876,877,878,879,880,881,882,883,884,885,886,887,888,889,890,891,892,893,894,895,896,897,898,899,900,901,902,903,904,905,906,907,908,909,910,911,912,913,914,915,916,917,918,919,-668,920,-666,921,-664,922,-728,923,-726,924,925,-443,926,-441,927,-439,928,929,-436,930,-434,931,932,-431,933,-429,934,935,-426,936,-424,937,-523,938,-521,939,-519,940,-517,941,-515,942,943,-512,944,-510,945,-508,946,-506,947,-504,948,-502,949,-500,950,951,952,953,954,955,956,957,958,959,960,961,962,963,964,965,966,967,968,969,970,971,972,973,974,975,976,977,978,979,980,981,982,983,984,985,986,987,988,989]],"id":"12","properties":{"ubigeo":"12","nombre_departamento":"junin","nombre_provincia":"","nombre_distrito":"","capital":"huancayo"}},{"type":"Polygon","arcs":[[-19,990,-17,991,992,993,-13,994,-11,995,996,997,998,-477,999,-475,1000,-473,1001,-471,1002,-469,1003,1004,-466,1005,1006,-463,1007,-461,1008,-459,1009,-457,1010,-455,1011,1012,1013,-72,1014,-70,1015,-68,1016,-116,1017,1018,-113,1019,1020,-747,1021,-745,1022,-743,1023,-741,1024,-739,1025,1026,1027,1028,1029,1030,1031,1032,1033,1034,1035,1036,1037,1038,1039,1040,1041,1042,1043,1044,1045,1046,1047,1048,1049,1050,1051,1052,1053]],"id":"13","properties":{"ubigeo":"13","nombre_departamento":"la libertad","nombre_provincia":"","nombre_distrito":"","capital":"trujillo"}},{"type":"Polygon","arcs":[[1054,1055,1056,1057,1058,1059,1060,-1013,1061,-453,1062,-451,1063,-449,1064,1065,1066,1067,1068,1069,1070,1071,1072,1073,1074,1075,1076,1077,1078,1079,1080,1081,1082,1083]],"id":"14","properties":{"ubigeo":"14","nombre_departamento":"lambayeque","nombre_provincia":"","nombre_distrito":"","capital":"chiclayo"}},{"type":"MultiPolygon","arcs":[[[-88,1084,-86,1085,-84,1086,-82,1087,-80,1088,-78,1089,-76,1090,-74,1091,-483,1092,-491,1093,1094,1095,-487,1096,-485,1097,-820,1098,-818,1099,1100,-815,1101,-813,1102,-811,1103,-809,1104,-807,1105,-678,1106,-676,1107,-674,1108,-672,1109,-670,1110,-919,1111,-917,1112,-915,1113,-913,1114,-911,1115,-909,1116,1117,-906,1118,1119,-903,1120,-901,1121,-899,1122,-897,1123,-895,1124,-893,1125,-891,1126,-889,1127,1128,-886,1129,-884,1130,1131,1132,1133,1134,-768,1135,-766,1136,1137,-763,1138,-761,1139]],[[1140]]],"id":"15","properties":{"ubigeo":"15","nombre_departamento":"lima","nombre_provincia":"","nombre_distrito":"","capital":"lima"}},{"type":"Polygon","arcs":[[-1,1141,-66,1142,-64,1143,-62,1144,-60,1145,-58,1146,-56,1147,-54,1148,-52,1149,-50,1150,1151,1152,1153,1154,1155,1156,1157,1158,1159,1160,1161,1162,1163,1164,1165,1166,1167,1168,1169,1170,1171,1172,1173,1174,1175,1176,1177,1178,1179,1180,1181,1182,1183,1184,1185,1186,1187,1188,1189,1190,1191,-802,1192,1193,1194,-798,1195,1196,1197,1198,1199,1200,1201,1202,1203,1204]],"id":"16","properties":{"ubigeo":"16","nombre_departamento":"loreto","nombre_provincia":"","nombre_distrito":"","capital":"iquitos"}},{"type":"Polygon","arcs":[[1205,1206,1207,1208,1209,1210,1211,1212,1213,1214,1215,1216,1217,1218,-625,1219,1220,1221,-621,1222,-619,1223,-617,1224,-615,1225,-613,1226,-611,1227,1228,1229,-607,1230,-605,1231,1232,-602,1233,-600,1234,-598,1235,1236,1237]],"id":"17","properties":{"ubigeo":"17","nombre_departamento":"madre de dios","nombre_provincia":"","nombre_distrito":"","capital":"puerto maldonado"}},{"type":"Polygon","arcs":[[1238,1239,-284,1240,-282,1241,-280,1242,-278,1243,-276,1244,-274,1245,1246,1247,-270,1248,-268,1249,-266,1250,1251,-263,1252,1253,1254,-259,1255,-257,1256,-255,1257,-253,1258,1259,1260,1261,1262,1263,1264,1265,1266,1267,1268,1269,1270,1271,1272,1273,1274,1275,1276,1277,1278,1279,1280,1281,1282,1283,1284,1285,1286,1287,1288,1289,1290,1291,1292,1293,1294]],"id":"18","properties":{"ubigeo":"18","nombre_departamento":"moquegua","nombre_provincia":"","nombre_distrito":"","capital":"moquegua"}},{"type":"Polygon","arcs":[[-775,1295,-773,1296,-771,1297,-1133,1298,1299,-882,1300,-880,1301,1302,-877,1303,-875,1304,-873,1305,1306,-870,1307,-868,1308,-866,1309,1310,-863,1311,-861,1312,1313,-990,1314,-988,1315,-986,1316,1317,1318,1319,1320,1321,1322,1323,-777,1324]],"id":"19","properties":{"ubigeo":"19","nombre_departamento":"pasco","nombre_provincia":"","nombre_distrito":"","capital":"cerro de pasco"}},{"type":"Polygon","arcs":[[1325,1326,-1060,1327,-1058,1328,1329,-1055,1330,-1083,1331,-1081,1332,-1079,1333,-1077,1334,-1075,1335,1336,-1072,1337,-1070,1338,-1068,1339,-1066,1340,-447,1341,1342,1343,1344,1345,1346,1347,1348,1349,1350,1351]],"id":"20","properties":{"ubigeo":"20","nombre_departamento":"piura","nombre_provincia":"","nombre_distrito":"","capital":"piura"}},{"type":"MultiPolygon","arcs":[[[-1237,1352,-596,1353,-594,1354,-592,1355,-590,1356,1357,-587,1358,-585,1359,-301,1360,1361,-298,1362,-296,1363,-294,1364,-292,1365,-290,1366,-288,1367,-286,1368,-1239,1369,-1294,1370,-1292,1371,-1290,1372,-1288,1373,1374,-1285,1375,-1283,1376,1377,1378,1379,1380,1381,1382,1383,1384,1385,1386,1387,1388,1389,1390,1391,1392,1393,1394,1395,1396],[1397],[1398]],[[1399]],[[1400]],[[1401]],[[1402]],[[1403]],[[1404]]],"id":"21","properties":{"ubigeo":"21","nombre_departamento":"puno","nombre_provincia":"","nombre_distrito":"","capital":"puno"}},{"type":"Polygon","arcs":[[-47,1405,-45,1406,-43,1407,1408,-40,1409,-38,1410,-36,1411,-34,1412,-32,1413,-30,1414,-28,1415,-26,1416,-24,1417,1418,-21,1419,-1053,1420,-1051,1421,-1049,1422,-1047,1423,-1045,1424,-1043,1425,-1041,1426,1427,-1038,1428,1429,-1035,1430,-1033,1431,-1031,1432,-1029,1433,1434,-1026,-738,1435,-736,1436,-734,1437,-732,1438,-730,1439,1440,-1190,1441,1442,-1187,1443,-1185,1444,-1183,1445,1446,-1180,1447,1448,-1177,1449,1450,1451,-1173,1452,-1171,1453,-1169,1454,1455,-1166,1456,-1164,1457,-1162,1458,-1160,1459,-1158,1460,-1156,1461,-1154,1462,-1152,1463,1464]],"id":"22","properties":{"ubigeo":"22","nombre_departamento":"san martin","nombre_provincia":"","nombre_distrito":"","capital":"moyobamba"}},{"type":"Polygon","arcs":[[-1270,1465,-1268,1466,-1266,1467,-1264,1468,-1262,1469,-1260,1470,-1396,1471,-1394,1472,1473,-1391,1474,1475,-1388,1476,-1386,1477,-1384,1478,-1382,1479,1480,-1379,1481,-1377,-1282,1482,1483,1484,-1278,1485,-1276,1486,-1274,1487,-1272,1488]],"id":"23","properties":{"ubigeo":"23","nombre_departamento":"tacna","nombre_provincia":"","nombre_distrito":"","capital":"tacna"}},{"type":"Polygon","arcs":[[-1326,1489,1490,-1350,1491,-1348,1492,-1346,1493,1494,-1343,1495]],"id":"24","properties":{"ubigeo":"24","nombre_departamento":"tumbes","nombre_provincia":"","nombre_distrito":"","capital":"tumbes"}},{"type":"Polygon","arcs":[[1496,-1201,1497,1498,-1198,1499,-795,1500,-793,1501,-791,1502,-789,1503,1504,1505,-785,1506,-783,1507,-781,1508,-779,1509,-1323,1510,-1321,1511,1512,-1318,1513,-984,1514,-982,1515,1516,-979,1517,-977,1518,1519,-974,1520,-972,1521,-970,1522,-968,1523,-966,1524,1525,-963,1526,1527,-960,1528,-958,1529,-956,1530,-954,1531,1532,-951,1533,-498,1534,1535,-495,1536,-493,1537,1538,-660,1539,-658,1540,-656,1541,1542,-653,1543,1544,1545,-649,1546,-647,1547,1548,-644,1549,-642,1550,-640,1551,-638,1552,-636,1553,-634,1554,1555,-631,1556,-629,1557,1558,-626,-1219,1559,-1217,1560,1561,-1214,1562,-1212,1563,-1210,1564,-1208,1565,-1206,1566,-1204,1567]],"id":"25","properties":{"ubigeo":"25","nombre_departamento":"ucayali","nombre_provincia":"","nombre_distrito":"","capital":"pucallpa"}}],"bbox":[-81.328195,-18.350928,-68.652279,-0.038606]}},"arcs":[[[277287,838778],[371,263]],[[277658,839041],[-2836,-648],[356,-557],[-7944,-3128],[-519,-386],[12,-371],[-247,-556],[-976,-321],[62,-77],[-29,-188],[-154,-71],[0,-116],[-288,-339],[-228,-412],[-109,-54],[-680,-9],[-133,-59],[-112,-394],[19,-190],[-105,-178],[-649,-395],[-118,-267],[-123,-90],[-419,-191],[-598,-393],[-94,-213],[-187,-921],[-679,-431],[-616,-45],[-561,-113],[-258,-326],[-228,-499],[-590,-55],[-203,-45],[-177,-99],[-797,-877],[-178,-69],[-283,4],[-1011,-206],[-426,-151],[-148,-117],[-122,-334],[-139,-142],[-59,-461],[-165,-168],[-227,-119],[109,-231],[-586,-129],[-57,-59],[-105,-334],[115,-168],[-69,-194],[-415,-193],[-33,-108],[50,-143],[-91,-107],[-354,-115],[-145,-199],[-272,-68],[-101,-123],[-224,-117],[-153,-292],[-409,-289],[-161,-277],[-238,-123],[-149,-195],[25,-121],[125,-39],[214,-189],[-188,-62],[-990,-46],[-52,-117],[62,-139],[-96,-44],[-192,17],[-111,-58],[-123,-201],[-181,-115],[-342,-114],[-243,-162],[-74,-85],[9,-94],[-122,-95],[-449,29],[-177,-185],[-783,-277],[-120,-91],[-127,-36],[-351,7],[15,-155],[167,-103],[283,-299],[-31,-414],[95,-387],[142,-283],[114,-144],[359,-81],[124,-65],[50,-93],[-177,-270],[279,-400],[423,-111],[268,143],[338,-90],[320,45],[75,185],[377,-252],[5,-342],[156,-273],[45,-406],[154,-207],[-102,-249],[23,-184],[368,-318],[-20,-531],[182,-199],[-114,-774],[-68,-169],[-115,-106],[-117,-23],[-234,46],[-261,-58],[-334,52],[-613,-580],[-732,-35],[-135,-114],[-172,-39],[-64,-137],[-600,-98],[-203,-104],[-508,256],[-136,9],[-98,-163],[-165,-115],[-62,-172],[-106,-70],[-329,-111],[-566,-99],[-324,208],[-642,199],[-147,141],[44,155],[369,242],[-274,261],[-50,479],[-481,900],[-22,255],[124,243],[-132,177],[8,195],[-520,315],[-81,112],[141,452],[-74,378],[67,223],[104,88],[-80,221],[56,156],[-73,100],[-188,68],[-106,249],[-225,16],[-538,-102],[-742,66],[-427,-119],[-451,186],[-413,16],[-558,275],[-360,-125],[-739,-72],[-280,172],[-185,-2],[-164,56],[-558,-9],[-545,329],[-610,241],[-604,174],[-342,22],[-161,-36],[-16,-104],[129,-157],[54,-253],[-945,-641],[125,-121],[176,-400],[314,-196],[310,-421],[246,-148],[-261,-465],[-51,-700],[-254,-238],[-60,-238],[-599,-410],[-179,-265],[-17,-234],[103,-181],[230,-108],[100,-101],[-26,-132],[-144,-129],[55,-471],[-193,-96],[-37,-264],[-191,-149],[-134,-270],[-328,-302],[1,-364],[128,-486],[-166,-88],[-17,-100],[-217,-160],[73,-173],[-180,-138],[-392,-114],[-7,-232],[-95,-113],[-202,-107],[-593,-155],[-275,-280],[46,-95],[317,-96],[77,-85],[-47,-467],[-291,-107],[-44,-90],[62,-142],[-252,-158],[-150,-270],[22,-149],[-71,-226],[222,-269],[-23,-225],[-194,-110],[-314,41],[-38,-69],[-6,-104],[292,-443],[-1,-205],[-130,-144],[12,-81],[250,-219],[67,-193],[445,-289],[133,-173],[-948,-356],[-196,-207],[0,-51],[438,-347],[55,-116],[-103,-94],[-74,-221],[-200,-223],[454,-334],[29,-76],[-226,-453],[-327,-233],[-397,-55],[-371,5],[-139,37],[-317,219],[-204,-45],[-169,-99],[-178,-125],[-56,-126],[82,-176],[-67,-216],[90,-169],[-57,-98],[359,-136],[-25,-305],[110,-238],[-18,-100],[-279,-152],[-65,-95],[355,-131],[477,-367],[297,-71],[352,-12],[43,-38],[-152,-338],[-353,-460],[-23,-257],[-461,-390],[-89,-195],[25,-106],[564,-235],[2,-215],[-110,-119],[53,-252],[-163,-164],[-46,-179],[-149,-215],[-369,-249],[-206,-204],[-247,-117],[-650,-579],[-359,-127],[93,-90],[-5,-81],[-303,-22],[-264,-79],[-234,-134],[-332,-57],[-223,-135],[-333,-22],[-149,28],[-208,119],[-110,-11],[-200,-147],[-45,-63],[32,-147],[103,-37],[240,35],[54,-28],[-22,-145],[114,-80],[-10,-51],[-270,-243],[112,-117],[-32,-36],[-230,-43],[-243,22],[-124,-272],[-498,-443],[-70,-505],[-143,-320],[1,-113],[117,-173],[-30,-278],[-202,-261],[-288,-104],[-198,-142],[-19,-70],[144,-154],[382,-37],[120,-233],[208,-11],[33,-239],[-117,-113],[-86,-264],[-167,-136],[-677,-1003],[-242,-23],[-258,60],[-486,-82],[-568,15],[-359,-30],[-501,-155],[-401,27],[-300,-352],[-29,-325],[-268,-99],[-49,-157],[-332,-283],[-432,-197],[-38,-176],[92,-341],[-77,-102],[-531,-53],[-417,-331],[-529,-210],[-341,-361],[-11,-317],[276,-193],[-152,-194],[75,-182],[-37,-304],[-125,-106],[37,-395],[-49,-193],[-330,-556],[149,-182],[11,-280],[399,-257],[947,-249],[325,-180],[573,-100],[160,-114],[-210,-302],[-72,-369],[-369,-188],[-139,-217],[-344,-246],[-329,-95],[-148,-92],[-412,-569],[-385,-84],[-342,-752],[-716,-1087],[8,-226],[207,-176],[-77,-71],[-55,-313],[202,-276],[10,-284],[184,-334],[56,-279],[-68,-237],[-268,-305],[101,-454],[-55,-168],[61,-191],[-113,-122],[-172,-76],[-673,-228],[-264,-227],[-439,-22],[-130,-72],[-612,-605],[-96,-316],[5,-429],[59,-174],[170,-207],[-2,-343],[330,-152],[28,-73],[-83,-207],[314,-153],[-113,-53],[-277,-26],[-227,-320],[-354,-111],[1,-261],[-175,-166],[-69,-461],[-285,-143],[11,-322],[-66,-120],[-529,-73],[-309,-144],[-421,-109],[-314,-134],[-193,-188],[-78,-212],[-222,-170],[-94,-163],[-38,-490],[-401,-313],[-112,-222],[78,-242],[174,-68],[148,-302],[-254,-315],[145,-399],[513,-518],[304,-614],[-50,-664],[-138,-251],[-14,-236],[413,-402],[143,-270],[-1,-105],[185,-18],[470,-163],[88,14],[222,205],[827,10],[681,177],[171,-527],[17,-373],[-120,-139],[-617,-324],[-443,-105],[-158,61],[-203,1],[-263,-270],[-24,-422],[-322,-478],[-342,-159],[-200,-158],[20,-587],[-251,-188],[-107,-379],[105,-182],[-84,-398],[217,-279],[-143,-1],[-435,-297],[-351,-144],[-196,-415],[-497,-454],[-252,-133],[-128,-150],[-122,-470],[309,-445],[17,-96],[-172,-203],[11,-57],[187,-157],[130,-321],[-36,-109],[-383,-209],[-78,-118],[246,-489],[291,-176],[19,-143],[-103,-50],[-377,-42],[-132,-242],[-366,-170],[-336,38],[-189,76],[-448,-164],[-156,-263],[-397,-98],[-170,-136],[-466,-181],[-547,-473],[-272,-373],[4,-51]],[[206868,749607],[339,-130],[275,-186]],[[207482,749291],[220,-399],[247,-164],[432,-182],[493,56],[43,-156],[124,-121]],[[209041,748325],[361,-133],[483,-259],[309,-82]],[[210194,747851],[546,403]],[[210740,748254],[406,134],[161,-24],[343,-271],[589,-263],[-356,-649],[42,-478],[-141,-279],[250,-131],[369,-45],[322,-713],[-83,-137],[-251,-11],[-123,-49],[-197,-174],[-294,-653],[9,-313],[-112,-650],[29,-89],[337,-186],[176,-31],[418,66],[362,-25],[-240,-429],[14,-534],[155,-76],[88,-199],[338,-254],[243,-51],[-471,-593],[-125,-71],[-44,-117],[-661,-514],[-243,-310],[-132,-275],[-15,-101],[125,-188],[-59,-219],[287,-229],[52,-102],[88,-687],[316,-335],[-272,-280],[-74,-412],[-88,-112],[-448,-270],[-59,-112],[-169,-1045],[15,-244],[95,-117],[-22,-209],[74,-66],[132,10],[95,-61],[23,-106],[-147,-204],[-199,-651],[-250,-285],[-139,-346],[-277,-120],[-344,-507],[-134,-315],[-144,-123],[-122,-577],[-145,-146],[-355,-146],[-255,-184],[-45,-216],[-189,-84],[-222,-277],[34,-62],[311,-23],[111,-238],[499,-284],[100,0],[89,92],[289,38],[122,-31],[400,24],[167,-72],[-8,-242],[-103,-285],[240,-345],[103,-255],[429,-374],[69,-404],[-18,-262],[-85,-202],[182,-253],[51,-419],[-99,-116],[-276,-64],[-171,-98],[-123,-233],[27,-138],[-152,-153],[5,-185],[-73,-163],[-314,-317],[-180,-345],[-251,5],[-191,-70],[-287,61],[-342,-191],[-735,-81],[38,-197],[-114,-156],[-145,-441],[-63,-62],[-479,-72],[-346,-144],[-170,-486],[-300,-167],[13,-626],[-296,-510],[27,-565],[-155,-785],[-189,-222],[-178,-63],[-32,-107],[95,-463],[46,-785],[286,-57],[28,-142],[-79,-135],[57,-336],[242,-360],[-51,-504],[261,-247],[187,-602],[296,-518],[267,-61],[480,-282],[-192,-373],[-151,-496],[330,-685],[284,-77],[277,-12],[159,29],[140,86],[234,-2],[456,-79],[803,-317],[223,-319],[284,-721],[201,-282],[306,-286],[247,-86],[335,-33],[1936,-86],[348,-106],[2098,-1442],[1157,-479],[974,-840],[928,-310],[100,-187],[-35,-166],[816,-548],[180,-280],[155,-115],[140,-270],[245,-111],[79,-114],[-48,-243],[-234,-325],[-49,-436],[93,-202],[618,-302],[122,-281],[74,-665],[-4,-184],[-208,-360],[-1838,-716],[-487,-288],[-329,-314],[357,-232],[-432,-370],[-396,-263],[-282,-80],[-87,-84],[-21,-149],[177,-194],[36,-143],[293,-184],[-80,-143],[170,-152],[67,-256],[-143,-599],[15,-48],[140,-49],[-22,-89],[-299,-253],[-793,-30],[-237,-91],[-216,-297],[-343,-11],[-393,-109],[-303,-172],[-199,-322],[165,-177],[-61,-206],[-788,-386],[-71,-481],[-82,-122],[-229,-152],[-76,-312],[-356,-115],[-285,-207],[146,-439],[115,-165],[-50,-137],[-175,-99],[-121,-187],[-709,-314],[-109,-110],[-144,-530],[-267,-379],[-437,-187],[-688,-127],[-296,-465],[-436,-358],[-68,-599],[-150,-245],[-376,-129],[-313,-181],[-522,-125],[-249,-132],[-759,-257],[-358,-214],[-204,-232],[0,-135],[200,-311],[583,-191],[436,-243],[351,-130],[773,-32],[229,-60],[150,-154],[32,-230],[-131,-413],[-138,-142],[-1084,-293],[-719,-36],[-658,-113],[-310,-189],[-142,-159],[-61,-276],[77,-135],[-12,-111],[-94,-135],[-51,-250],[80,-246],[-173,-284],[-496,-479],[-61,-316],[-118,-103],[-189,-751],[-160,-209],[-362,-964],[107,-139],[730,-270],[200,-248],[73,-466],[114,-189],[-126,-443],[196,-324],[359,-282],[16,-128],[-388,-485],[9,-291],[653,-458],[206,-317],[10,-286],[71,-109],[610,-212],[248,-143],[106,-153],[124,-445],[729,-942],[55,-598],[408,-326],[403,-81],[185,-237],[266,-20],[219,-114],[165,-253],[133,-573],[106,-180],[583,-75],[90,-106],[-29,-265],[47,-171],[283,-363],[396,-336],[617,-232],[132,-494],[206,-114],[-71,-393],[22,-290],[-132,-243],[28,-453],[115,-199],[431,-177],[-2,-109],[119,-204],[327,-135],[600,-436],[228,-109],[234,-46],[429,-14],[1327,79],[290,197],[-86,123],[172,32],[522,-19],[961,-140],[447,51],[200,90],[622,-119],[282,36],[119,58],[444,-272],[161,-478],[291,-104],[335,25],[130,-111],[119,-355],[-12,-212],[-107,-89],[13,-66],[169,-87],[478,-43],[352,-172],[247,-55],[424,-316],[33,-158],[-170,-464],[250,-350],[433,-140],[292,26],[89,-160],[-7,-247],[71,-96],[332,-232],[314,-112],[529,-366],[584,-262],[336,-217],[90,-433],[102,-63],[322,-71],[381,-253],[132,-232],[304,-115],[276,-188],[66,-162],[-16,-351],[-162,-273],[299,-421],[199,-106],[384,31],[318,-185],[156,-131],[32,-339],[133,-133],[146,-18],[314,69],[765,-203],[327,25],[430,-302],[372,-154],[22,-105],[-88,-173],[36,-177],[-139,-355],[159,-357],[69,-701],[333,-408],[155,-12],[136,62],[195,-133],[75,-177],[-52,-356],[43,-90],[281,-154],[408,-49],[130,-62],[187,-330],[420,-487],[368,-282],[198,-971],[-172,-384],[104,-409],[86,-72],[224,-84],[357,-231],[372,73],[123,-16],[740,-375],[320,-220],[183,-338],[294,-69],[472,195],[180,-39],[177,-135],[120,-215],[349,-155],[194,-265],[211,-128],[-160,-226],[-11,-121],[49,-93],[189,-114],[202,-28],[180,58],[28,318],[52,60],[232,29],[545,-184],[708,-59],[189,-226],[387,-50],[130,-60],[118,-139],[72,-333],[343,-169],[330,-404],[883,-534],[203,-433],[54,-459],[518,-25],[65,-50],[63,-116],[-97,-176],[9,-125],[80,-113],[177,-63],[251,26],[86,69],[26,120],[91,20],[108,-30],[235,-225],[408,146],[192,-7],[137,-281],[-14,-164],[105,-229],[218,-149],[603,-140],[-23,-424],[200,-273],[51,-344],[357,-2],[391,161],[484,-231],[157,-169],[231,-30],[89,-63],[65,-406],[-40,-199],[109,-83],[289,23],[71,-35],[117,-373],[686,-421],[-17,-201],[108,-255],[-312,-81],[178,-345],[-107,-296],[427,-155],[-344,-354],[-83,-279],[327,-202],[1124,-468],[203,-139],[-52,-194],[-308,-317],[39,-544],[41,-90],[274,-150],[147,-165],[163,-417],[539,-382],[148,-232],[-77,-195],[113,-474],[-159,-43],[-117,-115],[0,-255],[148,-118],[259,-69],[332,-164],[252,-407],[618,43],[345,91],[171,-25],[390,-241],[-20,-102],[-203,-152],[-47,-136],[66,-113],[373,-233],[351,-33],[220,-115],[191,-27],[530,36],[182,-222],[364,-221],[407,-453],[27,-150],[-98,-344],[126,-346],[-12,-208],[55,-85],[364,-111],[-73,-235],[191,-337],[-120,-148],[-2,-123],[122,-242],[297,-300],[-140,-131],[-193,-69],[2,-116],[152,-209],[419,-325],[148,-188],[-13,-68],[-174,-97],[-8,-85],[128,-201],[199,-121],[327,123],[110,-140],[-56,-140],[-180,-21],[-127,-103],[87,-103],[329,-79],[-182,-222],[-10,-116],[214,-476],[-251,-163],[-42,-112],[526,-432],[92,-137],[-323,-308],[-47,-218],[190,-113],[255,12],[135,-63],[-36,-152],[-155,-176],[95,-254],[-471,-193],[-201,-149],[-52,-154],[-333,-92],[-204,-195],[-4,-81],[166,-117],[482,-48],[173,-86],[516,62],[204,-283],[586,-133],[109,-74],[143,-387],[-68,-234],[-385,-239],[197,-188],[233,-122],[-79,-133],[-259,-207],[-9,-315],[69,-67],[333,-61],[73,-72],[64,-156],[-79,-427],[-89,-121],[-5,-133],[-320,-146],[2,-256],[-109,-191],[-86,-44],[-144,8],[-156,-85],[-197,-329],[42,-121],[198,-157],[616,-30],[150,-53],[118,-146],[10,-143],[-109,-212],[186,-144],[44,-106],[-136,-292],[10,-227],[-179,-182],[-4,-251]],[[262430,621518],[169,-58]],[[262599,621460],[85,176],[366,152]],[[263050,621788],[806,79],[203,-122]],[[264059,621745],[256,-59],[385,-228],[112,12],[318,-117],[439,-226],[1002,175],[263,-24],[251,-111],[223,-13],[199,-154],[186,-40],[212,-301],[284,-85],[414,97],[640,241],[1043,-22],[269,47],[245,243],[670,220],[231,281],[299,218],[333,-68]],[[272333,621831],[232,-153],[665,-93]],[[273230,621585],[509,-141],[192,-109],[177,-10]],[[274108,621325],[817,-217],[147,34],[235,258]],[[275307,621400],[248,658],[74,130]],[[275629,622188],[72,23],[492,-16]],[[276193,622195],[436,-163]],[[276629,622032],[929,-61],[415,-221]],[[277973,621750],[213,-50],[685,497],[443,117],[109,306],[548,428],[126,-43],[70,-139],[388,-316],[306,-472],[164,-158]],[[281025,621920],[553,-131]],[[281578,621789],[1045,454],[576,429],[-145,429],[-2,186],[31,87],[427,234],[49,144],[522,209],[903,193],[116,315]],[[285100,624469],[551,360],[3,56],[-124,93],[-485,272]],[[285045,625250],[-92,168],[-154,79],[-254,42]],[[284545,625539],[-158,130],[-430,665],[-190,161],[-162,246],[178,375],[-464,184],[-104,336],[-221,193],[89,414],[-144,314],[-466,458],[-282,531],[-464,496],[-369,308],[-239,436],[79,139],[337,215],[433,92],[319,-6],[986,142],[311,142],[127,166],[-3,82],[-258,219],[-155,962],[-168,93],[-62,113],[-442,175],[-81,83]],[[282542,633403],[-110,377],[142,500],[41,400]],[[282615,634680],[496,948],[-84,117],[-255,127],[50,396],[-149,315],[334,438],[-101,190],[-19,225],[-286,351],[-32,140]],[[282569,637927],[227,492]],[[282796,638419],[375,384]],[[283171,638803],[-113,257],[22,72],[281,4],[247,-65]],[[283608,639071],[539,-339],[823,-266],[239,-459],[150,-163]],[[285359,637844],[716,-341],[676,-97],[208,72]],[[286959,637478],[186,-9]],[[287145,637469],[878,252],[385,408]],[[288408,638129],[187,104],[578,190],[67,303],[156,257],[7,395],[49,80],[321,222],[159,47],[-64,113],[209,226],[473,263]],[[290550,640329],[184,172],[242,48]],[[290976,640549],[249,225],[434,191],[237,44],[385,-5],[502,-59],[360,80],[170,-90],[552,-132],[338,-371],[325,-208],[421,-173],[437,-247],[319,-57],[359,64],[180,-130],[336,-74],[400,-320],[202,-575],[180,-247],[306,-140],[292,-278],[95,-275],[473,-282],[393,138],[325,24],[508,-114],[579,-195],[210,168],[107,163],[514,70],[516,-199],[580,106],[430,-41],[707,-365],[542,-117],[368,45],[622,171],[510,-47],[547,-340],[857,-730],[400,-99],[481,-49],[602,-212],[1004,-1095],[126,30],[132,107],[295,863],[321,200],[506,50],[289,97],[287,154],[49,92],[-292,269],[-338,600],[-306,140],[-122,109],[-204,424],[-572,344],[22,482],[-81,241],[-152,190],[-284,151],[-783,199],[-198,102],[-396,640],[-548,452],[-39,702],[-136,147],[556,-59],[401,60],[782,-94],[569,71],[611,-84],[553,97],[186,510],[310,315],[223,669],[334,333],[261,119],[525,1],[375,100],[514,41],[346,211],[324,384],[469,345],[143,501],[314,521],[308,338],[-38,370],[250,319],[156,667],[-181,400],[283,560],[224,649],[214,79],[639,377],[392,63],[240,132],[127,130],[200,417],[75,407],[289,439],[87,320],[592,152],[216,209],[1126,633],[-142,595],[-261,416],[65,105],[152,75],[4,138],[-225,259],[-334,225],[135,513],[-434,1078],[-54,352],[28,368],[296,144],[604,47],[222,-11],[444,-140],[249,141],[155,31],[133,-31],[155,-296],[160,-154],[676,-4],[299,-115],[188,-793],[296,-110],[320,-288],[24,-171],[232,-153],[76,-189],[319,-185],[296,-460],[986,333],[1111,-341],[133,-13],[924,167],[178,-18],[248,-107],[343,-23],[656,169],[123,128],[-44,153],[53,80],[902,597],[71,87],[23,300],[376,238],[47,368],[483,518],[421,563],[-71,359]],[[330942,657204],[37,741]],[[330979,657945],[-166,121],[-321,463],[-687,301],[-611,640]],[[329194,659470],[-324,226],[-894,281]],[[327976,659977],[152,499],[-410,521],[-536,65],[-410,210],[-346,117],[-754,446],[-157,272],[-304,138],[-169,234],[-287,194],[-205,727],[-384,371],[-8,77],[62,89],[504,291],[745,291],[41,126],[-256,396],[-439,301],[-100,335],[-244,167],[-269,97],[-343,497],[-109,73],[-382,98],[-143,-41],[-225,-232],[-291,-63],[-244,8],[-473,192],[-440,298],[-62,102],[-390,50],[-318,-76],[-859,36],[-367,-168],[-233,-21],[-588,428],[-163,67],[-1054,32],[-220,78],[-335,246],[-511,58],[-219,128],[-347,330],[-458,85],[-202,187],[-1106,-118],[-48,71],[37,253],[-366,995],[-334,401],[-211,348],[-44,200],[-140,34],[-626,-105],[-466,-221],[-490,-100],[-162,156],[-61,247],[-167,217],[239,282],[-308,128],[-234,181],[-319,460],[-68,452],[-103,95],[-718,254],[-451,-82],[-419,130],[-106,80],[-184,0],[-173,-255],[-27,-664],[-33,-47],[-460,-49],[-78,-53],[-72,-169],[28,-333],[-196,-43],[-185,82],[-594,538],[-228,41],[-89,226],[-289,99],[-111,241],[-333,273],[34,217],[-360,375],[-449,96],[-188,122],[42,472],[-328,150],[-66,320]],[[304216,674330],[-171,141]],[[304045,674471],[-353,-61]],[[303692,674410],[-667,-510],[51,-542],[-202,-255],[45,-126],[-48,-75],[-419,-23],[-658,-167],[-558,-27],[-62,-382],[-421,-440],[-162,-399],[-73,-60],[-668,-218],[-335,-21],[-177,-166]],[[299338,670999],[-134,-23],[-199,37],[-273,197]],[[298732,671210],[-58,367],[-987,112],[-51,110],[-207,126],[4,372],[-566,569],[-132,58],[-156,-35],[-307,-258],[-185,-27],[-232,100],[-338,-32],[-107,-45],[-87,-139],[-118,-45],[-320,30],[-83,62],[-399,104],[-149,112],[22,189],[356,1009]],[[294632,673949],[-13,78],[-224,144],[-98,47]],[[294297,674218],[-745,56],[-650,142],[-352,-194],[-176,-27],[-697,217],[-649,-12],[-339,130],[-458,354],[-898,206],[-163,269],[-515,173],[-53,55],[-290,494],[123,303],[61,81],[894,444],[280,390],[352,692],[-458,306],[-87,100],[-66,248],[-288,310],[-115,496],[-218,235],[-108,408],[266,252],[-182,72],[-375,288],[-829,439],[-28,82],[242,379],[196,518],[-256,261],[-32,293],[-243,99],[-468,295],[-337,112],[-777,-106],[-598,89],[-560,-159],[-558,-29],[-654,194],[-458,292],[-444,-1],[-117,127],[-168,60],[-160,185],[-709,184],[-249,285],[-93,743],[-414,980],[251,648],[475,234],[47,84],[-653,743],[-174,78],[-109,113],[406,137],[189,135],[250,328],[-20,216],[201,262],[4,206],[-365,397],[-151,357],[-729,289],[-41,404],[69,146],[43,471],[-67,129],[109,244],[402,314],[-77,128],[33,143],[803,595],[305,166],[60,86],[36,518],[237,353],[-199,154],[65,144],[504,338],[576,504],[10,212],[139,227],[51,264],[-225,682],[-412,517],[-570,277],[11,167],[133,223],[-95,374],[-489,744],[-302,320],[-147,303],[-222,233],[101,195],[-76,161],[503,611],[161,400],[-300,465],[-397,152],[-135,258],[-269,143],[-46,75],[74,861],[416,391],[1063,332],[137,95],[104,181],[-14,97],[-130,129],[-682,513],[-321,156],[-401,296],[56,127],[261,253],[1031,648],[93,180],[273,117],[150,376],[141,24],[536,-115],[181,-102],[838,-232]],[[284387,706422],[838,-94]],[[285225,706328],[1317,261],[-220,273]],[[286322,706862],[31,562],[-344,626]],[[286009,708050],[-2,229]],[[286007,708279],[518,395],[440,802],[205,678],[446,341],[26,93],[-195,872],[-23,643],[-108,447],[126,83],[36,277],[-343,273],[-236,336],[-100,62]],[[286799,713581],[-7,793],[-273,562]],[[286519,714936],[-220,262]],[[286299,715198],[-352,175],[-28,220]],[[285919,715593],[-467,383],[-496,92],[-545,190],[-565,331],[-751,909],[253,98],[504,403],[203,98],[793,144],[303,108],[147,250],[279,43],[148,206],[132,517],[99,158],[462,217],[197,202],[-16,129],[-55,59],[-492,156],[-208,118],[-146,120],[-127,307],[-233,80],[-688,477],[-599,18],[-962,201],[-434,196],[-802,580],[-579,257],[-179,135],[-198,199],[-11,286],[-80,167],[-439,334],[-776,19],[-543,87],[-312,132],[-502,374],[-589,-357],[-700,69]],[[276945,724085],[-249,133],[-75,171]],[[276621,724389],[-4,355],[311,840]],[[276928,725584],[478,406]],[[277406,725990],[-9,89],[-197,159],[-39,207],[124,369],[-41,79],[-423,134]],[[276821,727027],[-514,12]],[[276307,727039],[-17,114],[106,179],[1285,889],[1507,1367],[234,132],[1161,1303],[118,315],[148,136],[701,226],[66,95],[-214,277],[-180,779],[-275,518],[34,153],[368,285],[133,211],[-349,370],[-271,139],[-296,233],[-182,289],[30,420],[-88,248],[-468,439],[-134,289],[-95,86],[-241,79],[-89,276],[-454,374],[-136,586],[273,343],[-420,228],[-154,229],[11,130],[273,235],[32,170],[-16,496],[-90,136],[103,337],[-20,219],[400,296],[84,137],[-74,312],[28,214],[-222,285],[-160,548],[65,150],[216,214]],[[279038,742525],[50,376],[251,404],[289,322]],[[279628,743627],[398,112],[267,164],[69,299],[195,289],[942,555],[314,269],[364,98],[879,340],[145,104],[549,224],[224,374],[993,901],[839,293],[683,8],[171,49],[274,320],[314,225],[44,128],[1099,867],[59,152],[183,203],[64,230],[200,223],[279,799],[-25,406],[156,299],[74,302],[544,362],[41,77],[-252,117],[-96,144],[-208,645],[83,203],[155,120],[447,166],[154,143],[-229,511],[-215,326],[-64,685],[213,181],[578,219],[322,63],[57,740],[1823,34],[513,88],[247,111],[249,249],[14,102],[802,79],[263,93],[155,120],[248,298],[390,845],[158,504],[251,397],[165,420],[18,268],[412,520],[-14,183],[299,1239],[-276,353],[219,871],[-38,378],[-171,822],[-174,497],[-104,687],[-588,1510],[-132,604],[89,760],[-223,332],[-250,1024],[390,580],[314,911],[-27,315],[116,449],[146,212],[478,1483],[-38,391],[-73,108],[259,330],[10,458],[346,602],[223,789],[437,875],[251,221],[98,245],[-50,398],[148,725],[209,527],[212,1334],[91,194],[202,1011],[-76,384],[78,986],[-62,608],[-185,333],[6,196],[160,440],[98,701],[-276,752],[-31,262],[-192,326],[-1022,1048],[-294,773],[-547,417],[-95,180],[130,646],[172,111],[276,91],[16,76],[-624,186],[-987,543],[-1342,1138],[0,344],[-814,569],[-977,129],[-520,319],[-251,192],[-146,386],[-466,581],[-399,390],[-491,296],[-116,147],[7,85],[128,82],[187,290],[303,635],[62,410],[291,279],[572,275],[490,434],[32,358],[264,583],[180,258],[347,289],[-193,232],[-66,406],[-193,542],[36,233],[172,200],[73,189],[-132,182],[-150,386],[24,273],[72,160],[270,218],[-212,108],[-63,86],[258,794],[-239,650],[-157,103],[-1044,-6],[-617,70],[-208,161],[-252,336],[-272,674],[-556,845],[-579,576],[-295,191],[-1532,693],[-780,175],[-740,270],[-580,286],[-108,126],[49,147],[416,423],[82,180],[-335,623],[-104,132],[-299,169],[-590,212],[-132,274],[-338,317],[-944,678],[-92,383],[-489,699],[-147,64],[-447,78],[-163,165],[-85,206],[12,333],[-58,185],[-241,148],[-412,656],[-310,1074],[-15,1289],[-102,213],[26,806],[-57,414],[243,1924],[-361,1774],[-3,1030],[89,803],[-41,2045],[132,1193],[-20,374],[-53,256],[-226,303],[-149,404],[-604,3091],[41,162],[325,329],[37,128],[-48,194],[-632,736],[240,431],[295,360],[-160,241],[33,462],[-305,979]],[[278879,835882],[-1025,963],[-423,546]],[[277431,837391],[-7,207],[-195,124],[-59,227],[-169,182],[-24,109]],[[276977,838240],[192,271],[66,167],[52,100]],[[290376,562529],[-62,-65]],[[290314,562464],[-306,-3],[-182,-106]],[[289826,562355],[-267,-3],[-345,-118],[-301,-167],[-1398,-255],[-217,-1]],[[287298,561811],[-359,135],[-444,-180]],[[286495,561766],[-273,-33],[-117,-110],[-681,-125],[-648,-267],[-670,92],[-733,-46],[-569,134],[-89,-175],[-533,-221],[-434,25],[-337,95],[-215,-19],[-242,-133],[-427,37],[-1067,-102],[-467,85],[-102,67],[-92,216],[-129,79],[-683,67],[-473,112],[-818,-119],[-412,-12],[-413,-256],[-158,-50],[-496,66],[-613,-44],[-384,31],[-586,440],[-376,458],[-277,133],[-534,-120],[-698,-307],[-371,31],[-241,92],[-343,-27],[-103,-69],[-76,-699],[-271,-353],[-121,-358],[-202,-321],[-27,-343],[99,-210],[-294,-196],[-76,-372],[-105,-118],[-17,-113],[-272,-96],[24,-106],[-226,-239],[20,-249],[-152,-89],[-12,-362],[-164,-158],[18,-233],[-198,-145],[-293,-385],[-344,-944],[32,-219],[-59,-260],[-195,-370],[-26,-201],[75,-167],[-230,-97],[-299,-17],[-170,-109],[-289,-62],[-350,-167],[-231,26],[-281,-182],[-392,19],[-327,-27],[-65,-81],[-449,42],[-519,-81],[-203,-240],[-448,-62],[-233,-129],[-403,-10],[-321,-108],[-547,-83],[-524,30],[-457,-153],[-423,-355],[-396,-491],[-456,-346],[-52,-211],[75,-172],[-182,-153],[-687,-105],[-1004,-597],[-511,-115],[-138,-364],[-72,-57],[-242,-39],[-324,-137],[-404,60],[-182,-18],[-400,-285],[-218,-409],[-136,-45],[-214,26],[-201,-276],[-231,-113],[-198,-225],[-1035,-238],[-322,-213],[-101,-166],[6,-110],[248,-157],[200,-63],[56,-286],[451,-434],[11,-120],[-144,-169],[-353,-166],[-35,-391],[-306,-249],[-164,-71],[-108,-154],[-141,-52],[-405,-21],[-221,-223],[-197,-48],[-222,-125],[-38,-153],[93,-327],[-93,-214],[22,-185],[-119,-155],[-14,-115],[326,-136],[49,-70],[-195,-271],[-62,-543],[-214,-313],[161,-428],[-56,-283],[-266,-365],[-48,-223],[-459,-514],[-117,-221],[-44,-322],[-230,-63],[-194,-222],[5,-344],[-92,-158],[16,-392],[-399,-322],[-224,-13],[-322,-255],[-82,-130],[30,-344],[-287,-284],[-367,-172],[-118,-102],[-327,-97],[-119,14],[-126,111],[-64,-3],[-79,-83],[-63,-235],[-330,-78],[-181,-325],[-222,-64],[-287,-196],[-60,-130],[26,-185],[-250,-72],[25,-99],[-130,-47],[-72,-294],[-247,-71],[-5,-271],[-208,-159],[-56,-200],[-150,-176],[141,-210],[-4,-251],[183,-72],[233,61],[154,-10],[200,-244],[275,-182],[-2,-493],[280,-183],[383,-755],[-153,-363],[-211,-111],[-158,-227],[-126,-62],[-61,-154],[158,-307],[-355,-441],[-169,-115],[-637,-205],[-997,-429],[-140,-128],[-174,-51],[-159,-153],[-117,-26],[-18,-112],[-658,-146],[-175,-151],[-664,51],[-537,-39],[-892,100],[-607,-93],[-538,-248],[-717,209],[-152,-56],[-236,-230],[-770,-178],[-396,103],[-461,-48],[-270,71],[-316,-151],[-396,67],[-203,-284],[-3,-188],[-64,-42],[-646,-10],[-119,123],[-295,79],[-292,-51],[-647,-431],[-803,-332],[-284,-382],[-188,-127],[-679,-104],[-194,-209],[-559,-14],[-453,-294],[-652,-44],[-220,-153],[-90,-142],[-794,-533],[-698,-267],[-66,-70],[-177,-36],[-91,-110],[-473,-56],[-301,-172],[-569,-36],[-225,-116],[-640,-63],[-262,-136],[-398,-56],[-330,-198],[-272,-3],[-191,-135],[-191,-34],[-378,73],[-490,-63],[-212,127],[-202,-116],[-510,-84],[-155,22],[-491,-58],[-640,-262],[-175,-120],[-128,-208],[-950,-299],[-747,-316],[-498,-401],[-230,-320],[-355,-238],[-6,-290],[-339,-445],[-73,-220],[-407,-526],[-414,-943],[-118,-526],[-193,-143],[-67,-272],[-193,-243],[92,-153],[277,-147],[64,-83],[171,-606],[194,-302],[133,-368],[-198,-316],[-91,-633],[-204,-108],[-213,-629],[-384,-362],[28,-877],[-136,-185],[-929,-419],[-406,-252],[-296,-83],[-258,-211],[-308,-156],[-806,-238],[-1199,91]],[[211682,512316],[74,-752],[-438,-411],[-145,-22],[-163,70],[-163,180],[-234,2],[30,-180],[73,-61],[-60,-285],[1348,-271],[631,-244],[560,-309],[265,-329],[15,-102],[-77,8],[76,-11],[-56,-90],[-239,51],[94,-46],[-74,-76],[14,-103],[-105,-45],[-223,-1],[-83,-104],[-189,-39],[-113,-88],[80,-52],[-3,-113],[-147,-98],[60,-93],[-113,-114],[78,-70],[-175,-142],[111,-156],[-145,-100],[50,-26],[-119,-52],[356,-319],[93,-184],[155,-44],[18,-114],[-201,-373],[181,-173],[146,-54],[-58,-163],[98,-30],[141,-163],[165,-53],[98,-122],[101,59],[-13,149],[178,18],[267,147],[213,57],[150,-99],[-378,-310],[321,248],[10,-55],[87,129],[101,-41],[9,-92],[-170,-188],[97,72],[119,-67],[327,247],[330,-58],[6,-92],[19,83],[72,-8],[-22,-142],[45,144],[876,-162],[335,-162],[457,-322],[39,-48],[-156,-93],[166,93],[216,-185],[-112,-75],[140,51],[315,-294],[447,-587],[-123,-49],[124,47],[55,-87],[-77,-34],[84,19],[31,-68],[-165,-42],[167,39],[21,-46],[-140,-34],[140,32],[71,-105],[-119,-36],[121,34],[63,-115],[-133,-35],[134,32],[38,-86],[-168,-42],[169,39],[25,-79],[-133,-32],[134,30],[17,-56],[-73,-15],[74,13],[15,-37],[-470,-104],[471,100],[-44,-52],[56,13],[21,-48],[-105,-28],[109,16],[-133,-30],[133,28],[140,-499],[15,-658],[-262,-654],[-475,-568],[-315,-199],[-116,1],[-69,57],[-218,48],[-167,-76],[-158,8],[-241,73],[27,117],[-83,176],[-409,0],[-61,-135],[-563,-41],[-18,197],[-95,17],[-158,-92],[-138,-20],[-184,56],[-20,113],[-118,82],[-222,40],[-72,-50],[39,-113],[180,-47],[127,16],[-43,-107],[57,-33],[-112,-176],[175,-95],[-293,-171],[-65,-116],[136,-30],[249,152],[-10,-103],[172,36],[42,-141],[133,-78],[-36,-70],[-143,-42],[165,-38],[42,-87],[-75,-53],[26,-67],[278,27],[-6,-80],[146,-65],[136,-254],[176,92],[148,-249],[263,3],[167,73],[169,-22],[-59,-71],[50,-95],[122,38],[82,150],[229,-25],[31,-79],[-93,-104],[-415,-168],[-57,-120],[163,88],[50,-246],[89,-60],[325,118],[48,-73],[-119,-192],[44,-204],[126,-97],[223,-35],[99,-84],[224,59],[1,-121],[-41,-112],[-106,-65],[7,-91],[335,-195],[54,-91],[130,44],[133,-79],[223,-30],[353,-268],[63,18],[-39,115],[62,74],[-4,165],[-125,85],[-60,337],[-211,211],[-145,378],[42,108],[108,37],[81,199],[-238,212],[16,56],[-524,233],[-11,41],[53,140],[106,81],[-16,43],[-113,22],[20,97],[280,263],[371,156],[653,171],[663,79],[596,-17],[1907,-295],[121,-69],[81,-168],[691,-207],[332,-230],[-88,-113],[8,-105],[553,-328],[93,-121],[-7,-82],[117,-100],[-31,-196],[-109,-19],[-18,-45],[106,-86],[73,-233],[-224,-697],[-214,-354],[-10,-218],[-90,-81],[72,-148],[-94,-269],[-71,-95],[-131,-6],[-117,-202],[-133,-82],[-334,68],[-483,-58],[-125,-76],[19,-117],[-165,-45],[37,-166],[-123,27],[-79,-150],[-183,84],[-149,-141],[99,-86],[-80,-52],[-589,128],[142,-284],[-199,-9],[4,-32],[208,-172],[80,78],[88,-35],[10,33],[134,-58],[161,-4],[39,-65],[102,-28],[-36,100],[249,11],[728,-317],[340,-218],[183,-228],[-1,-280],[-85,-70],[-317,82],[79,-140],[-89,-96],[282,-136],[105,11],[149,-150],[-75,-104],[32,-83],[-200,-83],[-22,-91],[352,-79],[-8,124],[90,41],[181,-171],[119,-18],[-20,-91],[181,-163],[-37,-112],[62,-69],[84,-24],[103,46],[218,-74],[163,48],[-50,-215],[75,-42],[-61,-128],[-131,-96],[21,-144],[224,-77],[28,192],[243,-16],[225,148],[-109,64],[32,205],[-179,198],[67,127],[250,101],[277,44],[558,-49],[192,-87],[29,-296],[-47,-43],[-99,25],[111,-149],[141,-64],[223,24],[72,-84],[86,-10],[27,-70],[215,77],[-60,92],[47,39],[310,6],[166,-52],[78,-111],[-12,-102],[174,-252],[-49,-91],[224,-248],[148,263],[69,-45],[53,27],[-15,-71],[96,-28],[-22,-82],[121,-117],[100,145],[188,9],[99,-67],[132,-9],[96,-227],[-6,-159],[-158,-123],[-187,82],[-24,-38],[119,-96],[-114,-144],[-127,15],[10,-65],[95,-39],[94,76],[104,-7],[-77,-314],[185,57],[86,80],[75,-68],[-76,-149],[43,-28],[141,32],[149,-36],[64,88],[414,49],[348,-178],[-56,-215],[-201,-151],[-213,77],[-408,-86],[-181,49],[-61,-99],[-362,-36],[-50,-126],[126,-145],[-178,-11],[20,-92],[-209,-33],[105,-123],[-141,-17],[44,-73],[-136,-58],[133,-80],[-96,-29],[-31,-110],[46,-19],[-62,-111],[79,-23],[92,48],[37,-151],[131,51],[208,-16],[-30,-61],[79,-136],[-85,-185],[52,-35],[-179,-104],[-63,34],[-15,-26],[51,-129],[105,-50],[45,-137],[-55,-66],[261,-89],[-90,-62],[-143,26],[-24,-31],[198,-62],[-33,-43],[179,-104],[-86,-140],[244,-70],[319,84],[120,-73],[58,-171],[-50,-88],[-123,-45],[-23,-100],[109,-47],[162,215],[184,-39],[-1,-76],[147,-67],[274,87],[-76,-602],[248,62],[105,-18],[171,144],[107,4],[163,241],[440,-66],[371,-194],[346,-289],[220,-411],[37,-377],[-97,-181],[-291,-158],[-98,12],[17,76],[-88,59],[-413,-111],[-72,-51],[-16,-236],[-163,65],[-303,-142],[20,-98],[135,-18],[31,-271],[-268,-6],[-152,55],[-28,-108],[-99,-25],[27,-74],[-120,-27],[152,-196],[169,118],[74,-50],[404,-13],[-204,-108],[125,-66],[-39,-105],[-169,-33],[30,-250],[121,-103],[58,27],[48,-59],[237,-21],[-117,-149],[29,-279],[-69,-25],[-87,38],[52,-105],[-178,75],[163,-258],[259,-92],[-203,-68],[-30,-49],[184,-25],[162,-166],[-12,-63],[71,-4],[295,-328],[-11,-84],[82,-65],[-25,-57],[-135,-57],[155,-137],[-75,-52],[4,-73],[-121,-11],[-7,-95],[-140,-4],[27,-45],[-220,43],[2,-60],[189,-74],[41,54],[105,4],[-11,-103],[-74,-43],[31,-76],[295,-110],[92,12],[-7,-39],[108,-41],[-15,-174],[-150,-74],[122,-144],[612,-135],[54,-44],[-72,-80],[47,-55],[194,47],[10,-91],[-57,-17],[185,-43],[138,-101],[126,-197],[-1,-119],[-90,4],[-195,-140],[38,-67],[-111,-64],[18,-67],[97,-21],[83,71],[70,-19],[-91,-112],[197,16],[-272,-116],[90,-57],[87,69],[120,-19],[-87,-125],[91,-97],[-64,-168],[10,-69],[122,-23],[-54,-35],[26,-63],[-161,-119],[32,-73],[-80,-29],[-189,32],[-150,-82],[209,-56],[13,-110],[134,-17],[-46,-172],[-101,-40],[19,-83],[244,4],[38,-102],[91,-44],[-25,-81],[-132,-29],[-64,-190],[109,15],[80,-43],[58,-202],[55,-47],[94,21],[62,-68],[-32,-41],[57,-16],[-103,-89],[88,-129],[-67,-86],[-84,0],[-25,-138],[-124,-81],[166,-96],[-40,-157],[-187,-81],[-98,30],[-48,-40],[54,-63],[-35,-27],[96,-9],[-30,-106],[139,-46],[8,-49],[124,80],[13,267],[369,60],[171,-81],[4,-60],[210,23],[-28,-143],[176,-16],[-29,-90],[163,-45],[21,-76],[113,2],[79,94],[138,-143],[183,47],[22,-192],[-60,-155],[222,-56],[69,39],[118,-34],[43,-116],[-79,-91],[91,-102],[-40,-32],[143,-90],[165,-19],[85,-86],[-124,-60],[33,-73],[-26,-71],[-89,-6],[25,-48],[157,-95],[26,43],[285,51],[76,-79],[-89,-100],[74,-34],[194,74],[236,-205],[143,-37],[53,-120],[-83,-89],[85,-53],[180,-7],[82,-152],[-28,-162],[-77,-60],[-188,-18],[-89,-74],[286,-53],[-22,-291],[191,-112],[92,18],[-10,79],[178,40],[34,-191],[90,104],[347,-71],[196,-225],[48,-185],[-158,-207],[177,-6],[131,-128],[115,63],[76,-35],[86,36],[-7,-104],[88,-59],[-57,-100],[77,-126],[121,-79],[154,-19],[11,-97],[-246,-12],[61,-87],[203,43],[-14,-199],[65,-49],[-53,-58],[11,-208],[-93,-45],[-106,34],[-34,-47],[92,-41],[-46,-70],[119,-148],[-93,-155],[186,-6],[140,-165],[102,-15],[83,59],[90,-26],[21,-132],[95,-1],[72,-95],[-90,-173],[157,-55],[161,70],[6,-55],[91,-12],[145,-110],[59,-132],[157,1],[172,-81],[50,-203],[-76,-63],[121,-137],[-66,-73],[158,-32],[-44,-119],[114,25],[-20,-96],[187,-18],[-38,-75],[213,49],[8,-181],[120,8],[160,126],[309,-83],[1105,-614],[210,-240],[-41,-74],[-127,-38],[20,-47],[257,31],[206,-233],[72,24],[167,-71],[49,-301],[187,-28],[259,-144],[305,-243],[71,-158],[-113,-99],[59,-32],[-38,-59],[137,-224],[-128,-119],[-98,11],[137,-196],[-8,-133],[-118,1],[-36,-40],[79,-183],[-58,-97],[29,-97],[-148,-95],[1,-96],[-182,-61],[102,-200],[-121,-59],[-255,35],[-24,-49],[133,-9],[61,-107],[-358,42],[-53,-90],[87,-143],[-31,-103],[167,-134],[-202,-196],[237,-301],[20,-206],[-122,-125],[-152,-16],[-86,45],[-185,-29],[-74,-56],[77,-34],[-82,-143],[98,-204],[-24,-91],[-94,-11],[-106,-126],[133,-42],[-86,-101],[72,-90],[-29,-49],[223,-139],[136,-163],[228,-63],[113,-92],[34,-75],[-119,-163],[116,-69],[8,-135],[-43,-52],[-89,5],[30,-113],[66,-24],[199,48],[190,-97],[52,-147],[-63,-82],[180,-70],[-66,-23],[64,-44],[-58,-31],[100,-64],[130,-240],[-88,-92],[-172,-2],[-189,-133],[-101,43],[18,-111],[128,-32],[56,-110],[-63,-78],[-107,16],[105,-77],[111,20],[127,-72],[146,-217],[10,-172],[-71,-97],[-141,-27],[-69,39],[-101,-51],[120,-1],[-19,-69],[147,-41],[75,-497],[-79,-140],[-102,-18],[-105,55],[44,-64],[-75,-26],[-276,87],[-17,-58],[344,-117],[-88,-108],[47,16],[97,-85],[-40,-65],[-40,38],[12,-36],[-96,9],[-72,-67],[-189,38],[-65,-103],[63,14],[70,-73],[118,32],[6,-43],[302,-48],[-33,-29],[88,-26],[107,11],[-20,-79],[-150,-16],[59,-54],[-56,-40],[345,17],[75,-99],[302,-7],[59,-40],[-65,-34],[84,-25],[-24,-33],[209,-25],[35,-59],[292,-77],[39,-75],[169,-39],[50,-239],[-44,-139],[64,-49],[-85,-67],[65,-16],[-11,-55],[-67,-25],[136,-61],[-20,-94],[113,-37],[146,99],[100,-72],[85,8],[128,-61],[4,-65],[-190,-102],[14,-132],[198,-130],[-91,-40],[76,-169],[263,-47],[7,-139],[117,-29],[127,-228],[-10,-84],[-166,-73],[-80,-172],[101,-167],[-159,-74],[27,-55],[119,-23],[20,-173],[118,-59],[-51,-73],[-170,-5],[11,-66],[96,12],[134,-79],[48,82],[224,-16],[113,-135],[-246,-241],[239,22],[214,-115],[364,-299],[-38,-123],[93,4],[-58,-106],[131,-21],[18,-73],[272,-214],[37,-126],[-73,-277],[334,-550],[-59,-127],[-240,-197],[98,-23],[-97,-106],[127,40],[56,-27],[487,-622],[117,-310],[4,-296],[-71,-163],[-162,-153],[-148,24],[-82,-53],[-94,59],[-103,-24],[-89,-97],[-35,62],[-86,9],[-269,-168],[-160,4],[-10,-69],[-96,-62],[-2,-46],[78,-18],[-182,-179],[-10,-78],[397,-2],[-61,-139],[98,-93],[-4,-118],[341,110],[142,-76],[38,-68],[-52,-101],[114,-7],[21,-81],[-132,-228],[126,-76],[29,-126],[114,-28],[59,-72],[158,-22],[-91,-130],[71,-162],[-69,-88],[259,-151],[134,-406],[450,-142],[304,-158],[55,-98],[-59,-122],[173,-39],[227,-137],[172,-187],[230,-24],[149,-186],[167,-18],[135,-95],[262,-71],[146,-200],[161,-97],[362,-41],[185,46],[106,-25],[121,-190],[13,-135],[146,-82],[149,-3],[100,-112],[12,-144],[198,-399],[143,-41],[243,13],[56,-69],[120,-2],[20,-87],[225,-15],[119,-85],[340,-534],[52,-567],[426,-200],[177,-164],[-9,-101],[142,-18],[-358,-391],[-10,-257],[218,60],[120,-111],[-153,-103],[-21,-90],[128,-114],[235,0],[187,97],[110,-22],[40,-63],[-31,-109],[-192,-108],[-15,-197],[-142,-36],[-109,-139],[108,-152],[-136,-54],[148,-25],[-23,-66],[55,-46],[-51,-308],[137,-90],[-31,-76],[-150,14],[-60,-72],[13,-108],[326,-229],[426,-51],[644,-371],[595,-397],[395,-391],[-64,-194],[-316,-59],[147,-131],[-53,-102],[71,-153],[240,-19],[-27,-187],[169,-22],[51,-71],[46,-439],[-163,-129],[-24,-123],[89,-87],[-32,-237],[73,-123],[-51,-45],[71,-77],[-30,-77],[-71,-13],[243,-106],[91,6],[-41,-64],[227,-109],[467,-69],[54,-94],[-43,-116],[137,40],[90,-123],[83,25],[137,-70],[126,11],[44,-109],[360,5],[394,-166],[908,-477],[244,-186],[39,-221],[217,-62],[346,-458],[172,-327],[6,-176],[-80,-94],[-109,36],[-60,-36],[21,-98],[-81,-154],[-619,31],[6,-106],[-186,-243],[27,-88],[141,-139],[179,89],[324,-260],[-61,-173],[241,-46],[-42,-56],[56,-54],[169,34],[51,-81],[225,-96],[-17,-80],[-96,-52],[19,-49],[167,48],[48,-90],[189,10],[1090,-541],[188,-513],[92,-54],[-39,-104],[79,-225],[105,-16],[61,-97],[-43,-50],[321,-163],[63,-214],[131,-59],[4,72],[98,-7],[288,-303],[1,-106],[-122,-73],[188,-394],[13,-229],[-41,-173],[-209,-156],[-10,-63],[186,-106],[148,113],[95,11],[603,-312],[157,-141],[176,-53],[702,-388],[275,-304],[-10,-147],[280,-39],[139,-267],[1061,-629],[719,-540],[521,-672],[62,-415],[-38,-81],[-185,-89],[-222,62],[-179,-187],[616,-586],[159,-242],[1014,-1109],[77,-171],[-28,-163],[-70,-42],[278,179],[196,42]],[[272006,422831],[919,623]],[[272925,423454],[692,774],[436,344]],[[274053,424572],[284,106],[283,-17],[231,193],[356,160],[593,31],[270,-70],[236,-176],[146,-252],[439,-216],[413,-102],[298,-13],[87,-72],[674,-80],[677,83],[188,170],[-103,187],[397,285],[402,-131],[318,-49],[354,204],[45,147],[-181,115],[-92,699],[102,142],[-58,178],[100,103],[-55,224],[110,240],[-128,295],[153,237],[-54,484],[114,191],[-140,174],[-520,131],[-159,154],[-123,436],[-243,292],[-59,273],[-400,203],[-368,105],[-96,236],[-114,89],[40,66],[310,52],[205,162],[134,250],[-43,317],[243,258],[219,117],[309,51],[161,221],[341,287],[578,165],[204,121],[56,97],[-46,105],[-276,229],[9,153],[207,22],[411,-92],[184,843],[229,242],[388,186],[-190,203],[45,446],[-131,168],[25,176],[-203,252],[203,239],[-86,196],[159,173],[12,128],[-122,260],[133,239],[-262,309],[29,255],[-190,311],[155,244],[103,412],[-30,132],[-162,153],[183,144],[121,196],[130,1],[364,-136],[100,5],[139,37],[224,159],[497,-169],[614,-17],[457,104],[246,-16],[390,-118],[514,-37],[125,3],[441,173],[501,66],[652,-266],[444,-78],[788,-500],[160,-155],[319,-27],[184,-99],[438,-62],[261,-108],[161,62],[170,257],[540,316],[65,138],[165,85],[79,165]],[[291253,438232],[366,200],[174,-21],[80,-172]],[[291873,438239],[565,-55],[146,-59],[270,-574],[382,-275]],[[293236,437276],[974,-1079],[84,-179]],[[294294,436018],[-91,-451],[90,-348],[-127,-125],[-237,-88],[-90,-217],[-132,-91],[-698,-312],[-107,-155],[-619,-345],[-591,-171],[-302,-201],[-148,-23],[-341,86],[-196,143],[-163,-9],[-591,-413],[-154,-55],[-204,35],[-449,-95],[-217,-480],[-370,-19],[-152,-61],[-79,-107],[-258,-75],[-572,29],[-222,-144],[-202,-371],[11,-198],[119,-248],[20,-163],[-62,-98],[-213,-165],[-217,-353],[-316,-45],[-41,-132],[-256,-126],[-181,-328],[-58,-255],[-313,-297],[83,-226],[-170,-99],[-230,-43],[104,-98],[133,-379],[-94,-189],[-102,-66],[-348,109]],[[284941,428556],[-310,18],[-76,-73],[-54,-427]],[[284501,428074],[-179,-63],[-349,-36],[-739,-387]],[[283234,427588],[-294,-290],[-233,-337],[-23,-184],[152,-371]],[[282836,426406],[2,-207],[-276,-290],[-19,-86],[74,-91],[-3,-191],[79,-137],[306,-191],[284,-111],[33,-110]],[[283316,424992],[212,14],[190,101]],[[283718,425107],[151,175],[152,289],[-50,118],[82,156],[200,-5],[325,-96],[181,-181],[227,-99],[446,-26],[143,420],[-44,241],[508,186],[314,39],[347,242],[491,120],[407,-86],[510,68],[255,-145]],[[288363,426523],[217,-37],[288,166],[239,252],[119,57]],[[289226,426961],[269,77],[401,0],[166,40],[296,331],[215,121],[185,182],[118,255],[455,-133],[161,25],[262,202],[-12,287],[422,264],[114,-16],[83,-110],[159,-74],[459,133],[137,-53],[135,-147],[358,14],[403,-144],[132,-444],[-100,-73],[-221,12],[-673,-132],[-322,-202],[149,-272],[-17,-146],[141,-320],[-135,-448],[-512,-96],[-333,-354],[-436,-122],[-32,-178],[-551,-158],[-63,-120],[32,-523],[-70,-156],[-461,-284],[49,-288],[196,-194],[-9,-146],[329,-467],[765,-453],[410,-139],[297,-27],[-12,276],[72,246],[-44,130],[108,120],[628,245],[152,8],[245,292],[512,139],[194,118],[722,33],[175,53],[629,5],[189,-255],[79,-246],[-73,-318],[5,-869],[-264,-282],[-410,-111],[36,-502],[-155,-206],[94,-224],[-155,-156],[-445,-207],[289,-64],[306,-340],[447,-190],[159,-132],[92,-201],[12,-733],[101,-562],[-140,-439],[125,-203],[166,-152],[326,-164],[282,-307],[-81,-133],[-910,-274],[-216,-319],[100,-319],[-167,-108],[-62,-225],[-239,-189],[-125,-182],[-207,-457],[67,-187],[-184,-242],[118,-140],[137,-53],[28,-162],[-264,-390],[60,-95],[-337,-118],[-73,-124],[-23,-189],[83,-115],[-2,-131],[84,-54],[1165,592],[274,83],[201,215],[1388,909],[306,106],[473,39],[186,147],[57,126],[1255,593],[175,23],[408,-49],[338,83],[432,-37],[197,-76],[202,-257],[311,-216],[224,-78],[275,4],[900,157],[706,70],[144,57],[285,236],[458,-32],[153,195],[416,251],[341,94],[534,47],[216,105],[212,43],[494,-169],[78,-109],[101,-40],[201,-13],[207,70],[344,-100],[209,15],[548,193],[242,161],[802,310],[201,336],[108,80],[447,131],[-50,124],[-731,235],[-490,366],[-159,194],[-35,229],[156,504],[242,275],[306,599],[506,212],[307,465],[212,163],[174,367],[180,47],[156,-60],[373,-26],[301,101],[367,392],[100,301],[292,209],[786,813],[64,24],[82,-85],[189,38],[91,376],[314,239],[313,101],[540,6],[418,302],[136,35],[410,438],[203,473],[166,194],[489,197],[245,30],[499,283],[314,122],[320,-125],[136,-6],[591,122],[437,-260],[220,44],[64,196],[-51,166],[158,167],[287,38],[196,91],[702,159],[796,-132],[162,14],[262,143],[252,12],[616,-77],[358,-168],[86,-151],[480,-137],[375,-56],[448,-9],[243,61],[243,-43],[129,89],[382,80],[71,199],[124,74],[-5,303],[437,185],[12,117],[181,149],[-94,201],[16,280],[848,394],[38,144],[240,356],[39,219],[-168,411],[86,116],[-47,106],[-205,296],[-393,219],[-63,292],[149,395],[-41,171],[66,152],[742,395],[649,212],[248,12],[302,119],[19,271],[396,124],[301,467],[213,483],[428,195],[357,92],[-25,94],[102,93],[488,255],[219,175],[66,147],[425,130],[137,188],[-39,508],[455,258],[1177,805],[99,116],[14,177],[-66,337],[96,67],[200,1],[401,118],[542,544],[181,525],[289,60],[11,91],[72,33],[360,6],[432,-210],[405,-80],[341,63],[155,273],[178,-33],[225,52],[149,-34],[224,83],[127,0],[334,172],[70,91],[327,11],[132,299],[365,72],[190,296],[188,-15],[83,96],[118,312],[156,19],[115,522],[-40,256],[102,163],[-64,218],[75,126],[244,115],[105,11],[193,-78],[29,-357],[105,-82],[443,-82],[212,-162],[232,11],[315,-78],[237,1],[220,-156],[179,-213],[321,18],[420,-103],[314,266],[-84,118],[22,62],[332,77],[186,120],[189,27],[169,229],[649,77],[403,235],[-23,191],[166,66],[415,94],[780,74],[317,-145],[396,31],[440,182]],[[348846,441055],[96,285]],[[348942,441340],[-98,220],[-33,433],[307,269],[-165,455],[4,330],[-226,222],[-475,188],[-187,306],[42,155],[-51,231],[159,143],[5,131],[183,161],[187,575],[-131,286],[-170,143],[-74,166],[180,167],[5,156],[97,185],[165,112],[-83,229],[-84,30],[33,185],[-188,292],[113,54],[39,129],[-158,488],[15,205],[-145,380],[67,114],[-123,242],[120,158],[-119,226]],[[348153,449106],[-52,345],[399,230]],[[348500,449681],[372,62],[157,-15],[157,110],[623,-27],[345,71],[305,-46],[226,-209],[241,36],[74,211],[309,473],[83,393],[102,106],[106,32],[388,0],[517,-115],[496,-294],[401,210],[194,502],[221,107],[411,91],[1262,72],[465,-72],[706,35],[-43,190],[-247,247],[-126,233],[183,114],[-201,464],[-18,232],[308,204],[-208,119],[-51,84],[75,446],[-172,379],[-12,273],[-137,251],[35,98],[-152,119],[-368,103],[-133,127],[-39,284],[-102,142],[80,198],[-32,250],[110,258],[-172,177],[-32,206],[623,588],[-18,163],[65,178],[237,208],[-108,187],[110,114],[27,154],[-165,139],[-173,290],[-564,380],[-299,377],[-413,63],[-264,95],[-340,268],[-10,135],[-139,231],[40,191],[227,147],[-128,373],[-212,-23],[-83,60],[-172,411],[-265,271],[2,223],[-599,241],[-29,344],[-229,409],[-364,227],[-202,70],[-89,177],[-203,164],[44,93],[249,91],[-190,209],[-45,306],[-240,161],[-434,818],[-257,271],[-692,487],[-188,194],[-201,345],[-222,516],[-198,802],[4,570],[114,157],[0,117],[-238,277],[-306,60],[-271,-8],[51,255],[-197,253],[-283,584],[-630,196],[-219,299],[-246,102],[-238,178],[-60,142],[28,376],[-291,255],[-238,514],[-318,183],[-173,-94],[-308,-15],[-219,-180],[9,-137],[-50,-34],[-539,-135],[-186,-5],[-439,106],[-182,-11],[-130,-92],[-42,-107],[-331,-353],[-223,-145],[59,-858],[150,-106],[48,-185],[119,-123],[256,-19],[106,-334],[174,-190],[-378,-133],[-181,139],[-459,191],[-325,278],[165,110],[-172,209],[-677,366],[-234,273],[-278,201],[-55,135],[-430,228],[-190,216],[-510,138],[-309,188],[-69,160],[-183,197],[116,153],[-195,203],[-164,67],[-1,92],[-99,52],[14,179],[-158,87],[-17,174],[-185,204],[-44,135],[-605,662],[24,303],[-70,196],[-120,82]],[[338068,474738],[-199,37],[-151,150]],[[337718,474925],[-107,242],[14,112],[250,105],[97,144],[-44,166]],[[337928,475694],[-199,218],[1,182],[172,231],[366,165]],[[338268,476490],[143,125],[530,183],[155,130],[48,233],[269,4],[169,124],[534,-191],[127,-7],[90,47],[118,188],[723,171],[170,117],[183,48],[305,27],[54,98],[165,96],[25,163],[234,71],[68,164],[-156,716],[84,43],[213,-11],[270,90],[93,259],[26,381],[100,76],[152,58],[264,-22],[1195,201],[372,-33]],[[344991,480039],[75,111],[11,329],[89,241]],[[345166,480720],[-174,280],[475,311],[307,63],[222,269],[381,303],[-107,267],[64,268],[-169,298],[8,155],[160,185],[-41,666],[-683,658],[-475,664],[336,441],[76,182],[-32,185],[636,224],[226,268],[177,84],[117,232],[203,141],[75,116],[84,385],[-160,360],[-292,323],[-104,254],[83,569],[276,175],[86,121],[351,15],[163,73],[14,491],[79,188],[399,523],[366,100],[290,-47],[215,153],[127,170],[366,194],[82,531],[202,192],[213,445],[12,203],[98,110],[341,146],[533,142],[243,196],[41,276],[629,197],[160,250],[170,124],[-10,123],[-307,241],[108,446],[174,123],[311,48],[491,-25],[142,85],[161,273],[-65,272],[426,347],[-21,281]],[[353425,496053],[118,154],[165,99],[183,37]],[[353891,496343],[508,-119],[149,-115],[-1,-451],[124,-155],[-77,-195],[109,-116],[189,-539],[221,-232],[101,-211],[527,-492],[246,-363],[-29,-231],[87,-203],[-39,-113],[801,-294],[502,18],[215,-55],[360,-216],[211,-195],[159,-21],[136,-90],[189,-45],[47,-75],[205,-110],[228,-312],[166,-70],[312,-505],[345,-173]],[[359882,490665],[58,-85],[282,164],[324,112]],[[360546,490856],[18,105],[504,646],[290,554],[144,181],[258,94]],[[361760,492436],[137,138],[-34,297]],[[361863,492871],[161,455],[-236,267],[-3,148],[-165,205],[95,291],[-185,195],[274,281],[2,172],[146,175],[-72,300],[83,139],[-51,146]],[[361912,495645],[38,64],[167,178]],[[362117,495887],[895,639],[56,121],[-423,554],[126,228],[108,487],[-146,135],[-165,527],[-102,213],[-123,104]],[[362343,498895],[53,311],[-193,284],[-233,177]],[[361970,499667],[-180,296],[-1388,853],[-575,514],[-171,327],[22,404],[-133,113],[-314,114],[-162,133],[-237,75],[-217,168],[-311,61],[-261,186],[69,164],[-92,139],[-617,192],[-644,92],[-916,43],[-209,263],[-129,71],[-680,38],[-355,85],[-214,148],[-369,-30],[-654,268],[-744,-51],[-789,72],[-517,248],[-529,172],[-54,71],[-475,199],[-227,-7],[-195,104],[-197,35],[-58,69],[63,78],[-403,255],[-89,162],[-202,-10],[-494,429],[-104,158],[-269,138],[-462,69],[-459,207],[-149,0],[-602,-177],[-521,-56],[-509,401],[-175,3],[-239,87],[-235,-114],[-163,-2],[-144,116],[-92,219],[-104,77],[-365,-18],[-243,-153],[-474,31],[-132,175],[11,131],[-153,153],[-245,51],[-115,166],[-652,215],[-72,157],[-89,17],[-155,131],[-19,262],[-163,200],[-1103,328],[-79,144],[-279,204],[-441,92],[-155,136],[-297,100],[-118,124],[76,432],[-201,224],[-476,85],[-423,192],[-401,5],[-183,140],[-546,-8],[-362,79],[-422,161],[-251,225],[-840,297],[-545,374],[-416,-186],[-556,186],[-443,87],[-5,64],[190,144],[41,162],[327,78],[43,45],[-96,226],[62,125],[-162,106],[-60,185],[-377,-9],[-347,199],[-198,40],[-303,-90],[-108,20],[-69,78],[-51,580],[-135,117],[-369,14],[-207,314],[4,156],[283,202],[-118,176],[-628,265],[56,192],[-354,260],[-77,211],[-291,193],[-125,19],[-212,-203],[-274,-69],[-328,162],[-260,324],[-175,130],[-24,455],[-419,120],[-174,139],[146,152],[15,132],[-195,246],[2,214],[230,188],[14,79],[-102,222],[-306,144],[-151,137],[43,240],[-78,189],[236,188],[19,137],[-268,182],[-576,178],[-352,307],[-210,100],[-287,298],[-264,620],[-67,522],[-280,270],[-242,410],[-835,258],[-126,117],[-212,61],[-165,319],[-182,47],[9,52],[151,54],[30,98],[-58,354],[-265,759],[-390,113],[-343,268],[-240,59],[-658,407],[9,119],[-112,183],[22,66],[221,100],[-108,463],[124,412],[-294,157],[-114,128],[-18,111],[103,129],[-182,305],[64,260],[-104,78],[-105,218],[-264,148],[-20,196],[-246,210],[-38,149],[92,311],[164,166],[-174,394],[-173,101],[-511,117],[-1251,10],[-672,400],[-96,223],[68,170],[-61,133],[66,118],[187,90],[-114,222],[200,246],[-71,424],[89,311],[163,261],[-43,382],[-451,314],[-195,271],[-26,129],[104,235],[-27,97],[-690,283],[-473,519]],[[316915,534885],[-25,95],[82,99],[-40,81],[-230,114]],[[316702,535274],[-135,198],[0,78],[305,262],[66,119]],[[316938,535931],[-101,307],[-114,70],[-660,-37]],[[316063,536271],[-326,79],[-343,-91]],[[315394,536259],[-181,-123]],[[315213,536136],[-187,3],[-170,83]],[[314856,536222],[-183,207],[-398,210]],[[314275,536639],[-250,337],[-288,53],[-371,233],[-504,96],[-166,71],[-141,166],[22,196],[-177,132],[-708,185],[-216,104],[-649,99],[-896,534],[-216,620],[71,209],[188,223],[-10,240],[-379,424],[-122,574],[-120,73],[-429,-31],[-466,58],[-289,264],[-600,175],[-318,295],[-373,212],[-42,135],[182,509],[-75,512],[-120,227],[-307,299],[-171,316],[-290,277],[-96,302],[241,315],[-429,400],[-72,293],[-412,-9],[-64,70],[150,424],[-115,663],[-101,129],[-202,95],[-273,18],[-351,-67],[-174,55],[-429,294],[40,116],[277,15],[50,172],[-210,194],[-251,7],[-146,77],[-175,340],[-195,238],[-127,70],[82,324],[-377,823],[-326,198],[-415,34],[-297,252],[-417,-7],[-320,105],[-531,45],[-559,218],[-81,124],[122,260],[32,509],[-107,218],[-241,185],[-379,125],[-459,30],[-267,151],[-291,54],[-307,18],[-867,-98],[-526,225],[-201,40],[-159,132],[-33,130],[161,291],[-22,466],[109,263],[142,171],[463,277],[294,284],[270,55],[34,67],[-251,197],[-324,156],[-484,764],[-393,308],[-961,232],[-533,76],[-820,372],[-263,318],[-19,99],[513,474],[27,93],[-53,95],[-560,206],[-615,66],[-148,145],[-183,367],[-165,163],[-201,108],[-434,129],[-417,310],[-4,106],[93,102],[862,614],[418,584],[38,164],[-107,180],[-246,164],[-802,250],[-824,127],[-253,328]],[[290399,561933],[18,505],[-6,28],[-35,63]],[[596452,282679],[-340,-11],[-84,-88],[72,-320],[-146,-167],[-283,-77],[-703,-309],[-546,-93],[100,-198],[-391,-131],[-176,-151],[53,-334],[-155,-357],[-101,-14],[-436,95],[-115,-67],[72,-351],[-102,-190],[-64,-478],[-163,-224],[-121,-70],[63,-169],[-343,-67],[-541,-269],[100,-450],[-189,-324],[-97,-391],[42,-61],[278,-73],[129,-212],[10,-83],[-180,-262],[-13,-121],[149,-133],[61,-149],[334,-218],[204,-280],[439,-268],[-9,-275],[175,-228],[-129,-111],[-366,48],[-304,-158],[-374,-58],[-112,-93],[-105,-284],[-382,-81],[-298,-200],[190,-150],[134,-197],[-176,-207],[122,-231],[-5,-149],[-226,-281],[18,-152],[-75,-206],[-247,-178],[74,-292],[-272,-337],[-13,-622],[-62,-90],[-283,-156],[-223,-235],[-129,-191]],[[590192,270500],[-35,-220],[71,-58]],[[590228,270222],[345,-80],[-79,-159],[370,-323],[125,-204],[-183,-97],[-1,-75],[258,-287],[281,-73],[392,-406],[13,-176],[-179,-169],[64,-152],[-29,-131],[-714,-435],[-67,-173],[380,-277],[-69,-370],[36,-141],[243,-158]],[[591414,266336],[117,-204],[542,-377],[94,-231]],[[592167,265524],[-63,-212],[119,-383],[97,-189]],[[592320,264740],[453,-344],[-40,-399]],[[592733,263997],[311,-288],[21,-208],[-72,-135],[184,-312],[-50,-255],[318,-487]],[[593445,262312],[167,-500],[-38,-135]],[[593574,261677],[-237,-187],[20,-428],[151,-336],[296,-251],[-104,-221],[264,-292],[35,-113],[-48,-200],[278,-446],[-186,-147]],[[594043,259056],[-433,-169],[-182,-200],[171,-246],[378,-246]],[[593977,258195],[216,-629]],[[594193,257566],[386,-382],[207,-21]],[[594786,257163],[332,77],[142,-29],[262,-203],[702,-52],[384,-217],[354,61],[83,-21],[272,-111],[159,-183],[314,-119]],[[597790,256366],[172,-23],[383,61],[463,-285]],[[598808,256119],[337,-324],[152,-74],[220,0],[79,-55],[-196,-524]],[[599400,255142],[139,-244],[177,-72]],[[599716,254826],[251,141],[141,14]],[[600108,254981],[555,-439],[89,-187],[-198,-375],[37,-250]],[[600591,253730],[317,-178],[333,101],[171,-14],[222,50],[476,-331],[479,-430],[345,-192],[322,-48],[222,-83],[296,-197],[112,-161],[182,-44],[111,-96],[15,-201],[-50,-32],[-397,12],[-544,-95],[-221,88],[-129,-9],[-81,-73],[136,-220],[-41,-123],[-91,-53],[-221,-17],[-244,-114],[-396,-9],[-632,-113],[-791,78],[-424,-208],[-530,-168],[-264,42],[-202,132],[-441,-117],[-241,-190],[-382,-199],[335,-300],[77,-371],[108,-162],[-179,-241],[24,-235],[100,-144],[-35,-98],[199,-82],[281,-204],[222,-243],[35,-166],[113,-110],[235,-525],[401,-321],[126,-270],[332,-117],[248,-299],[165,-104],[163,-49],[1003,-549],[232,-440],[-69,-255],[187,-183],[36,-113],[4,-596],[-154,-425],[467,-375],[153,-368],[176,-211],[-61,-184],[238,-218],[191,-340],[152,-84],[1190,-375],[277,-173],[55,-100],[224,-116],[-5,-325],[113,-123],[68,-209],[292,-135],[235,-476],[136,-96],[246,-362],[47,-219],[-93,-236],[69,-130],[-65,-293],[918,-469],[69,-89],[12,-169],[331,-168],[-103,-313],[114,-141],[-29,-147],[237,-174],[134,-386],[159,-48],[-51,-215],[158,-72],[4,-176],[-304,-208],[137,-632],[-226,-107],[-75,-183],[-146,-152],[159,-205],[385,-279],[215,-578],[246,-284],[-110,-198],[117,-88],[99,-266],[205,-103],[-158,-167],[3,-67],[186,-37],[19,-117],[142,-45],[108,32],[124,-23],[942,-881],[177,33],[230,-76],[66,-265],[256,-276],[-48,-108],[103,-196],[-7,-261],[139,-155],[-45,-102],[61,-160],[177,-93],[-69,-142],[104,-254],[205,-110],[138,5],[286,-325],[208,-426],[137,-91],[21,-203],[245,-151],[103,-215],[200,-67],[127,-192],[-6,-218],[193,-193],[68,-289],[115,-33],[214,-175],[141,57],[127,-40],[-35,-346],[224,-164],[-86,-75],[-4,-106],[402,-203],[-26,-86],[59,-58],[342,-36],[72,-166],[369,-132],[-71,-271],[54,-91],[432,-31],[-21,-125],[190,-273],[-7,-118],[202,-243],[-62,-164],[55,-91],[-184,-187],[160,-250],[-54,-166],[177,-88],[-20,-239],[265,-78],[175,-153],[-32,-223],[-103,-149],[32,-407],[-181,-649],[56,-318],[-121,-205],[-40,-299],[-464,-279],[-390,-442],[-113,-225],[-5,-304],[-341,-1204],[-133,-191],[-525,-420],[-380,-58],[-116,-126],[9,-254],[-54,-81],[-353,-137],[22,-89],[-105,-198],[-47,-337],[105,-409],[-3,-262],[-135,-69],[-321,-406],[-1055,-327],[-695,-28],[9,-169],[165,-314],[485,-426],[-103,-325],[3,-234],[172,-524],[151,-201],[130,-151],[162,-49],[297,19],[420,-142],[437,-74],[72,-64],[-34,-418],[-215,-438],[555,-75],[434,-148],[549,-370],[53,-112],[-88,-46],[-93,-205],[21,-70],[210,-133],[47,-239],[328,-212],[347,-38],[139,-160],[79,-355],[-51,-98],[19,-267],[118,-359],[711,-271],[373,-316],[-144,-79],[-134,-168],[-138,-930],[-539,-263],[-397,-43],[-291,-138],[-407,-315],[-47,-236],[47,-264],[242,-328],[702,-1338],[605,-747]],[[616510,203023],[253,-719],[7,-209]],[[616770,202095],[-620,-926],[-138,-155]],[[616012,201014],[-269,-172],[-523,-67],[-853,50],[-247,-179],[-755,-204],[-702,13]],[[612663,200455],[-308,-209],[-400,-181],[-120,-157],[24,-128]],[[611859,199780],[147,-19]],[[612006,199761],[-34,-71],[-91,-69],[-273,17]],[[611608,199638],[149,-134],[-131,-195],[154,-104],[19,-146],[146,-81],[-226,-208],[-190,-15]],[[611529,198755],[-51,-173],[120,-226]],[[611598,198356],[171,-94],[249,34]],[[612018,198296],[107,-25],[-24,-312],[-130,23],[-70,-116],[230,-92],[-5,-122],[79,-108],[226,-15],[86,-55],[85,-252],[28,-261],[-153,-166],[3,-152],[167,-219],[-116,-94],[-76,-160],[97,-208],[-67,-397],[-111,-175],[56,-193],[130,-163],[177,-161],[189,-26],[28,-90],[169,-89],[73,-121],[146,-57],[-47,-212],[170,-120],[19,-111],[169,-216],[394,-50],[330,124],[178,-7],[309,74],[476,-156],[473,-359],[55,-138],[117,1],[-26,-88],[64,-78],[287,-172],[29,-183],[105,-125],[-94,-82],[154,-113],[313,67],[224,-55],[248,-143],[325,-9],[355,-321],[776,-434],[354,21],[748,194]],[[619847,191799],[168,-6],[261,-82],[90,23],[299,578]],[[620665,192312],[150,112],[76,212],[280,168],[-66,359],[109,237],[-7,241],[325,271],[665,361],[106,348],[384,219],[807,284],[521,309],[228,49],[265,-38],[225,37],[361,312],[108,199],[126,427],[70,541],[175,440],[637,1093],[245,260],[507,395],[727,319],[62,88],[61,461],[127,192],[325,164],[205,-5],[276,-90],[279,-468],[196,-143],[3,-385],[111,-131],[705,-206],[1068,-522],[1118,82],[441,-36],[119,-134],[809,-261],[460,-327],[98,-164],[178,-71],[255,-3],[338,134],[930,667],[220,213],[139,313],[592,43],[252,-45],[134,-85],[213,-47],[271,-7],[1306,129],[144,120],[275,69],[390,270],[569,-231],[353,7],[339,65],[937,-69],[94,33],[327,338],[525,727],[396,5],[929,214],[662,400],[213,-36],[256,-152],[1210,-204],[525,20],[140,-43],[83,-104],[31,-350],[73,-72],[611,-104],[280,64],[266,90],[109,144],[37,274],[-428,714],[443,112],[136,126],[59,107],[-70,157],[42,108],[190,123],[147,313],[309,-7],[359,-126],[881,-155],[714,-307],[221,-161],[272,-65],[433,255],[428,105],[470,29],[232,79],[246,313],[-131,321],[-140,1056],[77,175],[242,-68],[294,-13],[414,-166],[656,24],[220,-188],[382,-16],[241,-256],[173,-98],[214,-736],[563,-573],[139,-77],[359,102],[647,32],[280,389],[236,79],[312,-4],[189,-339],[754,-608],[393,-568],[182,-171],[529,-190],[1016,-497],[158,-10],[531,383],[451,159],[274,15],[414,-571],[174,-102],[367,-57],[620,-10],[572,-102],[410,-289],[540,-118],[274,-17],[448,58],[199,-51],[98,-130],[69,-517],[79,-175],[-79,-138],[137,-67],[475,-55],[165,-121],[62,-146],[-139,-213],[38,-195],[35,-72],[253,-134],[-15,-434],[137,-292]],[[668826,196227],[116,-84],[187,-46],[333,156],[-1,185],[194,475]],[[669655,196913],[164,60]],[[669819,196973],[321,382],[63,904]],[[670203,198259],[149,266]],[[670352,198525],[313,189],[26,61],[-10,150],[-149,301],[26,59]],[[670558,199285],[182,85],[430,408],[203,278],[240,87],[118,141],[588,420],[115,126],[103,338],[263,292],[153,150],[492,219],[154,260],[806,-573],[432,-184],[284,-35],[697,98],[259,102],[696,444],[449,175],[204,283],[101,7],[229,-84],[491,-38],[113,5],[309,146],[-24,-424],[216,-309],[-248,-405],[136,-655],[366,-19],[435,-185],[993,107],[319,-32],[122,-104],[37,-186],[393,-234],[499,336],[467,222],[646,130],[212,-36],[287,16],[268,142],[264,-10],[528,310],[444,58],[395,-105],[402,29],[299,-91],[80,-107],[451,-193],[1040,-17],[150,-156],[282,-123],[31,-316],[265,-28],[195,-140],[-225,-692],[606,-329]],[[689000,198889],[-19,-248],[220,-15]],[[689201,198626],[259,192],[280,122],[-9,103],[-131,148]],[[689600,199191],[47,166],[135,220]],[[689782,199577],[458,455],[667,281],[752,237],[509,-2],[260,176],[601,30],[807,288],[614,123],[195,-33],[294,-125],[635,-78],[232,104],[128,216],[184,79],[1183,-16],[416,-47],[193,81]],[[697910,201346],[311,298],[459,-166]],[[698680,201478],[108,84],[289,432]],[[699077,201994],[86,385],[148,131],[5,199],[-139,320],[1,435],[71,298],[188,309],[38,439],[-503,262],[-107,540],[-63,70],[-99,42],[-270,7],[-230,210],[-486,172],[-57,459],[-255,248],[-465,162],[-531,491]],[[696409,207173],[-193,287],[660,293]],[[696876,207753],[44,448]],[[696920,208201],[64,122],[448,365]],[[697432,208688],[368,122]],[[697800,208810],[113,146],[879,392]],[[698792,209348],[836,700],[773,163],[436,242],[137,133],[174,314]],[[701148,210900],[-65,354],[231,69],[862,114]],[[702176,211437],[1490,-257],[734,-24]],[[704400,211156],[341,63],[479,297]],[[705220,211516],[394,449],[159,103],[1050,200],[242,111],[124,110],[64,171],[-61,391],[109,170],[402,347],[-18,220],[1321,444],[167,-27],[367,-168],[340,-246],[246,-80],[59,-74],[690,-107],[480,197],[90,159],[150,86],[187,210],[593,9],[401,105],[256,149],[50,139],[-253,111],[-138,176],[-118,232],[69,60],[595,38],[537,-38],[350,105],[352,208],[139,33],[1217,20],[383,63],[146,209],[23,199],[-109,509],[659,1345],[69,712],[169,41],[410,-70],[309,40],[270,-56],[262,461],[73,71],[226,36],[106,78],[13,185],[395,121],[289,5],[45,33],[30,458],[80,138],[506,272],[952,112],[71,54],[-2,436],[317,34],[455,229],[263,193],[223,258],[34,429],[-63,427],[54,91],[694,548],[421,119],[333,181],[663,116],[287,-163],[260,-36],[202,60],[284,177],[330,81],[324,279],[485,182],[160,187],[356,229],[104,125],[591,271],[298,359],[74,217],[312,126],[496,503],[258,95],[443,-30],[-85,150],[-310,130],[-96,315],[-262,202],[-256,123],[-57,213],[-324,468],[-86,257],[455,193],[77,296],[136,152],[367,113],[526,359],[469,190],[203,273],[425,147],[32,88],[-151,149],[278,136],[-46,195],[182,40],[84,75],[-50,251],[-273,105],[-284,350],[85,212],[259,86],[196,235],[-248,283],[-138,400],[-172,193],[173,182],[51,267],[-483,320],[128,412],[239,300],[-2,567],[-60,107],[75,299],[447,391],[0,272],[336,110],[154,261],[-8,67],[-151,77],[-53,88],[19,119],[109,114],[-97,172],[144,147],[-121,120],[-159,923],[-241,376],[41,194],[-74,420],[158,252],[-274,298],[154,159],[71,242],[-25,158],[125,134],[-127,298],[216,494],[-83,256],[33,138],[-73,71],[-182,52],[-318,464],[-544,241],[-641,480],[-14,138],[-143,196],[-17,270],[-99,159],[30,143],[-93,113],[-146,14],[-150,105],[-326,-14],[-99,41],[-45,107],[63,167],[-196,135],[18,153],[-454,419],[-320,522],[-131,98],[115,133],[-183,133],[-56,136],[9,266],[-164,455],[-15,204],[-372,504],[-111,41],[-255,-36],[-145,76],[10,168],[-141,85],[-129,307],[-176,142],[9,152],[-184,344]],[[725848,248565],[-234,249],[41,247]],[[725655,249061],[-149,169],[-284,212]],[[725222,249442],[-634,199],[-330,10],[-492,431],[64,200],[-82,138],[-323,155],[-121,174],[-195,85],[18,266],[-317,276],[-882,192],[-402,-87],[-570,20],[-271,282],[-310,140],[-148,184],[-328,131],[-281,207],[-300,32],[-282,105],[-731,30],[-328,141],[-246,-14],[-125,53],[-67,152],[238,73],[85,89],[-4,104],[-131,153],[-46,327],[-1093,385],[-29,85],[130,408],[-100,96],[-257,-165],[-1,-115],[-108,-36],[-668,287],[-47,50],[62,116],[-243,141],[-104,2],[-322,-148],[-888,47],[-345,-348],[-670,26],[-277,-219],[-275,-132],[-61,-102],[92,-201],[-68,-89],[-994,-263],[-157,-1],[-350,211],[30,185],[131,114],[-21,46],[-569,147],[-196,99],[-285,11],[-368,106],[-640,393],[-238,-8],[-224,84],[-301,-33],[-306,112],[-906,597],[-262,275],[-712,225],[-368,-98],[-494,-34],[-1076,290],[-111,263],[26,89],[514,277],[-172,232],[78,197],[-82,305],[-287,230],[-92,231],[-104,95],[-278,178],[-684,284],[-51,251],[-206,239],[-457,0],[-290,95],[-579,-45],[-506,178],[-526,105],[-557,274],[-119,259],[-187,15],[-288,115],[-347,5],[-197,-55],[-361,23],[-508,-100],[-206,-95],[-202,4],[-149,103],[-72,400],[-242,178],[-462,99],[-334,184],[-436,-18],[-465,85],[-276,118],[-42,174],[-220,55],[-215,-24],[-591,-293],[-219,16],[-78,81],[-7,171],[-371,202]],[[693145,261416],[-126,318],[-562,188],[-390,12]],[[692067,261934],[-385,136],[-202,22]],[[691480,262092],[-111,-42],[-68,-150]],[[691301,261900],[-223,-142],[-72,-109],[-415,-163],[-127,-14],[-482,94],[-198,-50],[-242,86],[-166,-65],[-290,-33],[-57,64],[98,159],[-118,133],[-38,183],[-106,132],[-230,59],[-183,246],[-586,20],[-361,-115],[-103,215],[-341,123],[-156,-57],[-435,302],[-368,-130],[-177,-186]],[[685925,262652],[-203,-53],[-376,138]],[[685346,262737],[-107,139],[-48,337]],[[685191,263213],[-506,328],[82,327],[-123,68],[-214,-9],[-273,235],[-135,-12],[-400,-161],[-451,-33],[-132,-206],[-160,-57],[-328,109],[-245,262],[-428,8],[-415,174],[-448,88],[-207,93],[-337,329],[-347,19],[-177,60],[-109,279],[-448,308],[-389,42],[-324,-111],[-226,0],[-119,62],[-89,224],[-129,125],[-393,64],[-520,-13],[-349,115],[-195,248],[-32,231],[-710,613],[-742,363],[-95,283],[-151,23],[-159,-36],[-455,-382],[-407,-87],[-288,11],[-259,77]],[[673359,267274],[-200,136],[-182,255],[43,221],[208,268],[131,345],[-24,390],[-350,261],[-126,26],[-262,-63]],[[672597,269113],[-264,49],[-829,-250],[-495,67],[-204,79],[-101,111],[-218,19],[-159,-44],[-322,-201],[-238,-61],[-232,101],[-525,45],[-1413,465],[-519,-7],[-445,67],[-231,-134],[-248,14]],[[666154,269433],[-219,88],[-222,355],[84,474],[-326,255]],[[665471,270605],[-92,283],[-239,115],[-336,45],[-393,-114],[-193,-6],[-102,63]],[[664116,270991],[-18,171],[-67,47],[-402,-65]],[[663629,271144],[-779,141],[-613,-139],[-764,-33],[-365,-68],[-306,-117],[-773,93],[-291,-89],[-478,-38],[-442,112],[-175,-143],[2,-192],[-178,-106],[-390,-130],[-93,-309],[-236,-27],[-244,-261]],[[657504,269838],[-183,-57],[-303,-11],[-125,-55],[-169,-204],[-115,-308],[-170,-102],[-380,-22],[-172,-145],[-211,-32],[-258,67]],[[655418,268969],[-620,309],[-280,343],[-198,16],[-335,-108],[-295,166],[-157,12],[-131,-127],[-98,-229],[-474,-429],[-460,-558],[-130,-80],[-538,-18],[-729,-291],[-628,-79],[-346,47],[-344,-174],[-321,-78],[-536,40],[-120,249],[-112,89],[-82,260],[-206,145],[-338,2],[-232,-227],[-285,-78],[-362,2],[-177,214],[-239,83],[-262,228],[-261,138]],[[646122,268836],[-138,314],[-117,108],[-192,61],[-390,-166]],[[645285,269153],[-153,-133],[6,-89],[145,-175],[45,-255],[-46,-64],[-182,-60],[-534,-57]],[[644566,268320],[-327,-512],[-448,-303]],[[643791,267505],[-633,42],[-392,350]],[[642766,267897],[-441,217],[176,481],[-234,175],[-227,96],[-78,121],[346,332]],[[642308,269319],[-12,112],[-214,83]],[[642082,269514],[-487,3],[-745,203],[-556,-401]],[[640294,269319],[189,-557],[-23,-179]],[[640460,268583],[-458,-311],[-257,-403],[-385,-273],[35,-153],[168,-189],[78,-339],[-38,-110]],[[639603,266805],[-231,-216],[-587,-335]],[[638785,266254],[-229,-76],[-262,0],[-218,65]],[[638076,266243],[-290,256],[-52,214],[-88,79],[-505,-17],[-477,-128],[-207,3],[-812,366],[-283,38],[-612,308],[-344,-61],[-474,1],[-145,92],[-621,130],[-248,192],[-497,100],[-149,-50],[-277,-345],[-338,-145],[-307,-46],[-516,52],[-134,90],[-72,188],[93,398],[-708,176],[-392,324],[-749,-86],[-419,19],[-317,-38],[-228,-305],[-258,87],[-314,40],[-530,-37],[-346,46],[-780,-124],[-541,-146],[-315,226],[-196,257],[-351,24],[-298,-153],[-351,66],[-244,-68],[-213,26],[-121,253],[-444,179],[-494,-79],[-399,99],[-215,0],[-478,-87],[-236,-128],[-181,-28],[-628,264],[-351,-202],[-336,121],[-218,-37],[-95,48],[-57,127],[-315,320],[-6,298],[-79,219],[-381,412],[-21,170],[-93,130],[-342,377],[-678,479],[-315,63],[-827,-259],[-441,221],[-202,532],[-473,86],[-153,72],[-129,-5],[-183,273],[-143,101],[-559,28],[-202,-95],[-352,-54],[-312,169],[-773,34],[-123,148],[1,225],[-105,265],[37,253],[154,253],[-148,160],[-239,75],[-374,30],[-504,-123],[-232,134],[-331,343],[-314,138],[-189,14],[-334,-202],[-201,-10],[-127,346],[-126,107],[-121,24],[-210,-52],[-801,165],[-6,225],[-104,136],[-416,60],[-269,132],[-85,237],[-306,201],[-101,172],[-317,94],[-487,256],[-257,-48],[-168,42],[-251,209],[0,159],[-208,248],[-192,8],[-611,-168],[-224,20],[-224,186],[-129,41],[-288,-104],[-196,6],[-52,50],[64,225],[-423,179],[-237,-5],[-94,124],[-18,221],[-117,113],[-321,-7],[-348,-202],[-788,67],[-874,-11],[-59,165],[123,259],[-334,131],[-345,-7],[-73,45],[25,188],[275,345],[134,275],[-275,640],[-50,457],[-273,230],[78,127],[-208,248],[621,568],[312,166],[-78,356]],[[599478,281745],[23,199],[-158,280]],[[599343,282224],[-519,303],[-352,145],[-291,-23]],[[598181,282649],[-67,30],[-374,149],[-407,53],[-881,-202]],[[736212,202698],[-392,-142],[-576,53],[-53,-91]],[[735191,202518],[-125,-36],[-347,-323],[-55,-115],[-14,-402]],[[734650,201642],[-662,-463],[-18,-360],[-485,-174],[-190,-149],[-47,-103],[-202,-28],[-216,-287]],[[732830,200078],[-138,-81],[18,-199]],[[732710,199798],[-114,-121],[-80,-310],[-122,-151],[4,-177],[141,-79],[48,-94],[-237,-396],[76,-136],[163,-65],[41,-129],[-159,-228],[25,-66],[-334,-381],[-34,-212],[364,-839],[244,-128],[146,-194],[-24,-213]],[[732858,195879],[123,-197],[-9,-116],[-142,-150]],[[732830,195416],[-163,-348],[121,-236],[38,-275]],[[732826,194557],[240,-76],[79,-79],[33,-544],[-63,-125],[-290,-85]],[[732825,193648],[-128,-286],[144,-156]],[[732841,193206],[314,53],[157,-67],[98,-217],[465,-280],[34,-376],[-155,-133],[-499,-74],[-126,-175],[-240,-45],[-171,-125],[83,-310],[-158,-124],[44,-157],[-211,-110],[87,-579],[-57,-78],[-165,-49],[35,-211],[-195,-339],[52,-122],[285,-144]],[[732518,189544],[-279,-392],[-129,-11]],[[732110,189141],[-173,155]],[[731937,189296],[-390,46],[-317,-65]],[[731230,189277],[-187,-137],[-122,-30],[-1067,228],[-204,507],[-100,64],[-177,13],[-217,212],[-377,673],[-181,51],[-438,328],[-284,0],[-160,48],[-119,98],[-165,-20],[-337,342],[-529,-28],[21,62],[163,69],[-159,209],[-675,204],[-366,193],[-105,158],[-34,469],[-447,250],[39,250],[184,400],[-27,90],[350,508],[-348,385],[-184,63],[-229,5],[-348,201],[-280,-36],[-372,52],[-165,-57],[-113,-144],[-3,-280],[-166,-22],[-319,274],[-121,43],[-221,-6],[-204,109],[-370,-16],[-233,117],[-130,17],[-309,-171],[-175,-41],[-257,117],[-217,-109],[-228,-207],[-291,-55],[-273,-151],[-5,-163],[-143,-154],[94,-234],[-742,-293],[-110,-1],[-298,130],[-257,49],[-339,-329],[-1014,-318],[-300,-36],[-243,37],[-476,388],[-153,57],[-317,-103],[-536,-269],[-570,-163],[-392,-48],[-295,-96],[-441,39],[-398,-234],[-198,64],[-653,-308],[-260,-50],[-122,-138]],[[711786,192403],[-773,-343],[-756,29],[-891,215]],[[709366,192304],[-395,-1],[-695,89],[-975,-55],[-324,67],[-686,-4],[-262,73],[-541,-38],[-609,114],[-1048,-119]],[[703831,192430],[-807,232],[-151,142],[40,522]],[[702913,193326],[-117,238],[-274,195],[-731,222],[-176,466],[-397,-49],[-403,15],[-313,149],[-175,215],[-693,81],[-385,-64],[-136,-176],[-229,2],[-42,174],[67,150],[-111,160],[-56,248],[185,603],[-339,282],[-523,137],[19,119],[-132,206],[-299,183]],[[697653,196882],[-147,196],[-24,73]],[[697482,197151],[182,132],[159,426],[-238,127],[-70,155],[-151,98]],[[697364,198089],[67,123],[30,396],[358,181],[848,265],[51,234]],[[698718,199288],[185,174],[15,232],[172,232],[26,141],[134,198],[242,162],[6,137],[101,130],[-161,155],[-77,262]],[[699361,201111],[-238,165],[-352,95]],[[698771,201371],[-221,183],[-290,98],[-350,-306]],[[689782,199577],[-182,-386]],[[689201,198626],[-193,-3],[-58,50],[50,216]],[[670558,199285],[127,-537],[-333,-223]],[[670203,198259],[-48,-870],[-336,-416]],[[669655,196913],[-226,-692],[-809,-297],[-302,24]],[[668318,195948],[-180,-63],[-194,46],[-398,-5],[-471,87],[-286,-215],[-171,7],[-135,-49],[-192,-287],[-237,-44],[-310,45],[-342,-31],[-667,113],[-345,-42],[-209,33],[-121,32],[-272,241],[-288,154],[-50,131],[-176,105],[-737,-13],[-404,-250],[-188,-22],[-520,-182],[-455,-400],[-396,-199],[-652,-858],[-489,-108],[-486,-301],[-156,-202],[-151,-97],[-197,-19],[-301,89],[-528,61],[-197,-133],[-115,-250],[-513,-231],[21,-319],[-181,-358],[97,-389],[-19,-278],[-784,-828],[-284,-455],[-111,-455],[-329,-249],[-278,-405],[92,-320],[-493,-351],[-24,-79],[97,-283],[440,-461],[410,-346],[890,-586],[665,-605],[389,-222],[323,-578],[351,-139],[290,-873],[19,-561],[-17,-74],[-159,-99],[-280,-81],[-328,-35],[-392,-229],[-228,-411],[-72,-86],[-125,-33],[-164,-339],[25,-342],[-73,-334],[45,-275],[-61,-314],[72,-237],[13,-448],[-257,-451],[52,-115],[242,-220],[11,-342],[-313,-368],[-613,-280],[-157,-216],[-53,-219],[-342,-246],[-122,-180],[113,-360],[19,-333],[226,-346],[61,-493],[-10,-224],[-211,-292],[14,-139],[-386,112],[-564,-192],[-526,-37],[-243,87],[-310,-109],[-46,-88],[110,-152],[-2,-107],[-156,-59],[-804,-105],[-235,-92],[-321,-283],[-10,-209],[-322,49],[-178,-88],[-177,-450],[-307,27],[-338,-61],[-536,-320],[-96,-156],[-328,-280],[-345,-170],[-120,-261],[12,-105],[-438,88],[-421,-28],[-57,-220],[118,-372],[-131,-268],[25,-229],[-316,-655],[-47,-239],[-202,-100],[-93,-335],[-249,-153],[-273,-272],[-218,-106],[-265,-44],[-199,-131],[-292,-666],[-585,-100],[-235,-113],[-59,-81],[72,-353],[-43,-170],[62,-150],[-53,-156],[-135,-101],[-82,-257],[-559,-180],[-220,-246],[-53,-268],[-335,-233],[-151,-227],[-195,-103],[-190,-29],[-257,53],[-253,-24],[-424,34],[-343,186],[-419,104],[-851,339],[-481,21],[-160,-118],[-522,-123],[-325,122],[-517,66],[-307,155],[-485,106],[-113,157],[-175,43],[-698,-61],[-593,52],[-432,-145],[-594,-1],[-366,-77],[-393,-252],[56,-122],[-33,-137],[130,-146],[-50,-85],[146,-328],[-66,-117],[270,-110],[115,-224],[-195,-81],[-111,-185],[-314,-304],[-80,-173],[-254,-140],[-25,-335],[-106,-97],[167,-159],[-121,-105],[8,-144],[-133,-74],[-104,-454],[198,-205],[53,-446],[505,-328],[62,-252],[167,-136]],[[634816,161994],[-1,-143],[119,-174],[396,-148]],[[635330,161529],[-285,-114],[-562,-51],[-229,28],[-199,138]],[[634055,161530],[-422,23],[-813,-164],[-476,-248],[-653,-51],[-359,-82],[-392,-5],[-460,-140],[-351,165],[-255,257],[-279,162],[-963,332],[-494,52],[-1247,-348],[-508,-283],[-239,-9],[-316,178],[-637,241],[-484,454],[-164,68],[-420,333],[-87,-161],[-249,-69],[-437,118],[-292,-69],[-145,300],[100,129],[249,164],[82,210],[-32,66],[-234,185],[-349,25],[-247,167],[-317,29],[-418,-120],[-332,-235],[-428,-129],[-511,-289],[-692,-227],[-493,-302],[-445,-5],[-630,-137],[-924,-44],[-2061,-493],[-401,-175],[-156,-145],[-1048,-428],[-475,-135],[-1654,59],[-444,124],[-913,64],[-443,-184],[-507,-395],[-345,-214],[-185,-55],[-840,-103],[-521,118],[-589,-42],[-352,106],[-867,69],[-530,-381],[-629,-307],[-536,-128],[-685,-303],[-207,-35],[-689,157],[-770,643],[-479,288],[-1298,423],[-1575,889],[-951,461],[-581,958],[-100,311],[-169,272],[-764,581],[-18,200],[245,132],[9,86],[-547,62],[-688,-132],[-85,15],[-435,277],[-188,334],[-128,117],[-264,108],[-1298,-59],[-804,-87],[-747,-10],[-1527,75],[-293,107],[-79,-38],[-244,-385],[-801,-301],[-372,-12],[429,-296],[61,-125],[73,-306],[164,-235],[57,-192],[5,-260],[-93,-203],[42,-214],[308,-487],[-103,-203],[-314,-193],[-77,-110],[582,-605],[-68,-303],[-220,-178],[-16,-82],[376,-366],[41,-485],[-304,-374],[-350,-337],[-301,80],[-652,-77],[-415,-560],[-924,-164],[-544,-213],[-409,-244],[-187,-195],[-264,-162],[-204,-244],[-268,-88],[-515,-463],[-345,-85],[-447,-383],[-69,-334],[-238,-137],[-14,-242],[-286,-298],[-81,-169],[180,-103],[-467,-285],[-217,-263],[-403,-170],[-180,-130],[-59,-192],[-269,-63],[-687,-340],[-544,-30],[-201,-276],[-387,-380],[-375,-59],[-148,-179],[-629,-118],[-73,-107],[2,-149],[138,-216],[-303,-181],[-85,-328],[37,-171],[-170,-268],[-50,-291],[-257,-83],[123,-79],[-102,-336],[-275,-31],[-35,-146],[-781,-378],[-1060,-341],[-146,-86],[-171,-243]],[[574100,149006],[-984,-401],[-413,-14]],[[572703,148591],[-1269,599],[164,122],[88,197],[-179,541],[80,157],[-149,291],[-19,187],[150,195],[58,207],[245,174],[172,739],[36,71],[183,76],[22,93],[-15,162],[-190,228],[0,202],[62,96],[238,157],[55,147],[248,136],[128,170],[-277,220],[-55,311],[-238,189],[-369,567],[66,116],[270,180],[-43,311],[18,63],[142,84],[172,60],[761,50],[217,63],[120,117],[438,169],[165,45],[361,-7],[135,97],[367,440],[14,142],[-186,301],[-138,379],[22,239]],[[574773,157674],[404,441],[-93,257]],[[575084,158372],[-268,126],[-289,278],[-336,837],[-245,282],[-66,281],[-351,289],[-47,174],[-246,141],[-279,244],[-174,0],[-366,-101],[-150,246],[-529,155],[-366,294],[-260,30],[-450,-67],[-388,-153],[-1075,-556],[-167,-170],[14,-189],[-685,2],[-463,-85],[-346,-193],[-346,-513],[-130,-34],[-500,13],[-328,-65],[-62,-64],[-80,-376],[-129,-156],[-1,-420],[35,-56],[366,-61],[32,-57],[-426,-337],[-14,-307],[-360,-368],[-190,-532],[-198,-229],[-235,-115],[-689,-43],[-296,-73],[-478,19],[-313,-221],[-375,-103],[-483,64],[-1113,260],[-1086,63],[-412,-87],[-795,318],[-1045,-17],[-657,318],[-225,-23],[-376,-151],[-266,20],[-247,-59],[-1773,35],[-340,215],[-444,559],[50,136],[413,161],[261,351],[-534,149],[-633,389],[-119,159],[-245,576],[-332,501],[106,300],[-279,661],[13,247],[-107,198],[42,154],[218,286],[659,717],[86,354],[55,54],[366,107],[133,90],[40,100],[-569,122],[-336,146],[-573,13],[-490,71],[-308,288],[-424,283],[-228,353],[-367,-4],[-382,-187],[-53,159],[-311,231],[-544,-61],[-351,71],[-519,35],[-348,418],[-530,381],[-277,71],[-341,-14],[-380,248],[-413,76],[-226,121],[27,170],[-467,310],[36,210],[1312,949],[62,250],[-182,240],[3,175],[260,219],[379,223],[293,327],[11,127],[-87,132],[-182,128],[-129,220],[-141,760],[-493,322],[114,189],[347,177],[211,187],[190,196],[20,95],[-247,435],[-226,246],[-160,497],[-83,129],[-223,161],[-890,309],[-434,209],[-367,65],[-531,-35],[-629,36],[-348,-46],[-183,-51],[-552,-348],[-1132,136],[-902,303],[-867,231],[-827,80],[-249,92],[-121,-62],[-147,263],[-321,282],[-354,183],[-1543,91],[-223,145],[-311,9],[-979,215],[-745,-29],[-343,29],[-485,-55],[-298,-149],[-414,-73],[-239,-220],[-820,136],[-609,-129],[-240,17],[-171,108],[-156,198],[-442,312],[-678,368],[-374,350],[-285,-122],[-432,-297],[-1120,-400],[-683,68],[-457,142],[-692,18],[-211,146],[-85,4],[-419,-238],[-405,-137],[-329,86],[-377,23],[-193,-10],[-299,-133],[-365,77],[-350,-13],[-387,156],[-114,127]],[[521314,175706],[-44,127],[34,183],[-99,164],[-365,138]],[[520840,176318],[-344,26]],[[520496,176344],[-715,-81],[-521,389]],[[519260,176652],[-512,143],[-766,838]],[[517982,177633],[-263,-259],[-1124,-331]],[[516595,177043],[-498,-398],[-126,-257],[-374,-94],[-688,-409]],[[514909,175885],[-1087,-491],[-1654,-355]],[[512168,175039],[-1516,-452]],[[510652,174587],[-567,138],[-896,-29]],[[509189,174696],[-284,-101],[-217,-166],[-365,-77],[-190,-87],[-470,-429],[-533,-348],[-1368,-427],[-206,-239],[-290,-173],[-460,-168],[-833,-743],[-476,-1392],[-243,-211],[-385,-229],[-407,-355],[-364,-428],[-92,-1089],[30,-610],[-138,-506],[-160,-281],[-1121,-951],[-293,-130],[-699,-180],[-702,-422],[-249,-479],[-290,-307],[-461,-353],[-103,-345],[119,-384],[3,-406],[-171,-575],[-823,-1194],[-1312,-1423],[-324,-228],[-904,-43]],[[494408,159217],[-963,-418],[215,-9],[121,-103],[14,-79],[212,-152],[244,83],[77,-168],[255,-65],[101,-110],[328,-97],[503,9],[198,-157],[224,7],[802,-146],[420,184],[201,1],[148,-67],[817,-25],[864,-153],[847,-297],[222,-152],[191,8],[127,-142],[7,-242],[81,-121],[112,-137],[356,-129],[34,-124],[-55,-90],[199,-128],[259,-37],[226,49],[549,-284],[312,27],[90,-91],[381,-148],[208,69],[196,-147],[241,72],[1715,-435],[845,-251],[1768,-656],[1505,-631],[1092,-619],[543,-411],[123,-190],[-21,-247],[-256,-151],[-128,-19],[-78,-74],[-23,-133],[-138,-33],[75,-172],[212,-3],[137,69],[-19,41],[128,22],[264,306],[376,8],[689,-115],[2164,-527],[3502,-1033],[2400,-870],[161,-97],[1800,-673],[1248,-544],[121,-142],[28,-223],[379,-54],[66,-93],[103,24],[1975,-613],[1204,-224],[1807,-424],[5064,-1437],[1581,-368],[1518,-182],[787,-142],[2358,-694],[756,-358],[-52,-154],[68,-450],[-68,-112],[95,-44],[159,8],[57,-99],[-85,-455],[-137,-170],[-26,-129],[187,-27],[153,-216],[230,-22],[43,-236],[175,-124],[106,-206],[242,-104],[162,-166],[155,-334],[203,-241],[207,-480],[151,-130],[310,-116],[232,-155],[-2,-56],[174,-130],[89,40],[267,-49],[80,-284],[702,-181],[635,-385],[203,-65],[197,3],[53,-137],[99,39],[174,-178],[127,-20],[-48,-77],[103,25],[39,-33],[147,60],[65,-45],[159,-11],[164,98],[108,-115],[153,-30],[63,-144],[327,-13],[24,51],[175,-79],[62,-83],[97,-12],[235,63],[167,162],[72,-21],[177,57],[255,-99],[-20,-153],[74,-51],[16,-123],[429,30],[91,-175],[74,72],[142,-21],[144,-129],[187,-34],[187,-4],[304,120],[3,-125],[45,73],[102,-89],[44,68],[46,-52],[101,31],[158,-137],[46,41],[79,-31],[135,28],[7,72],[69,23],[90,-21],[273,63],[40,-93],[-127,-271],[92,-56],[564,51],[-40,89],[138,-20],[120,115],[23,117],[142,56],[119,129],[139,-37],[8,-301],[83,-23],[210,113],[256,-112],[105,56],[11,145],[156,15],[1,56],[154,-1],[166,-108],[8,124],[206,1],[-20,120],[209,110],[493,-5],[514,-94],[301,-90],[931,-426],[547,-174],[366,-201],[269,-401],[-163,-383],[71,-87],[67,15],[104,-234],[124,-59],[13,86],[95,-29],[37,-101],[189,-94],[67,101],[244,-147],[90,21],[48,-45],[177,-1],[89,164],[148,-175],[301,-110],[65,46],[81,-69],[237,-48],[73,-69],[34,39],[580,-68],[84,-113],[-26,-81],[231,52],[200,-153],[137,50],[97,-48],[96,59],[48,-96],[98,26],[49,-51],[159,51],[217,-90],[176,55],[71,-50],[292,-3],[161,-47],[48,26],[362,-135],[86,30],[146,-86],[286,-33],[-51,-33],[34,-29],[114,8],[200,-49],[24,-46],[493,-115],[55,-34],[-50,-29],[138,-66],[44,31],[36,-59],[44,52],[136,-38],[-27,-42],[160,-87],[168,19],[596,-230],[1254,-369],[554,-206],[189,-116],[1565,-406],[1029,-318],[953,-368],[1061,-317],[793,-295],[943,-527],[55,-100],[-37,-167],[156,-33],[300,-180],[860,-1068],[60,-105],[-113,-266],[30,-95],[-512,-422],[36,-122],[-97,-117],[-2,-241],[507,-127],[126,-181],[-5,-91],[220,7],[155,-57],[127,-212],[2,-268],[79,-125],[94,-2],[373,168],[349,0],[317,-261],[273,-35],[112,-164],[388,194],[319,-23],[291,-211],[126,-12],[376,-202],[12,-331],[337,24],[81,-79],[233,-22],[950,-352],[251,-407],[193,-156],[37,-217],[201,48],[318,-192],[801,-346],[159,-51],[260,-4],[576,-399],[1542,-475],[195,-136],[-26,-139],[107,87],[311,-31],[275,-197],[252,-24],[211,-73],[510,-325],[141,-179],[7,-158],[122,-100],[8,-84],[302,-147],[268,-341],[253,-111],[1070,-271],[454,-231],[202,-37],[411,-216],[309,-87],[86,-120],[190,-57],[177,8],[223,-139],[167,-2],[519,-164],[589,-98],[246,-124],[406,-70],[166,-125],[555,-39],[568,-162],[317,-7],[505,-114],[310,-11],[284,-150],[728,-242],[61,-89],[292,-26],[196,-157],[185,18],[175,-83],[260,-22],[622,-230],[695,-137],[130,-245],[143,-35],[215,-150],[82,-215],[265,-135],[786,-248],[602,-320],[35,-300],[245,-292],[-182,-53],[12,-50],[-120,26],[-9,-124],[-119,-134],[95,-107],[-73,-22],[-15,-65],[82,-59],[240,77],[-17,64],[230,55],[-60,105],[133,13],[-45,67],[90,12],[2,51],[145,-42],[-44,57],[-171,45],[-5,49],[124,56],[401,20],[45,80],[563,155],[218,-67],[40,49],[-38,98],[52,38],[428,-51],[185,-132],[100,-17],[25,-78],[203,-113],[101,28],[32,74],[337,59],[33,-74],[174,-71],[183,-5],[96,-70],[128,-3],[108,-133],[236,245],[92,34],[176,-17],[82,-136],[115,-60],[193,93],[9,52],[257,50],[754,-9],[261,-57],[132,35],[543,-126],[552,-194],[273,-218],[389,13],[182,-125],[217,55],[350,4],[163,-74],[639,-116],[111,-101],[261,-34],[463,-146],[180,61],[189,-10],[30,178],[238,46],[524,-297],[267,-38],[217,-117],[554,-135],[134,42],[222,-89],[113,29],[210,-81],[38,-138],[239,-133],[257,2],[435,-78],[536,-215],[727,-199],[89,-77],[345,-49],[629,-337],[246,-36],[107,-152],[130,8],[67,-50],[213,140],[428,110],[159,-60],[58,-104],[82,94],[685,96],[815,-146],[724,-255],[909,-188],[115,-62],[1166,-275],[172,-86],[553,-120],[595,-279],[349,-95],[130,-150],[569,-44],[352,-151],[188,-26],[216,-13],[242,65],[291,-225],[233,-26],[888,-270],[577,-89],[705,-184],[458,-145],[171,-109],[136,-15],[138,-134],[433,-62],[502,-196],[277,-228],[51,-181],[156,-7],[179,-103],[171,-21],[226,-190],[-54,-59],[61,-271],[-509,-246],[2,-137],[189,-17],[111,-236],[-130,-152],[17,-95],[-94,-54],[100,-79],[-12,-165],[454,-186],[98,-185],[-39,-126],[185,-139],[-118,-85],[268,-264],[130,-22],[125,-197],[-107,-40],[96,-41],[-70,-54],[27,-83],[167,68],[101,-10],[332,192],[138,-14],[389,102],[124,-24],[118,75],[154,24],[108,-108],[137,-33],[184,84],[506,-149],[-42,-332],[40,-66],[188,12],[152,-68],[206,123],[339,-97],[95,32],[-7,71],[156,87],[197,-25],[689,-241],[5,-91],[-81,-8],[-20,-72],[83,-51],[29,62],[277,11],[230,70],[341,-35],[78,218],[228,91],[-118,132],[6,70],[323,177],[702,17],[400,-122],[231,-229],[185,-43],[161,-248],[243,-9],[286,-169],[165,-22],[343,108],[157,-77],[21,-107],[176,43],[156,-30],[10,-84],[90,-65],[276,-11],[141,118],[101,23],[746,-143],[212,-128],[77,-180],[131,-40],[-26,-77],[138,-34],[100,-90],[37,-248],[110,-9],[55,-225],[250,-5],[239,-134],[105,-131],[259,-13],[42,-94],[188,-37],[241,-203],[166,72],[6,-122],[402,56],[179,-47],[231,-157],[505,-28],[213,128],[539,-159],[1476,-855],[561,-258],[253,-92],[195,-19],[161,-94],[71,-183],[522,16],[85,-97],[146,-23],[124,-55],[40,-75],[145,-29],[166,-106],[-11,-440],[375,-155],[217,77],[482,-79],[373,35],[303,-209],[51,55],[73,-31],[262,21],[629,-311],[310,-74],[225,-162],[366,177],[69,-12],[15,87],[147,39],[488,-246],[248,12],[246,-69],[145,-98],[-1,-78],[237,-89],[66,74],[26,-68],[45,34],[131,-54],[193,9],[26,132],[102,-96],[79,106],[287,44],[76,-60],[-5,-106],[186,-73],[44,109],[71,25],[178,-102],[308,-47],[-4,95],[118,13],[60,62],[167,-19],[81,64],[142,-126],[40,52],[312,-36],[93,92],[126,-8],[85,-57],[409,53],[197,-99],[172,10],[184,-100],[128,71],[112,-9],[193,-121],[147,18],[53,56],[73,-71],[323,99],[243,-23],[3080,-1267],[750,-404],[1802,-847],[1242,-699],[1052,-734],[578,-299],[1052,-691],[1806,-934],[328,-149],[1570,-509],[2159,-556],[481,-64],[749,-176],[1056,-99],[321,8],[1830,-231],[1217,-31],[1099,-122],[1051,-33],[2528,-291],[852,-145],[809,-214],[108,37],[301,-67],[337,31],[1575,-228],[3055,-595],[709,-76],[1704,-356],[815,-92],[283,-75],[260,28],[143,-202],[139,68],[85,-87],[142,44],[120,-38],[65,53],[51,-86],[177,-16],[-124,-195],[103,-88],[127,5],[547,-258],[-60,-119],[57,-114],[137,61],[38,140],[85,-17],[-32,-212],[177,-74],[287,-42],[617,-342],[106,-153],[-24,-124],[255,-132],[-58,-79],[217,-54],[60,62],[247,-2],[367,-158],[109,-108],[-3,-162],[55,-42],[-90,-26],[185,-121],[-26,-42],[135,-163],[220,-82],[221,-9],[-46,93],[289,-19],[32,56],[210,-23],[149,39],[296,-172],[45,-73],[205,-78],[129,32],[79,94],[154,12],[40,77],[152,-22],[51,-113],[-62,-125],[-101,-58],[22,-156],[271,-112],[54,59],[146,-44],[105,88],[173,17],[466,-210],[175,-168],[86,4],[114,82],[15,-170],[137,-153],[208,-64],[119,26],[168,-45],[-142,-156],[181,-163],[137,-8],[137,-117],[94,-15],[-179,-4],[39,-51],[350,-110],[130,112],[-29,-127],[177,-106],[98,14],[51,-64],[-61,-85],[227,-20],[117,35],[-72,-56],[35,-38],[-87,-22],[3,-108],[-165,-30],[212,-74],[-2,-50],[156,75],[0,-102],[-120,-42],[25,-57],[117,12],[-84,-86],[173,-83],[-34,-44],[49,-39],[135,-11],[56,60],[237,-56],[220,14],[50,-57],[141,-27],[64,76],[217,-193],[170,-66],[-103,-36],[98,-52],[5,-60],[-158,-20],[2,-80],[-56,-20],[74,-25],[-14,-43],[185,-115],[231,16],[-79,-57],[125,-35],[-115,-56],[138,-64],[223,71],[-86,-79],[31,-100],[155,-62],[25,-73],[189,-138],[131,-28],[59,96],[158,-3],[-58,-118],[254,-50],[-309,-56],[160,-142],[-6,-147],[113,-87],[318,-43],[-220,-66],[-76,38],[-71,-23],[55,-111],[291,-82],[-272,4],[-211,-72],[-98,-116],[-40,-228],[132,-101],[145,-368],[297,-60],[45,-86],[134,-16],[-16,-68],[-166,44],[-88,-21],[-92,-219],[23,-37],[68,38],[1,-75],[87,-26],[-102,-33],[191,-397],[260,-46],[43,136],[109,-48],[50,51],[297,-99],[189,117],[35,-135],[224,-33],[137,-176],[232,-166],[151,3],[251,-179],[227,-8],[104,63],[81,-14],[31,59],[118,-15],[-87,-75],[21,-42],[136,-19],[261,35],[-22,53],[172,5],[103,-68],[83,26],[119,-114],[383,-168],[44,-50],[-50,-73],[185,17],[-96,-92],[20,-55],[149,-20],[59,-73],[118,-19],[278,-166],[74,-3],[12,60],[87,-29],[19,66],[129,21],[69,91],[-2,134],[238,-309],[99,3],[-7,68],[128,-80],[176,-17],[86,-68],[285,-62],[263,22],[148,-117],[22,-80],[102,8],[81,-95],[146,-51],[51,-95],[-67,-9],[-36,-110],[173,-102],[-35,-58],[103,-8],[195,167],[40,-134],[-72,-104],[7,-126],[207,-66],[96,37],[69,-161],[133,-12],[113,-74],[-187,-36],[-39,-104],[255,2],[31,64],[100,-37],[145,16],[89,-57],[150,123],[119,-1],[40,-59],[-188,-185],[88,-27],[-46,-65],[180,6],[-107,-62],[41,-207],[148,-9],[19,196],[110,-34],[78,-129],[101,10],[101,-50],[106,-151],[231,-108],[254,55],[63,88],[137,-32],[180,35],[163,-172],[-66,-110],[44,-78],[-164,-2],[-60,-42],[163,-38],[-95,-108],[198,-2],[23,-165],[74,-45],[185,23],[192,-63],[203,18],[99,-134],[-128,-62],[14,-41],[106,-14],[137,73],[95,-45],[313,1],[35,-72],[-233,-148],[-35,-81],[146,-53],[117,23],[-7,-80],[145,-94],[230,-29],[74,102],[129,-37],[45,40],[158,5],[-73,-132],[15,-121],[301,-132],[-56,69],[176,12],[-19,104],[129,-6],[169,66],[167,-149],[157,71],[-9,-83],[344,-6],[-267,-256],[-73,0],[29,-103],[146,-7],[-87,-85],[152,-28],[-54,-34],[21,-64],[101,17],[6,-60],[309,-78],[-2,-107],[68,-23],[-72,-70],[116,-33],[-21,-135],[178,-30],[142,90],[94,-171],[-24,-54],[108,14],[352,-221],[-6,-60],[-174,-45],[-219,-135],[7,-87],[-79,-39],[116,-56],[-106,-61],[12,-40],[-265,-6],[55,-80],[-47,-120],[85,-68],[-19,-98],[-89,-59],[67,-111],[167,-35],[5,99],[122,3],[315,-107],[103,110],[81,-24],[37,37],[145,-51],[31,50],[81,-1],[20,66],[119,24],[54,-29],[47,63],[216,-33],[121,39],[88,-56],[166,13],[103,-144],[127,-19],[121,-81],[111,14],[2,67],[54,13],[41,-126],[153,18],[213,-205],[204,-66],[88,51],[-45,68],[107,-20],[128,45],[0,-69],[239,-46],[360,47],[73,46],[-118,179],[132,-17],[94,-123],[105,0],[98,70],[226,-75],[61,57],[-50,121],[199,-162],[197,-63],[79,36],[-45,99],[75,90],[145,-112],[63,64],[81,-62],[54,31],[85,-39],[100,138],[58,-96],[24,57],[115,-40],[-26,-138],[178,35],[73,86],[139,2],[-45,-190],[96,-75],[73,-1],[2,62],[75,-14],[164,-112],[129,19],[176,107],[164,-85],[60,28],[66,-76],[0,-152],[204,3],[-14,-73],[205,-26],[-53,-43],[184,-137],[-175,18],[99,-50],[-12,-51],[252,43],[252,-66],[2277,-813],[2705,-1094],[1145,-563],[786,-476],[1041,-867],[48,-123],[1058,-834],[70,-107],[1109,-736],[937,-706],[1470,-854],[181,-78],[249,-38],[371,-177],[187,4],[307,-256],[816,-258],[1492,-418],[1010,-211],[1994,-302],[273,3],[294,-71],[2378,-253],[577,-139],[537,-45],[1132,-182],[2146,-444],[2468,-615],[2655,-772],[754,-174],[291,-201],[148,92],[685,-188],[1116,-156],[186,-241],[312,-158],[125,78],[166,-12],[41,91],[145,44],[63,96],[166,-41],[259,-149],[180,75],[57,-83],[109,62],[210,-26],[135,256],[80,-7],[48,-101],[142,129],[133,3],[334,-100],[64,-152],[171,-106],[87,-252],[-21,-163],[94,-164],[186,3],[-42,59],[157,58],[62,197],[246,-88],[107,91],[291,-37],[520,-146],[236,-133],[233,-356],[42,-195],[67,42],[396,-38],[69,-69],[-3,-141],[70,39],[99,-33],[98,35],[154,-46]],[[776069,58208],[527,279],[380,525],[639,274],[111,140],[64,220],[271,228],[640,127],[699,-52],[601,77],[353,418],[738,254],[285,152],[663,714],[335,598],[179,159],[335,221],[519,227],[561,434],[773,427],[822,630],[865,975],[328,276],[310,211],[1174,318],[752,278],[144,100],[213,313],[186,125],[297,104],[184,296],[-144,100],[-34,100],[270,174],[74,186],[292,142],[185,152],[237,343],[47,193],[-439,203],[-72,76],[9,184],[-99,210],[-428,115],[119,381],[-166,391],[-145,82],[-467,109],[-83,81],[-88,214],[118,224],[422,441],[-7,151],[-960,446],[-647,629],[-235,-6],[-479,-157],[-249,-33],[-448,54],[-181,45],[-339,200],[-99,103],[-6,212],[-393,-76],[-168,-193],[-384,-82],[-584,-31],[-93,33],[-6,151],[-140,174],[40,128],[-120,264],[-40,266],[-172,178],[-193,83],[-86,266],[37,169],[-81,217],[347,256],[16,165],[-299,255],[-580,240],[-61,153],[73,310],[-216,205],[-436,132],[-345,-74],[-255,60],[-272,-8],[-586,-254],[-338,-60],[-186,33],[-296,143],[-445,53],[-442,-204],[-690,-47],[-287,122]],[[778294,76028],[-206,260],[-58,183]],[[778030,76471],[227,226],[209,103],[-4,336],[49,56],[463,225],[188,-8],[279,66],[531,-16],[-47,158],[71,73],[519,6],[254,66],[565,416],[-85,292],[2,417],[234,542],[-135,173],[-510,280],[-181,199],[-213,318],[-30,168],[-165,214]],[[780251,80781],[-218,478],[8,1169]],[[780041,82428],[391,291],[-221,167],[-68,131]],[[780143,83017],[-220,92],[-177,727]],[[779746,83836],[38,602],[194,220],[345,205]],[[780323,84863],[36,212],[58,90],[138,69],[109,253]],[[780664,85487],[-80,149],[36,136],[335,396],[32,366]],[[780987,86534],[-148,302],[-1,204]],[[780838,87040],[78,95],[-26,215],[298,547]],[[781188,87897],[260,195],[389,-30]],[[781837,88062],[389,247],[446,201],[489,107]],[[783161,88617],[203,-158],[297,-9],[679,170],[218,123],[363,68]],[[784921,88811],[723,268],[445,-44],[166,-88]],[[786255,88947],[276,-40],[200,-115],[186,-1]],[[786917,88791],[227,-159],[-15,-164]],[[787129,88468],[139,-87],[146,-534],[365,-173],[766,-92],[433,-292],[422,169],[334,205],[374,105],[15,183],[96,90],[446,159],[705,166],[612,342],[-15,204],[273,348],[-674,309],[-119,120],[-11,122],[187,857],[291,196],[432,175],[45,84],[-66,832],[78,224],[266,287],[-38,293],[69,195],[42,572],[-81,308],[93,293],[-49,128],[61,495],[129,243],[263,210],[295,49],[639,-13],[153,91],[87,772],[-279,336],[171,128],[105,282],[519,264],[289,462],[155,532],[184,226],[200,1477],[376,469],[107,442],[-34,171],[-476,577],[-305,232],[-227,338],[263,166],[192,203],[-9,189],[-186,246],[312,249],[465,-160],[349,52],[182,172],[390,73],[425,0],[1010,-177],[734,-429],[1131,-53],[666,74],[526,-27],[255,53],[507,-9],[465,-120],[987,-99],[211,53],[36,235],[81,100],[169,25],[283,182],[388,164],[776,-125],[369,-132],[138,4],[169,97],[67,148],[271,-141],[226,-20],[455,103],[173,279],[104,10],[367,-94],[260,101],[324,-114],[213,-301],[195,-71],[398,105],[210,111],[876,-22],[525,426],[78,-28],[-97,-145],[-2,-156],[331,-153],[114,-148],[-16,-80],[-216,-120],[53,-137],[121,-98],[-13,-174],[111,-84],[220,-2],[59,-40],[41,-343],[666,-14],[388,-62],[367,10],[165,-170],[96,-268],[266,-200],[501,168],[407,-159],[599,102],[496,356],[146,213],[457,303],[369,49],[518,-80],[190,23],[538,370],[234,78],[250,630],[-24,57],[-213,220],[-502,254],[-111,100],[-160,477],[62,230],[-179,193],[-247,103],[-265,284],[-151,412],[63,408],[133,72],[404,70],[330,464],[-108,130],[-683,173],[-98,173],[-9,183],[171,566],[95,152],[176,124],[16,145],[-107,164],[-399,268],[8,120],[242,247],[-9,67],[-467,357],[-105,842],[-493,472],[-24,95],[118,211],[2,215],[-98,200],[607,6],[277,73],[1425,5],[465,-73],[384,-223],[209,-32],[142,65],[115,159],[98,621],[1428,614],[127,170]],[[821147,112839],[159,77],[1101,304]],[[822407,113220],[766,-162]],[[823173,113058],[597,-257],[421,40]],[[824191,112841],[341,163],[354,866],[349,386],[324,224]],[[825559,114480],[582,593],[174,120]],[[826315,115193],[590,182],[152,124]],[[827057,115499],[-2,63],[-50,126]],[[827005,115688],[-199,170]],[[826806,115858],[-225,72],[-719,121]],[[825862,116051],[-405,-44],[-173,108],[33,339],[638,391],[65,139],[253,187],[42,468],[-32,261],[-165,406],[-305,486],[-461,180],[-648,68],[-206,101],[-132,140],[66,155],[380,198],[403,343],[46,369],[-351,213],[-25,111],[61,348],[326,345],[-87,86],[-594,122],[-820,357],[-174,153],[-133,252]],[[823464,122333],[-422,203],[-9,97],[136,131]],[[823169,122764],[268,131],[242,62],[197,-88],[768,346],[26,151],[-266,433],[0,133],[581,4],[311,70],[107,246],[-32,323],[719,728],[569,67],[1197,-34],[129,34],[709,-51],[880,114]],[[829574,125433],[585,-92],[82,142]],[[830241,125483],[-256,667],[-196,127],[-692,280],[-183,198],[226,409],[26,370],[227,181],[-5,268],[-128,246],[-194,76],[-674,60],[-83,58],[-39,203],[124,346],[326,382],[253,201]],[[828973,129555],[-225,50],[-392,-38]],[[828356,129567],[-502,212],[-225,-17],[-322,156]],[[827307,129918],[-91,136],[10,198],[146,226]],[[827372,130478],[-30,149],[196,202],[321,93],[127,95],[40,142],[-175,140],[-373,78],[190,260],[-269,134],[27,239],[-103,179],[-169,83],[-41,77],[39,221],[-102,72],[-269,4],[-99,62],[-42,131],[74,74],[-340,345],[-142,238],[-438,187],[-122,303],[-296,434],[-724,96],[-173,-142],[-445,-155],[-245,-22]],[[823789,134197],[-553,277],[-139,217],[-59,301],[-69,82]],[[822969,135074],[158,213],[-10,227],[81,208]],[[823198,135722],[-156,307],[91,222],[328,214]],[[823461,136465],[-408,227],[-439,511],[-429,279],[-61,234],[-160,233],[-814,961],[-37,392],[-1287,827],[-326,304],[-158,237],[142,111],[295,17],[277,105],[573,676],[21,306],[242,354],[557,234],[661,121],[192,129],[153,626],[228,450]],[[822683,143799],[20,231],[-184,205],[-567,320]],[[821952,144555],[-9,171],[-243,181]],[[821700,144907],[-409,544],[46,537]],[[821337,145988],[-100,224],[188,522],[-37,638],[-130,459],[-216,191],[-258,399],[-209,160],[-377,64],[-181,189],[-340,75],[-90,329],[-224,54],[-261,-8],[-299,217],[-470,112],[-490,270],[-410,-27],[-769,233],[-203,154],[-282,87],[-234,307],[-533,374],[-285,353],[-36,158],[-368,163],[-61,125]],[[814662,151810],[-304,211],[-127,160],[-21,152]],[[814210,152333],[258,100],[37,122],[-104,326],[-174,187],[-6,270],[-221,204],[-269,61],[-91,239],[-300,237],[327,402],[390,84],[97,68],[-148,222],[-27,211],[-590,460],[-50,156],[252,593],[748,355],[214,230],[594,337],[214,561]],[[815361,157758],[-96,391]],[[815265,158149],[-401,372]],[[814864,158521],[-356,105],[-65,171],[-121,71],[-617,258],[-748,93],[-309,176],[-65,93],[24,179],[-114,199],[-588,629],[-191,367]],[[811714,160862],[-121,-383],[-458,-456],[-531,-327]],[[810604,159696],[-337,-105],[-381,-301],[-1051,-237],[2,-238],[271,-297],[-22,-186],[-472,-120],[-296,-184]],[[808318,158028],[-269,-52],[-711,28]],[[807338,158004],[-580,146],[-162,85],[-364,283],[-139,458],[-106,160],[-446,393],[-227,135],[-359,18],[-377,-76],[-230,-132],[-103,-178],[-400,-221],[-555,-147],[-356,0],[-237,41],[-541,308],[-210,10],[-417,246],[-176,39],[-318,237],[51,820],[366,619],[-214,307],[14,218],[165,339],[271,334],[22,121],[118,91],[550,168],[486,287],[64,79],[-15,360],[-219,354],[-87,561],[-105,117],[-547,247],[-282,634],[264,653],[-156,436],[50,546],[-91,112],[-813,473],[-379,276],[-762,43],[-173,52],[-178,137],[-478,494],[159,193],[138,313],[-408,408],[334,242],[137,192],[260,195],[82,20],[455,-80],[223,64],[386,265],[110,189],[322,293],[67,180],[596,230],[322,251],[60,326],[-75,191],[-96,118],[-609,402],[-389,674],[-187,209],[-201,88],[-442,67],[156,252],[123,92],[183,96],[263,15],[235,125],[52,266],[241,261],[388,96],[418,-10],[279,389],[340,85],[151,83],[413,477]],[[803443,175944],[18,460],[-327,72]],[[803134,176476],[-255,140],[-374,117],[-470,286],[-84,130],[-46,393],[-182,159],[-1136,246]],[[800587,177947],[-203,185],[-121,33],[-391,-42]],[[799872,178123],[-244,-94],[-252,33]],[[799376,178062],[-940,1073]],[[798436,179135],[-31,203],[89,254],[-209,140],[-43,129],[80,196]],[[798322,180057],[139,147],[-347,30],[-318,84],[-92,-61],[-179,-370]],[[797525,179887],[-266,-293],[-126,-287]],[[797133,179307],[-168,-110],[-108,-3],[-344,229]],[[796513,179423],[-635,173],[-174,235],[-136,54],[-712,-26],[-141,-51],[-218,-234],[-366,24],[-291,-51],[-86,-58],[-23,-101],[528,-600],[-29,-75],[-609,-163],[-512,-261],[-654,-478],[-487,-223],[-655,-532],[-734,-203],[-254,-351]],[[790325,176502],[-160,-59],[-277,-21],[-477,64],[-255,118],[-118,132],[-110,219]],[[788928,176955],[-14,336],[-155,265],[-626,113],[-478,246],[-593,-22],[-178,32],[-195,186],[-167,311],[-280,244],[-214,-11],[-366,-99],[-198,50],[-633,857],[-210,103],[-404,76],[-80,61],[-658,814],[-202,129],[-508,154],[-378,251],[-416,43],[-113,52],[-101,193],[-47,617],[-129,158],[-47,197],[-533,66],[-173,175],[23,78],[246,63],[23,178],[-177,176],[-146,45],[-633,32],[-331,105],[-219,197],[-43,425],[-90,240],[-795,13],[-185,-71],[-108,-101],[-296,-75],[-601,115],[-895,32],[-551,152],[-264,20],[-472,-55],[-387,201],[-103,-4],[-67,-113],[-46,-263],[56,-387],[-35,-451],[-195,-370],[165,-194],[75,-308],[235,-252],[-13,-375],[51,-110],[509,-278],[516,-91],[338,-164],[141,-122],[189,-458],[0,-162],[-289,-460],[-520,-363],[-249,-82],[-431,-28],[-631,-410],[-208,-228],[-136,-22],[-435,187],[-525,33],[-375,71],[-729,13],[-364,107],[-180,209],[-99,39],[-652,49],[-1153,310],[-135,-40],[30,-204],[-60,-249],[-261,-394],[-138,-569],[-177,-217],[-156,-77],[-144,-150],[38,-258],[-220,-427],[-173,-1053],[-371,-164],[-621,-75],[-159,-381],[-261,-58],[-355,-203],[-303,-103],[-376,17],[-1317,349],[-368,295],[-172,78],[-56,291],[-430,345],[-690,403],[-307,98],[-115,90],[-69,181],[32,306],[-73,89],[-256,74],[35,225],[-50,105],[-453,155],[-433,31],[-426,-111],[-512,-36],[-857,155],[-379,-51],[-476,14],[-221,47],[-330,180],[-271,86],[-891,63],[-523,120],[-1203,-257],[-321,80],[-398,246],[-104,11],[-83,-22],[-135,-140],[-234,-54],[-267,89],[-360,244],[-321,318],[-138,52],[-654,-16],[-544,137],[-174,-23],[-328,-117],[-87,-89],[-249,-66],[-141,-227],[-125,-72],[-265,9],[-282,77],[-233,-34],[-576,11]],[[749099,178779],[-309,75],[-165,142]],[[748625,178996],[-117,420],[-653,739],[-69,370],[453,130],[506,38],[460,251],[662,133],[913,623],[117,35],[382,85],[650,66],[351,173],[1426,288],[538,66],[115,51],[180,315],[19,493],[-228,351],[-306,212],[0,126],[124,206],[654,635],[367,618],[632,391],[138,460],[-469,306],[-671,188],[-162,103],[-296,49],[-315,173],[-407,315],[-772,357],[-339,300],[-74,429],[-206,166],[-226,41],[-138,-30],[-1270,-556],[-234,-65],[-759,39],[-155,82],[-179,356],[331,359],[-72,175],[-131,47],[-965,26],[-675,-68],[-188,36],[-593,244],[-231,272],[-70,288],[315,280],[250,327],[126,250],[-25,169],[-184,173],[-550,322],[-116,253],[-264,268],[37,425],[-314,229],[-49,739],[-227,503],[-389,165],[-711,401],[-661,150],[-178,-4],[-79,-132],[-129,-73],[-350,62],[-43,71],[-152,37],[-101,-133],[-229,-43],[-301,52],[-155,-20],[-300,92],[-394,264],[10,175],[-74,107],[63,259],[96,109],[-209,482],[-12,182],[-175,243],[-308,117],[-72,181],[-377,151],[-60,161],[-508,82],[-258,315],[-113,15],[-26,67],[83,89],[-425,125],[96,88],[-83,66],[79,205],[452,352],[214,105],[264,360],[-238,273],[-248,123],[151,19],[179,143],[460,222],[388,112],[240,209],[389,87],[-109,66],[-833,151],[-744,447],[-48,110],[59,126],[-576,73],[-435,347],[-25,75],[-444,109],[-339,206],[-207,215],[16,423],[-362,159]],[[737431,202461],[-29,84],[-12,67],[-99,181],[-497,249],[-169,-54],[-413,-290]],[[803852,109778],[-684,374],[-96,100],[-48,117],[59,133],[181,162],[183,62],[125,-3],[238,-122],[659,-119],[295,-20],[390,60],[772,-501],[300,4],[189,-68],[-21,-68],[208,-25],[-22,-101],[193,-28],[-3,-84],[410,-426],[-116,-267],[63,-98],[109,-36],[-18,-222],[170,-170],[11,-234],[195,-86],[-225,-41],[82,-67],[24,-182],[125,-45],[-24,-219],[60,-90],[66,82],[121,50],[55,-32],[-86,-266],[-82,6],[-45,-55],[44,-41],[100,6],[-123,-96],[212,17],[-58,-222],[-87,39],[-100,-36],[-68,-66],[40,-92],[-103,55],[-54,-76],[-193,-55],[-31,-71],[169,-155],[108,-17],[202,95],[104,259],[189,-126],[-12,-92],[-106,-164],[-387,-206],[-53,-85],[-240,-91],[-663,45],[-389,119],[-148,160],[-407,194],[-167,-13],[-815,110],[-391,-3],[-316,-54],[-463,279],[-532,490],[-151,22],[-92,106],[-241,37],[-456,-64],[-150,15],[-134,101],[-259,68],[-195,151],[-327,-155],[-256,-15],[-329,-215],[-413,-113],[-310,-5],[-312,164],[-77,88],[-15,282],[-390,192],[-74,213],[29,192],[334,260],[165,244],[1230,148],[393,260],[128,-14],[203,-105],[511,-44],[790,32],[236,-57],[675,19],[275,112],[213,178],[101,229],[-60,92],[-88,-13],[-29,13]],[[550857,337438],[-294,206],[-182,-13],[-253,-163],[-360,-92],[-266,-148]],[[549502,337228],[-298,10],[-198,-135],[-247,0],[-527,97],[-257,-142],[152,-228],[-41,-160],[-60,-23],[-209,60],[-258,-161],[-117,-256],[125,-89],[14,-138],[203,-109],[119,-234],[224,-126],[-27,-180],[144,-107],[122,-214],[-51,-509],[136,-288],[-535,-440],[-192,-90],[-23,-174],[-165,-131],[-43,-106],[-431,-330],[-2,-233],[104,-234],[575,-385],[25,-189],[-104,-114],[-493,-169],[-346,-345],[-764,-390],[-179,-179],[-127,-246],[-186,-188],[-287,-184],[-333,213],[22,169],[-144,145],[-44,189],[-109,117],[-276,6],[-184,-52],[-138,50],[-122,167],[-272,59],[-326,409],[-65,310],[-617,37],[-295,88],[-241,-13],[-334,-145],[-283,-45],[-393,114],[-404,-32],[-182,-39],[-306,-305],[-425,78],[-213,-174],[-275,-80],[-213,-175],[-91,-80],[-180,-389],[67,-60],[-28,-74],[-297,-160],[-399,-733],[-64,-16],[-539,14],[-166,50],[-45,178],[-210,205],[-361,1],[-155,118],[-351,89],[-289,292],[-259,9],[-79,65],[-360,6],[-737,345],[-263,-41],[-205,-148],[-180,-373],[-124,-84],[-267,-71],[-93,-222],[-455,-286],[-202,-535],[-463,-223],[25,-405],[-62,-122],[158,-155],[54,-200],[221,-337],[83,-603],[-41,-704],[-70,-178],[155,-25],[188,90],[354,532],[200,73],[909,-632],[290,-75],[85,-82],[13,-473],[135,-107],[298,-97],[85,-141],[188,-138],[-4,-407],[310,-301],[36,-228],[395,-119],[578,190],[155,-52],[107,-358],[134,-122],[-26,-384],[73,-190],[-102,-131],[-285,-172],[-15,-89],[319,-228],[618,-240],[250,-193],[321,-89],[116,21],[256,164],[770,31],[354,63],[472,-2],[228,56],[1104,-118],[566,110],[143,-20],[459,-203],[184,-26],[456,91],[419,-38],[323,97],[499,28],[387,-220],[489,-75],[165,-71],[259,-523],[313,-232],[33,-95],[-155,-419],[-583,-240],[-68,-73],[-63,-275],[-204,-318],[100,-198],[139,-99],[169,-28],[318,100],[125,-9],[173,-85],[106,-159],[171,-120],[-3,-448],[103,-163],[20,-204],[-224,-379],[189,-200],[234,-104],[85,-212],[576,-393],[158,-199],[39,-763],[-269,-323],[26,-113],[317,-245],[431,-5],[430,-166],[277,-9],[165,-68],[66,-102],[-224,-282],[17,-227],[97,-165],[283,-231],[1276,-245],[659,-230],[639,-130],[133,12],[201,127],[174,-57],[45,-249],[-81,-200],[-444,-221],[-480,32],[-190,-112],[-5,-160],[-238,-150],[-27,-113],[57,-348],[115,-233],[241,-272],[411,-222],[39,-244],[-68,-353],[282,-274],[66,-180],[45,-870],[-468,-460],[-397,8],[-214,-92],[-156,-424],[-469,-792],[-48,-257],[58,-89],[633,-433],[31,-77],[-69,-147],[58,-111],[694,-229],[44,-128],[-123,-91],[331,-175],[297,-23],[325,145],[243,231],[306,37],[429,-139],[425,-365],[489,-137],[190,-128],[433,-474],[-18,-88],[-352,-300],[220,-247],[258,-86],[89,-85],[5,-143],[-164,-194],[144,-163],[105,-248],[-111,-260],[66,-363],[-54,-89],[-166,-64],[-584,195],[-112,-109],[-100,-262],[300,-375],[30,-162],[-49,-161],[194,-340],[-197,-295],[-166,-69],[-788,215],[-175,-96],[-137,-230],[-188,-81],[-442,-5],[-370,138],[-332,-107],[-142,-92],[-109,-479],[-173,-306],[95,-288],[-39,-120],[357,-434],[6,-213],[525,-604],[160,-307],[-84,-538],[-383,-446],[-93,-392],[-296,-202],[126,-557],[62,-151],[128,-81],[209,-25],[264,93],[396,-146],[489,143],[343,-38],[427,-181],[286,-229],[-23,-136],[-231,-250],[-59,-433],[4,-336],[75,-117],[73,-424],[316,-394],[111,-659],[146,-222],[199,-200],[583,-370],[-10,-78],[185,-138],[-80,-86],[8,-94],[92,-142],[224,-168],[50,-316],[229,-125],[14,-460],[-408,-325],[188,-593],[-32,-89],[156,-223],[-150,-341],[93,-99],[131,-376],[-95,-128],[-279,-147],[-302,-29],[-311,114],[-401,353],[-423,90],[-347,10],[-316,130],[-585,99],[-457,320],[-286,100],[-518,305],[-395,171],[-261,415],[-188,175],[-698,358],[-478,52],[-466,-49],[-360,166],[-372,85],[-435,-110],[-201,-106],[-373,36],[-106,-151],[-393,-112],[-265,-331],[-1,-381],[-889,-659],[-239,-305],[-45,-153],[-278,-314],[111,-118],[-38,-111],[-331,-363],[155,-187],[-65,-395],[-162,-186],[156,-234],[-76,-93],[30,-225],[-57,-133],[242,-197],[-213,-129],[61,-287],[-39,-135],[124,-96],[522,-43],[470,-181],[416,-42],[215,-182],[-51,-255],[107,-173],[-178,-339],[66,-129],[-36,-290],[66,-50],[-419,-188],[-324,-279],[108,-134],[-20,-169],[106,-133],[-550,136],[-494,316],[-882,55],[-739,-215],[-322,-319],[-428,-116],[-236,-173],[-551,-220],[-723,-622],[-326,8],[-424,118],[-375,-94],[-258,-122],[-475,-46],[-961,324],[-408,-92],[-397,-248],[-195,-59],[-439,7],[-367,-160],[-222,113],[-255,241],[-197,34],[-221,-106],[-74,-151],[-108,-66],[-571,-45],[-336,-228],[-178,61],[-540,495],[-511,260],[-137,24],[-309,-62],[-701,83],[-165,-263],[-448,-188],[54,-456],[-425,-95],[-91,-419],[-565,-33],[-198,-81],[-475,-490],[76,-304],[-316,-104],[-1069,-679],[-311,-123],[-791,-893],[-422,-178],[-108,-171],[-452,-405],[-211,-24],[-173,34],[-314,185],[-468,-72],[-320,22],[-665,-188],[-455,-366],[-660,-259],[26,-77],[681,-363],[276,-553],[209,-216],[-64,-218],[62,-218],[190,-110],[214,-230],[-138,-122],[48,-135],[433,-229],[394,-118],[497,14],[181,-107],[987,-365],[173,-160],[-438,-81],[-646,-264],[-696,44],[-231,-68],[-35,-90],[-194,-93],[-836,210],[-565,33],[-441,-118],[-257,-3],[-288,-272],[-146,-36],[-187,-160],[-266,-107],[-586,-36],[-590,68],[-309,-47],[-263,80],[-528,7],[-477,261],[-331,249],[142,464],[-180,261],[-486,79],[-302,222],[-255,318],[-416,173],[-165,0],[-213,-102],[-148,-175],[-59,-247],[85,-367],[-491,-270],[-688,-110],[-619,10],[-551,-192],[-401,-35],[-436,-182],[-219,-27],[-146,-70],[-388,14],[-339,100],[-303,-66],[-896,6],[-320,83],[-327,-2]],[[511734,272820],[-199,63],[-358,24],[-277,-26]],[[510900,272881],[-161,-86]],[[510739,272795],[-319,3],[-301,-211]],[[510119,272587],[-570,-48],[-257,-271],[-272,-191],[-23,-105],[-155,-103],[-51,-137],[-112,-9],[-124,-126],[-187,-27],[-279,-119],[-191,-306]],[[507898,271145],[-545,-450],[-55,-79]],[[507298,270616],[245,-392],[-11,-166]],[[507532,270058],[99,-144],[66,-343],[-210,-154]],[[507487,269417],[-26,-197],[-141,-162],[-442,-263]],[[506878,268795],[-77,-99],[-40,-344]],[[506761,268352],[226,-172],[-15,-213],[162,-378],[-57,-234],[-151,-98],[-45,-102],[-7,-211],[79,-212],[326,-140],[687,-52],[52,-98],[159,-33],[124,-108],[136,-42],[591,35],[311,-64],[290,-197],[473,-139],[457,-343],[141,-385],[156,-103],[398,-126],[15,-229],[171,-264],[476,-239],[25,-209],[-119,-164],[24,-82],[253,-219],[328,-116],[83,-170],[-16,-103],[229,-134],[294,-27],[289,-103],[452,90],[120,-28],[793,-526],[370,-107],[617,-561],[46,-385],[401,-417],[-9,-76],[496,-455],[233,-356],[149,-572],[290,-401],[22,-198],[-73,-284],[-161,-255],[-264,-246],[-62,-159],[19,-142],[155,-193],[91,-285],[-383,-229],[-114,-286],[31,-152],[155,-243],[61,-449],[320,-436],[-30,-622],[147,-464],[-165,-197],[25,-498],[-89,-344],[134,-351],[95,-98],[714,-246],[714,-584],[39,-164],[-182,-273],[-394,-375],[-30,-108],[160,-377],[-48,-123],[-220,-170],[-304,-514],[57,-140],[295,-300],[1,-74],[-118,-103],[-268,-73],[-692,74],[-127,53],[-105,-98],[54,-549],[167,-390],[576,-487],[362,-645],[262,-334],[43,-155],[-151,-1088],[-247,-351],[-156,-478],[-904,-552],[-316,-134],[-182,-500],[-4,-199],[140,-127],[507,-176],[-52,-438],[-86,-183],[-507,-641],[-97,-213],[39,-234],[428,-701],[320,-377],[113,-749],[211,-396],[155,-109],[159,-249],[31,-136],[-121,-281],[-415,-21],[-443,86],[-128,-77],[-264,-347],[25,-72],[468,-256],[39,-113],[-117,-455],[-300,-561],[24,-124],[410,-566],[68,-380],[278,-443],[239,-37],[277,26],[5,-568],[152,-489],[-18,-416],[168,-189],[382,-181],[-88,-125],[-434,-310],[-490,-205],[-287,65],[-388,-57],[-589,217],[-146,-28],[-208,-144],[-548,146],[-588,-131],[-285,114],[-715,-259],[-478,-30],[-245,117],[-378,461],[-580,374],[-105,194],[-389,-179],[-477,-89],[-344,108],[-128,286],[-163,98],[-678,-374],[-688,-121],[-61,-199],[-536,-312],[-830,-999],[-111,6],[-158,93],[-180,325],[-473,218],[-282,-6],[-254,-113],[-262,-43]],[[505698,232401],[-489,-238],[-179,43],[-555,372]],[[504475,232578],[-411,-21],[-386,-145],[-118,74],[-63,180],[-238,164],[-220,60],[-493,2],[-1353,647],[-600,-42],[-297,71],[-200,-67],[-573,157],[-408,2]],[[499115,233660],[-1030,159],[-759,-173]],[[497326,233646],[-188,49],[-207,-29],[-92,-133],[64,-344]],[[496903,233189],[-553,-941],[-152,-90],[-447,-109],[-180,-299],[-180,-96],[-169,-204],[-301,-147]],[[494921,231303],[-32,-670],[-201,-130],[-140,-1],[-415,-441]],[[494133,230061],[-222,-722],[-707,-803],[-158,-1118]],[[493046,227418],[-211,-547],[-270,-366]],[[492565,226505],[-129,-398],[-100,-117],[-269,-145]],[[492067,225845],[207,-859],[158,-72],[655,-50]],[[493087,224864],[331,-135],[145,-345],[-48,-190],[289,-115],[215,-224],[862,-196],[246,32],[396,-50],[589,75],[390,-204],[173,-214],[14,-211],[-541,-315],[-43,-275],[-99,-134],[-698,-415],[-431,-35],[-299,-289],[-242,-118],[-763,-218],[-464,0],[-365,73],[-37,-265],[-201,-172],[-91,-200],[-402,-68],[-194,-121],[-431,-779],[-65,-190],[18,-217],[-143,-150],[-244,-141],[-70,-132],[26,-149],[-194,-131],[223,-643],[-121,-159],[-317,-212],[-146,-268],[-334,-198],[-169,-217],[-123,-341],[-228,-159],[-246,-94],[-160,-339],[-286,-249],[43,-279],[-187,-123],[-65,-194],[-402,-287],[1111,-110],[522,-176],[71,-88],[-308,-201],[15,-46],[522,-53],[748,-317],[361,46],[453,239],[318,8],[200,124],[949,21],[358,-133],[263,-38],[349,101],[275,18],[644,-228],[-582,-425],[-291,-316],[-484,-242],[137,-503],[-587,-380],[-222,-94],[-242,-223],[-412,-126],[-623,-302],[-128,-101],[-128,-234],[584,-565],[33,-190],[-112,-275],[90,-547],[-98,-360],[208,-177],[200,-349],[151,-81],[211,-34],[264,36],[760,258]],[[493778,208821],[140,-55],[42,-407]],[[493960,208359],[-67,-167],[-291,-142],[-359,-418],[-390,-149],[190,-245],[-71,-605],[-61,-110],[197,-126],[548,-117],[268,2],[110,-58],[134,-307],[48,-352],[122,-168],[-71,-253]],[[494267,205144],[84,-161],[-15,-153],[-115,-409],[48,-249],[131,-187]],[[494400,203985],[104,-390],[311,-233]],[[494815,203362],[313,10],[371,195]],[[495499,203567],[704,480],[331,167]],[[496534,204214],[189,35],[1176,19]],[[497899,204268],[313,83],[226,143],[265,-10],[429,-92],[397,-211],[200,110],[247,20],[349,214]],[[500325,204525],[638,176],[290,-95]],[[501253,204606],[239,72],[284,-76],[163,-117],[152,49],[379,-56],[186,112],[356,539],[355,327],[-2,257],[75,164],[243,80],[370,0],[445,149],[195,171],[499,278],[282,-8],[588,161],[367,352],[103,203],[231,168],[65,249],[73,63],[438,97]],[[507339,207840],[681,-138],[341,106]],[[508361,207808],[567,-360]],[[508928,207448],[135,-175],[-202,-222],[-357,-816],[-121,-106],[319,-308],[116,-309],[125,-132],[618,-314],[193,-255],[596,-438],[494,-187],[1130,-28],[360,90],[254,-98],[340,0],[1185,-152],[1215,-25],[328,51],[285,-43],[-310,-173],[-368,-304],[-1081,-399],[-260,-136],[-346,-313],[-231,-355],[-338,-231],[-258,-309],[-241,-72],[-179,-131],[-356,-151],[-493,-88],[-148,-101],[-157,-329],[-9,-72],[108,-141],[-10,-347],[120,-379],[291,-212],[252,-53],[98,-85],[-132,-321],[-368,-92],[-93,-91],[-33,-162],[73,-85],[182,2],[371,-147],[221,-189],[308,-144],[282,-572],[10,-288],[165,-131],[744,-175],[178,-117],[286,-353],[323,-152],[252,-61],[252,144],[90,135],[520,238],[170,223],[966,503],[506,99],[431,-53],[941,42],[218,-88],[224,139],[346,46],[349,216],[279,260],[298,158],[537,101],[367,119],[370,32],[9,-86],[-161,-120],[-786,-369],[-533,-518],[-90,-120],[-19,-164],[98,-320],[-319,-703],[-158,-164],[-279,-144],[-491,-118],[-190,-137],[-261,-388],[136,-244],[-106,-178],[-11,-231],[-366,-135],[-339,-267],[204,-134],[408,-117],[224,-202],[264,-513],[237,-271],[102,-28],[356,25],[571,112],[516,-76],[507,20],[114,-17],[142,-165],[323,-127],[-125,-88],[-858,-220],[-376,33],[-232,-97],[-396,23],[-290,-122],[-650,-62],[-243,-422],[97,-173],[195,-66],[31,-155],[206,27],[129,-84],[214,84],[128,-19],[282,48],[483,-48],[-13,86],[-131,122],[50,35],[199,-194],[-157,-248],[29,-36],[276,364],[284,20],[364,158],[846,0],[1280,-78],[157,-138],[161,-409],[310,-199]],[[524010,191079],[388,-134],[49,-142]],[[524447,190803],[245,-151],[112,-133],[-27,-163]],[[524777,190356],[-253,-170],[-134,-268],[149,-162],[201,-111],[373,-71],[111,-278],[249,-141],[270,-289]],[[525743,188866],[120,-424],[-133,-476]],[[525730,187966],[-368,-172],[-542,-472],[-280,-55],[-221,-166],[-216,-53]],[[524103,187048],[-49,-246],[211,-119]],[[524265,186683],[557,-578],[135,-294],[204,-100],[194,-194],[260,-111],[69,-142],[-10,-225],[389,-340],[37,-92],[460,-232]],[[526560,184375],[523,-53],[49,-127],[-112,-223]],[[527020,183972],[-209,-182],[-381,-189],[-422,-342],[-405,-157],[95,-264],[-6,-181],[-97,-657],[-99,-140],[-11,-403],[230,-910],[-81,-285],[-448,-276],[-1004,-243],[-252,-113],[-564,-7],[-277,-64],[-413,-296],[-137,-155],[-335,-114],[-255,-156],[-526,-148],[-863,-366],[-541,28],[-895,-267]],[[519124,178085],[-849,-190],[-293,-262]],[[519260,176652],[549,-399],[687,91]],[[520840,176318],[296,-103],[144,-103],[34,-406]],[[575084,158372],[93,-290],[-404,-408]],[[572703,148591],[162,-8],[368,54],[393,204],[474,165]],[[634055,161530],[265,-161],[485,12],[435,103],[90,45]],[[635330,161529],[-299,83],[-156,131],[-59,251]],[[668318,195948],[313,-23],[462,178],[-267,124]],[[620665,192312],[-191,-441],[-155,-157],[-472,85]],[[612018,198296],[-227,-43],[-193,103]],[[611598,198356],[-101,167],[32,232]],[[611608,199638],[307,-4],[91,127]],[[611859,199780],[17,215],[787,460]],[[616012,201014],[430,575],[328,506]],[[616770,202095],[-136,653],[-124,275]],[[600591,253730],[-49,188],[205,401],[-25,142],[-614,520]],[[599716,254826],[-225,116],[-91,200]],[[599400,255142],[196,483],[-39,77],[-324,41],[-425,376]],[[598808,256119],[-498,298],[-252,-66],[-268,15]],[[594786,257163],[-252,39],[-341,364]],[[593977,258195],[-289,174],[-238,248],[-9,130],[54,58],[243,149],[305,102]],[[593574,261677],[20,224],[-149,411]],[[592733,263997],[55,372],[-246,240],[-222,131]],[[592167,265524],[-44,148],[-176,186],[-496,342],[-37,136]],[[590228,270222],[-74,88],[38,190]],[[596452,282679],[763,191],[413,-14],[553,-207]],[[599343,282224],[151,-256],[-16,-223]],[[638076,266243],[369,-71],[340,82]],[[638785,266254],[631,363],[187,188]],[[640460,268583],[33,133],[-130,509],[-69,95],[-482,83],[-765,368]],[[639047,269771],[-261,22],[-404,-41],[-1020,410],[-93,75],[-123,320],[98,220],[-98,10],[-311,-169],[-190,8],[-155,596],[-958,228],[-398,382],[-206,90],[-311,-93],[-243,29],[-110,251],[-100,709],[-201,52],[-439,-31],[-389,146]],[[633135,272985],[-147,133],[180,180]],[[633168,273298],[-110,195],[-215,151],[-385,66]],[[632458,273710],[-67,48],[-29,65],[139,320]],[[632501,274143],[-59,264],[-251,146],[-395,34]],[[631796,274587],[-135,64],[-141,131],[-70,184]],[[631450,274966],[-404,367],[-377,25]],[[630669,275358],[-329,-149],[-213,-38]],[[630127,275171],[-115,102],[-104,265],[-367,156]],[[629541,275694],[-50,100],[35,123],[142,31],[351,199]],[[630019,276147],[88,115],[-36,50],[-419,-3]],[[629652,276309],[-182,-103],[-288,123],[22,132],[282,18],[155,108],[55,412],[-234,277],[-245,168],[-362,51],[-432,-43],[-158,38],[-62,221],[-385,363],[51,250],[-144,208],[24,241],[-385,269],[-337,0],[-191,141],[-18,75],[175,319],[-146,346],[-703,459],[-702,351],[-311,6],[-302,-162],[-135,54],[-130,505],[-227,236],[-65,155],[44,52],[618,146],[145,80],[145,235],[53,240],[-570,439],[6,302],[133,178],[13,108],[-156,259],[-498,289],[91,425],[-474,598],[-272,202],[-189,-10],[-113,-255],[-193,-172],[-347,-83],[-155,474],[-140,139],[-1125,304],[-186,133],[17,56],[289,91],[156,142],[82,142],[-74,140],[65,183],[92,62],[111,-32],[140,34],[45,51],[-43,116],[-181,89],[-499,74],[-222,345],[-22,234],[100,102],[220,76],[144,110]],[[621522,287625],[78,194],[-156,79]],[[621444,287898],[-316,-92],[-561,30],[-325,376],[53,316],[-254,80],[-582,463],[-174,79],[-138,6],[-126,-100],[-20,-259],[-112,-213]],[[618889,288584],[-91,-53],[-252,-35],[-125,5]],[[618421,288501],[-92,72],[75,606]],[[618404,289179],[-59,155],[-192,205],[0,97],[189,204],[352,32],[165,61],[214,149],[190,250],[39,110],[-141,920],[88,402],[188,261],[-25,118],[-464,114],[-407,6],[-341,-244],[-347,-161],[-264,-211],[-189,-64],[-205,13],[-318,174],[-655,45],[-231,132],[-159,289],[70,315],[-31,141],[-676,316],[115,137],[322,121],[509,95],[525,194],[264,183],[93,280],[-293,473],[26,359],[103,112],[490,79],[144,80],[380,442]],[[617873,295563],[41,182],[-82,143],[-242,112]],[[617590,296000],[-359,-35],[-551,-128],[-607,-300],[-109,-14],[-157,15],[-243,116],[-355,265],[-288,412],[16,278],[57,100],[801,544],[66,214],[-165,226],[-409,179],[-52,77],[-1067,550],[-1389,865],[-1000,366],[-465,85],[-211,106],[-117,129],[-86,234],[-551,501],[5,214],[243,415],[-6,178],[-129,213],[-375,290],[-481,216],[-234,220],[-243,60],[-364,-18],[-309,114],[-139,182],[-95,294],[-656,634],[-43,414],[251,486],[-14,168],[-110,172],[-292,206],[-491,228],[-352,374],[-373,291],[-430,242],[-657,238],[-105,92],[-38,168],[286,238],[72,104],[-20,86],[-335,214],[-350,431],[-1037,712],[-154,170],[-205,420],[-234,51],[-311,-81],[-307,35],[-341,271],[-66,152],[85,292],[-77,136],[-216,140],[-556,45],[-315,152],[-424,406],[-491,716],[-131,258],[26,217],[-452,-14],[-410,-118],[-158,-161],[-55,-277],[-375,-238]],[[598361,311233],[-302,-51],[-488,11],[-878,241]],[[596693,311434],[-557,317],[-55,118],[-233,151],[-292,322],[-540,425],[-303,131],[-504,115]],[[594209,313013],[-362,237],[-69,502],[44,348]],[[593822,314100],[-287,246],[114,445],[-156,122],[25,445],[-315,373],[-244,587],[-841,746],[43,259],[-159,356],[-219,127],[-503,27],[-157,-61],[-376,-343],[-336,-76],[-466,129],[-244,149]],[[589701,317631],[-172,243]],[[589529,317874],[196,376]],[[589725,318250],[-168,556],[210,413],[17,142],[-172,744],[-237,259],[-132,326],[-757,785],[-316,556],[-527,1299],[-121,500],[-404,803],[-68,40],[-1036,134],[-118,79],[-117,243],[-189,205],[-344,93],[-494,238],[-274,201],[-680,262],[-284,253],[-75,257],[-124,84],[-534,126],[-382,717],[-159,97],[-469,53],[-261,-84],[-221,-6],[-467,74],[-342,119],[-16,156],[332,379],[16,85],[-140,632],[-143,203],[-59,341],[-300,501]],[[580170,330115],[281,1394]],[[580451,331509],[-14,254],[-37,118],[-474,546],[-82,243],[-221,352],[-13,142],[102,191],[-51,209],[-218,-247],[-264,-595],[-44,-183],[58,-380],[-88,-183],[-527,-451],[-447,-199],[-168,-25],[-178,30],[-429,252],[-733,25],[-230,57],[-289,221],[-510,190],[-454,412],[-160,48],[-191,-82],[-205,-190],[-375,-22],[-433,-137],[-109,-106],[-80,-207],[-145,-83],[-256,-30],[-165,-73],[-331,98],[-173,-25],[-411,-257],[-529,37],[-1138,-140],[-79,-66],[-238,-1043],[-185,-224],[-32,-280],[-147,-114],[-498,-215]],[[569260,329377],[-538,-695],[-183,-88]],[[568539,328594],[-294,-14]],[[568245,328580],[-317,97],[-127,177]],[[567801,328854],[-34,373],[122,267]],[[567889,329494],[-40,108],[-77,29],[-851,-128],[-215,-171],[5,-211]],[[566711,329121],[-215,-24],[-1013,202]],[[565483,329299],[-478,453],[-739,-70],[-322,-204]],[[563944,329478],[-411,69],[-249,131]],[[563284,329678],[103,513],[-268,106],[-255,28]],[[562864,330325],[-514,-35],[-557,233],[-152,-32],[-213,-203],[-134,-47],[-172,3],[-256,90],[-267,226],[70,124],[427,183],[14,41],[-40,68],[-234,70],[-137,105],[71,259],[148,216],[-223,70],[-342,10],[-253,343],[-333,154],[-659,-168],[-243,12],[-114,49],[-164,134],[-13,490],[-772,88],[-271,279],[-120,222],[-579,432],[-1123,-71],[-591,557],[96,283]],[[555214,334510],[-4,73],[-86,48],[-192,-25],[-264,-138]],[[554668,334468],[-227,-17],[-423,39],[-329,110],[-151,-9],[-133,-89]],[[553405,334502],[-130,-311],[-214,-8],[-292,60]],[[552769,334243],[-1172,794],[-24,78],[79,74]],[[551652,335189],[381,41],[73,46],[-237,264],[40,233]],[[551909,335773],[-98,332],[-56,87]],[[551755,336192],[-196,111],[-389,-165]],[[551170,336138],[-246,37],[-2,256]],[[550922,336431],[-122,80],[-427,580]],[[550373,337091],[-3,72],[138,47],[124,43],[231,96],[-6,89]],[[600198,168842],[20,234],[265,193],[207,14],[561,202],[421,8],[90,-61],[333,-55],[23,-63],[-159,-158],[319,-155],[67,-291],[437,-246],[139,-29],[-16,-86],[-262,-183],[144,-253],[110,79],[358,21],[310,107],[362,16],[227,-39],[216,98],[109,-4],[249,-79],[149,-128],[186,-71],[844,-49],[312,-125],[332,-277],[19,-320],[-1022,-1097],[-351,-237],[-221,-226],[-503,-325],[-313,-143],[-229,-92],[-410,-48],[-338,-193],[-206,-45],[-204,93],[120,26],[-26,40],[-284,-24],[-26,111],[-130,4],[-62,41],[29,56],[-199,35],[-15,152],[-58,42],[-109,-86],[-32,82],[-264,-66],[-80,42],[123,-1],[3,39],[-234,33],[-474,-55],[-116,-81],[-258,41],[-20,160],[-357,166],[-169,-15],[-155,-108],[-136,22],[-334,247],[-27,70],[-276,68],[-104,105],[-410,163],[-66,373],[48,206],[-268,210],[-90,289],[-196,203],[58,63],[304,53],[33,179],[-381,230],[-262,462],[68,351],[97,57],[155,-28],[96,-166],[328,-157],[168,51],[101,140],[272,-43],[128,63],[192,14],[72,65],[380,-125],[64,197],[185,9],[19,8]],[[206868,749607],[-188,-100],[-598,-158],[-382,77],[-344,-27],[-202,99],[-222,-36],[-228,52],[-152,-16],[-254,-174],[-741,-171],[-449,56],[-441,124],[-226,-12],[-118,-53],[-194,-203],[-266,-397],[-390,-54],[-171,-8],[-260,58],[-388,165],[-127,-4],[-205,-99],[-562,-1],[-511,139],[-176,-25],[-112,-45],[-133,-175],[-547,15],[-496,-255],[-265,2],[-1240,-371],[-356,-191],[-171,-219],[-207,-137],[-529,-248],[-191,-239],[-317,-201],[-119,-199],[-95,-308],[160,-146],[45,-114],[-39,-45],[-442,-293],[-236,-313],[-352,-165],[-320,-90],[-255,-308],[-494,-201],[-52,-88],[-58,-230],[22,-308],[-110,-199],[243,-289],[-104,-208],[123,-129],[-42,-374],[142,-130],[9,-78],[-185,-231],[28,-370],[-346,-234],[-35,-143],[-210,-125],[-246,42],[-181,-20],[-542,-328],[-178,-74],[-236,24],[-61,-67],[164,-279],[-16,-181],[64,-94],[303,-171],[454,-135],[213,-200],[534,-253],[157,-169],[-13,-68],[-287,-116],[-2,-277],[-159,-358],[49,-502],[-261,-130],[-214,-271],[-373,-69],[-227,-103],[-89,-180],[-16,-309],[132,-244],[168,-132],[56,-181],[460,-278],[822,-251],[123,-82],[12,-294],[-179,-488],[-261,-2],[-304,69],[-506,-156],[-337,-181],[-405,40],[-443,-85],[-717,4],[-866,-201],[-224,-11],[-192,-73],[-721,241],[-177,-40],[-668,-18],[-270,59],[-279,-63],[-320,-426],[-14,-169],[-97,-87],[-38,-165],[31,-91],[-238,-484],[-38,-223],[-181,-308],[-170,-162],[-23,-96],[86,-35],[47,-150],[-56,-72],[93,-136],[-215,-124],[-41,-99],[48,-150],[-100,-202],[-423,-302],[8,-152],[153,-132],[-28,-103],[-277,-308],[-26,-125],[-824,-701],[-6,-262],[91,-132],[-129,-104],[1,-100],[-148,-113],[-47,-281],[-90,-66],[6,-102],[-98,-160],[-259,-233],[-39,-22],[-30,89],[-137,55],[-302,-18],[-353,-120],[-460,108],[-245,0],[-602,492],[-569,189],[-238,449],[-337,197],[-426,73],[-549,-191],[-201,15],[-101,138],[12,483],[-161,432],[-126,33],[-312,-30],[-342,-127],[-258,43],[-537,-23],[-305,-83],[-355,-192],[-354,27],[-262,-72],[-231,81],[-273,-36],[-308,92],[-406,56],[-187,102],[-452,86],[-335,193],[-64,99],[-226,-8],[-571,133],[-218,-31],[-210,32],[-265,-50],[-544,25],[-258,-47],[-233,111],[-587,155],[-1667,-234],[-666,66],[-135,-85]],[[167101,730932],[-3,-171],[-180,-217],[-39,-185],[-281,-165],[-320,-62],[-135,-104],[108,-238],[141,-49],[228,-182],[125,-464],[126,-88],[-103,-95],[16,-248],[-76,-151],[-286,-64],[-99,-70],[62,-474],[-154,-120],[-30,-478],[-110,-242],[-162,-151],[52,-270],[-159,-190],[-118,-106],[-294,-105],[-441,-19],[-321,131],[-111,-44],[-102,-221],[-234,-86],[-851,-46],[-237,-105],[-302,78],[-678,-59],[-79,-360],[-85,-87],[46,-223],[98,-109],[-366,-238],[-136,-328],[-307,-40],[-217,-114],[53,-273],[-125,-205],[-711,-355],[66,-478],[-53,-110],[-306,-82],[-282,-195],[-634,0],[-1142,-352],[-344,-50],[-201,-285],[-396,-386],[-208,-133],[-119,-219],[-43,-890],[60,-248],[-206,-96],[-816,-76],[-341,-172],[-171,-196],[-488,-35],[-273,-262],[-116,-268],[-291,-92],[-182,-222],[382,-328],[54,-361],[303,-533],[489,-297],[261,-228],[365,-114],[64,-160],[466,-364],[23,-214],[-102,-434],[186,-326],[-155,-225],[-12,-200],[-268,-265],[29,-99],[-75,-123],[-508,-258],[-99,-102],[13,-127],[195,-251],[-84,-378],[556,-280],[161,-203],[354,-130],[48,-289],[96,-141],[845,-114],[131,-165],[253,-168],[23,-157],[-203,-364],[128,-535],[263,-311],[-52,-387],[197,-145],[60,-275],[242,-358],[248,-67],[465,-10],[224,-87],[-176,-529],[101,-184],[177,-114],[133,-321],[38,-300],[-74,-276],[59,-180],[-100,-559],[26,-846],[69,-132],[430,-264],[369,-389],[-169,-533],[67,-207],[-149,-236],[7,-100],[119,-139],[40,-252],[182,-30],[128,-107],[70,-290],[169,-278],[297,-123],[303,-221],[22,-58],[-128,-175],[270,-395],[18,-1078],[218,-119],[-472,-300],[-384,-34],[-493,23],[-201,73],[-367,52],[-383,-9],[-437,178],[-355,-197],[-5,-134],[-148,-147],[-267,-133],[-796,-231],[-191,47],[-136,159],[-217,90],[-486,-14],[-707,155],[-159,-33],[-493,18],[-447,-77],[-538,236],[-572,109],[-526,24],[-256,-62],[-212,-135],[-429,-408],[37,-50],[-106,-238],[220,-224],[-2,-128],[228,-77],[34,-104],[-74,-119],[200,-117],[-41,-130],[202,-192],[466,-214],[12,-262],[274,-161],[79,-142],[-59,-243],[113,-320],[-157,-200],[0,-139],[300,-281],[389,-201],[55,-231],[-407,-231],[-56,-146],[91,-97],[-104,-185],[-16,-226],[-106,-205],[-119,-76],[86,-107],[-13,-211],[-274,-338],[108,-187],[279,-136],[0,-284],[-199,-138],[-33,-148],[-264,-279],[11,-117],[83,-88],[-121,-127],[54,-301],[-268,-345],[45,-222],[170,-58],[-140,-103],[-146,-277],[-382,-258],[-41,-152],[-380,-244],[17,-97],[-95,-76],[87,-148],[12,-203],[-72,-225],[91,-96],[-4,-289],[65,-104],[-89,-116],[33,-88],[-117,-46],[-109,-510],[132,-157],[-209,-588],[29,-291],[139,-168],[-22,-285],[89,-306],[-54,-130],[89,-180],[347,-253],[2,-153],[320,-606],[447,-248],[568,-113],[61,-48],[-22,-512],[-162,-229],[236,-243],[-87,-280],[312,-211],[101,-275],[314,-223],[277,-279],[114,-66],[283,-20],[18,-210],[224,-134],[-12,-125],[333,-111],[82,-82],[-13,-73],[-339,-157],[233,-333],[-128,-292],[177,-157],[360,-66],[213,-222],[392,-148],[-44,-423],[338,-232],[-239,-231],[-818,-453],[-64,-99],[-395,-254],[9,-165],[-71,-57],[-96,19],[-30,-139],[-201,-17],[48,-164],[-274,-219],[140,-168],[-123,-68],[27,-103],[-150,14],[-75,-118],[-318,-178],[-903,-120],[-1431,-535]],[[152244,677194],[-348,-202],[-1399,-1009]],[[150497,675983],[20,-144],[224,-345],[112,-532],[1,-317]],[[150854,674645],[-129,-161],[-32,-188],[64,-123]],[[150757,674173],[96,114],[537,166],[301,394],[170,433],[576,425],[165,10],[393,-99],[1904,133],[744,-63],[494,-118],[61,-255],[-21,-248],[199,-494],[45,-438],[908,-614],[404,-497],[14,-80],[749,-806],[166,-19],[176,44],[227,165],[64,241],[-20,65],[-274,163],[58,130],[-251,64],[35,142],[-295,192],[-125,1184],[350,359],[117,53],[509,129],[272,196],[467,26],[506,-82],[358,-261],[308,-32],[505,-266],[1250,-348],[33,-82],[-244,-350],[202,-249],[-242,-379],[37,-128],[325,-172],[1121,-95],[265,79],[272,-9],[275,-236],[-92,-242],[96,-118],[37,-197],[92,-104],[544,-276],[139,-162],[166,-89],[507,58],[180,100],[49,97],[-71,145],[303,226],[224,56],[71,431],[190,171],[202,389],[146,25],[955,-63],[331,-174],[90,-201],[625,-285],[91,-247],[-159,-154],[-440,-241],[-454,-563],[128,-115],[209,-43],[144,-350],[1,-183],[-117,-329],[30,-155],[229,-246],[-70,-240],[-590,-329],[-384,-13],[-330,-245],[-228,-18],[-294,74],[-554,-14],[-325,176],[-861,247],[-629,-118],[-4,-444],[-118,-122],[-373,-20],[-151,-73],[-128,-322],[-329,-250],[-307,-483],[-259,-130],[-312,-797],[-402,-173],[-570,-80],[-68,-55],[28,-322],[-129,-264],[57,-350],[103,-214],[546,-574],[191,-692],[312,-377],[114,-391],[257,-517],[432,-343],[5,-145],[-317,-135],[-456,78],[-888,9],[-199,-24],[-502,-191],[-10,-106],[246,-92],[-75,-473],[-373,-319],[-107,-253],[-130,-135],[-575,-285],[-204,-184],[-464,-240],[-461,-153],[-166,12],[-308,261],[-600,125],[-145,-4],[-572,-175],[-262,-142],[-215,-222],[-768,-459],[-69,-98],[81,-252],[-542,-546],[-33,-273],[-65,-68],[-497,-40],[-124,50],[-250,14],[-570,217],[-310,4],[-419,-75],[-465,150],[-139,-9],[-353,-218],[-342,-119],[-251,-248],[-449,-167],[-265,-2],[-234,141],[-327,50],[-518,-100],[-129,-189],[-267,-191],[-28,-85],[133,-216],[-17,-327],[-414,-388],[-173,-233],[-286,-224],[-241,-328],[-375,-257],[-10,-60],[161,-88],[28,-113],[-202,-152],[-508,-181],[-167,-171],[-338,-164],[109,-65],[228,56],[138,-18],[464,-226],[46,-234],[-71,-269],[-513,-595],[26,-123],[246,-288],[8,-254],[209,-144],[77,-185],[687,-264],[105,-81],[471,-691],[0,-87],[97,-77],[38,-295],[450,-517],[58,-454],[-43,-398],[-248,-349],[-333,-265],[-302,-133],[293,-69],[211,-241],[216,-100],[211,-320],[66,-249],[325,-340],[-119,-471],[27,-184],[-101,-186],[8,-312],[-194,-379],[257,-196],[492,-50],[296,-144],[337,-44],[107,48],[152,265],[233,139],[309,72],[498,17],[672,475],[370,118],[266,24],[139,-38],[-8,-177],[214,-320],[80,-319],[-57,-181],[80,-164],[-19,-258],[-91,-128],[195,-322],[358,-174],[158,-302],[12,-93],[-216,-185],[552,-69],[310,-96],[143,-100],[190,-229],[38,-145],[-134,-143],[244,-221],[53,-138],[189,-161],[381,-532],[-70,-51],[-594,-142],[-195,-224],[-59,-167],[-198,-104],[89,-198],[-126,-267],[-209,-189],[-528,-102],[-221,-322],[73,-46],[553,-80],[302,-146],[472,-367],[448,31],[305,143],[198,10],[537,142],[169,-96],[144,-252],[533,-62],[879,-197],[228,-188],[110,-337],[126,-87],[-73,-277],[150,-342],[125,-108],[796,-97],[376,19],[699,-148],[576,95],[395,10],[150,61],[461,-25],[199,141],[582,165],[463,-44],[551,81],[167,-313],[245,-219],[173,-385],[252,-245],[368,-161],[88,2],[847,204],[433,-181],[72,-90],[54,-412],[275,-305],[26,-208],[125,-20],[80,-132],[110,110],[244,18],[626,207],[298,252],[94,224],[793,-158],[392,-9],[546,103],[313,136],[190,26],[92,-90],[-14,-725],[-93,-234],[385,-173],[202,-258],[-251,-533],[-7,-135],[59,-109],[439,-241],[292,-373],[-13,-393],[171,-302],[341,-290]],[[174014,632383],[123,-352],[-227,-320]],[[173910,631711],[-238,-98],[-216,-69],[-529,-5],[-638,-144],[-726,-329],[-177,-212],[-240,-132],[-1387,-61],[-463,-184],[-465,-537],[-462,-41],[-644,-293],[-275,25],[-117,-29],[-126,-286],[-544,-402],[-225,-339],[44,-258],[-124,-412],[-421,-320],[-373,-118],[-261,55],[-617,-47],[-421,94],[-245,-36],[-259,-148],[-362,99],[-456,59],[-655,-400],[-96,-211],[74,-209],[-138,-136],[-1781,-374],[-341,-366],[-139,-234],[-244,-81],[-488,-293],[-12,-527],[92,-344],[-72,-172],[61,-271],[605,-430],[169,-186],[86,-221],[-10,-254],[-349,-281],[-87,-134],[2,-206],[122,-309],[-314,-339],[132,-242],[34,-280],[328,-524],[-31,-159],[-96,-110],[25,-59],[449,-331],[-1,-49],[-90,-174],[-745,-190],[-195,-288],[-5,-190],[-755,-192],[-62,-269]],[[158416,618508],[-229,-103],[-93,-149]],[[158094,618256],[-129,-535],[-456,-1002],[327,-771],[-29,-80],[-209,-165],[92,-164],[251,-220],[325,-113],[349,17],[370,-307],[106,-349],[-71,-432],[78,-439],[-179,-306],[4,-128],[123,-101],[376,-166],[760,-143],[122,-79],[-59,-92],[-286,-88],[-432,-478],[58,-299],[325,-150],[466,13],[238,-64],[169,-137],[723,-204],[122,-142],[50,-196],[-181,-269],[11,-84],[371,-305],[141,-287],[-9,-121],[386,-146],[50,-181],[210,-260],[1149,-263],[-288,-120],[-226,-179],[-296,20],[-130,-314],[-516,-286],[-418,-60],[192,-470],[102,-106],[221,-107],[-205,-68],[-116,-151],[-90,-400],[-309,-247],[-92,-207],[626,-605],[10,-271],[140,-131],[90,-244],[-45,-426],[-137,9],[-209,88],[-162,-111],[-106,-9],[-178,121],[-290,85],[-453,-187],[-290,-2],[-278,-151],[-383,12],[-259,-107],[-248,-38],[-550,-440],[-53,-227],[-195,-72],[-58,-124],[-314,-257],[-461,-257],[-406,-124],[-364,-56],[-233,-181],[-383,-195],[-449,-163],[-444,-71],[-103,-78],[-109,-22],[-288,48],[-157,-46],[-358,59],[165,-124]],[[154703,602028],[25,-204],[101,-125],[1076,-239],[381,8]],[[156286,601468],[342,-224],[672,-663],[139,-80],[291,-60],[497,50],[110,-92],[420,-182],[260,43],[179,111],[274,1],[323,219],[212,-23],[293,136],[249,184],[806,-81],[228,-150],[-9,-289],[70,-150],[391,-355],[769,-314],[288,-394],[502,-199],[576,-118],[120,-104],[465,23]],[[164753,598757],[577,-240],[127,-15],[991,360],[345,15]],[[166793,598877],[316,86],[289,191],[393,71]],[[167791,599225],[157,219],[137,45],[246,-27]],[[168331,599462],[206,-193],[421,-24],[-60,-184],[47,-320],[-111,-353],[22,-209],[486,-159],[152,-269],[100,-67],[319,-172],[338,-54],[146,-180],[512,-274],[215,-427],[210,-149],[143,-320],[6,-237],[284,-50],[2219,-87],[4523,-1696],[-290,-378],[26,-169],[-105,-223],[-114,-1013],[487,-415],[-45,-429],[332,-153],[168,-149],[205,-74],[4,-144],[-187,-130],[-168,-332],[127,-431],[873,-395],[287,-245],[477,-153],[39,-47],[21,-331],[-95,-597],[-329,-491],[178,-210],[55,-206],[-37,-230],[244,-158],[287,-43],[98,-445],[87,-100],[258,-129],[-53,-226],[248,-295],[335,-150]],[[181922,585547],[281,-48],[41,-105],[245,-129]],[[182489,585265],[84,-140]],[[182573,585125],[449,-218],[137,-291]],[[183159,584616],[303,-267],[274,-162],[227,-261],[327,-168],[384,78]],[[184674,583836],[571,-61],[591,20],[613,97],[188,-16],[121,52],[212,243],[366,196],[144,178],[-32,126],[55,127],[442,365],[286,438],[-39,216],[-135,190],[168,470],[-73,233],[17,234],[-119,152],[11,77],[284,38],[336,154],[106,385],[-1,328],[200,130],[133,249],[267,119],[76,144],[120,23],[222,169],[249,65],[351,294],[148,487],[278,160],[146,32],[147,165],[759,388],[777,218],[178,-102],[95,-1],[685,226],[980,-36],[115,249],[706,283],[-197,276],[-132,64],[-176,189],[-85,235],[74,216],[-270,344],[-526,255],[-526,178],[-494,38],[-476,280],[190,217],[367,215],[96,206],[144,114],[708,182],[842,524],[497,142],[227,112],[55,120],[-45,153],[413,240],[61,314],[253,71],[197,-10],[1182,574],[659,32],[334,231],[367,98],[150,460]],[[199307,597410],[-22,286],[52,120]],[[199337,597816],[326,145],[231,199]],[[199894,598160],[350,113],[116,-10]],[[200360,598263],[119,-72],[239,-325],[18,-111]],[[200736,597755],[-176,-388],[161,-251],[97,-346],[107,-54],[123,1],[102,106],[111,308],[208,73],[182,159],[482,166],[286,6],[176,365],[1171,-274],[76,-59],[72,-285],[329,-324],[79,-47],[355,-32],[628,155],[664,363],[317,85],[266,-135],[294,6],[208,-95],[227,1],[130,-48],[224,68],[599,-40],[279,124],[931,11],[201,50],[232,93],[239,171],[62,122],[201,-156],[-81,-356],[568,-517],[27,-195],[216,-86],[486,-5],[255,-82],[291,-182],[326,-462],[405,-246],[40,-235],[122,-155],[-135,-744],[154,-237],[18,-450],[-375,-297],[90,-284],[-33,-126],[-330,-398],[-52,-285],[-270,-197],[-225,-304],[-143,-57],[-4,-110],[-210,-213],[-62,-225],[-194,-177],[746,-520],[211,-80],[324,-216],[744,-317],[305,169],[292,-127],[470,1],[129,-52],[451,-23],[130,4],[150,92],[231,-21],[196,55],[365,-187],[433,59],[265,115],[229,-56],[103,-73],[461,-21],[458,-136],[276,-21],[243,46],[89,63],[139,-25],[118,41],[336,-87],[202,111],[195,26],[305,-48],[174,54],[553,-66],[610,42],[488,-274],[432,-93],[134,-12],[564,96],[143,66],[443,13],[395,-76],[296,115],[123,180],[541,214],[84,158],[277,202],[338,163],[396,73],[460,364],[262,283],[224,276],[32,184],[108,97],[462,207],[379,258],[285,108],[231,252],[366,118],[174,158],[367,115],[425,49],[146,238],[197,-59],[303,15],[490,130],[559,-234],[244,-232],[205,-32],[457,31],[382,-246],[466,-52],[441,-154],[209,27],[438,-31],[875,195],[369,149],[281,-63],[380,0]],[[236067,592807],[408,-59],[226,-62]],[[236701,592686],[171,-189]],[[236872,592497],[268,-131],[-106,-201],[-172,-159]],[[236862,592006],[-98,34],[-454,-11],[-497,89],[-531,-198],[-254,13],[-105,-215],[-302,-44],[72,-249],[-30,-113],[-370,-188],[-198,-213],[71,-287],[-234,-171],[-97,-296],[20,-93],[322,-305],[71,-190],[17,-460],[182,-347],[-34,-256],[-295,-276],[-138,-355],[-305,-255],[-318,-167],[-630,-41],[-5,-168],[-124,-195],[67,-107],[12,-278],[182,-379],[14,-106],[-134,-66],[88,-373],[-176,-176],[-291,-122],[394,-468],[470,-323],[605,80],[312,-96],[-25,-489],[296,-342],[29,-120],[-129,-106],[-110,-205],[126,-266],[99,-51],[350,46],[332,-696],[350,-30],[622,-233],[117,-230],[318,-267],[112,54],[209,-11],[406,79],[308,-120],[21,-125],[80,-60],[267,6],[100,126],[301,66],[207,187],[145,-29],[522,-552],[595,-25],[360,-284],[50,-207],[266,-57],[305,-136],[53,-88],[-157,-148],[-360,-138],[34,-230],[-122,-274],[-10,-287],[172,-349],[312,-63],[377,-278],[344,-61],[162,-14],[218,65],[407,-10],[138,-58],[369,44],[401,-142],[232,134],[671,-166],[473,-8],[353,-101],[148,-211],[76,-15],[290,285],[338,14],[85,61],[-292,523],[412,261],[-105,189],[-275,179],[-269,361],[11,257],[272,30],[72,-87],[186,-88],[464,-91],[683,-17],[511,161],[3,381],[102,91],[671,166],[271,142],[96,-3],[173,-115],[283,34],[520,500],[294,442],[171,153],[111,23],[228,-41],[430,111],[154,248],[252,160],[233,79],[48,161],[-92,105],[121,135],[-167,381],[-12,195],[369,194],[456,76],[273,364],[358,-109],[615,66],[266,-278],[237,-83],[328,-193],[135,-154],[827,-457],[212,-341],[414,-352],[329,-444],[244,127],[295,36],[474,187],[408,52],[968,540],[108,20],[453,21],[691,-89],[590,-153],[385,76],[109,-24],[450,111],[899,-8],[440,37],[678,229],[911,235],[178,133],[190,61],[561,-443],[310,45],[14,49],[-119,127],[-46,268],[298,190],[29,84],[-79,141],[113,182],[183,25],[398,-185],[349,-84],[588,124],[155,-41],[185,40],[135,208],[231,64],[-590,246],[26,225],[-111,177],[1090,178],[56,111],[349,228],[119,141],[545,148],[18,80],[-241,277],[21,132],[-174,221],[-111,390],[-114,169],[-185,115],[54,43],[581,65],[185,89],[432,26],[185,91],[457,96],[151,91],[733,171],[190,-45],[312,32],[234,44],[188,132],[452,-5],[197,125],[68,196],[-46,401],[114,242],[32,356],[317,485],[-34,445],[67,124],[-99,401],[456,599],[227,128],[602,208],[120,130],[173,72],[1477,238],[435,112],[389,158],[651,115],[195,-41],[858,144],[365,135],[248,234],[464,201],[109,123],[493,308],[362,77],[89,66],[432,67],[735,-59],[217,-58],[106,65],[13,139],[261,240],[89,302],[-294,162],[-232,474],[-582,765],[-172,49],[-490,-67],[-331,67],[-22,234],[-343,305],[-101,208],[35,123],[175,168],[-30,127],[-218,15],[-198,70],[-362,386],[-250,44],[-545,211],[-777,168],[-198,269],[-750,271],[-454,446],[-458,312],[0,280],[331,267],[-248,340],[-146,422],[-300,385],[53,177],[-197,104],[-408,25],[-140,50],[224,542],[-108,282],[224,86],[-74,216],[170,161],[144,338],[-143,372],[-379,235],[-103,178],[-17,295],[-184,154],[-320,118],[-323,50],[-304,-36],[-262,204],[29,238],[161,338],[-79,143],[-217,67],[-101,121],[1,655],[192,312],[47,221],[171,146],[318,147],[76,181],[-423,256],[-273,-12],[-215,69],[-262,190],[-466,-125],[-269,194],[-678,249],[-85,146],[155,405],[-172,601],[160,168],[17,96],[-153,124],[-272,83],[-74,114],[-1,191],[-65,46],[-484,19],[-270,85],[-91,167],[10,412],[74,277],[-112,69],[-427,-42],[-456,232],[-530,90],[-267,93],[-396,226],[-44,330],[71,501],[-241,1036],[-68,89],[42,246],[-86,476],[-761,467],[-95,220],[-20,278],[-666,516],[-24,104],[148,392],[-51,138],[-306,184],[-479,521],[-384,25],[-216,146],[-24,299],[76,382],[-102,206],[-193,107],[-143,193],[-25,172],[-202,118],[-359,-47],[-127,172],[92,254],[-70,103],[-438,37],[-164,88],[-85,349],[217,112],[18,176],[-452,162],[-4,145]],[[263264,620107],[-160,132],[-422,113],[-165,89],[-26,334]],[[262491,620775],[281,-78],[102,14],[133,151],[56,196]],[[263063,621058],[381,49],[24,92],[-429,320]],[[263039,621519],[-394,-63],[-215,62]],[[210740,748254],[-448,-353],[-98,-50]],[[210194,747851],[-98,11],[-1055,463]],[[207482,749291],[-172,107],[-442,209]],[[330436,356737],[-49,-85],[-241,-71],[-377,96],[-54,-115],[-323,18],[-114,-72],[-96,0],[-114,-184],[-445,55],[-42,-104],[-136,-11],[-251,66],[-160,-62],[-373,72],[-180,-57],[28,-84],[-80,-35],[-216,49],[-178,-17],[-169,133]],[[326866,356329],[-150,-57],[-94,-99],[75,10],[61,-60],[-82,-87],[82,-38],[129,-257],[-22,-56],[-64,9],[-95,-84],[55,-32],[-26,-37],[323,-31],[19,-60],[-80,-27],[14,-39],[-103,-4],[28,-64],[128,9],[91,-71],[338,64],[78,-56],[110,48],[193,-112],[370,-382],[-78,-47],[93,19],[357,-416],[388,-564],[413,-948],[420,-587],[104,-232],[-28,-48],[64,-33],[-141,-92],[71,-36],[-40,-85],[149,-88],[-18,-74],[247,-471],[-46,-47],[57,4],[56,-123],[141,-507],[-88,-47],[51,0],[121,-257],[255,-890],[-301,-67],[303,62],[27,-109],[-317,-81],[318,68],[102,-622],[-6,-665],[-36,-152],[-67,4],[66,-6],[-94,-231],[-137,-152],[-4,-440],[-8,-52],[-73,4],[73,-9],[-114,-446],[-194,-409],[-210,-249],[-168,-579],[-221,8],[66,-380],[-613,-453],[529,408],[110,31],[-289,-184],[-38,-177],[41,176],[196,149],[88,33],[-106,-150],[111,147],[46,-59],[297,104],[148,-41],[-119,-48],[123,41],[23,-32],[-225,-88],[228,82],[24,-29],[-153,-66],[279,91],[-136,-61],[32,-52],[-202,-69],[125,31],[-13,-240],[39,30],[-103,-56],[-238,202],[-100,-57],[184,-149],[-135,-31],[132,-6],[-6,-44],[-132,6],[-3,-43],[130,-8],[-4,-43],[-133,6],[-5,-43],[135,-7],[-5,-47],[-136,-5],[133,-22],[-214,-188],[-362,205],[-75,-42],[-183,172],[181,-179],[-59,-64],[356,-198],[24,-63],[-126,-21],[32,-27],[-57,-51],[5,85],[-77,-140],[-332,-177],[-59,38],[53,-40],[-189,-98],[-27,23],[23,-25],[-156,-79],[-37,20],[-50,-48],[-13,39],[7,-42],[-327,-90],[-62,-2],[-44,84],[45,-112],[-166,-43],[8,133],[112,79],[-119,-71],[-34,-124],[-166,-57],[83,-127],[276,21],[24,-41],[59,22],[167,-47],[319,58],[183,103],[-85,63],[137,210],[213,6],[43,-24],[-43,-52],[121,-5],[-68,36],[151,59],[110,-53],[-54,-42],[91,-8],[-25,60],[106,23],[92,-36],[-54,-59],[56,-6],[18,82],[69,14],[1177,-194],[1520,-462]],[[332654,342469],[306,325],[123,-36],[99,157],[62,229],[-50,213],[1384,95],[-85,39],[31,77],[-50,39],[61,380],[752,92],[14,187],[-289,-18],[-13,109],[-75,-4],[-24,475],[-825,-115],[-2,120],[-131,-18],[9,130],[-98,29],[431,574],[-48,28],[101,153],[223,219],[-155,223],[-121,-4],[-71,127],[-145,-26],[-63,102],[16,124],[-56,-16],[-67,71],[-151,-57],[-40,73],[-150,5],[-260,373],[-106,-145],[-193,51],[-246,279],[-213,-154],[-402,118],[-34,173],[456,530],[13,143],[223,175],[-491,300],[-145,-4],[63,217],[-100,163],[67,81],[-104,123],[50,181],[-180,129],[-36,243],[-211,165],[-151,28],[-65,62],[-115,154],[-72,238],[297,-80],[113,-170],[219,-133],[746,-89],[472,-120],[784,-41],[-89,53],[95,179],[-197,75],[-32,160],[-119,119],[-212,56],[-138,120],[73,55],[47,376],[412,192],[45,267],[-76,161],[184,91],[49,159],[135,121],[79,320]],[[334192,352064],[215,253],[-165,165]],[[334242,352482],[44,77],[-192,186],[85,188],[-21,263],[-136,219]],[[334022,353415],[-94,318],[-124,128]],[[333804,353861],[-148,61],[-390,0]],[[333266,353922],[-194,101],[-87,94],[141,174]],[[333126,354291],[6,122],[-107,141],[45,96],[-218,151],[-150,2],[-37,155],[-99,28],[-105,-52],[-179,145],[70,77],[97,-55],[89,34],[-30,251],[-137,69],[46,33],[-110,92],[88,252],[-207,128],[78,68],[-710,504],[-113,192],[-121,-46],[-260,79],[-77,-76],[-58,59]],[[330927,356740],[-115,-4],[-16,3],[-360,-2]],[[659154,387664],[-112,66],[-99,1438],[202,213],[205,71],[282,29],[45,71],[-135,82],[-442,77],[-282,115],[-201,-38],[-552,-280],[-1269,-341],[-1028,-382],[-225,-153],[-27,-364],[-253,-538],[59,-142],[-188,-216],[29,-105],[-170,-273],[-1063,-390],[-181,-234],[-739,-95],[-1132,-384],[-214,-12],[-146,54],[-760,488],[-229,75],[-1116,-181],[-629,-333],[-585,-141],[-974,-359],[-603,-113],[-2132,164],[-766,-131],[-98,152],[-128,59],[-717,56],[-82,97]],[[642699,385766],[-100,29],[-300,8],[-164,-78],[-229,-256]],[[641906,385469],[-180,-58],[-354,12],[-402,161],[-212,-12],[-110,-44],[-76,-103],[-135,-29],[-247,-309],[-1889,-23],[-283,-158],[-351,-313],[-384,-149],[-470,-92],[-484,23],[-712,154],[-344,-87],[-299,25],[-280,-95],[-448,-31],[-195,37],[-240,155],[-223,47],[-882,-58],[-683,113],[-536,-100],[-777,11],[-658,-110],[-353,-134]],[[629699,384302],[-199,-260],[58,-358]],[[629558,383684],[-293,-413],[-308,-238],[-334,-178],[-375,-4]],[[628248,382851],[-117,-202],[-575,-143],[-420,-240],[-289,-689],[-310,-432],[-244,-146],[-547,-189],[-423,85],[-253,-264],[-158,-90],[29,-73],[-163,-126],[-148,16]],[[624630,380358],[-275,-84],[-460,179]],[[623895,380453],[-418,-334],[-23,-217],[-376,-322],[-410,-140],[-123,-134],[-508,-258],[-217,-290],[69,-159],[-54,-149],[-563,-260],[-116,-269],[67,-154],[-124,-90],[-124,-401],[-179,-50],[-330,74]],[[620466,377300],[-357,-135],[-167,-161],[-15,-159]],[[619927,376845],[-118,-30],[-179,-247],[-218,-178],[27,-101]],[[619439,376289],[134,-107],[-324,-272],[-85,-231]],[[619164,375679],[422,-426],[420,-169],[678,-801],[304,-212],[220,-247],[109,-884],[213,-569],[-53,-61],[-267,-123],[-899,-37],[-266,-94],[-602,-72],[-299,26],[-235,69],[-180,134],[-150,-4],[-213,-161],[-257,-378],[104,-278],[-28,-105],[-805,-621],[-313,-123],[-629,-154],[-1370,-563],[-1531,-453],[-679,-284],[-1766,-1285],[-124,-285],[-592,-787],[-256,-280],[-421,-259],[-373,-398],[-304,-426],[-326,-791]],[[608696,364578],[26,-279],[274,-298]],[[608996,364001],[377,-171],[141,-113],[125,-290],[240,-285],[1122,-976],[687,-837],[201,-463],[156,-746],[-45,-361],[-353,-246],[-388,-108],[61,-220],[-172,-855],[0,-1701],[301,-888],[250,-208],[448,-265],[1058,-394],[763,3],[1185,-283],[1533,-269]],[[616686,354325],[361,-156],[1264,-705]],[[618311,353464],[80,-252],[298,-307],[37,-267],[393,-330],[313,-446],[947,-807],[65,-126],[-18,-191],[84,-94],[611,-264],[316,35],[233,-26]],[[621670,350389],[412,-264],[126,-266],[-320,-920]],[[621888,348939],[108,-207],[286,-322],[631,-444],[165,-177],[-98,-145],[-383,-72],[-96,-121],[-15,-106]],[[622486,347345],[121,-307],[163,-138]],[[622770,346900],[471,-138],[212,-123],[64,-458],[133,-167],[111,-46],[262,21],[786,468],[225,54],[-10,-237],[210,-109],[90,-217],[296,-280],[-40,-182],[43,-249],[-113,-681],[32,-243],[-280,-594],[-375,-117],[-110,-145],[9,-152],[60,-97],[580,-408],[596,-36],[123,-87],[-82,-133],[-645,-570],[-45,-123],[959,-549],[386,-133],[225,-42],[258,20],[1096,-434],[218,-1],[260,93],[139,-59]],[[628914,340746],[68,-62],[-8,-112],[-499,-635]],[[628475,339937],[60,-327],[-75,-223]],[[628460,339387],[-233,-90],[-1334,-163],[-300,95],[-262,-49],[-641,15],[-509,-150],[-895,-72],[-207,-94],[-14,-145],[-901,-257],[-307,-5],[-403,67]],[[622454,338539],[-119,-28],[-516,-453]],[[621819,338058],[-94,-254],[-267,-287],[-505,-848]],[[620953,336669],[-12,-258],[-256,-227]],[[620685,336184],[-44,-377],[-236,-308],[-59,-416],[-388,-284],[-17,-924],[-872,-300],[-636,-271],[-273,-169],[-425,-105],[-692,-50],[-388,154],[-417,74],[-386,-48],[-473,-153],[-562,-366],[-794,-97],[-255,19],[-185,-150],[-321,-111],[-134,-142],[-23,-247],[-191,-113],[-637,-91],[-411,22],[-166,-37],[-207,-546],[-53,-351],[-104,-218],[-225,-198],[-88,-344],[-149,-285],[-22,-658],[-85,-101],[-14,-160],[-339,-140],[-98,-62],[-14,-72],[112,-227],[215,-119],[86,-153],[-73,-137],[102,-152],[-44,-319],[-196,-368],[270,-269],[-347,-588]],[[610427,326227],[-681,-489]],[[609746,325738],[-255,19],[-149,-74],[-190,326],[-98,58],[-642,202],[-681,49],[-293,86],[-242,-118],[-174,-172],[-227,13],[-201,258],[-392,74],[-161,251],[-390,237],[-23,149],[-505,82],[-26,205],[162,225],[-92,88],[-4,169],[-283,559],[-29,174],[97,261],[-398,416],[-225,35],[-307,221],[-270,83],[-218,254],[-159,23],[-138,86],[-49,185],[-536,299],[-192,529],[-663,672],[-39,223],[-326,212],[-355,102],[-513,39],[-172,118],[-331,58],[-437,-72],[-190,-83],[-249,30],[-309,-46],[-375,270],[-169,34],[-579,295],[-835,158],[-920,-421],[-439,-117],[-1313,27],[-162,97],[-358,62],[-214,151],[-1232,573],[-358,104]],[[591918,333476],[-1034,92],[-901,-51],[-1061,3]],[[588922,333520],[-691,-109],[-503,-188],[-405,-732],[-594,-73],[-458,-172],[-247,-15],[-1983,-884],[-300,-88],[-353,-21],[-1523,218],[-311,-111],[-208,-185],[-451,-249],[-300,-120],[-285,-53]],[[580310,330738],[-140,-623]],[[589725,318250],[-175,-268],[-21,-108]],[[589529,317874],[73,-123],[99,-120]],[[593822,314100],[-27,-722],[97,-175],[317,-190]],[[596693,311434],[629,-198],[400,-57],[639,54]],[[617590,296000],[295,-163],[-12,-274]],[[618404,289179],[-62,-635],[79,-43]],[[618421,288501],[195,-1],[273,84]],[[621444,287898],[123,-41],[25,-109],[-70,-123]],[[629652,276309],[447,-11],[-80,-151]],[[629541,275694],[405,-191],[115,-296],[66,-36]],[[630127,275171],[132,18],[410,169]],[[630669,275358],[333,-8],[448,-384]],[[631796,274587],[339,-18],[207,-90],[123,-116],[36,-220]],[[632501,274143],[-135,-350],[92,-83]],[[633168,273298],[-184,-143],[28,-74],[123,-96]],[[639047,269771],[541,-281],[415,-140],[291,-31]],[[642082,269514],[166,-47],[60,-148]],[[642766,267897],[343,-333],[506,-67],[176,8]],[[643791,267505],[386,244],[389,571]],[[645285,269153],[355,163],[175,-30],[101,-66],[206,-384]],[[655418,268969],[397,-65],[208,164],[305,3],[225,88],[205,408],[198,184],[548,87]],[[663629,271144],[435,59],[52,-212]],[[664116,270991],[129,-69],[518,125],[490,-82],[150,-110],[68,-250]],[[665471,270605],[307,-214],[24,-180],[-108,-287],[190,-350],[270,-141]],[[672597,269113],[323,59],[313,-171],[114,-151],[-8,-472],[-368,-652],[111,-234],[277,-218]],[[685191,263213],[89,-403],[66,-73]],[[685346,262737],[309,-139],[270,54]],[[691301,261900],[34,124],[145,68]],[[692067,261934],[331,1],[655,-227],[92,-292]],[[725222,249442],[356,-281],[77,-100]],[[725655,249061],[-48,-234],[241,-262]],[[705220,211516],[-332,-233],[-488,-127]],[[702176,211437],[-1028,-149],[-77,-78],[77,-310]],[[698792,209348],[-781,-340],[-211,-198]],[[697432,208688],[-319,-228],[-193,-259]],[[696876,207753],[-189,-115],[-463,-168],[0,-50],[185,-247]],[[699077,201994],[-397,-516]],[[698680,201478],[91,-107]],[[698771,201371],[258,-53],[332,-207]],[[698718,199288],[-17,-200],[-1210,-438],[-127,-561]],[[697482,197151],[42,-102],[129,-167]],[[702913,193326],[-63,-414],[91,-201],[890,-281]],[[709366,192304],[748,-197],[667,-60],[296,34],[709,322]],[[731230,189277],[392,67],[315,-48]],[[732110,189141],[93,-7],[315,410]],[[732841,193206],[-139,130],[123,312]],[[732825,193648],[273,76],[64,63],[15,508],[-75,163],[-276,99]],[[732830,195416],[157,185],[-32,168],[-97,110]],[[732710,199798],[-5,222],[125,58]],[[734650,201642],[31,452],[217,249],[110,44],[72,104],[111,27]],[[736212,202698],[473,322],[167,11],[481,-270],[98,-300]],[[748625,178996],[83,-95],[391,-122]],[[788928,176955],[173,-303],[233,-139],[278,-64],[465,-15],[248,68]],[[796513,179423],[404,-234],[216,118]],[[797525,179887],[226,410],[683,-72],[30,-32],[-142,-136]],[[798436,179135],[836,-1000],[104,-73]],[[799872,178123],[465,30],[250,-206]],[[803134,176476],[239,-24],[114,-103],[-44,-405]],[[807338,158004],[485,-43],[495,67]],[[810604,159696],[706,459],[343,447],[11,191],[193,402]],[[811857,161195],[58,389],[847,791],[458,230],[55,404],[461,1049],[84,158],[485,465],[1657,1013],[254,-45],[343,-159],[1043,106],[199,-26],[80,-56],[137,51]],[[818018,165565],[288,237],[347,441],[77,457],[-135,405],[-274,234],[-544,346]],[[817777,167685],[-353,82],[-616,250],[-225,402],[38,318],[-491,269],[-181,382],[8,100],[122,143],[153,83],[332,37],[148,301],[184,144],[269,90],[274,366],[9,194],[95,185],[198,111],[5,70],[-338,257],[-19,453],[-60,69],[-321,141],[-83,122],[31,253],[-57,310],[134,302],[-370,277],[15,857],[-311,249],[-160,324],[0,128],[113,84],[240,50],[70,131],[-64,413],[32,429],[-162,148],[50,173],[-51,169],[38,355],[-156,301],[-331,143],[-435,319],[-241,76],[-60,65],[95,376],[-129,396],[172,566],[-13,135],[-164,184],[-141,292],[-10,260],[269,656],[-19,357],[-268,381],[58,427],[-42,234],[-316,338],[-264,502],[-22,147],[95,339],[-78,307],[73,118],[-14,156],[-105,142],[42,400],[233,260],[381,186],[-115,195],[85,339],[939,430],[-62,226],[-133,122],[38,145],[-243,271],[-60,284],[171,326],[160,167],[6,129],[-151,200],[-27,149],[-272,176],[-148,182],[22,113],[-99,77],[36,138],[-124,143],[-50,448],[140,203],[-47,167],[226,83],[-38,568],[132,313],[-116,191],[-41,246],[-214,201],[-41,308],[66,81],[333,69],[-213,189],[-85,163],[-37,185],[87,80],[207,75],[493,56],[516,129],[74,54],[-62,194],[149,184],[-5,124],[-159,214],[156,175],[-5,75],[-65,183],[-183,217],[20,356],[-271,360],[51,156],[169,203],[34,351],[315,103],[114,336],[-511,519],[-477,147],[-192,140],[-546,107],[-279,202],[-238,-7],[-114,48],[-304,24],[-116,124],[-224,77],[-143,-28],[-397,-294],[-194,-463],[-423,-328],[-367,52],[-152,137],[-24,172],[-83,74],[-513,-75],[-500,4],[-176,-81],[-195,31],[-337,211],[-385,535],[-65,226],[-130,116],[-221,157],[-510,209],[-643,489],[-570,304],[115,955],[-333,323],[-408,248],[-322,-23],[-117,64],[-143,380],[-417,218],[-91,182],[-231,246],[-74,442],[-234,527],[64,86],[380,158],[200,480],[64,41],[697,72],[298,-31],[451,116],[639,66],[158,-2],[222,-91],[313,6],[358,295],[967,417],[406,229],[141,223],[585,478],[924,444],[485,73],[448,-74],[458,-225],[265,-8],[-178,325],[-221,180],[-420,161],[96,177],[356,225],[834,282],[362,28],[472,-68],[108,-193],[116,-85],[474,-87],[361,-145],[192,-7],[186,146],[163,354],[4,183],[95,30],[236,-22],[230,111],[-560,756],[-449,260],[-210,66],[-94,187],[21,87],[254,75],[34,164],[-229,168],[-118,223],[-394,310],[-670,1125],[-207,166],[196,76],[698,87],[113,51],[0,163],[-203,344],[-3,124],[257,234],[111,268],[157,146],[-44,168],[-122,156],[-29,217],[-106,132],[-165,96],[80,178],[-42,144],[472,331],[648,118],[370,-7],[531,147],[-20,83],[-255,151],[-41,275],[-353,250],[-247,89],[161,366],[-11,104],[-150,130],[-348,54],[-254,185],[-128,206],[-205,172],[31,146],[369,262],[162,260],[-151,159],[62,168],[-31,112],[-365,172],[-94,193],[65,34],[565,-6],[98,104],[233,-59],[266,8],[521,668],[141,267],[495,175],[591,293],[429,36],[759,498],[275,106],[265,44],[602,-254],[296,46],[225,131],[42,214],[302,196],[-64,110],[-342,239],[-72,181],[-44,521],[61,173],[-32,307],[48,143],[424,264],[469,112],[735,533],[89,145],[0,556],[56,61],[144,55],[730,70],[-215,209],[162,278],[-34,176],[-140,108],[49,155],[-582,343],[-185,258],[-84,251],[-442,119],[-98,148],[35,201],[200,237],[-54,264],[231,601],[216,129],[193,-2],[200,79],[372,358],[-67,330],[-405,181],[-100,131],[-17,108],[236,696],[361,222],[177,-81],[447,-87],[245,116],[291,-20],[223,251],[144,273],[276,72],[377,-33],[194,154],[171,264],[278,147],[148,40],[267,-8],[622,310],[618,85],[326,-3],[-42,400],[614,383],[477,192],[135,162],[92,199],[-107,834],[56,116],[682,528],[293,168],[253,304],[18,117],[-478,366],[-922,165],[-816,83],[-194,-47],[-157,-160],[-561,-271],[-160,355],[70,252],[-83,202],[-74,47],[-750,135],[-479,144],[-106,75],[-265,724],[-344,239],[-248,311],[-113,252],[48,165],[265,165],[341,400],[330,87],[386,10],[220,66],[103,93],[-8,49],[-293,180],[-491,91],[-125,99],[-51,126],[187,447],[214,180],[287,578],[-225,338],[38,349],[480,389],[565,1001],[117,107],[334,112],[234,156],[350,99],[240,282],[460,308],[108,346],[-81,393],[-275,216],[-338,137],[-680,50],[-298,143],[46,228],[367,702],[-176,72],[-169,305],[-142,397],[42,270],[-91,112],[-499,222],[-496,37],[-720,-77],[-327,263],[-234,296],[-191,63],[-566,32],[-336,141],[-481,336],[-2,71],[223,194]],[[824379,246989],[2,292],[-124,175],[-6,113],[130,142],[253,116]],[[824634,247827],[51,156],[740,341]],[[825425,248324],[131,144],[79,33],[406,-13],[271,105],[188,-107],[74,-115],[26,-552],[94,-137],[159,-92],[321,-61],[200,-113],[158,6],[275,-234],[375,-91],[144,-89],[145,21],[212,135],[386,82],[84,150],[279,11],[352,-89],[275,28],[159,70],[376,-136],[231,16],[176,235],[119,58],[214,14],[237,-50],[364,44],[326,97],[377,-27],[158,65],[316,0],[244,-67],[274,18],[186,-69],[163,36],[381,-33],[716,-198],[506,-220],[331,37],[245,-84],[58,-91],[294,-116],[382,-85],[118,-124],[415,-226],[148,-230],[157,-119],[-22,290],[72,532],[410,449],[79,497],[276,415],[-117,197],[-382,382],[-44,256],[-135,244],[-379,372],[-127,207],[-438,39],[-211,79],[39,84],[237,155],[-8,75],[-89,103],[-196,85],[47,222],[-172,121],[-199,439],[-366,313],[-291,130],[-50,203],[224,392],[-109,404],[30,253],[-184,199],[357,315],[265,123],[324,69],[209,164],[-3,231],[60,120],[-34,586],[370,131],[158,185],[-60,209]],[[837271,255431],[48,305],[-77,281],[416,107],[249,14]],[[837907,256138],[213,110],[373,-73],[213,224],[385,142],[191,26],[389,-111],[286,-191],[230,-17],[583,-199],[619,82],[252,215],[450,38],[24,181],[414,131],[73,331],[306,191],[485,164],[-26,149],[65,118],[292,158],[452,116],[175,104],[292,260],[-9,192],[325,404],[108,61],[434,6],[235,232],[551,307],[271,22],[379,-44],[306,49],[217,118],[127,283],[177,94],[132,141],[194,60],[274,-34],[216,24],[158,-65],[732,33],[159,179],[323,138],[315,216],[289,-75],[235,32],[150,172],[-75,403],[41,400],[-70,151],[-229,210],[-51,182],[54,240],[270,297],[49,154],[236,324],[382,326],[1117,618],[1902,685],[457,19],[93,38],[317,517],[172,178],[615,524],[450,207],[42,164],[185,277],[757,526],[30,271],[286,200],[23,91],[-66,44],[-335,64],[-888,69],[-222,57],[-28,112],[384,272],[365,499],[250,129],[164,389],[474,243],[10,533],[179,237],[477,129],[7,112],[-383,452],[108,134],[-75,253],[-424,517],[98,183],[136,42],[394,-9],[817,135],[219,242],[177,-10],[214,-96],[512,57],[260,-211],[501,-172],[542,-287],[300,-44],[6,472],[190,255],[62,289],[184,137],[68,119],[24,195],[-98,306],[-565,234],[-108,299],[44,157],[501,539],[218,137],[701,175],[950,-129],[151,109],[42,182],[111,50],[732,-97],[691,-153],[208,-94],[121,34],[57,125],[-153,332],[157,251],[-124,251],[-130,86],[-341,34],[-167,59],[-270,304],[-703,254],[-297,288],[-753,241],[-489,14],[-548,75],[-617,-13],[-316,66],[-169,110],[-34,237],[-662,129],[-323,115]],[[860512,278083],[-181,170],[53,302]],[[860384,278555],[451,400],[397,78],[384,178],[288,6],[176,167]],[[862080,279384],[628,67],[197,120],[132,169]],[[863037,279740],[36,168],[-214,170],[-33,162],[84,204],[437,579]],[[863347,281023],[-68,311],[-407,573]],[[862872,281907],[-393,300],[-234,21],[-206,79],[-300,-130],[-374,47],[-213,279],[-113,48],[-317,7],[-216,67],[-303,-53],[-440,147],[-477,12],[-199,81],[-634,87],[-273,180],[-1127,404],[-522,30],[-671,-56],[-1615,213],[-272,-147],[-202,-29],[-550,140],[-720,86],[-133,79],[-332,74],[-943,-113],[-759,79],[-127,393],[-278,155],[-272,352],[-532,259],[-516,127],[-244,366],[-285,293],[-439,249],[-120,421],[-79,62],[-240,94],[-818,179],[-140,-72],[-404,-69],[-269,110],[-464,42],[-728,317],[-230,45],[-683,83],[-410,2],[-663,-168],[-299,31],[-509,270],[-733,-128],[-211,-83],[-122,-61],[-63,-180],[-355,13],[-300,-69],[-79,-428],[-100,-72],[-375,94],[-467,-44],[-487,83],[-160,-11],[-323,-147],[-148,-121],[-127,-3],[-890,202],[-1820,127],[-372,-108],[-262,-6]],[[834191,286438],[-197,-94],[-268,-44],[-707,126]],[[833019,286426],[-194,123]],[[832825,286549],[-319,47],[-329,181]],[[832177,286777],[-960,372]],[[831217,287149],[-605,120],[-275,340],[-683,321]],[[829654,287930],[-167,334],[-290,125]],[[829197,288389],[-286,-9]],[[828911,288380],[-676,165]],[[828235,288545],[-587,-57],[-471,54],[-483,-242],[-137,-324],[-127,-92],[-843,-67],[-520,105],[-427,196],[-223,20],[-334,206],[-490,59],[-297,-49],[-561,44],[-63,-82],[115,-242],[-19,-316],[171,-141],[0,-165],[164,-82],[-30,-155],[148,-280],[459,-376],[-210,27],[-594,-65],[-843,-195],[-438,-10],[-264,-106],[-342,-59],[-130,-262],[56,-373],[-226,-108],[-192,-237],[-743,-97],[-267,-120],[-145,-149],[351,-385],[15,-85],[-74,-330],[-285,-348],[-674,-147],[-523,-233],[-173,-161],[-312,-179],[-252,18],[-239,89],[-378,-30],[-214,-77],[-54,-211],[-466,-491],[-82,-185],[-198,-137],[-164,-463],[-375,-290],[287,-726],[-22,-329],[-126,-78],[-180,11],[-504,-358],[-532,-89],[-265,-423]],[[813903,279168],[-9,-88],[183,-292]],[[814077,278788],[82,-501],[-133,-318],[-185,-235],[-160,-121]],[[813681,277613],[-341,-101],[-398,-5]],[[812942,277507],[-355,-85],[-326,-20],[-334,30],[-369,95],[-529,327],[-471,170],[-456,120],[-377,41],[-1476,659],[-310,-35],[-351,280],[-626,114],[-655,-9],[-240,76],[-610,75],[-294,106],[-444,364],[-308,374],[-262,492],[8,382],[-116,124],[-27,145],[-219,179],[-85,761],[-150,205],[165,458],[-15,165],[-168,196],[-43,400],[-211,263],[-57,190],[57,258],[174,196],[-32,106],[-174,356],[-392,360],[-558,63],[-234,139],[-103,271],[-181,170],[-37,168],[49,207],[-181,182],[-99,440],[44,228],[493,774],[44,212],[-60,295],[-466,331],[-401,176],[-97,119],[221,628],[-79,204],[14,160],[147,204],[134,398],[160,180],[-23,264],[-109,148],[-5,218],[-491,187],[-151,186],[-170,23],[-89,294],[56,167],[350,263],[95,389],[89,74],[328,19],[249,137],[441,25],[-159,267],[-82,383],[-116,50],[-634,49],[-382,-327],[-200,148],[-592,-28],[-313,138],[-436,363],[-463,3],[-118,-76],[-178,-36],[-407,144],[-622,-43],[-183,112],[-186,-210],[-138,75],[-79,-25],[-101,-216],[65,-105],[-114,-66],[-96,33],[-106,-40],[61,-226],[-89,-29],[-206,86],[6,64],[-271,-36],[-152,-84],[-136,85],[-178,-14],[-206,184],[-205,0],[-46,111],[-283,68],[-421,-62],[-245,150],[-307,-40],[-174,90],[-91,-62],[-128,64],[-125,-58],[-83,97],[40,271],[-60,88],[-171,-71],[-75,91],[-275,6],[13,132],[-726,127],[-26,147],[-189,-56],[-148,158],[-100,-5],[-103,-108],[-74,0],[-144,208],[-219,42],[-49,319],[-73,90],[-422,-3],[-182,241],[-227,-101],[-157,20],[-79,94],[-5,288],[-86,26],[-208,-50],[-42,211],[-476,150],[-695,852],[-373,214],[-129,178],[-497,137],[-288,275],[-204,81],[-89,138],[-208,43],[-111,133],[-74,-96],[42,-308],[-185,-213],[-1051,-464],[-464,92],[-508,511],[-747,376],[-226,-22],[-241,-237],[-394,-119],[-277,-170],[-402,-77],[-208,195],[84,432],[-118,28],[-378,-118],[-234,124],[6,116],[273,285],[-26,75],[-119,24],[-72,-120],[-115,-58],[-161,-1],[-209,89],[-265,-112],[-116,13],[-119,100],[104,117],[-299,256],[-319,32],[-273,201],[-71,276],[248,132],[325,78],[-82,327],[-91,133],[-30,289],[-171,52],[-211,-120],[-169,-28],[-235,31],[-82,87],[123,100],[36,158],[280,64],[200,116],[117,128],[1,150],[-233,109],[-663,-38],[-125,40],[-70,117],[37,248],[-247,131],[1,190],[-149,159],[-1125,625],[-408,335],[-140,251],[-150,98],[-194,106],[-277,29],[-136,70],[-214,233],[-3,425],[-270,329],[-65,423],[-117,112],[-319,115],[-391,416],[-210,64],[-610,-217],[-507,168],[-275,302],[-739,58],[-298,115],[-68,93],[45,163],[-397,226],[-65,104],[173,213],[138,368],[-308,291],[-325,33],[-160,-151],[-98,-1],[-153,56],[-92,160],[-201,82],[-917,110],[-1169,53],[-288,49],[-76,55],[-276,27],[-359,-82],[-545,-19],[-449,-177],[-715,-73],[-126,-78],[-394,29],[-89,-149],[-373,36],[-263,-200],[-26,-120],[-256,18],[-138,-183],[-515,-180],[-180,-218],[-325,-180],[-304,-58],[-504,2],[-331,-107],[-622,-46],[-402,-186],[-553,-144],[-31,-99],[184,-223],[26,-115],[-162,-380],[-136,-98],[-6,-118],[-153,-101],[16,-132],[-185,-131],[-418,-126],[-170,-341],[-162,-77],[-209,-198],[-255,-64],[-102,-159],[-353,-99],[-94,-148],[-289,12],[-246,-41],[-515,-266],[-402,-46],[-487,-183],[-169,74],[-318,10],[-511,366],[13,286],[-142,378],[-122,84],[-21,249],[-79,120],[-177,11],[-104,77],[-519,-94],[-159,74],[-668,73],[-427,-93],[-695,56],[-70,219],[-152,135],[-138,297],[-258,127],[-222,317],[-164,90],[-755,188],[-135,-18],[-130,-97],[-483,-11],[-462,187],[-187,20],[-260,-42],[-512,36],[-271,153],[-416,79],[-905,-50],[-958,288],[-356,-12],[-407,-122],[-714,-26],[-280,148],[-241,199],[-659,208],[-229,166],[54,228],[-98,211],[182,481],[-104,240],[-269,42],[-418,-74],[-164,18],[-1192,268],[-331,153],[-299,38],[-198,-12],[-283,-161],[-563,19],[-218,92],[-270,237],[-593,231]],[[737587,309496],[41,240],[77,83],[322,148]],[[738027,309967],[157,149],[135,314],[-61,223],[719,206],[382,214],[-89,120],[4,210],[-120,159]],[[739154,311562],[127,328],[-266,105],[-79,117],[-281,189]],[[738655,312301],[-120,631]],[[738535,312932],[100,74],[48,143],[-135,198]],[[738548,313347],[-233,104],[-205,-58],[-402,71],[-233,-24],[-331,161],[56,737],[145,271],[-39,232],[81,181],[-21,90],[-434,215],[-321,-78],[-116,24],[-639,433],[-592,502],[4,515],[-148,212],[-253,63],[-1243,1069],[-316,103],[-333,-72],[-131,22],[-310,169],[-564,75],[-162,124],[-9,377],[-216,151],[-208,57],[-627,68],[-461,-261],[-119,23],[-219,181],[-66,223],[-156,106],[-58,169],[165,144],[256,123],[218,267],[50,458],[198,166],[-23,192],[211,115],[53,86],[101,386],[-109,354],[177,188],[239,139],[-173,298],[16,261],[73,114],[405,183],[436,31],[110,538],[77,87],[261,43],[558,-30],[537,155],[184,112],[445,157],[386,-10],[194,239],[280,64],[62,214],[125,112],[375,107],[309,-41],[623,190],[850,43],[403,-69],[50,37],[6,299],[297,185],[84,287],[468,100],[147,323],[27,298],[-403,293],[-197,389],[150,242],[118,376],[185,149],[79,220],[153,148],[647,47],[262,143],[255,17],[112,99],[-14,129],[-191,95],[-259,276],[-321,125],[-250,57],[-358,-96],[-762,71],[-347,98],[-503,264],[-559,432],[-1517,328],[-126,89],[-281,63],[-219,184],[-400,122],[-458,239],[-120,105],[18,303],[-212,383],[-23,354],[-801,622],[-143,41],[-373,0],[-327,-140],[-189,-32],[-797,319],[-691,446],[-650,-156],[-285,-3],[-424,335],[-304,111],[-244,26],[-311,-75],[-173,6],[263,589],[147,111],[-78,485],[87,258],[369,577],[244,262],[25,142],[19,186],[-328,538],[8,126],[-330,392],[-18,123],[142,302],[283,348],[195,131],[396,678],[-402,569],[-65,278],[-88,1157],[-101,200],[172,572],[-60,364],[-567,107],[-797,237],[-496,28],[-1064,386],[-448,76],[-213,-24],[-425,37],[-620,155],[-532,65],[-378,176],[-714,143],[-721,-57],[-254,14],[-294,95],[-897,-102],[-368,37],[-275,-45],[-585,0],[-404,42],[-675,-91],[-196,37],[-339,183],[-136,27],[-546,-74],[-440,84],[-1381,147],[-164,137],[-116,245],[275,650],[-10,109],[-139,193],[102,388],[355,583],[468,352],[-356,54],[-245,129],[-1165,359],[-70,135],[82,270],[-112,278],[35,208],[-304,227],[-2021,48],[-753,187],[-609,39],[-659,122],[-239,126],[-31,226],[258,472],[-64,219],[127,635],[-114,717],[-681,466],[-33,346],[210,335],[-226,652],[102,272],[323,383],[14,457],[58,93],[76,65],[361,73],[67,49],[236,529],[-113,50],[-433,32],[-420,94],[-697,278],[-535,69],[-440,281],[-28,192],[-253,119],[-478,56],[-1251,387],[-182,516],[229,195],[-129,274],[63,159],[272,261],[616,142],[411,248],[320,397],[-23,134],[-468,410],[-433,139],[-45,235],[-227,214],[49,271],[-496,44],[-485,333],[-1238,480]],[[703306,360680],[-733,387],[-89,97],[0,106]],[[702484,361270],[-119,112],[38,332],[-193,315],[-135,675],[43,207]],[[702118,362911],[313,152],[576,118]],[[703007,363181],[164,74],[377,320],[156,296],[128,551],[93,148],[277,128],[370,69],[121,64],[619,522],[21,64],[-164,218],[-61,252],[728,76]],[[705836,365963],[228,115],[307,281]],[[706371,366359],[0,310],[-107,174]],[[706264,366843],[367,130],[107,28]],[[706738,367001],[233,-80],[315,-39],[279,-119],[278,-21],[237,348],[132,374],[229,215],[204,65],[179,126],[612,146],[526,182],[258,269],[181,39],[330,271],[231,68],[73,218],[136,172],[151,72],[287,28],[-93,401],[62,135],[160,131],[3,159],[-506,382],[-31,213],[287,570],[99,570],[359,548],[-115,271],[-20,685],[119,180],[454,311],[-110,140],[-375,242],[198,188],[452,192],[118,229],[306,89],[74,81],[171,885],[-386,858],[78,268],[133,106],[-274,116],[47,474],[333,176],[73,317],[124,94],[349,82],[225,467],[610,671],[326,203],[376,117],[364,45],[484,233],[259,231],[312,796],[369,1385]],[[717023,382576],[-144,23],[-389,-83],[-142,72]],[[716348,382588],[-189,233],[117,387]],[[716276,383208],[-352,186],[-326,4]],[[715598,383398],[-20,-121],[-112,-64],[9,-70],[-189,20],[0,-156],[-280,59],[-157,-66],[-118,20],[-27,-66],[-127,0],[-68,-95],[-70,40],[-120,-11],[11,81],[-349,-19],[-177,-76],[-2,142],[-202,40],[165,126],[-89,86],[4,70],[-104,35],[226,264],[-33,107],[-175,16],[-104,151],[57,146],[-34,58],[-217,-18],[-11,179],[-289,-69],[4,-37],[78,4],[-11,-62],[-107,-13],[-76,45],[-209,-42],[-154,200],[-139,-5],[-237,87],[0,146],[-211,-29]],[[711934,384501],[-151,135],[-181,14],[-83,-99]],[[711519,384551],[-251,-101],[58,-69],[-29,-57],[-62,-25],[-19,49],[-143,-78],[14,-111],[-221,-193]],[[710866,383966],[254,-20],[-25,-76],[-414,-10]],[[710681,383860],[-248,-172],[-121,27]],[[710312,383715],[85,70],[-76,45],[8,138],[97,154],[-253,-57],[-170,57],[-88,-37],[-236,31],[-127,58],[-46,-49],[-296,-21],[-36,-32],[136,-27],[19,-62],[-163,-236],[-248,5],[-90,-83],[-40,87],[-121,-14],[-291,64],[-85,-59],[-29,-133],[-282,-195],[-141,-33],[-148,26],[-47,-123],[-227,-101],[-482,-39],[-114,-86],[-32,150],[-202,-45],[-32,132],[-79,32],[-82,-101],[78,-102],[-40,-58],[-167,162],[-110,34],[-327,-88],[-88,-74],[225,-184],[-72,-26],[-142,69],[-175,-95],[-154,-250],[11,-134],[-72,-51],[-255,73],[25,50],[137,36],[-14,54],[-394,91],[-178,-54],[124,-186],[-78,-179],[-110,0],[-198,134],[66,203],[-90,24],[-398,-513],[149,-186],[-71,-63],[-245,3],[-121,73],[-97,166],[-192,60],[-134,-16],[-355,-271],[-269,113],[-182,-22],[-205,-204],[-7,-205],[91,-318],[-860,130],[-49,-68],[181,-121],[-89,-158],[-286,-46],[-194,-98],[-284,118],[-171,3]],[[700608,381057],[-149,114],[-52,-50],[79,-131]],[[700486,380990],[-147,-67],[-49,-81],[292,-142],[19,-278],[-127,-69],[-354,5],[-303,107],[-214,-338],[-140,6],[52,107],[-207,15],[2,-113],[-84,-53],[-187,104],[55,131],[-224,57],[-121,-108],[-39,-222],[-232,-57],[-148,31],[-87,116],[-201,122],[-99,-7],[-151,-95],[-228,-35],[60,-157],[-186,-29],[419,-261],[-445,-41],[-1,-219],[-82,35],[-55,132],[-169,-6],[-104,-223],[-154,109],[120,137],[-25,92],[-64,8],[-62,-87],[-96,1],[-120,217],[-64,14],[-381,-273],[16,-41],[209,14],[257,-133],[-244,-225],[-35,-106],[-176,-8],[-256,142],[5,-119],[-252,-151],[16,-95],[99,-42],[-49,-99],[151,-186],[-28,-102],[-212,-172],[-137,-43],[-91,56],[52,180],[-84,155],[-147,50],[-220,-58],[-74,-172],[245,-484],[-62,-105],[-213,-38],[-339,99],[-202,-184],[124,-184],[-18,-76],[-216,-8],[-195,83],[-135,-88],[-144,0],[-123,193],[234,150],[68,302],[-131,136],[-161,-27],[-160,-258],[62,-255],[-706,111],[-98,-36],[-185,-189],[49,-213],[178,-180],[-29,-194],[-110,-39],[-155,66],[-197,225],[39,511],[-155,86],[-228,-30],[-121,-122],[-164,-35],[-367,191],[-131,23],[-167,-156],[-203,-43],[-387,-197],[-453,-15],[-100,26],[13,61],[340,206],[-21,130],[-153,31],[-715,-137],[-152,-367],[-118,-44],[-224,44],[-62,106],[25,110],[374,123],[65,95],[-266,245],[-98,384],[-367,111],[-137,-26],[-216,-220],[131,-321],[-6,-202],[-265,-376],[-235,-24],[-102,121],[74,250],[181,132],[7,81],[-195,55],[-479,-1],[-653,144],[24,153],[453,151],[88,124],[-204,62],[-166,176],[-99,33],[-359,-203],[-333,47],[-84,79],[111,180],[13,138],[-59,110],[-165,73],[-443,-66],[-254,-369],[-198,14],[-95,184],[-123,60],[-18,171],[-265,52],[-53,84],[-2,56],[181,126],[0,57],[-166,125],[-486,-49],[-429,105],[-42,64],[46,302],[-136,130],[-176,-9],[-252,-155],[-243,92],[-378,-67],[-147,-66],[-274,-239],[-338,-153],[-291,62],[-3,407],[-274,180],[-221,248],[-129,37],[-498,-97],[-250,147],[-4,366],[-238,274],[-147,428],[69,70],[348,82],[145,112],[22,121],[-143,145]],[[679960,382331],[-296,126],[-248,-61],[-184,-106]],[[679232,382290],[160,-356],[-14,-202],[-97,-87],[-244,11],[-152,94],[77,289],[-122,226],[-271,57],[-131,-82],[-416,-48],[-363,255],[-446,-360],[-448,-273],[-619,-204],[-468,-484],[-973,-225],[-611,18],[-911,-500],[-90,20],[-59,88],[47,174],[470,376],[67,214],[-69,153],[-100,58],[-429,17],[-220,-155],[232,-147],[62,-105],[-181,-608],[-105,-140],[-170,-1],[-159,102],[-112,386],[-138,12],[-528,-193],[-52,58],[8,157],[-148,52],[-424,-155]],[[671085,380782],[-160,-164],[48,-191],[205,-89]],[[671178,380338],[45,-80]],[[671223,380258],[-32,-64],[-123,-51],[-352,89]],[[670716,380232],[-364,0],[-283,100],[-380,-74],[-252,37],[-107,104],[137,227],[167,38],[298,-29],[165,52],[57,150],[-47,143],[-109,106],[-270,105],[-149,-6],[-172,-131],[-124,-22],[-90,105],[118,257],[-30,187],[-117,55],[-157,-9],[-391,-155],[-101,75],[-192,336],[-204,127],[-238,38],[-502,-82],[-148,-94],[-220,-353],[-152,-34],[-152,40],[-65,135],[161,228],[-26,130],[-351,153],[-72,-52],[27,-121],[-109,-90],[-192,-17],[-175,61],[-243,258],[140,339],[-144,130],[-240,-21],[-138,-133],[15,-130],[262,-312],[-240,-227],[-184,18],[-344,255],[-172,70],[-499,11],[-368,309]],[[663750,382519],[-309,113],[-236,34],[-264,-86],[-124,-178]],[[662817,382402],[196,-166],[306,-150],[-72,-77],[-178,19]],[[663069,382028],[-340,179],[-422,79]],[[662307,382286],[-111,70],[-35,111],[80,178]],[[662241,382645],[784,322]],[[663025,382967],[190,146],[47,130],[-38,120]],[[663224,383363],[-248,177],[-118,6],[-402,-196],[-446,-65],[-117,-95],[-124,-222],[-401,-111],[-339,69],[-44,93],[106,253],[-100,99],[-188,-7]],[[660803,383364],[-369,-163],[-323,-74],[-218,75],[-121,109]],[[659772,383311],[-12,96],[174,79],[420,59],[398,-63]],[[660752,383482],[55,51],[78,202],[-87,189]],[[660798,383924],[-199,41],[-263,-41]],[[660336,383924],[-192,90],[-38,128]],[[660106,384142],[152,148],[397,-4]],[[660655,384286],[267,113],[471,99],[173,-119],[4,-69],[-268,-75],[-30,-64],[272,-335],[163,-38],[267,101],[43,99],[-58,203]],[[661959,384201],[321,157],[71,162],[-56,247],[-104,56],[-334,-98]],[[661857,384725],[-784,60],[-492,-47],[-66,47],[40,103],[278,215],[-103,301],[174,19],[482,-133],[586,143],[115,105],[-320,272],[44,206],[-141,82],[-343,86],[6,194],[-661,40],[-214,101],[-62,103],[141,326],[-48,89],[-166,20],[-170,-53],[-102,-65],[-40,-159],[-102,-49],[-179,30]],[[659730,386761],[-153,87],[-90,148]],[[659487,386996],[100,307]],[[659587,387303],[-25,168],[-64,152]],[[659498,387623],[-228,36],[-116,5]],[[792672,213857],[316,61],[290,-103],[320,43],[953,-333],[277,8],[223,111],[159,-15],[504,-296],[531,-454],[667,-214],[704,-316],[567,-49],[622,-243],[232,-123],[95,-221],[167,-146],[696,-142],[809,-338],[548,119],[312,-50],[146,-119],[240,-369],[366,-178],[41,-70],[-16,-129],[-567,-599],[-55,-231],[-281,-340],[-150,-124],[-352,-11],[-985,231],[-343,22],[-364,100],[-532,230],[-112,91],[-316,91],[-523,282],[-736,117],[-335,121],[-458,369],[-276,98],[-205,229],[-286,201],[-572,274],[-435,307],[-179,36],[-711,385],[-468,336],[-372,417],[-20,312],[-86,142],[-362,334],[3,98],[304,47],[5,1]],[[532202,347470],[-200,86]],[[532002,347556],[-709,-21],[-92,-75]],[[531201,347460],[146,-173],[10,-230],[-425,-76],[-348,-143],[-181,20],[-157,89],[-105,307],[-345,214],[-141,9],[-231,-123],[-167,-4],[-135,63],[-112,168],[-131,40],[-603,-9],[-308,-94],[-460,-55],[-631,-381],[-405,140],[-229,-11],[-121,-169],[-98,-429],[-85,-108],[-555,-196],[-429,-338],[-418,-157],[17,-397],[-206,-216],[-139,-472],[-382,-72],[-291,-124],[-222,-9],[-364,-136],[-204,-138],[-175,-211],[-475,-329],[-533,-143],[-252,15],[8,169],[-154,149],[-226,52],[-451,296],[-1103,330],[-489,-83],[-664,-475],[-735,-42],[-237,-57],[-669,-4],[-504,-192],[-629,-97],[-1184,98],[-746,162],[-897,-495],[-189,-259],[-230,-151],[-153,-39],[-1073,58],[-728,193],[-834,13],[-143,247],[-254,93],[-399,332],[-319,-1],[-523,188],[-378,75],[-515,310],[-395,365],[-958,199],[-527,260],[-291,287],[-497,130],[-185,116],[-385,61],[-158,-68],[-231,-15],[-161,130],[-139,31],[-508,-386],[-628,-96],[-297,74],[-269,-22],[-151,138],[-211,90],[-724,120],[-437,-63],[-226,-130],[-109,-13],[-333,144],[-409,47],[-252,90],[-150,257],[-764,-100],[-51,42],[111,333],[-444,218],[-414,17],[-318,144]],[[496382,346852],[-618,48],[-397,-46],[150,-674]],[[495517,346180],[-509,-209],[-695,-479],[-230,-68],[-174,-312],[7,-275],[-71,-37],[-345,5],[-166,-67],[-362,-451],[-270,-223],[-237,-58],[-52,-103],[28,-86],[116,-75],[700,-185],[148,-94],[-31,-330],[373,-446],[-46,-403],[104,-168],[230,-191],[54,-133],[-52,-107],[-395,-368],[-38,-97],[194,-210],[-21,-142],[-145,-224],[102,-91],[304,-23],[92,-59],[-35,-111],[-161,-161],[-60,-413],[374,-264],[18,-67],[-144,-244],[-205,-163],[-132,-38],[-510,-4],[-89,-47],[-27,-183],[193,-247],[3,-218],[145,-117],[431,-86],[824,-305],[479,-8],[136,-133],[47,-152],[-429,-945],[203,-541],[145,-208],[-232,-211],[-533,-14],[-59,-354],[-150,-326],[-114,-163],[-486,-408],[-183,-373],[-224,-24],[-406,74],[-466,-133],[-377,-248],[-165,-173],[33,-293],[-134,-53],[-535,-18],[22,-183],[-399,-911],[82,-393],[385,-168],[83,-120],[-53,-93],[-380,-535],[-528,-456],[-454,-220],[-337,-28],[-413,-743],[-377,-380],[80,-339],[-83,-42],[-260,43],[-149,-42],[-350,-321],[150,-318],[167,-189],[85,-290],[-24,-205],[174,-414],[-34,-252],[202,-358],[-359,-97],[-147,-221],[-270,-146],[-198,-304],[-207,-129],[-323,-75],[-321,33],[-825,361],[-377,520],[-280,207],[-219,72],[-37,124],[-303,370],[-49,168],[-137,112],[-191,-98],[-191,-264],[-363,5],[-208,-97],[-1060,-813],[-962,-381],[8,-65],[135,-31],[311,-218],[-35,-130],[-233,-254],[39,-215],[211,-208],[49,-158],[-76,-368],[-290,-447],[-371,-367],[-17,-194],[309,-426],[441,-345],[60,-309],[-181,-249],[-170,-91],[-423,-108],[-172,-311],[-169,-118],[-181,-36],[-206,62],[-114,210],[-87,41],[-288,-25],[-277,212],[-71,119],[-287,82],[-423,-8],[-1242,-253],[-289,4],[-206,63],[-280,-27],[-73,-51],[-128,-329],[-696,-96],[-355,-205],[-343,-327],[-204,-39],[-74,32],[-76,267],[-311,-10],[-268,84],[-91,-34],[-87,-166],[-169,-91],[-856,-57],[156,-488],[207,-223],[115,-268],[27,-360],[-79,-245],[-295,-82],[-444,-45],[-95,-166],[-97,-45],[-425,-73],[-867,-674],[-324,-132],[-850,-153],[-366,-183],[-111,-85],[-138,-297],[-193,-188],[-514,-227],[-209,-302],[-576,-392],[-221,-325],[-157,-16],[-414,-329],[-295,-60],[-442,-4],[-76,-57],[23,-676],[-245,-203],[86,-224],[-18,-236],[81,-110],[19,-364],[-340,-359],[-74,-213],[-149,-48],[-187,126],[-270,82],[-106,-8],[-185,-102],[-319,77],[-574,367],[-361,89],[-377,-111],[-167,-2],[-109,-92],[-157,-26],[-120,-174],[-162,-39],[-96,-158],[-244,-143],[-69,-184],[253,-187],[-24,-160],[159,-217],[-31,-282],[131,-190],[231,-190],[-271,-267],[-177,-338],[-82,-349],[-625,-473],[-130,-13],[-161,124],[-599,230],[-380,0],[-72,57],[-149,472],[-270,223],[90,513],[-195,327],[-257,169],[-318,80],[-71,263],[-111,77],[-797,146],[-497,447],[-218,91],[-131,-11],[-77,153],[-248,200],[-273,-141],[-1024,-74],[-510,-156],[-255,92],[-611,-398],[-310,-91],[-443,-9],[-75,-233],[-404,15],[-372,-268]],[[453504,311781],[156,-267]],[[453660,311514],[-58,-205],[27,-187]],[[453629,311122],[235,-322],[308,-35]],[[454172,310765],[228,-105],[546,-58],[250,-324],[-75,-102],[-243,-137],[-84,-128],[139,-102],[335,2],[290,-90],[139,-121],[28,-140],[-270,-393],[-15,-359],[112,-354],[-284,-129],[-966,-170],[-601,-327],[503,-519],[252,-163],[613,-280],[386,-74],[105,-91],[112,-333],[367,-246],[322,-183],[243,-33],[196,-93],[855,-565],[594,-203],[420,-394],[269,-76],[202,13],[53,-115]],[[459193,304373],[-59,-146],[-182,-308],[-187,-142],[-77,-32]],[[458688,303745],[-396,46],[-103,-51],[-126,-269],[-35,-685],[-628,-842],[-68,-32],[-206,42],[-489,285],[-109,-42],[-205,-256],[-245,-78],[-326,69],[-389,284],[-338,-41],[-95,-73],[54,-134],[-69,-448],[-58,-89],[-204,-109],[-85,-240],[-338,-297],[-1275,-454],[-480,-50],[-214,-144],[-358,-119],[-373,45],[-638,-168],[48,-130],[-77,-297],[-647,-1245],[-564,-421],[-164,-310],[-20,-323],[-165,-149],[-203,-77]],[[449100,296943],[-71,-130],[176,-138]],[[449205,296675],[85,-196],[422,-334],[-33,-390],[292,-216],[472,-152]],[[450443,295387],[65,-149],[-49,-86]],[[450459,295152],[-351,-184],[325,-104],[198,-178]],[[450631,294686],[169,-306],[-40,-262]],[[450760,294118],[425,-193],[365,-382],[140,-257]],[[451690,293286],[-61,-198],[-280,-190],[-271,-553]],[[451078,292345],[154,-305],[-121,-206],[-155,-128]],[[450956,291706],[-249,-53]],[[450707,291653],[-300,-158],[-166,-366]],[[450241,291129],[-377,17],[-204,-37],[-75,-186]],[[449585,290923],[-551,-245],[-214,-155],[-25,-233],[100,-282]],[[448895,290008],[137,-191],[569,-510],[38,-220],[-233,-68],[-437,-238],[-250,7],[-564,-285],[-460,-172],[-375,-623],[-396,141],[-296,239],[-825,142],[-264,131],[-12,109],[88,166],[304,325],[50,156],[-162,190],[5,212],[131,208],[-14,87],[-252,145],[-208,30],[-407,-138],[-484,-321],[-227,-506],[-10,-181],[136,-292],[-73,-432],[-160,-107],[-484,-111],[-189,-90],[-19,-104],[92,-157],[-39,-108],[-353,-278],[-87,-335],[-639,-620],[46,-126],[320,-89],[158,-135],[304,-888],[139,-165],[0,-207],[-106,-189],[646,45],[88,-20],[139,-147],[220,-92],[-40,-175],[-179,-236],[46,-95],[123,-57],[-5,-77],[-453,-398],[-1,-136],[121,-145],[-382,-435],[-200,-486],[617,-567],[225,-330],[307,-169],[219,-388],[-38,-72],[-267,-39],[-327,-140],[-432,-437],[12,-141],[132,-239],[18,-403],[-115,-134],[-242,-88],[-32,-54],[93,-316],[-53,-583],[110,-222],[-132,-267],[89,-412],[-199,-494],[-341,-166],[-275,-250],[-525,-273],[-295,-255],[-492,-259],[-198,-31],[-343,48],[-112,-125],[-359,-71],[-540,112],[-281,142],[-391,-212],[-105,-246],[-142,-100],[-327,-84],[-550,-257],[-243,-42],[-220,-242],[-414,-101],[-249,-128],[-242,-320],[-310,-629],[-103,-508],[-256,-421],[69,-84],[-91,-93],[-117,-417],[-117,-103],[-425,-120],[-145,-257],[63,-267],[-42,-170]],[[435377,270532],[268,-250],[468,-122],[736,-25]],[[436849,270135],[133,-112],[458,-15],[347,-153],[374,-72],[415,40],[203,-134],[295,-81],[337,28],[190,-45],[292,67],[222,139],[176,230],[170,71],[349,-24],[416,-270],[897,-176],[398,45],[217,-190],[309,-19],[212,-293],[127,-36],[367,42],[167,-354],[262,-197],[158,-205],[512,-227],[512,209],[104,152],[320,169],[661,-43],[259,23],[261,156],[659,-21],[228,55],[190,150],[338,165],[129,177],[301,6],[151,51],[294,307],[231,-201],[587,17],[360,-154],[279,31],[129,435],[430,248],[394,526],[308,255],[167,-21],[210,-116],[209,-227],[162,-54],[344,-274],[467,-41],[550,58],[1135,-31],[156,-102],[412,-87],[132,-4],[305,126],[556,-34],[101,52],[37,183],[405,605],[524,-124],[172,17],[455,295],[412,489],[484,281],[136,146],[46,176],[-25,720]],[[459529,272940],[155,-83],[385,-712]],[[460069,272145],[-13,-321],[345,-237],[-272,-353],[-330,-277],[124,-114],[488,-232],[112,-103],[149,-248],[8,-157],[170,-193],[2,-292],[101,-116],[703,-531],[367,-84],[349,-204],[112,-79],[6,-108],[-262,-202],[-112,-244],[25,-224],[-83,-147],[53,-103],[-155,-99],[49,-190],[-125,-381],[38,-161],[186,-182],[76,-257],[-60,-140],[-99,-72],[154,-124],[-36,-188],[-290,-177],[-198,-53],[4,-261],[-387,-269],[-66,-200],[-196,-186],[-30,-213],[107,-189],[-14,-109],[-324,-314],[-221,-2],[-284,-143],[-60,-92],[428,10],[419,-146],[547,70],[-1460,-2270],[-415,-6],[-221,112],[-458,-17],[-80,-1352],[-134,-142],[-36,-131],[-324,-155],[-206,-300],[196,-499],[243,-243],[658,-322],[137,-161],[749,-386],[162,-128],[165,-294],[174,-134],[56,-267],[198,-158],[24,-204],[-76,-145],[-93,-629],[-145,-224],[28,-159],[-348,135],[-167,32],[-117,-27],[-121,-232],[-168,-151],[-16,-216],[-78,-133],[-117,-27],[-398,38],[-253,-299],[-404,-239],[8,-132],[-140,-351],[105,-113],[13,-116],[-194,-182],[-3,-283],[-69,-69],[-488,-164],[-67,-207],[-203,-133],[80,-336],[-109,-299],[-139,-145],[-161,-111],[-325,-62],[-445,109],[-238,14],[-390,-233],[-285,-91],[462,-401],[506,-116],[372,-184],[5,-187],[-154,-334],[106,-354],[-286,-189],[268,-597],[165,-93],[286,-2],[404,-131],[122,-243]],[[457735,248440],[91,-709],[-4,-191]],[[457822,247540],[-110,-97],[-149,-76],[-198,12]],[[457365,247379],[-309,-144]],[[457056,247235],[-135,-334],[-387,-139],[-145,-159],[-515,-100],[-130,18]],[[455744,246521],[-115,-143],[-845,-92],[-11,-77]],[[454773,246209],[-89,-46],[23,-221]],[[454707,245942],[-144,-377],[201,-147],[83,-171],[267,-212],[-83,-243]],[[455031,244792],[14,-148],[327,-406],[71,-51],[244,-27],[159,-91],[-22,-255]],[[455824,243814],[309,-181],[505,108],[194,-52]],[[456832,243689],[661,176],[551,4],[905,-407],[241,-218],[302,-48],[102,-212],[357,60],[103,-77],[328,-90],[536,-303]],[[460918,242574],[322,-100],[304,54]],[[461544,242528],[34,-117],[97,8]],[[461675,242419],[68,-57],[183,77]],[[461926,242439],[479,52],[120,165],[159,14],[210,-97],[265,185],[243,-139],[41,40],[184,7],[160,-31],[133,-86],[119,4],[164,-205],[603,-8],[223,-52],[196,-163],[214,-35],[237,-196],[472,-147],[308,-185],[135,-337],[142,-124],[256,-82],[262,-342],[291,-98],[456,36],[149,-80],[274,-184],[697,-722],[1773,-477],[9,-315],[-58,-157],[110,-116],[-39,-87],[247,-215],[187,-253],[-32,-94],[-145,-89],[393,-220],[243,-278],[1135,-605],[333,-112],[336,-2],[194,-64],[256,13],[731,187],[248,-7],[856,168],[818,61],[651,168],[532,-118],[258,181],[500,171],[721,344],[232,-44],[114,-87],[209,6],[291,-79],[125,-152],[467,59],[80,-139]],[[480893,237277],[-431,-570],[-248,-208]],[[480214,236499],[-505,-256]],[[479709,236243],[-228,-265],[-434,-234]],[[479047,235744],[-400,-315]],[[478647,235429],[-9,-72]],[[478638,235357],[196,-119]],[[478834,235238],[5675,-598],[310,-108],[1340,-897],[1303,443],[1766,739],[480,506],[935,477],[383,-960],[1221,-1699],[1492,94],[478,-467],[81,-122],[76,-370],[-70,-581],[116,-157]],[[494420,231538],[271,-670],[-120,-351]],[[494571,230517],[91,-16],[237,153],[22,649]],[[496903,233189],[-55,115],[21,303],[169,84],[288,-45]],[[497326,233646],[366,57],[297,105],[474,-27],[652,-121]],[[504475,232578],[659,-412],[236,43],[328,192]],[[506761,268352],[31,307],[86,136]],[[507487,269417],[200,122],[0,199],[-155,320]],[[507298,270616],[600,529]],[[510119,272587],[329,219],[291,-11]],[[510900,272881],[422,30],[412,-91]],[[549502,337228],[182,115],[364,89],[398,208],[199,-19],[35,-81],[129,-39],[48,-63]],[[550857,337438],[-30,-114],[217,143]],[[551044,337467],[-28,140],[-205,162],[-669,73],[-137,63],[-271,240]],[[549734,338145],[-118,190],[97,243],[106,91],[422,30],[79,43]],[[550320,338742],[71,557],[-123,93],[-267,19]],[[550001,339411],[-275,-168],[-282,41],[-210,220],[-770,468],[-290,294],[-1199,556],[-318,331],[-245,6],[-451,-219],[-211,56],[-164,293],[-367,149],[-196,252],[49,339],[379,197],[-10,410],[-238,157],[-194,262],[-132,69],[-179,-1],[-494,-209],[-143,11],[-111,70],[-575,723],[65,235],[-274,291],[46,108],[-219,-3],[-247,-175],[-221,-71],[-148,53],[-24,170],[150,296],[-230,336],[-91,20],[-370,-84],[-228,-1],[-184,69],[-392,366],[-175,-6],[-98,-90],[-166,-44],[-165,39],[-206,133],[-93,-53],[-173,-283],[-171,-64],[-110,10],[-193,248],[-515,105],[-208,271],[-150,81],[-326,34],[-349,-72],[-292,169],[-820,158],[-347,15],[-642,382],[-572,504],[-286,43],[-230,98],[-149,-31],[-198,-191],[-250,-24],[-327,170],[-405,20],[-179,157]],[[533213,347107],[-136,359],[-18,50],[-2,101],[-152,31],[-703,-178]],[[420803,547811],[-21,280],[-171,461]],[[420611,548552],[-468,23],[-242,-45],[-50,-49]],[[419851,548481],[-197,-432],[-112,-113],[-478,-174],[-271,-22],[-216,-163],[-194,-52],[-296,-165],[-356,-98],[-230,-7],[-287,-138],[-160,-231],[19,-255],[-94,-41],[-303,14],[-106,45],[-384,486],[-292,126],[-929,-233],[-434,8],[-960,294],[-550,-90],[-136,-77],[-519,-64],[-466,27],[-424,-308],[43,-180],[-218,-338],[-239,-127],[-290,-63],[-491,-390],[-57,-164],[406,-343],[193,-261],[135,-81],[225,-3],[194,-60],[351,-295],[-289,-211],[-32,-95],[256,-345],[173,-408],[-205,-320],[132,-607],[-55,-98],[-572,-449],[-170,-241],[149,-642],[-157,-151],[-360,-194],[-362,-372],[-45,-98],[73,-429],[-233,-160],[36,-681],[121,-648],[34,-113],[161,-130],[24,-153],[-93,-308],[78,-238],[-40,-220],[46,-154],[-107,-146],[-40,-303],[-232,-143],[-28,-71],[27,-106],[225,-166],[71,-261],[-27,-195],[81,-198],[-242,-389],[-59,-35],[-142,20],[131,-168],[-128,-312],[-238,-263],[75,-168],[-50,-167],[326,-372],[246,-106],[42,-152],[253,-259],[278,-39],[-214,-241],[-15,-315],[-116,-209],[45,-271],[177,3],[73,-58],[-67,-180],[-135,-120],[242,-220],[-126,-163],[12,-107],[-156,18],[-42,-32],[80,-121],[232,-125],[-84,-156],[22,-117],[94,-88],[142,-24],[63,-82],[69,17],[64,106],[94,-5],[203,-231],[116,60],[217,-119],[48,-109],[-10,-346],[-169,-171],[7,-111],[-328,49],[-57,-61],[79,-143],[-128,32],[-64,-80],[-202,85],[-22,159],[-71,48],[-95,-95],[-185,8],[-84,55],[-192,-196],[-146,1],[-149,65],[-119,-138],[115,-162],[-11,-127],[-143,-82],[-16,135],[-319,-200],[-133,29],[-121,-75],[-16,-172],[250,-232],[-80,-43],[-14,-95],[-129,-68],[-116,-237],[-149,14],[-99,-205],[-115,-60],[81,-236],[-251,-356],[80,-454],[-340,-150],[49,-59],[323,-28],[70,-65],[-227,-356],[-226,5],[-102,-223],[-146,-14],[53,-73],[-34,-125],[92,-63],[-119,-30],[-42,-150],[-140,-100],[-16,-87],[-264,91],[-151,143],[-204,-132],[110,-346],[-260,-179],[119,-84],[164,9],[-94,-144],[-155,-90],[16,-216],[-102,-126],[18,-171],[-148,35],[-166,-31],[-321,-162],[-683,216],[-193,-5],[-425,-291],[-121,-52],[-188,-2],[-205,146],[-118,286],[-87,46],[-222,-13],[-87,-76],[-37,-144],[37,-77],[484,-374],[-16,-224],[-411,-231],[-595,-196],[-381,-11],[-112,-57],[-152,-265],[-286,-99],[-246,-22],[-318,149],[-177,130],[-15,109],[-176,240],[-449,250],[-9,140],[195,231],[402,85],[231,100],[20,70],[-70,100],[-148,75],[-165,14],[-571,-26],[-163,104],[-65,106],[1,114],[83,92],[145,49],[631,-117],[285,52],[131,72],[11,91],[-125,157],[-580,406],[-350,335],[-60,404],[-99,129],[-221,188],[-739,365],[-92,112],[13,152],[277,432],[11,146],[-21,86],[-256,271],[17,159],[99,44],[454,-53],[121,52],[-347,961],[-466,301],[-532,167],[-224,123],[-97,116],[8,322],[192,227],[273,162],[47,97],[-45,90],[-496,268],[-83,146],[188,326],[334,386],[50,148],[-42,132],[-776,222],[-106,83],[-15,96],[63,150],[145,124],[-19,166],[-248,131],[-788,284],[-92,102],[-51,144],[121,143],[539,152],[20,79],[-79,130],[-453,243],[-170,10],[-569,-51],[-520,-245],[-295,61],[-92,101],[-13,125],[82,123],[400,271],[95,132],[11,143],[-87,102],[-743,401],[-255,220],[-139,173],[-79,559],[-560,208],[-141,113],[127,403],[200,275],[612,456],[69,141],[-97,123],[-596,207],[-85,65],[-415,756],[-12,189],[344,140],[119,220],[-39,125],[-467,309],[22,467],[-131,207],[-213,179],[-45,122],[89,416],[-53,253],[-209,215],[-354,167],[-858,-42],[-455,27],[-404,472],[-433,267],[-391,26],[-64,-181],[-142,-85],[-119,-363],[-286,-82],[-806,-123],[-289,-130],[-563,-478],[-408,-170],[-278,-15],[-180,-90],[-481,-68],[-185,-275],[-422,-297],[-85,-296],[-133,-178],[-219,-175],[-420,-206],[45,-177],[-70,-177],[-155,-122],[-169,-372],[-305,-226],[0,-473],[-288,-580],[-88,-79],[-38,-396],[-606,-544]],[[384265,536438],[160,-276],[-17,-158],[-267,-526]],[[384141,535478],[-711,-729],[-24,-274],[203,-234]],[[383609,534241],[-45,-110]],[[383564,534131],[-287,-87],[-955,-72]],[[382322,533972],[-836,-170],[-246,24],[51,124],[-41,173]],[[381250,534123],[-283,325],[177,332],[259,264],[-101,187],[-203,86],[-321,412],[-288,269],[-391,-16],[-408,120],[-128,137],[-212,103],[-63,96],[-177,55],[-429,251],[-138,160],[-638,312],[-127,-14],[-230,209],[5,98],[-90,126],[-171,110],[103,233],[-273,90],[-78,-56],[-208,-15],[-133,-114],[-510,-214],[-205,-2],[-324,-173],[-323,-10],[-354,84],[-258,-32],[-128,-95],[-299,-58],[-306,77],[-430,21],[-665,-206],[-389,-25],[-305,30],[-267,95],[-89,-173],[-290,31],[-169,67],[-107,-62],[-192,41],[-217,-100],[-194,-6],[-303,-95],[-266,56],[-82,-188],[-298,-257],[-143,-46],[-195,-1],[-544,145],[-204,-38],[-63,-95],[-180,27],[-353,-123],[-315,-37],[-138,94],[-32,95],[-335,59],[-407,9],[-79,-66],[-61,-292],[-458,-98],[-145,-78],[-213,31],[-209,-83],[-313,-27],[-805,126],[-373,131],[-585,473],[-265,48],[-443,177],[-212,-13],[-75,-125],[-505,-207],[-201,-182],[-587,204],[-486,70],[-187,-87],[-309,-55],[-110,-135],[-285,-31],[-200,-84],[-239,37],[-130,158],[-362,92],[-559,-158],[-424,44],[-137,124],[-350,556],[-641,34],[-1126,-387],[-340,-49],[-403,129],[-272,-25],[-339,-185],[-138,-156],[-191,-24],[-205,-103],[-66,-82],[51,-313],[-238,-187],[-77,-541],[-422,-267],[-817,-102],[-66,-158],[34,-463],[-138,-133],[-139,6],[-350,120],[-315,319],[-190,43],[-238,-74],[-326,28],[-230,189],[-252,-72],[-182,-243],[-260,-78],[32,-283],[-105,-86],[-291,65],[-160,97],[-1065,-239],[-378,11],[-452,54],[-264,77],[-458,32],[-81,58],[2,192],[-301,173],[-125,130],[-8,55],[186,212],[-507,158],[-185,186],[-421,17],[-222,-95],[-156,-278],[-121,-71],[-353,-86],[-157,-248],[-578,-75],[-233,20],[-786,204],[-598,67],[-584,483],[-235,84],[-259,211],[-214,92],[-30,110],[-342,-115],[-268,-23],[-324,-146],[-630,110],[-280,-211],[-189,-469],[-981,-21],[-498,219],[-25,236],[-330,143],[-30,272],[-529,111],[-153,-43],[-172,13],[-211,69],[-116,81],[52,206],[-45,171],[-667,56],[-577,472],[76,215],[409,169],[43,432],[347,203],[35,70],[39,171],[-54,217],[-129,146],[-238,64],[-420,205],[-362,-198],[-191,-5],[-318,-117],[-106,106],[-50,160],[-429,191],[-281,-54],[-481,102],[-116,-64],[-29,-142],[-265,-59],[-1289,183],[-202,269],[261,240],[84,271],[364,206],[193,443],[-69,131],[71,382],[-222,266]],[[330891,541215],[-78,-177],[-275,-76],[-72,-133],[-592,-406],[-141,-2],[-210,-151],[-512,-195],[-399,-286],[-884,-240],[-218,-178],[-338,-159],[-47,-117]],[[327125,539095],[-336,-77],[-216,37],[-397,-16]],[[326176,539039],[-218,-81],[-138,-107]],[[325820,538851],[-359,-115],[-154,-15]],[[325307,538721],[-381,121],[-399,29],[-468,174],[-214,-17],[-583,113],[-280,-30],[-414,161],[-350,25],[-234,110]],[[321984,539407],[-760,99],[-281,80],[-229,126],[-97,0],[-134,-226]],[[320483,539486],[-437,-205],[-125,-378],[-237,-215],[-104,-186]],[[319580,538502],[-17,-386],[-223,-184]],[[319340,537932],[-198,-314],[-363,-146],[-209,-281],[-265,-187],[-204,14],[-293,-201],[-821,-75],[-484,-328],[-99,-121]],[[316404,536293],[365,-1],[148,-183],[21,-178]],[[316938,535931],[-52,-102],[-327,-325],[143,-230]],[[316702,535274],[249,-143],[-36,-246]],[[361970,499667],[172,-107],[245,-326],[-44,-339]],[[362117,495887],[-205,-242]],[[361863,492871],[54,-257],[-157,-178]],[[360546,490856],[-628,-273],[-36,82]],[[353891,496343],[-288,-96],[-178,-194]],[[345166,480720],[-133,-628],[-42,-53]],[[338268,476490],[-422,-211],[-135,-317],[217,-268]],[[337718,474925],[133,-137],[217,-50]],[[348500,449681],[-381,-202],[34,-373]],[[348942,441340],[-94,-323],[428,-570]],[[349276,440447],[469,-135],[302,-380],[-155,-187],[-120,-336],[213,-129],[824,-100]],[[350809,439180],[176,-274],[139,-72],[106,-244],[87,-49],[20,-228]],[[351337,438313],[131,-76]],[[351468,438237],[59,-491]],[[351527,437746],[244,-184],[-284,-90]],[[351487,437472],[-167,-119],[-45,-182],[194,-280],[311,-220],[43,-142],[201,-153],[83,-240],[151,-105],[-243,-271],[18,-202],[474,-55],[272,-77],[279,188],[523,127],[137,78],[205,334]],[[353923,436153],[88,41],[124,-541],[302,-707],[161,-117]],[[354598,434829],[131,-267],[118,10],[196,133],[163,-99],[230,-38],[1134,0],[210,37],[76,-153],[-104,-133],[-67,-290],[178,-267],[134,-401],[232,-197],[73,-135],[-176,-193],[-129,-343],[242,-469],[203,-18],[631,99],[150,-32],[-2,-111],[88,-108],[639,-420],[58,-211],[374,-241],[-24,-196],[53,-105],[246,-42],[676,11],[177,-94],[412,52],[394,-192],[174,-9],[265,129],[239,-14],[209,-96],[179,-236]],[[362380,430190],[385,-95],[81,-86]],[[362846,430009],[-29,-142]],[[362817,429867],[139,5],[162,71],[130,277]],[[363248,430220],[239,153],[27,135]],[[363514,430508],[367,265],[1167,80],[56,167],[210,122],[-4,123],[-99,76],[-21,102],[79,144],[-31,164],[130,113],[303,56],[698,33],[185,138],[131,35],[335,-9],[385,-135],[453,97],[229,120],[-134,288],[227,156],[-4,163],[189,215],[588,96],[189,202],[721,69],[354,-7],[277,-89],[355,94],[281,-57],[267,22],[607,294],[231,203],[272,119],[1023,136],[42,40],[-116,333],[2,273],[70,132],[139,102],[160,43],[217,-73],[138,5],[247,380],[304,184],[237,-16],[357,-347],[445,-251],[301,-269],[227,-96],[502,480],[795,-139],[235,74],[350,-90],[197,33],[300,113],[157,207],[124,71],[54,136],[332,-87],[221,-152],[551,-27],[164,64],[285,14],[274,72],[363,-54],[405,79],[32,83],[-124,153],[-16,193],[428,217],[105,102],[-23,214],[108,148],[-166,335],[465,289],[371,-10],[39,68],[-55,220],[267,234],[-111,122],[-389,218],[-149,177],[-206,106],[-66,252],[-749,612],[374,-13],[484,-95],[339,88],[493,54],[462,-119],[309,-176],[286,-61],[97,29],[212,-31],[190,51],[286,-38],[97,-44],[95,-210],[1007,128],[354,-58],[143,37],[218,-17],[158,30],[159,105],[363,111],[196,109],[294,39],[391,178],[221,-24],[132,42],[34,89],[499,363],[213,295],[316,298],[594,-185],[438,-67],[61,26],[206,-57],[73,-122],[420,-151],[904,158],[360,185],[22,84],[309,260],[174,57],[373,-59],[123,33],[186,-292],[21,-203],[222,-256],[363,-298],[-402,-453],[13,-125],[267,-123],[421,-384],[238,-397],[18,-200],[147,-254],[-92,-281],[-199,-49],[3,-106],[98,-104],[-281,-216],[-46,-260],[73,-92],[222,-100],[59,-299],[-65,-175],[562,-638],[-8,-227],[91,-69],[244,-513],[-66,-401],[101,-154],[158,-85],[40,-139],[205,8],[368,149],[420,-239],[484,-150],[119,20],[609,634],[226,129],[-143,112],[-143,228],[7,83],[36,69],[396,235],[-136,313],[130,150],[116,495],[150,143],[236,-12],[710,-255],[265,-176],[200,-56],[357,-224],[511,-234],[665,-123],[91,-243],[369,-203],[85,46],[-153,277],[-13,221],[-262,603],[-17,226],[951,-240],[1060,-21],[243,-92],[-339,-334],[-44,-237],[192,-26],[342,31],[466,-241],[718,-133],[153,-105],[179,-386],[97,-88],[632,-299],[415,-110],[186,-26],[350,47],[625,269],[317,-56],[219,63],[207,-26],[168,-112],[44,-255],[237,-147],[212,-10],[88,-56],[165,-338],[38,-236],[67,-59],[854,242],[778,-196],[211,-243],[164,-62],[197,101],[362,-9],[162,231],[170,19],[207,-3],[299,-233],[105,-28],[543,-2],[141,-109],[172,-264],[-40,-175],[-155,-73],[-119,-353],[456,-23],[279,-239],[460,-162],[433,-295],[115,-26],[387,41],[148,307],[132,140],[312,1],[359,115],[596,-74],[85,-378],[95,-141],[165,-113],[186,3],[61,190],[137,135],[455,134],[225,226],[126,16],[200,-127],[64,-442],[-52,-255],[171,-108],[4,-313],[223,-87],[70,-110],[38,-425],[690,127],[244,94],[392,39],[64,122],[152,72],[539,32],[173,145],[98,233],[382,122],[405,439],[382,314],[52,218],[254,284],[27,111],[413,423],[119,45],[60,192],[236,175],[33,106],[251,111],[672,441],[204,234],[69,290],[247,122],[37,137],[-75,228],[-440,539],[-270,820],[341,514],[123,88],[229,59],[64,337],[383,162],[165,184],[307,100],[115,182],[285,132],[43,140],[184,96],[197,232],[798,543],[556,184],[610,399],[265,37],[160,89],[161,-1],[934,472],[244,53],[346,401],[242,197],[4,270],[76,186],[321,381],[-28,469],[200,127],[-83,141],[300,87],[-94,113],[35,48],[423,194],[314,61],[289,254],[420,-26],[682,243],[194,-35],[356,-178],[202,-1],[253,-96],[370,-60],[384,16],[305,-95],[140,8],[966,292],[298,195],[727,304],[115,5],[272,-120],[212,-21],[644,252],[188,136],[362,19],[333,-80],[308,77],[181,143],[385,150],[71,138],[171,68],[94,136],[287,199],[330,133],[247,319],[201,156],[13,109],[99,83],[-4,135],[130,166],[-78,472],[49,558],[131,183],[-77,135],[89,81],[-180,207],[-3,120],[-131,68],[-195,265],[228,284],[-66,195],[94,135],[2,170],[-113,85],[3,69],[232,369],[-12,301],[87,147],[155,64],[127,164],[213,19],[94,-30],[106,180],[98,44],[17,203],[-120,125],[24,94],[-167,102],[-19,148],[3,140],[122,100],[-3,95],[157,26],[-115,144],[-14,119],[71,61],[-73,96],[117,52],[265,-26],[139,202],[-21,102],[108,98],[68,347],[138,288],[-131,196],[462,370],[33,446],[324,360],[183,62],[223,-41],[110,68],[131,-45],[244,117],[343,326],[657,423],[129,178],[124,45],[388,28],[771,-39],[160,26],[214,124],[192,-96],[274,-10],[195,54],[209,-59],[488,158],[228,6],[157,-121],[124,46],[44,135],[186,155],[312,538],[-129,546],[26,95],[-85,82],[208,389],[6,250],[-215,579],[208,439],[-228,346],[113,327],[219,105],[109,-9],[148,-198],[467,-139],[311,-70],[334,25],[1256,-283],[-28,-327],[47,-96],[437,-266],[265,-270],[226,-149],[186,5],[165,134],[538,105],[237,-50],[764,13],[504,-50],[617,156],[128,97],[64,-121],[1202,-45],[239,-102],[394,-12],[399,-175],[387,-378],[535,170],[53,37],[-79,394],[174,182],[-27,233],[216,557],[126,138],[-32,194],[112,26],[143,-42],[424,99],[99,124],[130,532],[98,120],[386,235],[230,54],[469,-92],[479,-191],[654,-109],[553,305],[276,341],[485,76],[41,229],[153,186],[278,203],[257,334],[-85,209],[-153,109],[-871,270],[22,356],[-144,86],[-3,300],[33,46],[303,94],[294,250],[284,155],[791,227],[1595,189],[756,-53],[907,-151],[757,31],[1063,-159],[314,0],[321,44],[873,231],[100,5],[97,-80],[75,0],[491,144],[646,-5],[129,230],[330,96],[-53,179],[480,302],[99,211],[-6,125],[-176,178],[-74,160],[-18,292],[-268,423],[-876,890],[-33,425],[-163,249],[-111,414],[-179,310],[-252,271],[-597,489],[98,15],[318,-112],[519,-70],[1004,105],[197,-41],[299,-143],[418,-52],[271,35],[683,-36],[434,86],[176,-23],[1160,-398],[700,-328],[1226,-643],[1020,-617],[1800,-787],[779,-232],[479,-260],[293,-65],[899,-34],[449,109],[620,-1],[959,-116],[911,-284],[701,2],[641,78],[1130,289],[189,88],[336,345],[523,133],[111,225],[183,140],[421,176],[403,-225],[443,-35],[301,45],[252,-247],[236,-78],[147,-109],[690,-51],[206,64],[167,-21],[263,-266],[418,-125],[402,65],[405,-18],[316,-154],[300,-41],[114,56],[636,-1325],[2677,226],[3805,1148],[-4,245],[329,34],[235,132],[655,549],[167,70],[278,16],[258,-40],[196,-86],[253,-268],[122,-28],[124,-138],[43,-197],[95,-57],[153,-11],[323,-198],[45,-111],[-68,-97],[262,-122],[415,-92],[126,-118],[422,12],[432,-56],[534,113],[116,113],[-99,136],[139,292],[188,50],[19,135],[-157,89],[-55,103],[-171,78],[106,99],[-3,79],[-183,52],[-41,112],[43,139],[132,36],[364,-125],[300,109],[-26,93],[212,113],[-14,81],[-212,182],[49,215],[237,364],[587,277],[-455,573],[-338,-2],[-347,112],[-984,-248],[-292,118],[83,185],[-150,78],[188,165],[87,263],[271,268],[67,153],[-430,607],[75,255],[311,97],[649,95],[454,241],[712,261],[37,157],[-386,158],[-143,293],[7,552],[-274,430],[-181,183],[111,168],[271,33],[121,94],[366,399],[-12,133],[-254,251],[-60,384],[302,335],[265,-34],[314,-167],[181,-42],[150,67],[26,136],[477,277],[204,59],[614,-41],[181,34],[460,699],[586,399],[179,187],[486,215],[77,141],[85,496],[-155,260],[-527,412],[-8,107],[213,200],[360,201],[174,31],[160,-73],[329,-64],[85,23],[-60,437],[205,183],[-104,133],[-99,322],[49,154],[677,292],[530,0],[328,144],[63,88],[34,95],[-191,194],[-124,229],[-6,174],[-66,108],[-185,100],[-30,188],[-162,131],[-7,214],[-246,289],[129,249],[-226,297],[65,221],[-163,233],[254,279],[329,71],[141,107],[48,206],[-29,306],[78,121],[26,403],[457,375],[59,193],[193,275],[4,250],[153,264],[703,378],[247,350],[290,131],[334,3],[494,218]],[[522691,485918],[362,72],[255,199]],[[523308,486189],[425,107]],[[523733,486296],[304,-10],[538,-118]],[[524575,486168],[218,62]],[[524793,486230],[-121,68]],[[524672,486298],[-125,168],[-789,421],[-366,57],[-312,-98],[-246,144],[-57,223],[-113,72],[-142,19],[-369,275],[189,53],[163,248],[679,-68],[127,261],[176,130],[437,105],[176,0],[115,92],[91,218],[315,168],[425,613],[305,12],[391,83],[300,135],[181,145],[-46,375],[165,270],[158,78],[428,125],[503,5],[203,-119],[293,-47],[466,135],[233,120],[60,93],[-45,224],[142,478],[383,229],[-30,114],[173,55],[248,166],[190,285],[85,38],[393,681],[316,176],[203,263],[520,218],[354,344]],[[531618,494080],[181,415]],[[531799,494495],[-320,244],[-20,474],[173,581],[-50,252],[-531,492],[-270,129],[-210,307],[-412,157],[-233,342],[-347,167],[-106,417],[-618,807],[-197,1011],[-720,1315],[-274,725]],[[527664,501915],[-111,810],[145,820]],[[527698,503545],[205,236],[-329,380],[-1112,258],[-1346,180],[-284,188],[-208,490],[0,223],[535,587],[508,202],[168,203],[343,244],[106,153],[217,713],[232,370],[10,147],[-111,73],[-323,46],[-109,153],[-468,392],[-403,746],[588,897],[838,219],[253,221],[6,339],[-289,307],[-100,238],[259,889],[170,1378],[235,1053],[119,132],[507,225],[960,1285],[87,441],[134,1915],[245,740],[159,223],[581,421],[1644,414],[875,653],[325,440],[1787,546],[648,121],[776,234],[46,322]],[[536182,523182],[492,1143]],[[536674,524325],[-192,2094],[-658,4429],[-415,1162],[-187,813],[-266,498],[-774,628]],[[534182,533949],[-1627,1053]],[[532555,535002],[-961,277]],[[531594,535279],[-2214,0]],[[529380,535279],[-987,-92],[-1094,-204],[-1574,-424],[-1798,-901],[-8725,-2911]],[[515202,530747],[-3925,-1635],[37,-477]],[[511314,528635],[387,-328],[89,-146],[-61,-175],[-383,-308],[-124,-222],[-56,-591],[172,-585],[-212,-322],[-96,-269],[-11,-1778],[-130,-339],[-649,-662],[-387,-313],[-2399,-1300],[-835,-630],[-393,-381],[-2319,-1890],[-1086,-310],[-151,-137],[-501,-133],[-1282,-172],[-771,8],[-961,121],[-320,-24],[-98,215],[-165,129],[-287,57],[-218,103],[-375,0],[-230,108],[-112,-40],[-189,-220],[-464,-223],[-587,-61],[-328,55],[-267,-48],[-217,-117],[-313,-284],[-325,-119],[-307,-45],[-111,-140],[-118,-55],[-209,47],[-156,328],[-284,125],[-212,-47],[-225,26],[-785,-151],[-606,-24],[-622,-194],[-311,22],[27,-104],[-100,-44],[-787,151],[-164,-3],[-132,-60],[-20,-190],[236,-481],[-55,-349],[35,-75],[114,-24],[-112,-158],[52,-155],[142,-230],[153,-70],[19,-101],[153,-107],[46,-153],[261,-56],[95,-108],[-122,-81],[44,-177],[-83,-137],[-576,-103],[-228,-286],[-164,39],[-227,-53],[-274,57],[-144,-212],[-199,-101],[-113,-239],[183,-321],[278,-33],[163,-110],[196,70],[76,-219],[267,-192],[7,-111],[-109,-87],[157,-247],[-150,-204],[83,-173],[-166,-127],[47,-84],[173,-85],[-11,-125],[-111,-97],[-366,-114],[-191,-2],[-128,78],[-372,-154],[-135,53],[-105,-31],[61,-158],[-261,-168],[126,-202],[-56,-81],[-250,-3],[-258,107],[-131,-21],[-164,-125],[-231,84],[-160,-21],[-77,-229],[52,-52],[-169,-330],[-377,67],[-969,-136],[-52,-52],[64,-195],[-140,-4],[-64,-244],[47,-223],[383,-132],[411,-64],[140,-168],[92,-36],[24,-104],[-337,-60],[-244,-191],[-46,-152],[-163,-36],[-313,24],[-279,-155],[-59,-162],[-189,-10],[-46,-80],[-145,8],[-87,-95],[-179,-72],[-58,-144],[-180,24],[-76,-40],[-17,-64],[-145,-64],[-41,-191],[75,-100],[-40,-40],[-273,40],[-168,-20],[-52,-52],[98,-124],[-41,-63],[64,-60],[284,-64],[111,-196],[-111,-152],[-394,-71],[-302,-168],[-93,-287],[57,-124],[-58,-296],[-186,-207],[82,-76],[168,-52],[-93,-108],[-157,-24],[-104,-80],[-285,80],[-180,-83],[-452,-80],[-412,96],[-302,-20],[-422,196],[-378,-20],[-104,-108],[98,-243],[429,-213],[-23,-195],[64,-167],[116,20],[116,-92],[-70,-112],[75,-136],[-139,-104],[-35,-215],[110,-116],[52,-184],[192,-12],[29,-107],[-128,-260],[168,-168],[40,-104],[-57,-80],[667,-195],[301,-208],[12,-164],[121,-167],[-58,-296],[244,-192],[-35,-119],[75,-228],[-197,-68],[-372,-32],[-139,-99],[17,-168],[-151,-375],[-679,-559],[-13,-251],[-128,-244],[-726,-634],[-533,-308],[-418,-167],[-192,-156],[-789,17],[-412,-68],[-47,-208],[52,-139],[134,-76],[98,-140],[64,-343],[-34,-149],[-282,-418],[-13,-418],[-137,-131],[-198,-83]],[[477415,495784],[-251,-272],[-228,-5],[-251,-68]],[[476685,495439],[-206,-251],[-334,-31],[-593,-355],[-183,21],[-114,-63],[45,-162],[-76,-183],[-760,-276],[-403,460],[-1185,267],[-190,-57],[-107,-115],[-221,-109],[-7,-58],[-304,-42],[22,-130],[-327,-115],[0,-146],[-84,-89],[-233,-34],[-424,-145],[-533,107],[-598,-239],[-317,73],[-89,68],[-252,-18],[-215,39],[-582,326],[-201,62],[-234,29],[-409,-117],[-272,16],[-166,55],[-215,213],[-704,217],[-200,-23],[-556,-182],[-632,60],[-344,-111],[-908,52],[25,-137],[-155,-148],[31,-320],[-64,-66],[-170,-590],[-6,-304],[-352,-376],[-287,-195],[-188,-304],[-296,-166],[-184,-235],[-677,-618],[-210,-401]],[[461041,490593],[-206,-235],[-549,-311]],[[460286,490047],[-733,-161],[-239,-110],[-292,-64],[-654,54],[-293,-63],[-339,-174],[-577,-111],[-423,-269],[-940,-153],[-940,-269],[-211,10],[-737,-93],[-408,27],[-200,-32],[-186,-148],[-138,-42],[-254,-5],[-385,-84],[-293,-238],[-200,-84],[-216,74],[-92,154],[-169,58],[-69,80],[-300,53],[-70,-85],[-8,-227],[-339,-122],[-584,96],[-85,75],[-385,5],[-377,-121],[-685,17],[-424,-95],[-269,-10],[-262,-105],[-547,-79],[-625,7],[-1,187],[155,301],[-17,188],[-205,193],[-50,270],[80,192],[-16,420],[-233,180],[-336,68],[-188,325],[-210,83],[-177,223],[-222,36],[-142,83],[-223,4],[-153,196],[103,172],[-28,118],[63,118],[229,144],[137,243],[-709,185],[-74,118],[17,137],[-580,275],[-91,173],[18,267],[-103,231],[-238,291],[-45,164],[57,90],[-415,330],[58,255],[-210,259],[68,98],[-28,94],[81,239],[-137,153],[86,180],[-249,400],[-285,87],[-154,-8],[-256,126],[-52,-15],[-51,62],[52,134],[-57,121],[-341,48],[-430,177],[-216,217],[-68,228],[24,192],[-85,141],[-410,291],[-399,90],[-375,205],[-346,55],[-13,55],[388,262],[-79,51],[12,216],[-142,137],[-5,149],[-126,94],[-22,169],[-319,-66],[-308,-125],[-63,43],[-199,4],[-69,126],[-659,514],[-410,1],[-148,141],[-376,150],[36,447],[-85,200],[120,290],[-46,194],[-227,176],[-65,353],[-113,109],[-13,291],[117,176],[-171,263],[-52,280],[-168,155],[-124,485],[-129,126],[0,115],[-113,146],[-364,215],[-182,262],[-424,288],[46,230],[-52,188],[160,188],[8,219],[-60,58],[8,120],[-148,98],[11,101],[-249,377],[-461,18],[-265,187],[-173,6],[-115,70],[-114,400],[-119,199],[178,191],[-26,135],[81,329],[-470,177],[-459,413],[-297,-43],[-403,22],[-120,80],[-247,342],[5,149],[-230,135],[-43,158],[-477,120],[-168,104],[-80,116],[-56,296],[-198,351],[-323,259],[-92,138],[-262,12],[-339,443],[-209,1000],[342,104],[352,38],[66,52],[30,334],[57,71],[-113,125],[-9,150],[-246,268],[29,262],[-142,124],[39,333],[-132,131],[-122,477],[-311,569],[124,183],[-171,59],[-151,261],[-274,112],[-48,72],[219,196],[-179,196],[-38,144],[48,65],[-18,196],[114,150],[-374,2],[-68,66],[-287,32],[-22,210],[-100,182],[70,232],[-327,383],[-241,154],[-204,333],[-135,471],[69,84],[-48,305],[-224,135],[-208,339],[74,458],[-72,150],[28,242],[-104,94],[-30,536],[151,219],[-117,295],[261,514],[10,154],[165,244],[126,574],[-337,496],[-336,261],[-103,308],[-404,364],[-176,430],[-13,276],[-81,216],[-304,365],[-85,248],[-231,220]],[[424451,525789],[136,318],[-24,171],[-211,237],[-429,322],[-478,136]],[[423445,526973],[-273,189],[-95,204],[-232,1243]],[[422845,528609],[-166,241],[-408,312],[-127,247],[-161,120],[12,235],[119,340]],[[422114,530104],[-160,324],[-13,288],[143,480]],[[422084,531196],[399,578],[64,273],[-55,364]],[[422492,532411],[38,95],[467,408]],[[422997,532914],[25,429],[77,229],[-166,356],[64,255],[-122,254],[-240,273],[83,238],[-77,233],[429,244],[46,138],[-217,298],[-89,508],[19,327],[-197,313],[17,253],[132,188],[233,165],[238,73],[478,36],[167,105],[30,138],[-64,253],[25,253],[-152,176],[118,138],[-97,97],[-64,218],[-348,167],[-119,274],[-84,455],[-243,130],[200,174],[9,273],[490,319],[80,194],[273,313],[234,504],[323,272],[-46,157],[113,287],[-68,660],[66,167],[-180,240],[-175,128],[79,96],[-20,102],[-397,376],[-202,293],[-214,162],[-596,839],[-31,108],[101,431],[-41,136],[-156,83],[-321,78],[-272,295],[-641,356]],[[421507,547171],[-35,476]],[[421472,547647],[-355,28]],[[421117,547675],[-146,35],[-168,101]],[[450760,294118],[-297,-95]],[[450463,294023],[-749,-5],[-254,-152]],[[449460,293866],[-401,-134],[-175,-124],[33,-84],[256,-213],[41,-223],[-93,-152],[-274,-119],[-615,-143],[-408,-152]],[[447824,292522],[-917,7],[-301,-138],[-167,-207],[34,-172],[302,-465],[-65,-244],[-476,-382],[-1129,-100],[-353,-535],[-633,-61],[-310,-104],[-580,-108],[-458,122],[-597,-47],[-176,33],[-319,239],[-504,103],[-639,352],[-213,7],[-280,-120],[-274,-29],[-415,205],[-251,294],[-192,36],[-20,-131],[-435,-456],[-168,-485],[-778,-353],[-522,-318],[-351,-311],[-139,-30],[-250,-171]],[[436248,288953],[-293,-50]],[[435955,288903],[-449,484],[-163,-2],[-355,-131],[-170,29],[-114,73],[-180,246],[-68,228],[-46,558]],[[434410,290388],[-209,149],[-421,77],[-450,-19]],[[433330,290595],[-294,-69],[-705,-294]],[[432331,290232],[-131,-4],[-202,47]],[[431998,290275],[-655,318],[-895,265],[-545,472],[-905,133],[-632,15],[-364,200],[-867,150],[-221,217],[-575,132],[-1083,500],[-128,19],[-284,-68],[-644,-326],[-284,8]],[[423916,292310],[-531,-182]],[[423385,292128],[-110,-447]],[[423275,291681],[167,-347],[-11,-246],[-181,-264],[-399,-376],[-35,-475],[-702,-427],[-531,-230],[-739,-515],[-90,-118],[-662,-437],[-173,-267],[-326,-225],[-195,-220],[-483,-138],[-139,-110],[-127,-212],[-371,-210],[-217,-35],[-89,-78],[-179,-42],[-133,-136],[-256,-13],[-252,-121],[-120,-10],[-130,-176],[-462,-308],[-1035,-477],[-268,-41],[-133,-169],[-199,0],[-176,-59],[-525,-373],[-479,-214],[-414,-282],[-431,-166],[-300,-381],[-299,-166],[-298,-77],[-1541,-986],[-1026,-189],[-278,-134],[-217,-188],[-435,-148],[-294,-187],[-551,-1435],[101,-134],[-136,-281],[-179,-224],[-210,-72],[-336,-617],[-346,-279],[-257,-139],[-520,-512],[-197,-329],[-14,-214],[-217,-292],[-39,-210],[-857,-1241],[-350,-241],[-337,-101],[-241,-11],[-339,-154],[-283,-48],[-363,-136]],[[402421,275038],[-520,-80],[-369,-155],[-347,-243]],[[401185,274560],[-157,-23]],[[401028,274537],[50,-102],[380,-293],[739,-706],[839,-934],[749,-944],[630,-955],[678,-1523],[228,-627],[210,-1162],[4,-150],[-278,-799],[0,-437],[233,-1958],[-23,-351],[69,-56],[53,45],[107,-10],[-68,-49],[87,-8],[25,-84],[-143,-64],[-43,99],[-51,-146],[84,-412],[28,-768],[-152,-1316],[-290,-1225],[-575,-1882],[-406,-964],[-1195,-1775],[-193,-845],[65,-1007],[-114,-670],[-102,-270],[-117,-19],[36,-56],[-83,64],[72,-65],[-36,-166],[-69,-28],[13,-191],[-428,-892],[-428,-483],[-49,-449],[-208,-503],[5,-266],[-175,-184],[-4,-218],[-129,-118],[-136,-349],[-341,-549],[35,-140],[-81,-351],[96,-168],[175,-70],[-114,-40],[137,31],[-4,-119],[-82,7],[76,-20],[-29,-44],[-68,-61],[-46,30],[43,-33],[-147,-73],[-109,2],[-170,-77],[-96,55],[21,-68],[-197,-88],[-42,-88],[81,-145],[135,-69],[273,-267],[101,-185],[-6,-164],[-485,-306],[-115,-223],[-368,-293],[11,94],[-50,-5],[-32,119],[-163,-53],[-126,66],[-197,-22],[-25,60],[-173,58],[-55,125],[140,252],[-429,108],[-479,60],[-444,344],[-545,294],[-164,190],[-247,17],[-274,-291],[-227,-21],[-233,-183],[-124,-16],[-20,137],[56,96],[637,573],[-116,384],[527,497],[45,147],[288,147],[203,620],[176,87],[-532,82],[-66,57],[3,111],[-583,24],[-266,-42],[-785,88],[-221,-62],[-437,-9],[-194,-48],[-594,-362],[-301,-36],[-424,-153],[-961,204],[-679,-150],[-311,-165],[-119,13],[36,-65],[-67,-89],[73,-356],[180,-287],[-17,-117],[74,-138],[-44,-181],[-219,-185],[-630,-74],[-200,-273],[-374,-299],[-52,-354],[-79,-126],[36,-84],[-84,-47],[-48,-191],[-147,-168],[90,-406],[-7,-270],[-141,-315],[19,-163],[-83,-51],[-40,-155],[-443,-303],[244,-83],[49,-78],[-144,-750],[300,-47],[672,29],[465,-97],[99,63],[56,-42],[169,26],[938,-208],[160,-68],[-26,-257],[359,-166],[118,142],[199,-100],[161,43],[208,230],[220,100],[426,-6],[436,-159],[266,-361],[170,-3],[355,300],[125,-33],[232,187],[215,62],[-163,190],[117,116],[-87,94],[30,142],[148,138],[-2,233],[142,58],[189,-50],[77,38],[-282,112],[-7,90],[171,94],[158,-3],[9,-81],[302,100],[515,-41],[161,-57],[36,-409],[162,-198],[270,-44],[23,-55],[164,-41],[390,-25],[116,-52],[89,-214],[-61,-277],[-218,-92],[-182,16],[-230,-272],[-371,-165],[-12,-51],[67,-172],[241,-43],[296,-210],[204,-38],[-16,-69],[536,-289],[433,-462],[63,-236],[-118,-165],[169,-230],[-14,-151],[106,-145],[15,-657],[-149,-351],[-232,-283],[-268,-82],[-496,-17],[-82,-136],[90,-176],[173,-71],[60,-100],[191,-70],[61,-120],[361,-143],[114,-156],[428,-111],[349,-333],[96,-316],[-88,-245],[-250,-142],[-245,80],[-135,-246],[122,-323],[-16,-168],[167,15],[89,-75],[102,69],[-10,-135],[75,46],[164,-162],[86,-339],[-49,-150],[-247,-206],[-297,-25],[-229,127],[-162,33],[-114,-18],[-143,-94],[73,-651],[-54,-475],[-468,-182],[-252,-198],[-188,13],[-101,73],[-256,-62],[286,-154],[14,-232],[150,-59],[159,-156],[-101,-198],[-48,-538],[141,-250],[132,-33],[105,-107],[124,-213],[6,-164],[-101,-122],[-318,-45],[19,-295],[-63,-122],[449,-396],[106,-379],[-69,-133],[-404,-227],[-432,-136],[-177,6],[-74,-101],[215,-6],[203,-89],[232,-366],[211,-84],[311,-395],[240,-133],[16,-192],[-87,-144],[-10,-233],[128,-218],[216,-158],[262,228],[255,363],[338,235],[75,360],[219,212],[33,207],[298,398],[14,167],[-28,171],[-108,132],[-34,-446],[-96,-241],[-862,980],[-71,148],[-201,74],[-40,111],[42,71],[369,106],[500,-107],[545,-361],[35,-68],[-53,-171],[99,-68],[52,15],[17,112],[124,63],[866,125],[634,-27],[372,-74],[382,-138],[357,-253],[46,-116],[-186,-265],[28,-180],[184,5],[22,-88],[190,-111],[155,-29],[237,32],[118,-36],[31,-95],[124,-57],[131,24],[163,115],[208,-25],[213,-445],[124,-21],[21,-116],[167,-137],[1,-103],[-124,-143],[135,-119],[60,-308],[189,15],[157,-200],[329,-79],[20,-81],[141,-28],[51,-86],[163,-70],[29,74],[83,16],[168,-45],[89,-111],[241,-12],[365,-315],[16,-140],[103,-11],[99,66],[170,25],[645,-271],[642,-351],[438,-359],[654,-807],[26,-134],[-184,-234],[16,-102],[162,-194],[9,-168],[760,-716],[203,-297],[407,-338],[162,-204],[248,-509],[118,-658],[-201,-628],[-100,-137],[-145,-63],[-573,-25],[-401,65],[-68,50],[-854,41],[-121,-48],[-451,13],[-236,-147],[92,-43],[132,-208],[146,-62],[28,-131],[190,-67],[160,-155],[87,-227],[-147,-125],[222,-19],[122,-110],[23,-169],[178,31],[74,-47],[-12,-134],[232,24],[24,-148],[276,15],[38,-62],[406,-131],[121,15],[297,-73],[163,-89],[161,8],[69,-60],[553,-111],[875,-280],[656,-239],[1070,-504],[194,-116],[145,-174],[147,-27],[101,-75],[98,-165],[-34,-95],[152,6],[64,-181],[320,-231],[135,-8],[106,-64],[112,-123],[-1,-83],[457,-288],[44,-258],[84,-43],[12,-127],[172,-64],[46,-63],[351,-96],[113,-103],[253,-23],[885,-318],[184,-113],[59,-109],[79,-16],[40,-180],[132,-26],[34,-89],[81,35],[381,-108],[1136,-429],[947,-500],[380,-309],[18,-91],[-111,-185],[146,-133],[-52,-190],[138,-22],[101,-74],[206,-342],[70,-212],[-38,-254],[114,-108],[-19,-182],[-65,-43],[83,-96],[-72,-72],[-95,1],[63,-53],[-146,-21],[11,-58],[-85,-4],[-38,-234],[-145,-127],[-57,-149],[98,-43],[-212,-91],[0,-84],[-107,-87],[181,-76],[15,-34],[-69,-20],[29,-45],[139,-57],[398,-50],[512,-289],[21,-143],[-69,-80],[200,56],[105,-25],[-88,-174],[346,-155],[243,-222],[106,-216],[95,-20],[-10,-71],[89,-13],[44,-86],[145,2],[109,-158],[520,-263],[432,-410],[84,-226],[-110,-134],[-208,-91],[102,-160],[-29,-231],[36,-151],[292,-335],[154,-312],[-86,-235],[-213,-82],[-132,1],[-33,-140],[435,-478],[14,-121],[165,-214],[-51,-168],[130,-235],[-51,-162],[-213,-84],[33,-87],[-107,-218],[38,-70],[211,-48],[248,-209],[371,-595],[155,-15],[105,-86],[455,-115],[439,-239],[253,-69],[93,-85],[1561,-480],[1752,-852],[444,-404],[96,-360],[-64,-195],[-415,-121],[-46,-112],[702,-189],[683,-237],[205,-118],[488,-105],[2643,-785],[1827,-676],[219,-122],[748,-233],[49,-119],[130,18],[14,-71],[319,-91],[22,-72],[376,-89],[866,-409],[165,-383],[113,12],[2259,-800],[439,-281],[231,-57],[104,-85],[258,-70],[189,-143],[87,-1],[-47,-83],[122,-5],[-36,-71],[133,-1],[92,-81],[95,-13],[196,-179],[164,-6],[444,-130],[1150,-363],[52,-60],[201,-10],[198,-108],[841,-222],[5431,-1836],[2174,-832],[1339,-642],[304,-203],[444,-180],[845,-490],[580,-434],[483,-519],[242,-123],[126,-204],[-140,-351],[-666,-64],[93,-145],[-61,-129],[-137,-60],[136,-80],[-79,-145],[39,-121],[-199,-206],[108,-237],[247,-251],[975,-479],[105,-182],[253,17],[328,-125],[133,-143],[1320,-432],[532,-248],[-4,-178],[265,92],[614,-158],[130,-198],[-3,-206],[114,-21],[9,-94],[142,-24],[62,-153],[-63,-167],[161,-192],[153,-33],[-35,-116],[70,-56],[12,-159],[183,-110],[554,-22],[50,-67],[-67,-116],[131,-85],[-82,-71],[156,-47],[72,-100],[-28,-58],[157,33],[5,-135],[415,-125],[94,-242],[-167,-311],[403,-436],[13,-369],[66,-57],[188,13],[219,-88],[398,-291],[268,-270],[137,-507],[89,-100],[-81,-324],[32,-146],[350,-121],[231,-145],[-9,-274],[91,-334],[394,-101],[272,-152],[343,-388],[168,-303],[45,-388],[-161,-138],[-39,-117],[-145,-92],[101,-240],[117,-78],[81,0],[13,172],[329,200],[76,156],[474,183],[178,-27],[187,-152],[167,-56],[68,-145],[173,-82],[0,-189],[-195,-198],[87,-155],[166,-5],[177,144],[192,-2],[11,84],[94,42],[-85,126],[13,110],[479,163],[602,-26],[925,-177],[689,-210],[213,-111],[278,-31],[2073,-620],[700,-362],[75,-115],[149,-12],[624,-301],[853,-524],[500,-422],[167,56],[203,-110],[754,-771],[630,-917],[55,-430],[-196,-549],[-221,-167],[-197,-279],[-268,-96],[-637,97],[-92,50],[-235,-34],[-399,72],[-113,75],[-167,3],[-268,100],[-91,-13],[-470,167],[-263,-2],[-114,55],[13,-79],[-60,-49],[270,-43],[191,-257],[237,-25],[499,100],[98,-210],[-73,-114],[160,33],[158,-69],[143,16],[84,-161],[200,-68],[149,-120],[-4,-103],[-88,-79],[-200,-5],[26,-106],[345,-116],[227,60],[197,-154],[-25,-137],[142,-329],[352,-73],[115,84],[334,43],[280,-146],[-13,-260],[50,-43],[324,81],[85,79],[179,-75],[224,43],[130,-67],[560,38],[635,-351],[251,-23],[166,-67],[230,-219],[830,-210],[107,-118],[263,-122],[285,-320],[431,-350],[285,-639],[45,-190],[-50,-368],[-138,-308],[-242,-257],[-161,21],[-52,-30],[-82,38],[35,-145],[-93,-46],[-41,67],[19,-53],[-52,-4],[-177,83],[-207,219],[-246,-162],[-131,6],[27,37],[-87,-11],[-66,56],[-146,-90],[-185,28],[-23,-72],[-151,14],[-1,56],[-56,10],[-16,-36],[-70,10],[-42,57],[-202,-54],[-96,52],[-56,-98],[-135,-28],[-21,-243],[-342,-45],[6,-118],[-138,-181],[145,-84],[223,122],[260,34],[83,-62],[39,-126],[178,16],[456,-220],[404,-20],[430,-122],[141,-83],[139,-28],[107,28],[151,-149],[120,-294],[-39,-363],[175,61],[174,-56],[351,84],[395,-140],[212,-239],[126,-490],[332,13],[268,87],[330,-67],[507,38],[329,-177],[329,-9],[493,-141],[232,-123],[120,-161],[287,-13],[62,-102],[-151,-132],[77,-104],[97,137],[289,42],[99,-21],[252,-192],[662,5],[38,-103],[98,-61],[9,-116],[233,14],[181,-97],[296,-272],[-14,-122],[-149,-183],[-161,-62],[53,-55],[1057,441]],[[509189,174696],[648,37],[586,-63],[229,-83]],[[512168,175039],[1583,331],[1158,515]],[[516595,177043],[1181,356],[286,336],[259,183],[803,167]],[[527020,183972],[117,262],[-110,108],[-467,33]],[[524265,186683],[-224,156],[62,209]],[[525730,187966],[74,122],[52,445],[-113,333]],[[524777,190356],[-13,237],[-317,210]],[[524447,190803],[-4,80],[-112,111],[-321,85]],[[508928,207448],[-464,321],[-103,39]],[[508361,207808],[-416,-105],[-149,64],[-457,73]],[[501253,204606],[-340,93],[-588,-174]],[[497899,204268],[-769,9],[-596,-63]],[[495499,203567],[-468,-222],[-216,17]],[[494400,203985],[-172,348],[118,589],[-79,222]],[[493960,208359],[-28,372],[-52,70],[-102,20]],[[493087,224864],[-740,72],[-117,109],[-3,229],[-160,571]],[[492565,226505],[299,430],[182,483]],[[494133,230061],[438,456]],[[494571,230517],[127,310],[-278,711]],[[478834,235238],[-126,66],[-70,53]],[[478647,235429],[103,99],[297,216]],[[479047,235744],[344,167],[318,332]],[[480214,236499],[356,309],[323,469]],[[461926,242439],[-145,-75],[-106,55]],[[461544,242528],[-332,-51],[-294,97]],[[456832,243689],[-187,53],[-172,-64],[-348,-43],[-301,179]],[[455824,243814],[27,251],[-178,100],[-267,35],[-347,423],[-28,169]],[[454707,245942],[-37,200],[103,67]],[[455744,246521],[108,-21],[488,82],[198,182],[380,135],[138,336]],[[457365,247379],[220,-7],[237,168]],[[457822,247540],[-87,900]],[[460069,272145],[-352,687],[-188,108]],[[436849,270135],[-654,17],[-290,53],[-324,111],[-204,216]],[[448895,290008],[-92,238],[-5,209],[122,159],[665,309]],[[450241,291129],[119,326],[347,198]],[[450956,291706],[258,276],[-52,258],[-84,105]],[[451690,293286],[-362,510],[-302,221],[-27,17],[-239,84]],[[477940,410740],[-189,-68],[-597,-327]],[[477154,410345],[-321,-268],[-380,-27]],[[476453,410050],[-76,145],[-128,60],[-261,-96],[-385,77],[-378,17],[-289,186],[-200,387],[-330,57],[-243,121],[-132,146],[-217,-10],[-368,162],[-261,358],[-215,21],[-84,59],[-28,186],[-279,345],[-545,96],[-250,-42],[-434,-209],[-239,-271],[-39,-130],[-177,-118],[-67,-172],[-147,-131],[522,-60],[-75,-305],[117,-147],[-127,-121],[50,-133],[-53,-37],[18,-126],[-334,-376],[-186,-385],[-410,-2],[-871,-325],[-194,-306],[-339,-176],[-94,0],[-191,112],[-467,499],[-81,28],[-482,-106],[-165,-143],[-268,-52],[-223,-161],[25,130],[151,122],[59,179],[-126,469],[142,55],[236,-84],[226,37],[179,212],[475,325],[55,117],[152,45],[-73,224],[84,193],[77,553],[151,281],[-23,216],[86,325],[-177,239],[-205,471],[34,283],[-265,303],[-139,364],[71,520],[60,21],[-927,340],[-548,115],[-518,-175],[-345,-44],[-905,402],[-248,-32],[-659,-192],[-401,40],[-210,-21],[-186,76],[-258,3],[-258,-71],[-64,-57],[80,-372],[-325,-391],[-137,-552],[-235,-178],[-251,-94],[-159,12],[-310,125],[-3,479],[-85,240],[-249,63],[-248,218],[-80,192],[-381,96],[-257,-196],[-352,34],[-508,225],[-413,-134],[-215,132],[-251,-24],[-213,40],[-243,198],[-310,106],[-105,263],[-169,-12],[-243,77],[-167,-11],[-294,72],[-214,-46],[-359,-210],[-566,87],[-244,204],[30,116],[-270,399],[-372,207],[-77,-177],[38,-155],[-297,-479],[-152,-111],[11,-163],[-145,-415],[33,-174],[-52,-116],[136,-173],[24,-263],[-52,-164],[-144,-133],[25,-140],[-80,-90],[42,-191],[-420,-642],[-178,-480],[-401,-232],[-69,-301],[-530,-14],[-371,-128],[-180,-162],[-226,-339],[-194,-29],[-479,64],[-708,-115],[-570,-42],[-417,-93],[-382,23],[-190,81],[-464,96],[-117,-101],[-409,1],[-225,-89],[-553,-100],[-110,-111],[-271,-114],[-114,-206],[-471,-197],[-275,95],[-743,104],[-119,76],[-26,119],[354,242],[22,66],[-188,428],[-185,124],[-670,10],[-298,91],[-250,-16],[-76,58],[-351,51],[-536,265],[-940,-25],[-73,-23],[14,-73],[-125,-181],[-416,-230],[-203,-217],[-607,-157],[-438,-213],[-184,-43],[-305,-12],[-225,125],[-603,117],[-702,10],[-319,62],[-258,-39],[-80,-87],[-761,-408],[-566,-259],[-234,-200],[-434,-232],[-227,-385],[-26,-216],[55,-239],[249,-279],[21,-137],[-82,-137],[-294,-77],[-465,-5],[-379,-109],[-272,-285],[-91,-184],[-187,-79],[-111,-15],[-291,103],[-323,174],[-249,19],[-174,416],[-531,295],[-173,23],[-104,-53],[0,-174],[-108,-61],[-130,-211],[-380,93],[-120,296],[-231,97],[-160,10],[-475,-128],[-456,56],[-390,-78],[-328,77],[-1082,-181],[-195,8],[-363,-179],[-109,-261],[-107,-109],[-177,-59],[-618,-14],[-269,-158],[-152,-188],[-211,500],[114,495],[-491,147],[-609,271],[-112,132],[-254,145],[-40,160],[-144,110],[-53,332],[-228,207],[-253,-38],[-423,78],[-685,605],[-421,189],[-193,185],[-324,109],[-150,127],[-165,2],[-137,-40],[-205,-222],[-454,-102],[-200,-97],[-120,-196],[8,-312],[-314,-172],[-177,-46],[-738,-660],[-393,-167],[-461,-351],[-262,-268],[-308,-220],[-243,-412],[-451,-158],[-513,24],[-816,-187],[-414,-281],[-695,-184],[-67,-59],[60,-68],[-64,5],[-306,-183],[-81,-199],[-124,-97],[-160,-29],[-71,-202],[32,-171],[-129,-125],[-44,-156],[-81,-39],[-125,-196],[-103,8],[-78,-84],[14,-326],[-375,-153],[-76,-133],[-353,-185],[-68,-425],[-488,-214],[-199,-186],[-168,-331]],[[410806,403598],[-162,-110],[30,-299],[226,215],[76,-84],[169,133],[470,38],[207,-161],[-135,-127],[157,-128],[-149,-67],[32,-30],[413,-41],[697,43],[446,-104],[895,-5],[396,-50],[-34,-54],[197,-39],[378,-265],[149,-188],[167,-103],[258,-281],[81,-2],[163,-191],[280,-45],[264,-151],[60,-205],[-79,-19],[-83,39],[-2,-115],[106,-23],[78,-106],[7,-196],[-62,-56],[66,-101],[-28,-72],[175,-211],[25,-269],[83,-99],[261,-81],[-50,141],[113,34],[113,-31],[25,-88],[113,-48],[93,120],[156,47],[207,-116],[14,-143],[85,-28],[56,17],[3,117],[86,45],[513,-189],[54,12],[47,129],[238,7],[188,-53],[304,-316],[-3,-119],[-162,-58],[37,-84],[117,-31],[-124,-299],[93,-148],[128,-4],[70,-115],[-179,-20],[-112,50],[-246,-128],[-15,-234],[-288,-23],[-225,-86],[-9,-154],[-137,-81],[-7,-79],[-169,-44],[-152,-143],[87,-124],[-2,-131],[-157,-126],[-24,-126],[307,-184],[83,-119],[-218,-272],[-362,-208],[-169,-43],[-385,64],[-201,-163],[-426,-101],[-358,48],[-193,138],[-205,-1],[-148,-104],[-156,-351],[-210,171],[-65,-5],[-25,-416],[-90,-83],[-175,20],[-74,-139],[282,-228],[26,-100],[-143,-94],[-314,114],[-214,-49],[-523,22],[-391,168],[-42,132],[-84,35],[-584,-119],[-171,30],[-94,-95],[18,-236],[-108,-175],[298,-139],[-112,-33],[-741,352],[-142,158],[-276,-3],[-203,69],[-149,205],[-372,173],[5,144],[-146,-28],[-138,289],[15,47],[187,66],[-181,231],[42,83],[135,67],[-49,67],[-244,-7],[-339,105],[-91,-58],[-36,68],[-385,-55],[-469,334],[-232,30],[-225,-40],[-390,747],[-28,194],[-307,310],[-286,113],[-376,49],[7,84],[-384,221],[-301,3],[-126,157],[-83,7],[-60,69],[-97,398],[-395,176],[-413,33],[-227,146],[-219,519],[-200,250],[-142,59],[-533,523],[-253,151],[-299,421],[-136,323],[-394,252],[-17,95],[-601,587],[-160,238],[-16,116],[-270,77],[-239,183],[-102,100],[-114,286],[-410,246],[-370,517],[12,298],[-275,157],[-69,121],[-255,197],[-280,149],[-486,49],[-366,-85],[-499,194],[-203,-250]],[[398341,405600],[19,-241]],[[398360,405359],[191,-268],[-113,-232],[-52,-299]],[[398386,404560],[123,-429],[44,-41],[291,26]],[[398844,404116],[82,-119],[-110,-201],[78,-13],[212,80]],[[399106,403863],[266,-164],[24,-72],[-53,-82],[-292,-38]],[[399051,403507],[9,-116],[163,-24],[6,-100],[-58,-51]],[[399171,403216],[-162,-10],[-107,61]],[[398902,403267],[29,-154]],[[398931,403113],[-124,-111],[102,-163]],[[398909,402839],[263,-157],[-86,-141]],[[399086,402541],[279,-37],[-91,-201],[113,-253],[-66,-215],[66,-70],[225,-83],[-79,-185],[186,-98],[290,48],[161,-158],[-133,-110],[-193,-52],[106,-140],[145,-72],[27,-95],[-49,-67],[-222,-47],[-19,-106],[117,-111],[145,-49],[252,-270],[-360,-136],[-90,5],[-42,-116],[175,-87],[60,-90],[447,-77],[-85,-174],[80,-258],[601,-74],[21,-114],[-164,-91],[9,-39],[138,-68],[231,30],[73,-148],[-31,-91],[-143,-66],[168,-121],[-189,-106],[69,-267],[-179,-383],[-137,-132],[96,-94],[-15,-236],[-126,-223],[-217,-116],[35,-203],[-169,-143],[-83,-341],[86,-536],[445,-497],[154,-63],[313,5],[285,-274],[284,-151],[146,-293],[244,7],[67,-47],[71,-94],[-44,-119],[86,-154],[264,-62],[151,-106],[21,-241],[316,-375],[-380,-5]],[[403028,393206],[-632,-292],[-417,290]],[[401979,393204],[-471,167],[-223,234]],[[401285,393605],[-241,9],[-304,-151]],[[400740,393463],[-295,-263],[-441,-67],[-408,117],[-371,174],[-285,203],[-463,109],[-246,138],[-334,-29],[-322,48],[-406,230],[-644,-10],[-476,62],[-86,66],[-701,1148],[-146,751],[131,275]],[[395247,396415],[-79,59],[-1012,380]],[[394156,396854],[-382,61],[-367,-120]],[[393407,396795],[-405,-405],[-173,-88],[-176,-26],[-203,155],[-456,208],[-626,110],[-72,56],[-207,0],[-595,187],[-414,45],[-31,77],[87,215],[-39,45]],[[390097,397374],[-221,105],[-489,95],[-130,-57],[-254,-235]],[[389003,397282],[-1274,-3],[-601,-71],[-388,81],[-324,-45],[-147,-187],[-141,-11],[-141,30],[-272,205],[-624,248],[-403,-468],[-103,-8],[-167,94],[-229,-13],[-233,-309],[-895,-23],[-393,79],[-320,-163],[-234,-12]],[[382114,396706],[-506,-152],[-165,-233]],[[381443,396321],[78,-476],[-168,-88],[-116,-320],[-787,-118]],[[380450,395319],[-1054,-275],[6,-160],[68,-92],[500,-329]],[[379970,394463],[99,-385],[208,-160],[-39,-158],[249,-193],[38,-604],[164,-438],[-45,-172],[-288,-169],[100,-248],[149,-92],[232,-43],[150,-228],[294,-147],[239,-345],[14,-424],[-125,-167],[-57,-524],[430,-476],[71,-194],[131,-114],[164,-333],[72,-369],[-99,-170],[-31,-212],[-416,-19],[-47,-126],[230,-291],[225,-123],[80,-179],[281,-97],[259,-255],[748,-18],[321,-52],[430,-216],[91,-184],[-121,-23],[-189,130],[-202,-6],[-115,-171],[-200,-59],[-264,-165],[-114,-260],[-377,-286],[-117,-227],[433,-351],[214,-352],[552,-414],[45,-196],[-143,-238],[384,-298],[16,-142],[152,-156],[47,-198],[469,-487],[269,-132],[332,-52],[1026,77],[201,-308],[404,-183],[36,-317],[133,-229],[38,-559],[470,-243],[91,-134],[-39,-160],[431,-300],[313,-340],[26,-157],[143,-81],[36,-101],[-227,-348],[-512,-236],[-83,-57],[15,-70],[382,-308],[841,-1134],[181,-166],[462,-60],[673,148],[162,-28],[163,-965],[40,-125],[145,-123],[119,-548],[-43,-127],[-128,-96],[-219,2],[-237,-79],[-123,-223],[358,-636],[-30,-207],[274,-43],[134,-160],[782,-511],[-12,-281],[198,-172],[119,2],[319,128],[252,4],[164,-458],[-62,-150],[23,-377],[-74,-210],[836,-122],[127,87],[396,29],[388,-105],[174,-163],[-14,-263],[360,-60],[80,-277],[216,-241],[212,-76],[446,24],[379,-211],[348,-420],[9,-117],[-141,-311],[329,-462],[-15,-254],[74,16],[120,282],[184,105],[479,-134],[342,250],[342,154],[229,19],[168,81],[98,103],[166,424],[395,282],[214,29],[590,-129],[916,140],[337,-141],[98,2],[158,157],[44,127],[170,113],[46,289],[266,144],[111,-5],[68,-66],[59,-261],[123,-134],[293,-49],[269,-153],[-60,-244],[41,-53],[300,22],[286,-139],[344,-44],[54,-285],[427,-480],[237,-9],[296,60],[254,-158],[166,-214],[-43,-437],[66,-111],[104,-83],[258,-57],[208,-219],[20,-106],[-90,-85],[-437,18],[-335,-228],[-336,-76]],[[404977,367581],[-167,-109],[-162,-234]],[[404648,367238],[31,-106],[222,-71],[69,-109]],[[404970,366952],[323,-181],[-8,-176]],[[405285,366595],[200,-255],[-100,-151],[-227,-176]],[[405158,366013],[-361,-176],[-146,-174],[-475,-259],[238,-471],[187,-99],[345,-37],[144,-155],[-44,-85],[-228,-161],[144,-217],[53,-221],[-23,-139],[-106,-74],[-63,-145],[-100,-54],[-378,42],[-162,-97],[-213,-286],[13,-144],[171,-241],[156,-120],[1,-270],[104,-144],[-54,-139],[142,-190]],[[404503,361957],[-125,-295],[325,-533],[115,-40]],[[404818,361089],[586,48]],[[405404,361137],[142,-35],[194,-88]],[[405740,361014],[299,-325]],[[406039,360689],[465,-246],[228,-306],[-31,-360]],[[406701,359777],[302,-170],[77,-114],[236,-96],[74,-143],[497,-276],[274,-229],[351,-126],[379,137],[137,255],[223,-144],[255,-74],[166,-342],[14,-215],[186,-116],[590,-143],[229,-272],[329,-197],[160,-212],[277,-199],[151,-377],[361,-309],[8,-226],[145,-184],[477,-285],[43,-239],[248,-395],[306,-115],[140,-216],[330,-319],[486,-149],[318,-322]],[[414470,353965],[1280,-598],[145,-296]],[[415895,353071],[393,-351],[-39,-424],[164,-83],[-82,-305],[37,-160],[-268,-100],[-270,-18],[-83,-57],[27,-260],[152,-201],[-101,-170],[65,-94],[171,-77],[44,-190],[-27,-126],[-102,-82],[-5,-142],[91,-80],[186,-6],[-110,-239],[53,-268],[324,-42],[138,-67],[69,-96],[392,-232],[170,-359],[624,-276],[605,-352],[279,-90],[102,-175],[321,-282],[195,-53],[423,55],[451,-43],[503,-231],[91,-293],[80,-1],[232,129],[152,157],[473,69],[473,232],[370,-20],[484,-249],[311,62],[106,137],[389,-52],[282,-114],[7,-128],[159,-207],[623,147],[627,207],[389,182]],[[426035,347653],[353,18],[879,-192]],[[427267,347479],[123,-85],[271,-408],[240,-87],[204,29],[88,151],[229,51],[70,61]],[[428492,347191],[817,-7],[159,-25]],[[429468,347159],[646,-347],[621,-31],[199,-99],[343,-58],[508,-228],[612,-45],[364,108],[596,-770]],[[433357,345689],[77,-206],[130,-40],[306,34]],[[433870,345477],[160,85],[123,127]],[[434153,345689],[65,266],[406,106],[345,-382],[929,-509],[252,-249],[1156,-307],[31,-189],[237,-57],[397,-386],[855,-427],[329,164],[818,97],[208,226],[450,237],[59,537],[934,-319],[185,-37],[511,7],[366,-196],[630,61],[226,-118],[379,-33],[466,225],[69,74],[716,-519],[224,-35],[670,-278],[-224,-460],[-393,-46],[-235,-222],[-208,-330],[-70,-264],[179,-41]],[[445115,342285],[396,20],[604,-146]],[[446115,342159],[908,-373],[350,-233],[204,-352]],[[447577,341201],[795,-310],[545,-315]],[[448917,340576],[259,-33],[-236,-157]],[[448940,340386],[-98,-211],[102,-91],[554,-265]],[[449498,339819],[114,-110],[152,-260]],[[449764,339449],[-21,-107],[-113,-90],[94,-181],[-610,-289]],[[449114,338782],[-486,-119],[-287,-473]],[[448341,338190],[-325,-314],[56,-578],[-295,-60],[-476,14],[-120,-301],[-272,-103],[-293,0],[-140,-53],[-171,-167],[-31,-326],[40,-38],[413,-40],[234,-96],[775,-548],[55,-60],[-43,-222],[39,-199],[550,-307],[-9,-233],[243,-287],[507,-379],[615,-613],[511,-193],[112,-116],[307,-166],[19,-453],[148,-128],[383,-32],[344,-375],[139,-275],[356,-338],[225,-143],[65,-171],[268,-316],[375,-104],[1,-110],[-276,-225],[-194,-476],[48,-273],[271,-322],[207,-44],[136,-122],[1041,-98],[224,-99],[325,-254],[623,-918],[131,-346],[460,-262],[-196,-632],[-820,-780],[144,-391],[-40,-70],[-448,-267],[-78,-479],[131,6],[21,-70],[64,55],[135,-30],[228,120],[57,-76],[-97,-430],[368,-614],[-5,-272],[-75,-110],[69,-162],[-135,-364],[61,-257],[-70,-220],[145,-135],[38,-284],[310,-217],[83,-312],[400,-539],[169,-350],[28,-263],[258,-288],[-120,-83],[-41,-191],[237,-222],[-45,-173],[228,-326],[-243,-242],[-292,-54],[-205,-90],[-62,-200],[32,-186],[-199,-163],[-294,-506],[-102,17],[-162,-54]],[[455419,317017],[-134,64],[-145,-39],[-597,-412]],[[454543,316630],[-17,-348],[-409,-273]],[[454117,316009],[15,-131],[396,-242],[33,-86],[-148,-337],[-315,-269]],[[454098,314944],[-55,-342],[-116,-73],[-299,-56],[-106,-158],[34,-437],[-307,-1020],[183,-337]],[[453432,312521],[11,-547],[61,-193]],[[495517,346180],[-174,640],[136,70],[903,-38]],[[531201,347460],[49,63],[752,33]],[[532202,347470],[652,170],[163,1],[196,-534]],[[550001,339411],[215,-7],[156,-73],[-52,-589]],[[549734,338145],[352,-284],[654,-63],[296,-220],[8,-111]],[[551044,337467],[-97,-90],[-557,-198],[-17,-88]],[[550922,336431],[-18,-229],[58,-57],[208,-7]],[[551755,336192],[154,-419]],[[551652,335189],[-81,-115],[486,-382],[712,-449]],[[552769,334243],[355,-63],[175,27],[106,295]],[[554668,334468],[342,159],[164,-15],[40,-102]],[[562864,330325],[403,-63],[128,-100],[-111,-484]],[[563284,329678],[339,-158],[321,-42]],[[565483,329299],[1106,-202],[122,24]],[[567889,329494],[-128,-323],[40,-317]],[[567801,328854],[79,-130],[365,-144]],[[568539,328594],[267,175],[144,257],[310,351]],[[580451,331509],[-141,-771]],[[588922,333520],[2275,24],[721,-68]],[[609746,325738],[64,31],[223,214],[394,244]],[[620685,336184],[274,265],[-6,220]],[[621819,338058],[367,341],[268,140]],[[628460,339387],[62,91],[-47,459]],[[628475,339937],[518,715],[-79,94]],[[622770,346900],[-118,90],[-166,355]],[[621888,348939],[289,792],[-4,288],[-287,252],[-216,118]],[[618311,353464],[-670,391],[-955,470]],[[608996,364001],[-308,399],[8,178]],[[619164,375679],[-9,80],[166,235],[228,138],[15,84],[-125,73]],[[619927,376845],[79,262],[460,193]],[[623895,380453],[-26,175],[-665,110],[-880,284],[-397,194],[-400,103],[-438,338],[-394,189],[-271,227],[-267,552],[-58,28],[-219,-19],[-304,-160],[-398,-384]],[[619178,382090],[-271,49],[-125,153]],[[618782,382292],[-70,410],[158,173],[23,121],[259,385]],[[619152,383381],[32,239],[-68,178],[-297,183],[-3,44],[409,349],[390,163],[211,196],[885,156],[72,98],[23,150],[-309,161],[55,396],[-87,194],[165,408],[506,667],[-74,394],[41,199],[180,531],[240,403],[-61,270],[49,366],[-339,202],[-71,293],[-319,397],[-13,207],[97,240],[-19,281],[-391,543],[-10,89],[130,226],[-377,743],[-153,774],[-525,1289],[27,160],[583,265],[53,82],[-46,304],[-175,385],[-362,409],[253,345],[-9,227],[-144,260],[-388,219],[-88,439],[-289,352],[-488,156],[-747,-88],[-427,277],[-230,56],[-1290,-4],[-693,217],[-233,161],[-623,198],[15,353],[-104,228],[9,96],[232,351],[-98,234],[71,121],[-948,439],[-117,244],[60,104],[-28,181],[-250,169],[-78,116],[-93,504],[51,817],[-603,430],[-400,491],[-86,196],[71,325]],[[611909,404229],[540,644],[45,149],[-133,472],[-29,623]],[[612332,406117],[-87,339],[80,266],[217,301],[59,493],[311,634],[-12,166],[-152,333]],[[612748,408649],[79,288],[-67,168],[-165,55],[-369,-43],[-307,127]],[[611919,409244],[-266,255],[-258,-112],[-464,-22],[-1130,161],[-946,272],[-529,366],[-401,157],[-402,268],[-454,212],[-336,247],[-842,394],[-262,232],[-244,39],[-418,244],[-156,233],[-388,7],[-76,176],[169,301],[-208,152],[-270,131],[-420,-74],[-144,32],[-148,79],[-144,164],[-881,561],[-215,95],[-736,138],[-135,210],[-601,370],[-232,72],[-661,83],[-439,176],[-257,266],[-167,635],[-395,181],[-1190,-104],[-265,-57],[-738,-462],[-522,-212],[-430,-73],[-105,-215],[3,-189],[155,-295],[60,-335]],[[595431,414003],[174,-245],[-174,-296]],[[595431,413462],[-99,-366],[-405,-435]],[[594927,412661],[-297,-121],[-438,-23],[-483,37]],[[593709,412554],[-885,-170],[-39,-108],[135,-117],[45,-123]],[[592965,412036],[-470,-449],[-91,-632]],[[592404,410955],[185,-201],[-105,-128],[-287,-170]],[[592197,410456],[-42,-340],[35,-201]],[[592190,409915],[374,-322]],[[592564,409593],[70,-416],[-125,-181]],[[592509,408996],[-21,-285],[-230,-685],[144,-139],[333,-81]],[[592735,407806],[141,-319],[-277,-279]],[[592599,407208],[-349,-95],[-7,-64],[172,-107],[81,-159],[-158,-143],[-371,-194],[-180,-186]],[[591787,406260],[31,-181],[211,-230],[21,-120],[-695,-653]],[[591355,405076],[-240,-118],[-175,-166]],[[590940,404792],[-631,-308],[-221,-376]],[[590088,404108],[-460,-226],[-129,-113],[-112,-272],[-27,-471],[-42,-70]],[[589318,402956],[-241,-123],[-63,-146],[33,-464]],[[589047,402223],[-174,-899],[55,-366]],[[588928,400958],[-83,-524],[-189,-404],[-29,-445],[155,-667],[46,-901],[112,-427],[-21,-1126],[-201,-433],[133,-742],[172,-286],[172,-691],[-148,-470],[25,-410],[299,-680]],[[589371,392752],[368,-306],[-183,-99]],[[589556,392347],[-634,-163],[-750,-51],[-446,95]],[[587726,392228],[-830,-96],[-241,65],[-287,480],[-305,236]],[[586063,392913],[-729,224],[-627,468]],[[584707,393605],[-400,13],[-444,-52],[-595,80],[-202,-123],[-222,-304],[-136,-57],[-665,-12],[-339,56],[-255,165],[-60,351],[-131,140],[-372,184],[-210,258],[-658,262],[-185,266],[-45,354],[-120,200],[-86,617],[108,172],[-287,196],[274,237],[140,218],[-29,823],[-810,1525],[-162,528],[33,250],[-425,514],[-739,1325],[-134,103],[-484,-135],[-459,4],[-233,20],[-262,177],[-360,6],[-385,77],[-651,-192],[-787,-69],[-652,-130],[-373,161],[-867,-1],[-1159,327],[-381,-35],[-245,61],[-252,-3],[-359,-19],[-826,-236],[-223,16],[-512,130],[-800,-16],[-103,-49],[-245,-348],[-124,-84],[-365,-73],[-604,4],[-180,19],[-418,208],[-1014,161],[-505,320],[-300,28],[-362,-39],[-187,-65],[-40,-253],[-394,-328],[42,-145],[-60,-278],[-134,-276],[-63,-493],[-102,-74],[-1314,10],[-401,92],[-1335,59],[-1184,-9],[-746,-321],[-796,-263],[-436,-230],[-555,91],[-419,8],[-1235,-246],[-548,-48],[-281,-94],[-1257,-647],[-276,-201],[-172,-45],[-769,-107],[-349,4],[-660,101]],[[549390,398426],[-524,-95],[-225,2],[-1307,620]],[[547334,398953],[-779,105],[-375,280],[-675,248],[-412,455],[-695,323],[-1417,790],[-387,163],[-957,72],[-1759,-91],[-772,60],[-154,48],[-284,232],[-206,515],[90,210],[-176,270],[87,689],[-209,553],[-241,258],[-91,49],[-156,1],[-249,119],[-329,237],[-550,170],[-544,420],[-257,80],[-403,-51],[-256,127],[-252,232],[-639,310],[-133,111],[-184,36],[-216,159],[-204,21],[-225,-101]],[[533325,406053],[-257,-38]],[[533068,406015],[-1350,298],[-523,-60],[-683,130],[-839,245],[-209,145],[-14,129],[-319,158],[-202,317],[-533,107],[-199,116],[-58,148],[58,294],[-107,282]],[[528090,408324],[-475,242],[-329,95],[-390,17]],[[526896,408678],[-287,-119],[-385,-257],[-626,57],[-1059,-336],[85,-250],[-70,-170],[-186,-131],[-413,138],[-337,-9],[-321,103],[-426,395],[-68,112],[43,238],[-109,130],[-224,75],[-244,511],[-894,483],[-224,79],[-463,333],[-142,224],[-266,205],[-284,17],[-256,-154],[-387,215],[-1219,401],[-354,-103],[-261,-189],[-628,210],[-162,-66],[-524,-33],[-480,-145],[-310,68],[-280,358],[-634,379],[-5,57],[-871,799],[-155,224],[-933,877],[-178,295],[-231,209],[-87,263],[-276,181],[58,146],[-180,403],[-670,1100],[-422,306],[-191,282],[-543,434],[-309,360],[-289,37],[-242,124],[-135,88],[-33,144],[-296,-75],[-266,-135],[-106,-121],[-40,-230],[41,-93],[472,-362],[111,-229],[269,-221],[196,-443],[210,-137],[190,-686],[216,-463],[-96,-90],[-524,-153],[-156,-30],[-443,27]],[[508587,414335],[-119,-111],[-90,-212],[-126,-66],[-606,79]],[[507646,414025],[-671,467],[-98,174],[-590,322],[-217,172],[-97,4],[-276,-373],[-164,21],[-251,162],[-1184,119],[-510,439],[-355,47],[-571,430],[-97,-57],[-103,-202],[-127,-78],[-1256,-352],[-494,-237],[-371,258],[-11,298],[101,154],[-76,144],[-630,467],[-182,86],[-397,85],[-302,200],[-181,447],[43,371],[144,267],[-156,359],[85,271],[-306,187],[-42,243],[-301,117],[-124,145],[-283,56],[-343,-370],[-499,-28],[-235,-83],[-101,10],[-226,154],[36,202],[-92,165],[-717,461],[-192,70],[-293,327],[-838,228],[-304,-302],[-220,-80],[-35,-138],[-170,-185],[34,-348],[47,-125],[135,-107],[-4,-78],[-640,-295],[-193,26],[-494,-41],[49,-281],[-331,-471],[-298,-134],[-153,-472],[-892,-749],[-47,-102],[-501,-155],[-581,-450],[-528,-265],[-250,-62],[-498,38],[-221,-49],[-332,-201],[-28,-143],[-143,-201],[-101,-30],[-162,47],[-68,-41],[-24,-170],[-322,-289],[16,-104],[-305,204],[-394,58],[-375,220],[-469,178],[-1050,-1666],[-1123,859],[-529,-49],[-643,66],[-393,167],[-450,102],[-575,-53],[-543,-190],[-113,-635],[143,-285],[30,-472],[-273,-315],[-107,-434],[-413,-278],[-341,-94],[-81,-209],[-164,-157],[6,-158],[-143,-316],[-149,-151],[-162,-81],[-281,12]],[[277973,621750],[-509,240],[-835,42]],[[276193,622195],[-564,-7]],[[275629,622188],[-322,-788]],[[275307,621400],[-298,-286],[-177,3],[-724,208]],[[273230,621585],[-575,69],[-322,177]],[[264059,621745],[-181,115],[-218,13],[-610,-85]],[[263050,621788],[-390,-172],[-61,-156]],[[262599,621460],[440,59]],[[263039,621519],[411,-304],[13,-87],[-400,-70]],[[262491,620775],[-15,-193],[82,-171],[471,-134],[149,-86],[86,-84]],[[236862,592006],[290,335],[-280,156]],[[236701,592686],[-634,121]],[[200736,597755],[-118,275],[-258,233]],[[199894,598160],[-201,-180],[-356,-164]],[[199337,597816],[-34,-56],[4,-350]],[[184674,583836],[-242,-62],[-241,7],[-1032,835]],[[183159,584616],[-158,307],[-428,202]],[[182489,585265],[-174,67],[-139,184],[-254,31]],[[168331,599462],[-308,13],[-111,-56],[-121,-194]],[[166793,598877],[-396,-28],[-214,-109],[-773,-237],[-657,254]],[[156286,601468],[-524,16],[-755,160],[-248,108],[-56,276]],[[158094,618256],[128,193],[-324,-41]],[[157898,618408],[-304,121],[-263,215],[-222,296],[-444,221],[-879,130],[-485,189],[-255,269],[-165,81],[-173,269],[-155,106],[-71,345],[-166,22],[-240,-42],[-160,41],[-279,217],[-619,264],[-215,315],[-2,195],[-81,105],[-95,48],[-528,9],[6,349],[-48,30],[-909,46],[-1465,149],[-565,275],[-561,20],[-176,43],[-219,-56],[-109,89],[-276,14],[-218,-370],[-619,-475],[-250,-258],[-469,-72],[-351,-165],[-667,206],[-610,-266],[-541,266],[-457,-183],[-197,-307],[-180,-27],[-153,-111],[33,-363],[-53,-117],[-179,-174],[-220,-98],[-688,-706],[-1773,-1260],[-10995,-8124]],[[129188,610179],[1626,-1123],[360,-328],[2010,-1370],[1469,-1174],[534,-468],[377,-423],[268,-451],[569,-643],[602,-992],[310,-742],[23,-153],[-257,-363],[153,-375],[-74,-272],[101,-442],[-18,-172],[246,-343],[274,-234],[595,-677],[243,-425],[123,-455],[-55,-278],[-100,-164],[-359,-5],[354,-2],[-234,-262],[-406,-328],[-333,-188],[-275,-52],[-81,-81],[15,-357],[127,-290],[176,-219],[68,-215],[363,-400],[130,-281],[83,-368],[-56,-311],[43,-104],[516,-496],[1631,-1368],[171,-338],[611,-665],[9,-114],[-176,-197],[57,-84],[597,-433],[212,-220],[937,-721],[1595,-1351],[200,-228],[58,-320],[332,-248],[1523,-1449],[1787,-1901],[897,-1326],[190,-463],[38,-517],[-36,-222],[-191,-270],[-703,-350],[-454,-56],[-109,-104],[-205,-2],[-91,-44],[-111,26],[-145,-125],[-55,46],[-113,-12],[-69,-82],[-154,-41],[20,-253],[371,-335],[1545,-1097],[2420,-1468],[1651,-1176],[399,-476],[-47,-197],[-169,-163],[4,-121],[436,-496],[11,-418],[222,-248],[14,-244],[320,-544],[797,-768],[922,-748],[869,-570],[1010,-746],[894,-513],[508,-366],[137,-154],[48,-444],[71,-114],[1631,-880],[249,-180],[4433,-2174],[1203,-707],[1972,-927],[4537,-2472],[296,-209],[503,-513],[34,-193],[-130,-117],[-80,39],[73,-40],[-117,-77],[-58,-224],[70,-175],[554,-501],[2109,-1146],[4403,-2560],[1383,-860],[89,-107],[-30,-73],[117,24],[179,-103],[1070,-717],[1040,-789],[28,-34],[-257,-147],[262,138],[60,-133],[-167,-110],[175,104],[64,-162],[-179,-100],[181,85],[48,-250],[-66,-11],[130,-36],[-34,-157],[-74,-26],[-108,82],[86,-93],[-62,-22],[-102,81],[87,-89],[-104,-67],[-98,14],[-381,225],[335,-218],[-563,-339],[385,184],[1069,-766],[995,-844],[233,-322],[77,-366],[242,-439],[-14,-203],[-196,-129],[-27,-70],[105,-145],[867,-720],[55,-281],[296,-196],[2263,-2179],[737,-610],[557,-680],[103,-268],[0,-764],[-229,-388],[-120,-434],[-426,-480],[-495,-394],[-199,-88],[-728,-30],[-889,116],[-79,-68],[64,-117],[18,-311],[70,-66],[98,26],[137,-83],[121,-162],[29,-155],[233,-124],[908,-732],[546,-289],[1934,-779],[1621,-750],[505,-306],[1890,-968],[1471,-869],[1445,-930],[1264,-978],[1017,-995],[390,-457],[1092,-1616],[450,-976],[280,-1345],[-169,-345],[-324,-145],[-196,-456],[523,-870],[216,-619],[-48,-352],[-246,-336],[45,-460],[-178,-424],[-151,-121],[-581,-273],[-385,-336],[-322,-181],[277,-543],[-62,-143],[-215,-106],[-11,-134],[2102,-1851],[216,-263],[3226,-2896],[1508,-1096],[1586,-1561],[268,-577],[233,-278],[128,-277],[-105,-457],[178,-745],[-173,-263],[2,-399]],[[286495,561766],[413,173],[102,3],[288,-131]],[[289826,562355],[150,99],[338,10]],[[290376,562529],[56,-183],[-33,-413]],[[314275,536639],[302,-148],[279,-269]],[[314856,536222],[218,-95],[139,9]],[[315394,536259],[299,87],[370,-75]],[[316063,536271],[341,22]],[[319340,537932],[173,106],[77,134],[-10,330]],[[320483,539486],[153,232],[490,-188],[858,-123]],[[325307,538721],[513,130]],[[326176,539039],[637,-18],[312,74]],[[330891,541215],[1110,-417],[283,-11],[504,84],[123,61],[288,24],[53,39],[49,328],[69,46],[344,38],[384,111],[-56,387],[409,590],[44,352],[120,163],[320,97],[492,-37],[170,37],[77,41]],[[335674,543148],[70,201],[193,188]],[[335937,543537],[366,49]],[[336303,543586],[673,-251]],[[336976,543335],[883,-167],[565,-46]],[[338424,543122],[343,21],[2488,1183],[161,35],[244,-67],[119,-197],[265,-158],[-30,-247],[92,-90],[501,140],[275,27],[390,-158],[403,272],[-136,313],[35,120],[-100,272],[471,383],[192,87],[402,-112],[372,4],[240,-181],[145,-42],[425,345],[131,416],[120,99],[194,45],[668,-118],[374,111],[65,479],[-176,61],[-169,129],[-108,241],[176,113],[217,57],[430,269],[147,203],[163,35],[302,224],[10,186],[163,179],[-90,142],[17,224],[285,228],[147,224],[-79,274],[-246,105],[47,132],[139,234],[259,260],[334,140],[-253,629],[91,211],[-230,140],[-116,162],[-5,442],[-390,246],[72,234],[-103,474],[-107,104],[-47,147],[-833,759],[155,657]],[[347475,553969],[99,159],[330,395]],[[347904,554523],[150,46],[317,311],[32,482]],[[348403,555362],[363,482],[-1,146],[-160,300],[-161,149]],[[348444,556439],[-34,127],[-236,160],[-310,93]],[[347864,556819],[-196,357],[-392,221]],[[347276,557397],[-320,285],[-217,89],[-404,5]],[[346335,557776],[-507,-171],[-200,-2],[-654,293],[-523,458],[-335,219],[-237,80],[-694,106],[-545,267],[-153,195],[48,350],[-350,353],[-330,666],[-193,159],[-180,50],[-271,-18],[-185,129],[-239,255],[-162,309],[-596,797],[-509,288],[-545,166],[-1235,61],[-1839,323],[-550,156],[-774,126],[-468,193],[-523,144],[-856,138],[-564,11],[-1184,-389],[-332,-30],[-1076,36],[-518,171],[-720,397],[-609,42],[-382,-87],[-318,5],[-387,92],[-794,339],[-558,105],[-819,-93],[-678,131],[-633,6],[-401,-58],[-302,-113],[-592,-559],[-239,-158],[-269,-314],[-171,-439],[-252,-363],[-465,-105],[-1212,86],[-252,-121],[-609,-496],[-348,-135],[-423,6],[-98,-32],[-311,352],[-220,-36],[-260,51],[-454,-45],[-232,-108],[-197,59],[-232,215],[-360,-23],[-295,-116],[-483,99],[-587,25],[-800,-172]],[[313094,562102],[-359,-186],[-667,-218],[-98,37],[-212,250]],[[311758,561985],[-718,234],[22,168]],[[311062,562387],[319,393],[0,424],[442,244],[48,74],[-181,137],[-41,125],[-262,28],[-82,178],[-468,166],[-80,173],[-251,174],[-125,241],[-346,20],[-132,52],[-185,284],[-299,245]],[[309419,565345],[-87,336],[109,112]],[[309441,565793],[203,81],[40,207],[171,90],[-1,346],[188,319],[180,114],[387,127],[276,193],[-184,322],[-59,528],[391,189],[-94,355],[132,275],[121,116],[70,276],[274,190],[301,87],[-121,614],[-130,78],[-129,12],[-682,-28],[-965,514],[-525,-256],[-242,133],[-198,356],[-333,293],[-59,143],[-443,374],[-140,256],[-72,327],[-501,558],[-115,223],[-316,221],[-15,124],[498,207],[54,129],[-364,457],[92,159],[-45,60],[-554,282],[-19,576],[-582,289],[-608,-141],[-812,189],[-308,243],[-209,5],[-150,-70],[-150,-2],[-98,52],[-62,227],[-144,143],[-608,168],[-235,419],[-382,14],[-560,354],[42,291],[-159,181],[-364,78],[-607,35],[-181,-71],[-216,15],[-124,55],[72,348],[-266,260],[138,181],[170,86],[453,29],[1248,572],[402,127],[146,105],[29,320],[418,137],[518,461],[53,422],[-132,174],[-64,276],[45,249],[88,113],[127,63],[329,45],[730,305],[169,12],[391,-82],[161,244],[-178,434],[-448,233],[-300,-106],[-405,-18],[-259,-226],[-334,-60],[-395,-167],[-517,-73],[-213,13],[-205,134],[-273,94],[-436,308],[-2,110],[122,169],[-27,248],[-185,226],[-76,292],[-221,25],[-287,138],[-289,2],[-115,-23],[-164,-137],[-122,-21],[-248,85],[-144,174],[-524,149],[-10,99],[109,220],[437,63],[230,82],[195,251],[277,203],[-181,450],[-328,230],[60,274],[237,30],[292,148],[411,-6],[329,82],[241,-28],[306,-189],[76,-4],[266,134],[247,-71],[210,3],[282,216],[351,173],[115,165],[-438,492],[-112,247],[-332,421],[-307,34],[-397,-222],[-129,200],[-96,43],[-378,-35],[-178,-69],[-264,165],[-90,185],[-312,-9],[-199,-96],[-285,15],[-502,-186],[-132,77],[-133,189],[4,179],[244,155],[-287,223],[-18,166],[270,186],[-21,121],[53,66],[254,161],[-31,427],[-118,150],[345,163],[84,107],[14,685],[110,141],[-40,413],[338,242],[279,24]],[[300324,591929],[-6,97],[-117,175],[-319,82]],[[299882,592283],[-252,-55],[-301,-153],[-407,69],[-140,110],[-136,268],[-7,182],[-176,51],[-233,-16],[-193,90],[-75,324],[-177,205],[-64,369],[-204,140],[-39,226],[-255,150],[76,260],[-763,414],[-310,72],[-366,177],[-212,12],[-322,103],[-568,351],[-242,-42],[-318,-231],[-171,278],[-450,356],[-306,145],[-110,335],[-167,176],[74,175],[-29,95],[-353,134],[-234,6],[-383,130],[-392,61],[304,206],[183,490],[242,226],[-71,187],[-173,157],[-174,342],[-192,160],[-164,287],[-333,1027],[70,399],[-276,202],[-70,149],[348,204],[11,183],[150,173],[23,148],[-160,294],[233,89],[194,8],[52,152],[-433,722],[-21,307],[-104,86],[58,401],[-198,148],[48,129],[-58,166],[-166,241],[-415,355],[-170,216],[252,196],[66,165],[448,543],[-350,72],[-175,-84],[-100,15],[-48,413],[-127,239],[101,40],[208,-31],[266,-114],[151,2],[150,422],[192,140],[785,315],[568,48],[878,398],[21,62],[-195,354],[22,306],[-177,16],[-148,-61],[-111,22],[-111,267],[-525,538],[198,458],[246,207],[-7,79],[-512,346],[-513,114],[-308,-45],[-147,54],[-344,449],[-100,233],[34,172],[-234,219],[-375,113],[-434,63],[-203,137],[-758,328],[-1294,349],[-161,96],[-457,467],[-396,6],[-218,47]],[[286473,613279],[-1059,516],[-242,165],[-37,89]],[[285135,614049],[51,253],[-115,390],[-193,207],[-75,171],[811,620],[81,204],[-21,215],[-202,116],[-502,26]],[[284970,616251],[-623,346],[-269,348]],[[284078,616945],[-370,246]],[[283708,617191],[-635,726],[-63,128]],[[283010,618045],[30,358]],[[283040,618403],[-317,220],[-98,161]],[[282625,618784],[143,348],[-60,91],[-174,97],[-68,274],[61,181],[208,138],[-280,267],[49,432],[-620,512],[-78,191],[37,184]],[[281843,621499],[-64,110],[-91,110],[-216,108],[-447,93]],[[113036,702739],[-236,95]],[[112800,702834],[-252,-34],[20,-239]],[[112568,702561],[-82,-218],[-198,-220]],[[112288,702123],[-208,-12],[-504,-223],[-246,-55],[-302,-156],[-181,-197],[-463,-60],[-275,50],[-117,-307],[-192,-221],[-156,-80],[-296,2],[-297,80],[-186,-338],[-325,-323],[-102,-415],[-162,-344],[9,-307],[-156,-354],[-128,-755],[-172,-251],[4,-217],[96,-221],[-34,-113],[-504,79],[-128,-54],[-912,64],[-496,-56],[-1010,-237],[-143,1],[-314,141],[-157,-49],[-267,307],[-470,163],[-1181,304],[-714,5],[-986,318],[-332,-756],[-15,-506],[111,-390],[-84,-304],[106,-481],[-147,-442],[34,-120],[-842,-1126],[-182,-386],[122,-327],[173,-217],[-161,-651],[-220,-284],[109,-108],[353,-181],[325,-319],[-418,-755],[-360,25],[-1480,-271],[-432,6],[125,-139],[-26,-197],[205,-102],[104,-118],[-88,-206],[-3,-562],[-169,-236],[-424,-268],[-107,-427],[23,-225],[-144,-160],[1,-274],[-110,-302],[39,-328],[571,-852],[224,-654],[1150,-440],[217,-14],[1740,-428]],[[100601,684767],[-238,-279],[-172,-150],[-560,-128]],[[99631,684210],[-351,-337],[-440,-212],[-116,-173],[-254,-35],[-311,-297],[-441,-297],[-255,-339],[-239,-94],[-118,-203],[-287,-144],[-406,-381],[-398,-33],[-280,-151],[-429,-77],[-280,-708],[-15,-334],[-554,144],[-750,17],[-2075,-220],[-1272,-21],[-1056,37],[-215,-50],[-456,-278],[-996,-315],[-2987,-578],[-1140,-141],[-720,-162],[-1025,-328],[-2322,-942],[-492,-229],[-576,-353],[-525,-472],[-686,-491],[-117,-145],[-99,-403],[-192,-286],[-660,-416],[-390,-120],[-605,-564],[-6003,-6119],[-3484,-3455],[-493,-552],[-9814,-9812]],[[55307,654141],[5767,-1876],[4262,-1474],[7185,-2641],[9489,-3347],[7751,-3011],[2061,-903],[4335,-2099],[2716,-1220],[3695,-1994],[1379,-906],[1155,-569],[1301,-937],[151,-216],[393,-366],[101,-232],[585,-692],[603,-429],[281,-530],[800,-1028],[19,-166],[201,-208],[129,-597],[-16,-480],[251,-579],[4,-324],[174,-217],[79,-330],[681,-436],[490,-398],[195,-258],[1668,-728],[1158,-616],[467,-304],[323,-265],[198,-258],[33,-232],[-62,-180],[128,-86],[63,-119],[-1,-57],[-155,-101],[-1,-74],[741,-403],[379,-145],[1370,-679],[2535,-1579],[438,-210],[771,-468],[1022,-707],[1617,-986],[1089,-772],[346,-333],[33,-200],[71,-64],[1944,-1318],[1838,-1521],[244,-288],[-27,-122],[93,-205],[-2,-376],[-140,-217],[144,-287],[26,-235],[-246,-391],[-6,-290],[-170,-222],[-272,-207],[7,-254]],[[157898,618408],[456,68],[62,32]],[[173910,631711],[131,229],[93,52],[-120,391]],[[150757,674173],[-66,220],[163,252]],[[150497,675983],[150,109]],[[150647,676092],[-212,58],[-534,384],[-284,137],[-101,134],[-199,96],[-2134,570],[-181,305],[4,145],[-119,201],[-159,79],[-140,186],[-877,266],[-622,127],[-135,165]],[[144954,678945],[-542,140],[-103,6],[-112,-161]],[[144197,678930],[-291,85],[-298,-17],[-99,-46],[-91,87],[-72,-6],[-87,-53],[-62,-189],[-73,-17],[-271,51],[-46,112],[57,71],[-226,199],[-433,-23],[-159,33],[-359,-298],[39,-135],[-408,-103],[-64,99],[-180,32],[-53,-113],[59,-108],[-51,-74],[-230,28],[-25,-83],[-184,-162],[-301,-63],[-140,-115],[-44,-237],[-124,-57],[-119,-7],[-161,132],[-510,118],[-637,-213],[-373,90],[-69,122],[-134,-84],[-191,5],[-153,-111],[-279,-61],[-525,255],[-164,10],[-139,-45],[-178,-243],[-116,-35],[-13,145],[-242,178],[-517,555],[28,183],[114,124],[-154,117],[-89,249],[-80,54],[7,319],[122,92],[-117,387],[-350,238],[-674,167],[89,181],[-59,200],[36,265],[-121,79],[-17,106],[-174,210],[-47,329],[-212,227],[-189,14],[-189,-44],[42,80],[-49,114],[143,95],[14,97],[300,13],[141,-42],[93,70],[75,370],[-20,252],[-77,191],[-202,116],[13,171],[-65,83],[652,349],[61,117],[-4,175],[163,237],[49,227],[-50,488],[-109,174],[-273,-11],[-214,96],[-175,-19],[-98,-82],[5,-357],[-253,-251],[-345,-154],[-745,-219],[-172,-11],[-352,-428],[-284,-183],[-203,-378],[-256,-68],[-366,-3],[-927,-504],[-85,-97],[-459,-82],[-475,38],[-280,48],[-190,77],[-133,118],[-461,-163],[-62,253],[-406,192],[-720,-61],[-309,39],[-318,-52],[-460,44],[-196,363],[123,263],[-192,321],[-134,103],[13,297],[194,109],[91,147],[-112,170],[77,229],[-57,106],[482,277],[-23,205],[-102,169],[624,358],[91,424],[194,212],[160,513],[222,311]],[[126994,687872],[53,218],[-163,95]],[[126884,688185],[-21,111],[236,152]],[[127099,688448],[13,209],[-379,290],[-216,84]],[[126517,689031],[-100,116],[-283,119],[-459,350],[-105,55],[-369,40],[-210,85],[-2,307],[-343,183],[-215,24],[-444,-126],[-144,0],[-168,92],[-225,18],[-242,97],[147,242],[416,413],[395,263],[298,49]],[[124464,691358],[454,309],[48,375],[-96,119],[-112,43],[-115,-46]],[[124643,692158],[-210,36],[-836,338]],[[123597,692532],[-215,287],[-468,250],[-586,20],[-137,41],[-119,71],[-75,178]],[[121997,693379],[-407,379],[-380,57],[-355,-48],[-238,31],[-453,-30]],[[120164,693768],[-162,-149],[-631,-378],[-9,-193]],[[119362,693048],[-273,-289],[-80,68],[-36,188],[-135,213]],[[118838,693228],[-208,88],[-46,63]],[[118584,693379],[-203,469],[-185,39]],[[118196,693887],[-277,-54],[-136,393],[-170,135],[-109,255],[-181,138],[-291,573]],[[117032,695327],[-334,379],[-302,458],[-90,235]],[[116306,696399],[97,171],[-148,230],[-239,185],[-201,667],[133,215],[-197,252],[-274,181],[-12,307],[158,294],[-121,204],[213,279],[-22,113],[235,141],[372,388],[-1,58],[-386,262],[-270,255],[-399,35],[-137,53],[-252,311],[-411,237],[19,109],[-139,457],[-285,283]],[[114039,702086],[-85,69],[-368,194],[-550,390]],[[289226,426961],[-572,-453],[-291,15]],[[283718,425107],[-310,-123],[-92,8]],[[282836,426406],[-155,466],[143,269],[410,447]],[[284501,428074],[98,484],[342,-2]],[[294294,436018],[-207,350],[-303,265],[-548,643]],[[291873,438239],[-48,144],[-125,57],[-447,-208]],[[274053,424572],[-222,-146],[-906,-972]],[[272006,422831],[-351,-126],[-123,-128],[315,-276],[87,-160],[1314,-1073],[344,-387],[-25,-83],[879,-748],[910,-653],[1850,-1165],[447,-370],[163,-287],[148,-919],[56,-71],[234,-114],[177,-182],[462,-285],[923,-409],[730,-388],[249,-224],[93,-157],[415,-254],[79,-181],[-216,-125],[-77,-98],[14,-88],[232,12],[164,-41],[463,-263],[98,-117],[-2,-127],[140,-37],[-7,-86],[166,-52],[270,-295],[126,-235],[0,-150],[-103,-163],[-152,-45],[-261,80],[43,-89],[-359,-134],[67,-106],[217,-9],[92,-258],[118,-88],[-144,-100],[-53,-263],[155,-1],[206,-116],[88,15],[183,-68],[1580,-805],[853,-547],[474,-377],[155,-163],[47,-223],[-100,-93],[-257,-105],[-26,-190],[150,1],[23,-112],[-194,-43],[115,-149],[149,-37],[32,-55],[49,18],[76,-76],[93,41],[93,-89],[-108,-159],[81,-37],[34,-93],[-61,-213],[247,-17],[476,-308],[1290,-1197],[311,-383],[498,-799],[349,-280],[275,-313],[39,-239],[-81,-177],[-129,-118],[-271,6],[-95,-154],[574,-567],[532,-699],[229,-423],[70,-452],[-62,-179],[-209,-235],[-135,-47],[-330,-8],[-133,-157],[-308,-164],[-10,-45],[761,-498],[854,-820],[146,-210],[119,-340],[365,-372],[94,-410],[-114,-120],[-287,-138],[-6,-249],[675,-614],[60,-368],[-59,-75],[-317,-32],[-81,-129],[100,-63],[123,20],[179,-52],[1236,-919],[77,-146],[-43,-351],[-213,-142],[-229,109],[-147,-275],[158,-19],[8,-128],[686,-554],[119,-37],[50,-78],[-50,-63],[194,-119],[239,-292],[-12,-111],[340,-355],[222,-356],[148,-407],[90,-494],[-4,-428],[-160,-560],[-165,-231],[-2,-105],[-408,-420],[-212,-63],[-132,14],[-70,59],[-326,81],[-493,-214],[-643,-82],[-163,36],[-173,109],[-3,118],[84,49],[-179,13],[-138,-28],[-113,-121],[-157,-53],[-433,55],[-140,-285],[-145,-12],[-148,-97],[-7,-70],[221,-304],[48,-359],[-138,-191],[-292,-57],[-49,-270],[177,-91],[3,-102],[58,5],[40,-63],[-77,-138],[-82,11],[-17,-146],[212,-122],[127,-350],[120,-80],[44,-194],[104,-98],[65,-323],[-66,-60],[-4,-376],[-183,-379],[-240,-90],[-310,100],[-180,12],[-133,-61],[277,-171],[114,48],[50,-77],[51,12],[167,-93],[23,-108],[-62,-60],[-69,36],[-87,-215],[108,63],[66,-171],[70,12],[60,-44],[109,53],[92,-67],[171,-2],[323,-125],[249,-38],[2439,-807],[8276,-2980],[3656,-1467],[4887,-2072],[340,-211],[768,-256],[1095,-488],[22,-229],[86,18],[50,-84],[175,-77],[175,19],[52,-59],[136,20],[708,-381],[-78,-244],[95,-179],[-158,-93],[171,-170],[736,-216],[1078,-497],[955,-536],[512,-444],[415,-588],[-174,-217],[135,-249],[975,-591],[-4,-143],[179,-60],[394,-420],[131,-352],[262,-332],[-27,-102],[77,-303],[-79,-272],[-123,-55],[-143,59],[-104,-127],[-97,-21],[-266,127],[-137,-115],[272,-61],[558,-381],[1259,-677],[876,-539],[550,-232],[1235,-653],[537,-322],[28,-81],[-66,-95],[251,-40],[137,-192],[69,27],[101,-83],[106,-16],[1,-152],[96,-100],[-90,-141],[57,-118],[185,-111],[14,-129],[240,-199],[267,-479],[410,-349],[-92,-66],[59,-17],[46,-128],[-3,-247],[-251,-155],[-164,71],[-31,-73],[-103,-14],[50,-53],[-74,-10],[328,-256],[77,-78],[-31,-28],[79,-6],[349,-257],[413,-379],[123,-215],[177,-105],[20,-102],[171,-146],[-43,-55],[482,-388],[240,-463],[46,-403],[-36,-78],[-90,-7],[94,-11],[7,-51],[-180,-285],[36,-567],[-107,-168],[-61,11],[50,-16],[-98,-167],[-74,-63],[-52,23],[58,-33],[-64,-51],[-115,9],[52,-58],[-137,-82],[-30,40],[26,-41],[-48,-19],[-71,-12],[-15,50],[-20,-49],[-57,2],[-81,65],[13,73],[-130,-55],[-67,0],[38,46],[-45,-45],[-196,19],[-137,182],[-172,24],[-30,119],[-213,55],[-115,-76],[-225,7],[4,-96],[106,-71],[-152,-76],[88,-114],[138,-56],[46,-240],[-100,-59],[38,-28],[-155,-32],[-4,-62],[83,-45],[120,37],[113,-47],[164,15],[209,-107],[581,-469],[63,-141],[-74,-12],[-10,-107],[202,-20],[140,-122],[-98,-100],[26,-91],[-109,-83],[210,-29],[-107,-89],[84,-14],[94,-340],[-104,-23],[45,-30],[-43,-39],[-184,21],[-23,-55],[-184,-41],[-23,-72],[258,-90],[18,-51],[-222,-6],[-3,-91],[-253,25],[-116,-64],[25,-34],[-69,-8],[-25,-132],[260,148]],[[330436,356737],[342,22],[149,-19]],[[333126,354291],[-107,-80],[-24,-111],[271,-178]],[[333266,353922],[327,11],[211,-72]],[[333804,353861],[186,-221],[32,-225]],[[334242,352482],[157,-130],[-7,-85],[-200,-203]],[[332654,342469],[653,-222],[500,-106],[185,-114],[1005,-335],[507,-283],[742,-289],[553,-317],[543,-219],[135,-136],[-71,-48],[78,40],[300,-145],[0,-145],[83,21],[461,-202],[84,-66],[-66,-56],[100,19],[200,-178],[-124,-123],[128,111],[294,-126],[150,-123],[114,-240],[-89,-28],[271,-226],[24,-52],[-83,-24],[59,0],[78,-101],[23,-190],[-59,-48],[4,-132],[-169,-9],[140,8],[9,-55],[-119,-15],[-106,98],[99,-108],[75,-1],[16,-131],[-117,-50],[50,-139],[-71,-196],[-126,-31],[-69,88],[44,-58],[-54,-17],[-100,71],[27,-42],[-52,-27],[-81,34],[-31,-35],[-240,15],[120,-9],[-10,-51],[-223,-67],[-27,-45],[171,-92],[-12,-56],[88,-8],[142,-273],[-30,-105],[-450,-215],[61,-182],[-54,-144],[79,-105],[-109,-167],[323,-203],[133,-202],[-7,-57],[-281,-138],[-11,-86],[83,-39],[112,20],[63,-77],[135,49],[926,-257],[3931,-1170],[1763,-585],[751,-284],[1541,-706],[1357,-662],[410,-286],[503,-255],[2303,-676],[524,-234],[911,-552],[58,-90],[-41,-82],[123,42],[163,-10],[260,-181],[72,-217],[-152,-122],[-10,-104],[228,-68],[3,-212],[205,-21],[123,-81],[-21,-166],[210,-109],[-1,-117],[258,-87],[-147,-148],[122,48],[54,114],[118,77],[224,-33],[176,-82],[163,-186],[-151,-234],[46,-40],[-82,-49],[75,9],[-6,-126],[921,-294],[424,-195],[124,-145],[-95,-53],[82,12],[73,-69],[-18,-92],[-90,-66],[73,-4],[403,-293],[356,-360],[27,-102],[-75,-182],[147,-10],[164,57],[125,-34],[79,-63],[-42,-27],[81,16],[53,-104],[-190,-103],[99,-35],[-24,-40],[125,51],[112,-60],[141,24],[66,-84],[-36,-17],[60,2],[-30,-73],[-206,33],[39,-156],[-152,-42],[-33,64],[-96,-68],[108,7],[-26,-42],[77,34],[147,-155],[113,45],[193,-247],[-46,-71],[-60,-1],[81,-124],[-123,-89],[41,-44],[-64,-60],[-117,-9],[-71,51],[25,53],[-62,-22],[8,55],[-88,-18],[95,-86],[-85,-27],[73,2],[-36,-41],[59,-5],[-92,-19],[79,3],[-83,-115],[120,-118],[-89,-50],[164,-241],[-21,-216],[285,-378],[58,-252],[-134,-222],[-64,-20],[-10,51],[-78,-12],[-118,-105],[-64,59],[26,-60],[-79,-17],[4,-65],[-53,1],[-63,94],[-14,-39],[-85,49],[-69,-33],[167,-534],[-102,-135],[-317,-7],[-11,-309],[94,-29],[-88,-10],[17,-43],[-92,-55],[-114,-15],[-14,-52],[68,-21],[-127,-124],[213,-74],[-38,-96],[-133,5],[-28,-123],[-69,-7],[2,-63],[131,-92],[-12,-68],[-232,-89],[-246,12],[-93,-98],[-118,10],[-2,46],[-111,-42],[19,92],[-177,-79],[16,-30],[35,27],[20,-122],[75,4],[54,-113],[123,-55],[6,-132],[-53,-18],[142,-59],[-81,-38],[-8,-80],[-83,-6],[59,-104],[-52,1],[-62,-99],[-175,1],[-28,48],[-166,14],[30,-139],[177,-12],[66,-63],[64,32],[204,-120],[-65,-69],[44,-38],[-136,-29],[-105,-123],[-43,20],[-122,-262],[161,-24],[86,67],[41,-63],[129,4],[74,-96],[454,-219],[378,-150],[141,-13],[-51,-40],[107,-4],[-10,-53],[456,-53],[193,-107],[1319,-470],[1058,-436],[950,-486],[-129,-309],[59,-117],[395,-35],[256,-124],[152,-285],[171,0],[221,-117],[110,-3],[702,-446],[338,-307],[188,-319],[-37,-161],[-181,-261],[95,-144],[104,46],[102,-74],[227,-54],[137,-282],[181,38],[541,-313],[303,-229],[-92,-130],[134,-174],[439,-199],[222,-184],[-13,-38],[249,-111],[46,-119],[-51,-74],[130,-75],[-51,-38],[101,-119],[155,-610],[-49,-83],[-237,-64],[-179,-134],[39,-79],[83,-14],[15,-79],[90,-17],[19,-65],[68,6],[24,-77],[-195,-170],[84,-21],[-58,-52],[116,-3],[-71,-81],[22,-58],[160,-47],[787,-596],[20,-148],[-166,-20],[29,-88],[99,-19],[-74,-79],[55,-32],[134,35],[-2,-67],[147,32],[172,-146],[-62,-96],[87,-34],[-87,-58],[63,-26],[-9,-79],[-110,-81],[-77,-192],[92,-22],[-80,-117],[79,-48],[101,26],[17,-50],[179,75],[712,-378],[668,-465],[317,-359],[10,-336],[-354,-276],[-6,-196],[-169,-30],[33,-128],[72,-33],[-243,-76],[128,-36],[57,-74],[-119,-47],[-21,-85],[185,93],[1345,-873],[135,-205],[408,-329],[73,-305],[116,-161],[834,-237],[1270,-651],[1157,-488],[593,-432],[-74,-281],[40,-162],[119,-146],[782,-224],[902,-401],[663,-378],[791,-570],[90,-188],[-26,-56],[133,-123],[-52,-50],[72,-91],[103,-32],[5,-62],[-38,-286],[-195,-44],[136,-48],[-136,-47],[-28,-82],[107,-81],[-83,-31],[158,-87],[-20,-68],[133,-192],[-45,-35],[60,-144],[-64,-129],[79,-30],[-49,-78],[27,-113],[136,-139],[-37,-132],[144,-54],[-88,-149],[162,-15],[-30,-90],[122,-114],[-116,-102],[-103,-12],[-57,-98],[135,-42],[127,25],[62,-74],[-86,-120],[20,-129],[79,-80],[-11,-130],[99,-34],[-93,-9],[-14,-44],[191,-88],[-63,-101],[134,-287],[-68,-172],[32,-296],[-70,-81],[107,-124],[-112,-29],[-49,-106],[9,-49],[153,-75],[-68,-243],[-355,-140],[-42,-80],[-184,-44],[-8,-124],[-116,1],[-71,-54],[65,-60],[184,10],[108,-151],[-81,-33],[77,-120],[-79,-78],[115,-73],[107,26],[225,-229],[-39,-36],[97,-7],[113,-126],[27,-84],[-91,-27],[-60,-99],[164,-197],[-122,4],[-11,-72],[-48,-5],[186,-19],[93,-210],[438,-350],[-80,-102],[186,39],[74,-41],[-27,-105],[67,-35],[1,-103],[598,-534],[0,-78],[361,-411],[96,-318],[-85,-258],[-32,-39],[-185,72],[181,-76],[-108,-50],[-241,35],[-217,-146],[69,-15],[972,-884],[1964,-1333],[1127,-849],[245,-247],[876,-631],[985,-868],[816,-533],[87,-124],[574,-449],[64,-307],[97,-139],[438,-239],[1853,-1423],[214,-365],[17,-129],[240,-280],[849,-587],[435,-418],[2028,-1656],[2396,-1788],[702,-665],[1428,-1155],[899,-932]],[[401185,274560],[223,173],[383,189],[630,116]],[[423275,291681],[82,386],[28,61]],[[423385,292128],[305,123],[226,59]],[[431998,290275],[333,-43]],[[433330,290595],[666,2],[358,-137],[56,-72]],[[435955,288903],[96,6],[197,44]],[[447824,292522],[1192,360],[178,119],[14,208],[-84,167],[-240,187],[53,102],[523,201]],[[450463,294023],[322,116],[-22,378],[-132,169]],[[450459,295152],[25,178],[-41,57]],[[449205,296675],[-176,168],[71,100]],[[458688,303745],[193,96],[312,532]],[[454172,310765],[-275,19],[-268,338]],[[453660,311514],[-204,344],[-24,663]],[[454098,314944],[243,179],[196,331],[17,149],[-386,239],[-51,167]],[[454543,316630],[678,444],[198,-57]],[[448341,338190],[247,433],[526,159]],[[449764,339449],[-266,370]],[[448940,340386],[229,165],[-252,25]],[[447577,341201],[-237,383],[-460,262],[-765,313]],[[446115,342159],[-525,130],[-340,27],[-135,-31]],[[434153,345689],[-283,-212]],[[433870,345477],[-400,-15],[-113,227]],[[429468,347159],[-976,32]],[[427267,347479],[-627,160],[-309,32],[-296,-18]],[[415895,353071],[-177,326],[-1248,568]],[[406701,359777],[46,284],[-163,308],[-545,320]],[[405740,361014],[-336,123]],[[404818,361089],[-173,113],[-280,493],[138,262]],[[405158,366013],[321,290],[-31,127],[-163,165]],[[404970,366952],[-27,84],[-285,114],[-10,88]],[[404648,367238],[130,198],[199,145]],[[379970,394463],[-465,296],[-127,212],[65,110],[658,121],[349,117]],[[381443,396321],[145,214]],[[381588,396535],[-502,182]],[[381086,396717],[-208,205],[-693,380],[-448,365],[-491,602],[-443,336],[-134,461],[-244,384],[-133,106],[-439,81],[-385,173],[-311,36],[-711,325],[-331,59],[-270,-62],[-102,115],[-8,136],[-175,196],[-128,68],[-428,-171],[-180,5],[-157,95],[-96,215],[-9,383],[127,188],[57,347],[-272,313],[-17,181],[192,197],[311,27],[80,64],[36,243],[320,184],[202,248],[163,64],[4,123],[-135,285],[-38,247],[-137,132],[18,530],[-134,196],[126,87],[36,113],[-73,324],[-98,84],[6,126],[-93,125],[-4,272],[-123,144],[-197,83],[26,410],[-250,227],[-74,814],[-51,80],[45,45],[-117,408],[56,113],[-63,142],[47,311],[-112,203],[-144,86],[53,111],[-57,326],[-183,99],[-37,223],[-188,313],[37,151],[-54,138],[-290,223],[-61,180],[-257,253],[-87,185],[-220,60],[-57,236],[-103,59],[-236,24],[-651,-144],[-283,131],[-298,281],[-2,139],[-131,248],[-213,87],[-87,109],[-19,92],[156,153],[-25,125],[-175,158],[-450,250],[26,57],[253,99],[58,176],[-91,170],[237,162],[34,94],[-72,256],[-200,361],[-303,374],[-311,168],[-181,42],[-141,123],[27,226],[-248,196],[-256,574],[-131,97],[95,273],[-452,460],[90,288],[-333,363],[-58,362],[-130,154],[40,200],[-759,396],[-150,156],[43,159],[400,156],[382,475],[93,460],[306,222],[-17,223],[-268,350],[17,77],[-147,97],[-50,106],[-387,252],[-67,135],[-669,370],[182,225],[44,402],[-210,435],[-125,78],[-380,102],[123,413],[-274,76],[-141,92],[-31,357],[-1409,-390],[96,313],[-126,542],[22,153],[-92,340],[-205,80],[-140,202],[11,206],[-110,198],[34,580],[-177,108],[-265,407],[-85,455],[-110,103],[-300,130],[-340,339],[-200,78],[-105,145],[144,462],[21,630],[244,147],[-158,88]],[[362982,429591],[-187,301],[51,117]],[[362846,430009],[-136,118],[-330,63]],[[354598,434829],[-139,75],[-311,713],[-115,570],[-110,-34]],[[351487,437472],[287,110],[-247,164]],[[351527,437746],[-7,332],[-52,159]],[[351337,438313],[0,193],[-528,674]],[[349276,440447],[-293,386],[-25,54],[-112,168]],[[357288,321065],[-213,-67],[-71,-158],[108,-82],[9,-75],[112,-45],[43,73],[93,1],[-64,27],[133,77],[-94,52],[23,109],[-105,1],[32,83],[-6,4]],[[277287,838778],[-310,-538]],[[277431,837391],[255,-361],[1193,-1148]],[[279628,743627],[-479,-610],[-111,-492]],[[276307,727039],[71,-22],[443,10]],[[277406,725990],[-77,-97],[-401,-309]],[[276621,724389],[119,-203],[205,-101]],[[285919,715593],[65,-255],[315,-140]],[[286519,714936],[254,-486],[26,-869]],[[286007,708279],[-17,-78],[19,-151]],[[286322,706862],[91,-155],[133,-87]],[[286546,706620],[507,-94]],[[287053,706526],[501,59],[517,147]],[[288071,706732],[375,13],[119,-48],[170,-269],[411,-399],[236,-156],[195,-92],[1452,-211],[874,-498],[428,-112],[591,-242],[644,-147],[335,-568],[625,-286],[1036,166],[172,75],[168,179],[153,435],[417,562],[169,124],[343,134],[168,357],[84,64],[184,14],[590,-582],[541,-148],[268,-427],[240,-211],[432,-24],[88,-97],[92,-289],[127,-73],[369,-46],[412,-285],[363,-781],[439,-654],[69,-268],[268,-137],[117,-361],[208,-202],[-72,-316],[399,-200],[245,-39],[-35,-82],[83,-252],[-8,-192],[-280,-90],[-154,-131],[-66,-155],[-535,-288],[-255,-408],[-22,-71],[81,-131],[306,-191],[513,-101],[536,-243],[163,31],[407,229],[298,-7],[347,149],[161,17],[58,-141],[106,-68],[325,-86],[356,-446],[42,-421],[-58,-373],[23,-67],[88,-31],[1317,-87],[536,-335],[85,9],[140,142],[118,41],[25,93],[-93,100],[53,91],[93,31],[258,-6],[567,-330],[864,-25],[147,32],[89,96],[265,712],[604,171],[1018,41],[711,100],[225,85],[138,-134],[111,-384],[300,-196],[115,-52],[553,-43],[328,-195],[507,-136],[323,-449],[45,-161],[223,-236],[102,-30],[186,17],[472,164],[474,26],[1190,-220],[1137,-44],[465,42],[582,175],[248,-74],[103,-111],[210,-439],[201,-74],[351,-5],[268,31],[631,308],[47,247],[334,209],[158,3],[172,-131],[133,-37],[228,0],[90,129],[610,251],[210,-445],[246,-294],[331,-234],[469,-154],[188,-136],[73,-148],[164,47],[245,-106],[98,-446],[326,-214],[480,6],[163,72],[189,-18],[454,-273],[567,-167],[694,505],[146,60],[129,-36],[159,119],[193,273],[660,18],[155,-66],[154,48],[180,-12],[77,-59],[318,23],[60,-77],[249,-83],[-38,-185],[-108,-58],[0,-78],[326,-243],[-77,-291],[223,-36],[394,-160],[189,-184],[721,130],[617,36],[422,-176],[129,-251],[574,102],[307,-18],[801,-249],[517,-256],[687,-184],[335,-42],[251,37],[229,240],[813,33],[292,-164],[458,22],[229,82],[489,-44],[411,-104],[110,-109],[411,-44],[110,-120],[363,44],[476,234],[607,-80],[140,-469],[437,-246],[109,-327],[151,-125],[457,-175],[301,-284],[195,-112],[231,-49],[681,-340],[2123,-296],[255,-135],[131,-140],[853,-272],[259,-410],[405,-173],[438,-281],[394,-131],[274,16],[70,-75],[25,-230],[78,-110],[99,-41],[365,-34],[771,318],[441,-50],[870,206],[1401,-153],[680,-165],[856,-641],[-18,-353],[-292,-382],[-70,-360],[230,-352],[31,-300],[109,-149],[231,-172],[-6,-353],[438,-324],[-60,-169],[-145,-154],[-446,-102],[-139,-137],[175,-454],[374,-351],[31,-87],[56,-433],[-193,-633],[41,-305],[170,-156],[811,-466],[512,-488],[500,-268],[262,-79],[176,-387],[183,-140],[170,-89],[404,-70],[162,-110],[189,-526],[-41,-459],[242,-130],[447,-419],[-28,-654],[225,-328],[250,-112],[761,34],[401,-326],[-42,-787],[120,-185],[13,-168],[-109,-209],[-326,-213]],[[361086,675408],[-299,-590],[35,-271]],[[360822,674547],[115,-145]],[[360937,674402],[210,-96],[581,-70],[879,-23]],[[362607,674213],[178,-46],[547,-310],[505,-122],[430,-22],[843,150],[1103,-73],[1278,13],[241,73],[437,327],[737,14],[535,-96],[408,196],[695,-100],[639,-212],[381,-332],[679,-12],[147,-38]],[[372390,673623],[101,-94],[172,-6],[552,110]],[[373215,673633],[545,16],[334,85],[806,316],[359,94],[248,179]],[[375507,674323],[421,51]],[[375928,674374],[284,-104],[321,-206],[432,-138],[74,-163],[408,33],[235,-77],[359,25],[718,187],[264,119],[202,161],[250,62],[891,-356],[1329,-234]],[[381695,673683],[705,14],[213,34]],[[382613,673731],[569,210]],[[383182,673941],[1100,110]],[[384282,674051],[1256,25]],[[385538,674076],[547,105],[318,127],[272,194]],[[386675,674502],[157,186],[233,404]],[[387065,675092],[321,848],[265,376],[445,385],[675,294],[1060,-453],[1100,-650],[836,-768],[1708,-2415],[256,-196],[295,7],[-65,-170],[29,-190],[156,-106],[312,-67],[722,-276],[283,-204],[-7,-204],[-338,-861],[-12,-359],[123,-325],[1168,-739],[466,-37],[987,-193],[565,-454],[1003,-412],[712,-50],[712,-298],[3563,-351],[4418,-774],[4536,2135],[542,78],[680,268],[416,0],[298,100],[184,-18],[79,-101],[479,-42],[933,74],[1440,356],[248,123],[58,86],[206,-26],[39,162],[110,64],[62,117],[139,69],[252,-404],[221,-98],[141,-133],[832,13],[2258,-78],[641,-108],[452,-292],[176,-220],[183,-375],[201,-178],[1151,-818],[670,-372],[268,-49],[202,-12],[727,325],[333,98],[574,56],[808,-60],[1599,-401],[533,-95],[1451,47],[182,47],[-46,78],[-264,186],[-194,34],[-50,177],[-99,102],[104,128],[87,284],[-56,144],[-172,150],[-227,97],[-106,170],[-53,167],[53,282],[-51,116],[147,16],[191,-106],[102,65],[199,-166],[89,70],[69,-101],[540,53],[-11,-118],[75,29],[38,92],[87,5],[-80,167],[187,19],[10,-67],[96,28],[143,-67],[-47,65],[59,91],[-96,17],[83,81],[304,-92],[136,31],[21,-74],[333,21],[22,63],[52,-48],[90,24],[216,-128],[311,-90],[56,104],[82,15],[273,-108],[131,27],[148,-85],[105,-1],[49,-83],[75,26],[138,-56],[131,-119],[-77,-51],[105,-42],[-61,-76],[85,-81],[-92,-83],[179,-8],[14,-138],[131,55],[-10,-78],[154,33],[13,-86],[168,41],[-10,-118],[89,69],[31,-71],[107,43],[-31,-112],[50,-76],[149,145],[-47,78],[164,75],[78,-32],[28,-102],[137,60],[41,-81],[117,4],[-116,-79],[64,-46],[-30,-111],[220,19],[108,-66],[157,41],[-79,-93],[214,-30],[-99,-88],[105,-63],[-144,1],[-38,-42],[217,-70],[-50,-57],[24,-160],[-99,28],[-61,-107],[-66,86],[-122,18],[103,-122],[-188,39],[-20,-52],[70,-29],[-180,-107],[98,-84],[149,0],[-146,-173],[236,-132],[76,94],[82,-86],[352,82],[72,72],[117,12],[25,97],[259,72],[64,-25],[18,-100],[104,61],[136,-35],[-63,-92],[187,-73],[155,76],[340,33],[44,99],[461,24],[81,-50],[37,78],[121,-93],[150,26],[30,-75],[67,23],[42,-39],[335,63],[167,-41],[87,151],[142,69],[68,-57],[68,99],[160,-13],[-27,-86],[118,-11],[77,27],[10,75],[133,-10],[-23,122],[79,-67],[156,138],[153,33],[-42,74],[81,42],[-46,48],[82,30],[-72,64],[-52,-57],[-48,51],[142,90],[51,126],[104,32],[-8,54],[196,48],[216,307],[69,-25],[174,197],[83,2],[84,168],[122,40],[41,-32],[60,54],[108,-32],[38,46],[224,-60],[101,177],[80,-17],[51,107],[166,65],[-21,185],[75,25],[141,204],[76,-24],[37,59],[122,0],[-43,59],[82,83],[437,1],[15,52],[68,-18],[14,55],[79,14],[430,-229],[42,-73],[389,110],[158,-75],[255,55],[108,-56],[92,34],[72,-24],[787,423],[493,78],[55,92],[104,-10],[158,89],[3,62],[252,92],[-20,117],[131,322],[131,53],[-60,144],[63,34],[-41,117],[74,58],[69,1537],[104,291],[191,255],[566,335],[702,269],[1890,439],[784,344],[172,196],[307,-1374],[1294,-1644],[1249,-2181],[270,-1451],[31,-1181],[81,-778],[93,-224],[96,-163],[516,-326],[1962,-995],[317,-263],[181,-268],[51,-239],[34,-2256],[-41,-520],[-239,-698],[-476,-764],[-1027,-1052],[-391,-265]],[[458655,657796],[-1388,-750],[-863,-869]],[[456404,656177],[-52,-185],[-201,-161],[-215,-308],[-104,-51],[43,-229],[500,-602],[-112,-286],[28,-94],[165,-87],[-90,-436],[283,-535],[109,-96],[151,-29],[-53,-184],[-188,-129],[-309,-524],[205,-409],[352,13],[112,-24],[96,-95],[2,-78],[-197,-283],[65,-316],[-275,-242],[-11,-109],[107,-110],[478,-69],[137,-93],[40,-460],[311,-274],[3,-274],[256,-153],[156,-189],[-53,-249],[-275,-283],[5,-55],[992,-653],[162,-252],[-91,-827],[109,-502],[41,-599],[56,-77],[-12,-251],[85,-64],[135,-357],[77,-50],[122,-554],[-142,-893],[-357,-786],[138,-1081],[284,-799],[191,-969],[-36,-109],[139,-173],[11,-464],[-160,-1382],[-225,-405],[-97,-847],[95,-1544],[257,-1001],[107,-745],[-67,-533],[-88,-137]],[[459599,632435],[-364,-235]],[[459235,632200],[-6,-259]],[[459229,631941],[-76,-97],[-373,-332]],[[458780,631512],[-517,-194],[-359,-25]],[[457904,631293],[-293,-155],[-667,-36]],[[456944,631102],[-122,-96],[-165,-23],[-347,-191]],[[456310,630792],[-1376,-100],[-164,-104]],[[454770,630588],[-674,-209],[-175,-118],[197,-144],[0,-56],[-198,-308]],[[453920,629753],[-193,-126],[-267,-41],[-416,59],[-36,-99],[-170,-42],[-81,-91],[-259,-128],[-17,-168]],[[452481,629117],[-226,-134],[-289,-40]],[[451966,628943],[-796,-287],[-524,-82],[-83,-50],[-102,6],[-180,96]],[[450281,628626],[-386,-155],[-291,-4],[-49,-65]],[[449555,628402],[-298,19],[-201,243]],[[449056,628664],[-392,240],[74,118],[-147,208],[136,194],[-132,170]],[[448595,629594],[-68,329],[-158,-32]],[[448369,629891],[-240,-168],[-446,25],[-112,47],[-383,-78],[-432,-307],[-233,-80],[-210,-458],[-178,-136],[69,-95],[-61,-293],[-223,-96],[-287,31],[-271,-27],[-161,46],[-150,-49],[-73,-316],[-153,-112],[-28,-398],[-200,-205],[-234,-122],[-175,-73],[-245,-28],[-59,31],[-2,192],[-305,-6],[-90,59],[-43,219],[-736,128],[-278,143],[-131,170],[-249,60],[-469,-55],[-378,100],[-239,-1],[-92,-39],[-60,-193],[-183,-19],[-59,-85],[-197,-18],[-108,96],[-37,129],[-240,-30],[-94,-91],[-106,-13],[-169,115],[-227,5],[-330,90],[-199,-123],[-255,-29],[-744,308],[-211,-13],[-165,205],[1,323],[-65,93],[-448,151],[-174,7],[-255,285],[34,87],[179,66],[14,72],[-198,186],[-198,44],[-196,-149],[-488,6],[-157,-69],[-522,-54],[-78,193],[81,257],[-309,108],[-295,227],[-321,7],[-121,42],[-425,435],[-367,135],[-293,-39],[-231,175],[-485,-14],[-767,-220],[-194,22],[-182,162],[-647,-4],[-185,-100],[-73,-108],[-121,-13],[-119,27],[-96,136],[-155,95],[-528,-18],[-193,179],[-750,-14],[-471,132],[-346,-132],[-204,204],[-123,28],[-217,-65],[-345,11],[-269,-120],[-953,132],[-108,-31],[-136,-137],[-149,-30],[-476,151],[-215,-18],[-1044,229],[-147,-23],[-342,-185],[-364,-305],[-228,-47],[-119,-77],[-120,91],[-31,201],[-139,53],[-178,-170],[-288,78],[-441,-164],[-251,153],[-163,31],[-677,-218],[-84,-86],[-12,-204],[-95,-90],[-318,62],[-198,-55],[-608,34],[-404,-170],[-822,19],[-406,-114],[-357,-44],[-80,-98],[10,-152],[242,-809],[1005,-920],[71,-118],[69,-253],[-105,-410],[53,-192],[677,-416],[712,-605],[443,-245],[90,-123],[9,-174],[-414,-348],[-98,-163],[-7,-131],[195,-333],[-87,-122],[-182,-117],[-885,-147],[-385,-134],[-335,-34],[-632,-181],[-134,-98],[-237,-372],[-58,-237],[30,-351],[330,-624],[139,-489],[465,-531],[19,-501],[317,-204],[-62,-196],[40,-122],[182,-100],[131,-11],[720,294],[162,7],[330,-238],[435,-138],[212,-310],[32,-292],[-63,-346],[152,-386],[63,-506],[-518,-396],[160,-213],[-118,-174],[53,-188],[-138,-92],[-97,-158],[60,-119],[22,-367],[-37,-136],[-94,-87],[59,-365],[203,-189],[55,-145],[-533,-560],[-47,-258],[-214,-198],[-86,-213],[128,-362],[-241,-371],[-534,-7],[-789,-123],[-514,-259],[-252,-650],[-460,-902],[-217,-299],[-53,-253],[-71,-73],[-676,-294],[-652,-422],[-516,-123],[-293,-142],[-650,-136],[-245,-124],[-311,-35],[-749,88],[-1367,-689],[-446,-110],[-155,-132],[-534,-211],[21,-257],[-194,-505],[-294,-307],[-208,-113],[-227,-54],[-341,-217],[325,-44],[28,-112],[-266,-783],[-316,-283],[-97,-256],[-114,-71],[-142,-473],[-251,-119],[-185,-161],[-177,-50],[-211,-171],[-877,-288],[-152,-213],[-214,-142],[-199,-355],[-154,-135],[-239,-137],[-533,-195],[-199,-202],[-274,-155],[30,-134],[144,-111],[85,-159],[229,-143],[869,-778],[-230,-549],[-132,-143],[-270,-854],[-354,-479],[-128,-418],[12,-241],[-139,-156],[-64,-182],[-216,-180],[-17,-125],[68,-502],[292,-510],[326,-360],[198,-312],[-15,-282],[292,-202],[732,-745],[129,-430],[282,-484],[253,-121],[287,-217],[150,-313],[321,-229],[99,-196],[321,-281],[62,-150],[911,-469],[359,8],[727,-208],[254,-352],[352,-294],[175,-272],[304,-116],[497,-98],[340,-712],[6,-714],[49,-351],[97,-217],[188,-90],[607,138],[705,78],[417,-9],[211,-162],[88,-330],[26,-621],[369,-43],[226,-153],[-14,-373],[-248,-210],[-37,-390],[-111,-162],[-247,-154],[-460,-98],[425,-199],[444,-343],[-10,-207],[94,-232],[-46,-229],[-332,-225],[-876,-340],[-287,-449],[1,-360],[225,-496],[-82,-384],[91,-157],[8,-955],[-78,-304],[-274,-282],[100,-583],[107,-139],[-101,-133],[-18,-150],[255,-126],[149,1],[158,-115],[615,-119],[55,-446],[-33,-294],[56,-100],[-71,-174],[128,-267],[-40,-257],[82,-282],[195,-124],[381,-52],[218,-121],[200,17],[200,-108],[175,21],[95,-180],[204,-140],[154,-628],[62,-64],[481,-3],[205,-154],[491,-31],[144,-59],[296,-458],[-24,-167],[165,-160],[-38,-162],[114,-395],[193,-179],[263,-123],[155,-233],[322,-246],[120,-259],[181,-64],[-72,-321],[1111,-711],[-9,-308],[151,-127],[50,-211],[199,-253],[22,-105],[-204,-219],[-132,-354],[22,-189],[94,-121],[290,-140],[111,-9],[300,51],[345,-28],[236,60],[128,-29],[207,-123],[73,-119],[403,-218],[304,-449],[4,-35],[-192,-81],[-41,-139],[-102,-82],[-371,-26],[-102,-83],[102,-569],[-7,-87],[-154,-182],[102,-247],[-102,-106],[-249,-34],[-138,-78],[-9,-430],[-154,-148],[5,-108],[722,-290],[382,-32],[143,40],[286,-62],[560,-27],[444,91],[165,256],[229,161],[457,197],[117,9],[201,-66],[558,130],[626,-309],[290,-300],[186,47],[64,135],[227,88],[136,282],[794,202],[298,173],[354,120],[220,16],[296,211],[291,-7],[270,119],[466,-109],[465,254],[453,152],[322,3],[196,71],[212,163],[197,54],[336,-153],[175,-338],[227,-181],[-28,-274],[47,-77],[690,-374],[214,-247],[-72,-296],[145,-473],[154,-231],[424,-216],[-175,-195],[-36,-268],[-129,-151],[-13,-448],[-405,-398],[-192,-960],[19,-914],[-203,-458],[10,-345],[81,-176],[-175,-391],[-155,-26],[-497,80],[-95,-210],[-285,-256],[-159,-79],[-150,-24],[-267,54],[-289,-5],[-152,-61],[-133,112],[-120,22],[-296,-73],[-308,-148],[-114,-130],[-323,-89],[-159,83],[-146,-12],[-118,71],[-240,38],[-265,-108],[-104,67],[-271,56],[-269,-149],[-640,118],[-445,-68],[-186,-146],[-293,-112],[-54,-111],[-115,-70],[-33,-76],[136,-158],[2,-75],[-118,-135],[-343,-72],[-132,-120],[-327,-28],[-84,-74],[-19,-125],[-304,-1],[-387,-123],[-174,-112],[881,-501],[16,-120],[-117,-250],[277,-146],[174,-256],[0,-293],[171,-244],[-32,-264],[-139,-298],[242,-441],[-131,-152],[-24,-432],[-300,-288],[42,-217],[-125,-85],[-96,-649],[330,-493],[123,-304],[132,-117],[476,-108],[98,-72],[42,-130],[-107,-269],[29,-53],[191,-43],[64,-82],[17,-270],[-93,-133],[39,-494],[219,-199],[121,-488],[235,-178],[315,-385],[-37,-243],[-262,-65],[-151,-127],[238,-208],[-28,-314]],[[426972,550301],[124,-502],[-138,-270]],[[426958,549529],[-270,-236],[4,-297],[-203,-194],[-147,-51]],[[426342,548751],[-251,-259],[-615,-262],[-201,-41],[-261,24],[-227,-52],[-214,-207],[-183,-91],[-196,71],[-54,116],[-328,-45],[-492,75],[-143,-50],[-90,-103],[-254,-21],[-378,39],[-248,-147],[-192,-17],[-297,-123]],[[421718,547658],[-246,-11]],[[421472,547647],[-28,-78],[63,-398]],[[422997,532914],[-395,-332],[-110,-171]],[[422492,532411],[34,-508],[-112,-262],[-330,-445]],[[422084,531196],[-148,-683],[178,-409]],[[422845,528609],[264,-1359],[127,-151],[209,-126]],[[423445,526973],[405,-104],[152,-87],[443,-350],[154,-244],[132,293]],[[424731,526481],[365,178],[598,526]],[[425694,527185],[296,0],[191,-60],[110,66],[91,131]],[[426382,527322],[306,194],[407,369],[238,298],[164,40]],[[427497,528223],[295,-100],[369,112],[251,419],[204,66],[297,470],[989,249],[264,0],[338,150],[300,-10],[556,131],[269,-9],[268,93],[646,-318],[918,154],[213,110],[138,224],[387,209],[228,214],[365,124],[-30,121],[-280,282],[-15,84],[252,538],[327,256],[97,266],[489,104],[365,167],[61,167],[114,26],[84,198],[250,141],[47,288],[160,114],[8,450],[122,157],[9,245],[455,418],[76,120],[-45,141],[45,63],[312,161],[138,387],[0,146],[-165,318],[98,148],[-15,177],[-226,356],[-183,204],[-393,147],[-249,199],[-258,37],[-263,139],[491,33],[205,120],[410,115],[145,109],[91,84],[-163,188],[-257,168],[15,73],[220,83],[152,-31],[289,72],[530,-131],[167,-115],[91,15],[197,193],[190,73],[267,303],[197,-37],[448,120],[1358,50],[821,-112],[665,6],[46,99],[-128,254],[0,243],[259,303],[-83,193],[243,146],[-83,230],[348,298],[55,439],[76,152],[144,156],[251,89],[828,568],[343,303],[802,62],[410,217],[1087,167],[792,294],[238,46],[872,48],[1261,-16],[1239,-153],[365,-100],[342,-334],[206,-68],[199,-178],[-99,-180],[63,-71],[-16,-108],[63,-109],[173,-16],[118,-87],[78,-391],[102,-43],[378,15],[229,65],[71,-65],[3,-101],[99,-56],[559,21],[520,124],[654,336],[87,152],[220,32],[607,10],[472,-54],[79,-49],[-8,-206],[228,-104],[134,-11],[78,38],[-15,120],[863,248],[370,27],[1976,-289],[291,5],[173,103],[229,0],[141,-44],[142,-168],[173,-87],[0,-141],[456,-191],[181,-11],[225,-114],[134,16],[79,-48],[330,-44],[355,32],[236,-54],[402,179],[126,5],[79,-60],[-56,-60],[268,-130],[260,65],[142,141],[228,32],[87,-173],[102,-11],[102,-82],[239,11],[100,54],[55,92],[-102,217],[59,146],[-98,44],[-260,-5],[-668,413],[-283,299],[-276,185],[8,92],[-315,109],[-377,27],[-111,49],[-157,152],[-62,337],[-441,11],[-173,125],[-102,157],[8,293],[-70,234],[-126,174],[-543,228],[-275,0],[-236,179],[71,131],[-346,195],[-63,142],[71,135],[-63,179],[32,163],[125,92],[-46,169],[-141,76],[8,54],[331,266],[-32,244],[-142,89],[-239,299],[-79,39],[-285,-47],[-136,86],[-421,-117],[-353,16],[-295,157],[-148,157],[-341,95],[-102,196],[262,156],[705,31],[312,149],[-202,313],[120,189],[158,32],[125,87],[-3,281],[-76,114],[-364,234],[62,291],[-321,282],[-212,320],[105,178],[199,173],[197,420],[638,612],[1064,427],[259,202],[-113,279],[-3,173],[164,183],[237,130],[67,131],[431,258],[232,50],[-35,366],[148,142],[-113,200],[137,97],[119,243],[204,69],[198,166],[147,241],[616,238],[246,179],[-31,80],[84,308],[-163,256],[179,53],[48,86],[-240,315],[154,82],[29,86],[374,136],[189,152],[294,-39],[146,-151],[481,-53],[624,114],[481,-53],[471,76],[309,144],[239,180],[121,462],[-38,83],[110,111],[156,25],[210,132],[627,484],[600,-6],[815,250],[342,46],[658,221],[258,-2],[929,-235],[104,-73],[54,-196],[391,-34],[594,177],[426,1],[280,233],[355,113],[375,185],[782,46],[84,-92],[136,-9],[84,-111],[350,-132],[444,-31],[195,-230],[376,30],[297,-279],[161,-213],[35,-141],[103,-5],[64,-92],[568,-44],[306,-250],[268,-41],[344,239],[230,54],[95,-19],[71,52],[71,257],[-164,259],[133,28],[521,398],[1012,281],[171,176],[101,285],[125,135],[45,260],[-90,101],[32,186],[-172,162],[-48,151],[276,-6],[114,100],[194,31],[56,509],[214,83],[222,-11],[131,39],[335,300],[186,48],[100,78],[88,376],[-607,1063],[85,79],[261,47],[79,72],[-30,264],[360,467],[-74,674],[124,267],[212,160],[329,95],[305,21],[531,433],[1017,82],[466,117],[214,244],[53,842],[154,155],[1807,11],[2286,285],[1709,721],[2935,569],[786,-422],[586,-406],[823,-270],[1836,64],[1508,-1374],[768,-1014],[549,-458],[1016,-576],[200,-357],[159,-165],[1665,-1365],[471,-486],[434,-337],[369,-140],[303,-20],[278,17],[1461,380],[2011,1015],[380,72],[847,-44],[436,19],[2493,584],[685,241],[613,345],[274,304],[306,529],[263,240],[2574,1933],[426,94],[625,-47],[264,63],[1755,1047],[524,268],[596,230],[504,277],[611,113],[1935,69],[646,135],[1126,1219],[281,193],[456,719],[181,791],[-28,382],[90,320],[245,477],[2243,2662],[591,159],[319,170],[994,806],[396,202],[1187,233],[277,224],[113,23],[309,-44],[85,311],[-180,786],[-131,134],[-378,210],[-277,70],[-1211,12],[-620,402],[-539,-12],[-82,56],[-281,471],[-722,652],[-143,418],[-170,281],[-165,191],[-345,250],[-154,411],[45,733],[236,261],[310,17],[176,69],[275,559],[-153,431],[-76,594],[-261,399],[64,282],[-81,74],[-227,4],[-116,50],[-181,226],[-327,-9],[-236,128],[-511,617],[-891,464],[-426,483],[-1052,760],[-297,364],[-467,412],[-467,520],[-121,458],[268,722],[9,320],[-348,903],[211,994],[181,297],[786,713],[392,758],[757,1784],[264,189],[387,188],[1179,238],[628,328],[426,428],[646,1162],[420,1580],[223,206],[321,145],[105,132],[78,123],[9,388],[370,224],[128,169],[407,338],[749,430],[80,112],[77,608],[-142,726],[679,339],[50,267],[334,300],[185,80],[299,-56],[195,32],[921,550],[132,220],[174,-68],[115,-192]],[[538956,605281],[534,-76],[788,-261]],[[540278,604944],[365,-49],[237,-86],[176,-161],[116,-253]],[[541172,604395],[33,-407],[282,-214],[-19,-140],[84,-88],[357,-19],[226,68],[187,-31],[439,-171],[191,-275],[105,-38],[440,108],[259,172],[336,22],[212,-251],[383,-253],[427,-83],[358,-140],[391,49],[331,-140],[199,42],[645,-110],[594,88],[443,-54],[308,43],[350,-61],[183,14],[282,-160],[138,-468],[259,-428],[394,-1],[967,-443],[695,-64],[485,-140],[420,-29],[616,-124],[686,-42],[361,32],[750,-115],[742,-35],[392,53],[183,192],[272,125],[233,33],[129,-103],[133,-23],[632,277],[423,21],[718,-204],[510,-570],[344,-118],[1280,-63],[2291,158],[600,-26],[901,-312],[601,-364],[770,-234],[822,-129],[1,-568],[72,-253],[184,-194],[430,-243],[252,-76],[692,-88],[440,-124],[1106,-440],[732,-447],[940,-340],[1069,-527],[555,-141],[399,-187],[354,-100],[591,-76],[272,-79],[104,-310],[15,-295],[190,-346],[-31,-354],[-136,-277],[66,-185],[211,-198],[449,-151],[164,-118],[218,39],[386,-130],[-35,-180],[59,-186],[368,-778],[103,-81],[573,-226],[392,-8],[700,-551],[628,-333]],[[579458,590671],[111,48],[772,67],[448,116],[424,-37],[518,80],[900,-238],[86,15],[153,283],[767,907],[293,199],[483,103],[148,123],[81,179],[-9,175],[-99,149],[-285,234],[-142,463],[33,105],[585,171],[390,54],[123,155],[4,228],[-76,161],[-478,524],[-63,334],[81,196],[-30,116],[-367,616],[-281,275],[-4,166],[269,284],[-394,248],[-474,213],[-370,101],[-105,78],[16,300],[-179,477],[-499,670],[-662,592],[13,134],[139,143],[193,452],[69,26],[320,-50],[306,-514],[484,-499],[99,-43],[106,52],[202,266],[316,232],[189,220],[229,76],[336,-160],[98,-302],[81,-48],[561,-76],[112,-50],[64,-275],[-35,-322],[195,-74],[229,13],[171,-45],[282,25],[474,357],[149,20],[1093,-468],[783,-96],[155,61],[338,748],[7,635],[215,262],[65,202],[114,34],[171,-80],[199,128],[243,-76],[668,154],[216,-44],[257,15],[173,206],[300,163],[54,275],[174,82],[192,22],[658,-184],[536,-1],[748,-327],[396,-8],[241,144],[228,270],[135,77],[543,17],[241,-44],[377,129],[396,-1],[688,-191],[-126,-462],[-102,-143],[9,-79],[82,-47],[1018,352],[389,60],[388,203],[126,-6],[131,-101],[129,6],[350,172],[18,304],[381,101],[531,417],[39,95],[-52,94],[275,20],[230,-117],[327,110],[104,382],[283,242],[-105,524],[153,130],[-156,161],[-40,168],[-121,130],[-283,69],[-166,122],[-32,235],[-422,45],[-79,256],[-317,136],[-50,62],[117,325],[-30,264],[249,363],[57,307],[149,238],[-272,380],[-172,42],[-302,-29],[-197,112],[352,519],[-214,169],[-385,113],[-327,-22],[-224,33],[-236,257],[-156,17],[-364,-180],[-133,53],[-79,147],[84,170],[-10,164],[-489,92],[-264,141],[40,104],[200,86],[63,89],[-140,94],[-225,40],[-95,125],[-156,48],[8,324],[-57,27],[-24,142],[65,178],[-159,162],[172,187],[-10,157],[-42,45],[-585,12],[-141,205],[-316,11],[49,567],[76,137],[-61,71],[-402,188],[-424,62],[-187,97],[-262,52],[-326,172],[-154,240],[19,66],[490,-69],[106,28],[117,264],[-50,229],[-113,145],[-141,28],[-252,-85],[-440,-56],[-60,283],[107,328],[-88,78],[-283,-41],[-89,58],[114,220],[796,281],[166,160],[177,73],[-56,178],[-240,354],[52,198],[349,120],[853,838],[782,557],[154,272],[31,283],[203,382],[-389,260],[-75,375],[179,368],[-57,234],[355,301],[68,122],[-148,158],[88,96],[-123,52],[-306,26],[-71,79],[56,124],[200,47],[140,136],[-41,161],[68,88],[-81,285],[30,87],[-69,65],[137,7],[12,43],[-213,282],[-97,298],[123,-6],[10,151],[83,36],[313,-31],[140,51],[21,102],[210,106],[140,-9],[-43,104],[198,-38],[176,275],[-84,120],[-286,144],[7,254],[-412,162],[4,94],[-134,113],[-143,-4],[-345,509],[216,344],[168,137],[140,-40],[31,85],[177,136],[-52,108],[161,54],[65,151],[138,51],[80,223],[-53,164],[98,22],[25,105],[-81,79],[409,277],[5,64],[182,52],[56,120],[235,19],[-40,66],[113,9],[249,183],[147,24],[4,94],[239,222],[273,62],[18,136],[96,6],[-73,110],[45,173],[127,33],[-45,92],[133,-42],[54,83],[-118,162],[65,43],[-63,81],[10,90],[73,52],[-22,89],[298,72],[-4,100],[146,-4],[42,272],[-63,38],[-118,-54],[-22,88],[303,196],[6,81],[-76,47],[157,273],[77,350],[165,60],[137,-34],[151,34],[166,-22],[138,123],[78,-119],[130,76],[115,-112],[64,6],[-7,114],[74,80],[363,173],[-54,105],[124,42],[-37,169],[163,-44],[-16,155],[149,34],[-78,109],[56,60],[130,0],[90,284],[145,123],[217,100],[243,26],[37,60],[-104,48],[270,53],[110,65],[106,-65],[73,110],[280,79],[31,297],[261,221],[-25,77],[196,-2],[88,60],[-22,137],[193,19],[2,96],[119,-29],[41,35],[-56,88],[185,33],[-57,112],[115,21],[39,253],[137,39],[79,90],[231,-71],[8,96],[173,69],[18,128],[-154,36],[174,96],[-17,227],[89,51],[-66,77],[175,212],[16,138],[139,-59],[76,135],[89,29],[-59,96],[262,-10],[92,106],[161,-28],[136,52],[140,-40],[184,56],[118,-64],[32,100],[183,41],[-122,103],[-170,8],[94,87],[2,80],[133,-33],[195,95],[181,-13],[-45,140],[126,-8],[33,67],[375,-17],[283,198],[159,-23],[-63,95],[238,29],[56,111],[-36,63],[140,72],[291,15],[128,-111],[24,155],[230,-39],[-65,195],[146,-37],[84,57],[109,-40],[51,107],[146,-1],[2,99],[269,-55],[79,-91],[52,99],[85,24],[231,-53],[196,106],[401,-38],[164,124],[226,-43],[157,42],[139,-28],[-10,205],[64,47],[-49,67],[322,133],[-52,95],[116,26],[111,-63],[-45,131],[79,63],[94,-30],[-28,325],[214,61],[18,84],[316,78],[212,143],[143,11],[65,113],[155,36],[-19,176],[69,46],[-126,29],[81,116],[-50,51],[58,36],[122,-22],[7,71],[143,33],[-6,48],[386,-77],[61,97],[48,-66],[70,4],[145,77],[-89,66],[15,64],[245,-66],[55,109],[252,24],[11,66],[-83,74],[56,32],[331,-59],[122,-170],[58,25],[-9,95],[102,-35],[79,22],[-71,93],[32,43],[585,176],[41,-25],[-38,-89],[57,-24],[54,112],[213,83],[95,-127],[111,26],[25,111],[162,-166],[340,55],[44,44],[66,-46],[-18,-75],[152,33],[67,63],[257,-84],[160,71],[-58,119],[209,167],[130,-14],[177,72],[87,-81],[105,61],[153,-12],[77,173],[133,-66],[46,-110],[304,-1],[155,-81],[163,121],[-11,53],[217,1],[96,-77],[-4,125],[183,61],[68,156],[103,-115],[75,100],[138,-49],[82,79],[122,2],[18,139],[76,12],[62,-80],[55,6],[60,161],[90,-33],[126,186],[155,89],[568,85],[94,-83],[435,-24],[121,-148],[167,109],[-34,244],[285,29],[165,62],[143,-11],[-69,115],[118,112],[561,66],[301,-136],[37,67],[-76,60],[175,20],[-9,94],[261,-64],[54,-76],[261,64],[319,-40],[-89,187],[381,44],[68,177],[348,5],[152,-79],[53,34],[-16,99],[-175,200],[20,181],[76,96],[-142,25],[-4,121],[442,261],[62,134],[67,27],[-71,96],[242,-95],[-91,162],[89,59],[25,112],[199,18],[45,-301],[108,-9],[115,113],[106,24],[-133,87],[89,131],[109,57],[88,-64],[134,49],[197,223],[65,-109],[88,8],[-7,142],[164,29],[-129,38],[0,59],[194,107],[159,-14],[-3,223],[575,-254],[66,40],[-75,114],[-195,6],[-31,78],[354,16],[38,103],[58,-13],[47,-111],[164,80],[133,-131],[63,117],[344,-60],[103,-50],[189,-325],[104,14],[-96,111],[76,61],[124,17],[-46,73],[42,23],[158,4],[40,46],[369,-82],[171,54],[115,-36],[-49,122],[69,115],[139,-65],[80,-113],[249,82],[143,-69],[379,104],[506,-283],[361,517],[218,-35],[179,73],[124,-50],[-21,102],[60,22],[211,-25],[17,-122],[89,74],[-14,164],[162,-173],[175,126],[20,-122],[54,-14],[67,131],[187,-91],[108,32],[139,-42],[125,-365],[65,68],[-63,158],[46,89],[410,120],[179,-62],[52,92],[95,28],[120,-2],[22,-35],[-92,-69],[89,-15],[96,65],[4,194],[222,-148],[76,56],[2,122],[63,19],[424,-171],[320,-388],[102,-68],[158,-14],[84,39],[15,87],[-441,182],[16,172],[838,-94],[221,-180],[137,21],[91,197],[-264,120],[-139,159],[81,382],[536,299],[104,162],[211,41],[116,-32],[43,-255],[367,-397],[107,-45],[347,-5],[95,50],[-12,152],[247,30],[-10,146],[256,46],[41,179],[159,24],[59,151],[-555,188],[13,340],[147,42],[146,-152],[142,-37],[208,15],[116,76],[-3,91],[-418,201],[-67,119],[79,11],[150,-96],[81,-1],[44,269],[117,57],[69,-39],[-12,-239],[123,-99],[227,238],[520,-62],[-15,87],[-299,60],[-115,140],[211,36],[332,-50],[55,152],[308,155],[-281,296],[-342,-17],[-297,48],[-42,347],[678,-74],[500,-186],[158,170],[-156,177],[179,194],[614,-375],[-308,-230],[19,-60],[131,-58],[151,-5],[-40,197],[273,119],[298,6],[363,-97],[66,85],[-7,295],[101,246],[357,399],[259,164],[119,-7],[14,-143],[-152,-303],[23,-58],[81,-18],[283,84],[226,286],[72,202],[-207,315],[48,34],[247,4],[29,71],[-249,142],[-276,-103],[-8,71],[159,197],[-60,66],[-204,-18],[-19,-146],[-71,-39],[-99,43],[-8,115],[274,174],[6,177],[323,29],[551,375],[-37,76],[-256,33],[266,277],[-118,343],[371,-12],[18,-130],[63,-20],[130,85],[55,124],[246,39],[6,-105],[-253,-189],[37,-47],[112,16],[202,246],[143,342],[-27,165],[252,-18],[111,51],[1,94],[-109,102],[-228,-6],[256,111],[38,62],[-161,390],[-144,98],[2,135],[-182,46],[-89,98],[-175,62],[351,301],[171,39],[-133,113],[27,89],[544,-16],[256,148],[156,437],[-73,258],[-82,124],[-768,545],[-243,315],[-162,28],[-301,-58],[-83,-44],[-48,-184],[-76,-26],[-66,35],[-195,448],[8,209],[153,200],[-120,134],[-174,-3],[-136,-269],[-141,-12],[-12,264],[213,87],[34,76],[-46,123],[-339,70],[117,121],[49,150],[220,-6],[43,77],[-411,342],[-81,-20],[-119,-140],[-88,31],[-182,372],[-12,309],[-186,174],[249,55],[-146,194],[111,201],[-401,-46],[85,-115],[-27,-41],[-144,-23],[-108,31],[39,393],[219,444],[-100,24],[-234,-133],[-45,-86],[58,-118],[-94,-29],[-320,138],[-104,232],[136,367],[-75,136],[15,243],[-221,266],[52,94],[184,109],[-11,115],[-252,267],[-298,154],[39,65],[189,31],[172,-145],[62,-9],[39,51],[-104,427],[-76,-13],[-78,-138],[-82,-14],[-68,45],[26,143],[128,157],[3,155],[-401,123],[-247,153],[-187,35],[-17,317],[-281,-5],[-52,32],[14,78],[149,79],[-96,29],[-373,-21],[-79,238],[-87,-13],[-236,-254],[-155,6],[-39,131],[-155,130],[164,130],[10,81],[-86,35],[-265,-71],[-150,159],[-11,475],[-374,122],[-332,301],[-44,235],[-318,-27],[-35,418],[-95,204],[-137,23],[-248,-89],[-54,-131],[237,-107],[-132,-54],[-192,57],[-397,299],[14,42],[226,77],[-14,73],[-150,127],[9,77],[239,121],[34,195],[358,263],[-74,92],[-310,143],[-129,-13],[-255,-144],[-65,7],[71,215],[-264,101],[76,64],[604,40],[84,174],[-124,192],[-13,141],[-413,384],[-761,467],[-66,256],[-280,-21],[-95,193],[-260,48],[98,96],[-15,88],[-397,63],[-60,199],[-155,78],[128,102],[-45,161],[85,89],[-171,275],[58,230],[-67,55],[-277,-8],[183,281],[-75,271],[215,128],[33,150],[-214,142],[82,99],[230,30],[11,39],[-290,209],[96,26],[306,-50],[-85,276],[383,34],[-74,210],[357,-98],[10,105],[-224,154],[86,150],[-23,147],[161,11],[287,-79],[67,25],[-224,289],[-317,220],[-126,253],[136,35],[652,-81],[167,84],[-170,478],[-385,243],[449,451],[2,89],[-94,54],[-338,-44],[-88,114],[125,216],[175,-112],[89,-4],[42,175],[187,148],[-79,38],[-424,-64],[-295,-125],[-44,129],[381,308],[-226,79],[-4,66],[204,46],[200,-134],[207,-5],[168,289],[-153,48],[14,60],[474,48],[330,92],[-19,37],[-382,82],[58,182],[233,43],[76,-122],[235,-74],[210,101],[267,49],[27,105],[-66,30],[-481,-76],[-139,6],[-50,57],[243,201],[496,154],[-49,207],[52,52],[142,-5],[218,-104],[117,-4],[137,54],[57,153],[114,36],[426,-205],[29,234],[105,162],[82,-26],[76,-159],[171,6],[76,49],[-111,282],[2,173],[-227,152],[212,66],[-15,48],[-122,67],[-290,-42],[-31,50],[334,331],[98,-33],[-43,-202],[77,-25],[93,33],[123,273],[-78,187],[312,41],[31,247],[381,224],[-35,203],[-117,12],[-118,-63],[-120,97],[283,123],[32,96],[-202,43],[-207,-16],[-98,104],[42,167],[280,173],[-10,77],[-333,63],[-37,55],[88,166],[-206,127],[189,92],[82,212],[99,-4],[88,-100],[77,19],[-44,310],[68,162],[-56,162],[77,126],[351,39],[33,-61],[-82,-193],[94,-45],[195,79],[95,249],[139,90],[-192,72],[-34,73],[181,169],[10,118],[259,69],[52,170],[-159,145],[0,72],[55,24],[350,-71],[103,35],[-86,94],[-212,-6],[-186,101],[-7,119],[277,137],[54,80],[-78,58],[-206,-34],[-38,37],[1082,560],[-126,132],[-15,168],[-57,29],[-234,-115],[-46,-194],[-105,-7],[-13,71],[27,136],[214,157],[477,656],[245,3],[239,-209],[131,66],[-41,169],[80,54],[112,-22],[197,-150],[395,-3],[13,59],[-272,230],[188,50],[130,-41],[465,-349],[161,266],[-222,78],[-16,43],[332,110],[119,171],[88,28],[155,-78],[220,-20],[18,-57],[-160,-134],[92,-78],[96,12],[355,258],[51,104],[-151,285],[-117,437],[5,164],[211,145],[-155,231],[22,77],[418,254],[452,27],[148,125],[215,-75],[285,58],[464,-228],[30,52],[-188,186],[-29,99],[300,208],[-84,19],[-440,-155],[-95,15],[9,71],[256,227],[392,137],[662,-140],[183,34],[110,317],[-32,46],[-102,-13],[-259,-169],[-237,19],[-136,73],[12,100],[302,223],[80,236],[302,29],[68,-220],[166,-24],[117,59],[-97,252],[149,157],[124,10],[3,-221],[81,-85],[76,-10],[197,250],[282,16],[6,59],[-149,101],[56,42],[191,-16],[240,-151],[299,82],[41,79],[-174,283],[236,47],[40,146],[172,127],[-164,217],[-262,-10],[-17,177],[95,47],[266,-90],[293,40],[243,-29],[45,37],[-76,100],[-295,119],[-45,87],[-12,162],[234,76],[36,97],[-133,244],[389,178],[10,151],[531,113],[229,124],[115,127],[255,-82],[145,213],[473,204],[-50,94],[-217,57],[-146,122],[-223,46],[-22,69],[506,82],[758,18],[495,-40],[69,132],[-71,66],[-424,32],[45,132],[170,74],[115,-26],[233,-181],[239,-22],[-19,84],[-264,154],[69,216],[131,85],[227,-84],[155,21],[100,94],[23,123],[-81,110],[-226,40],[64,230],[-121,15],[-260,-122],[-71,27],[-5,102],[402,192],[-35,203],[72,37],[485,14],[-45,-301],[64,-41],[107,19],[183,300],[-313,105],[-50,135],[353,129],[337,25],[87,202],[-214,251],[-5,115],[152,150],[261,39],[56,63],[-92,67],[-200,-18],[-223,174],[-196,-37],[-47,32],[-10,337],[311,150],[13,235],[375,-19],[484,38],[363,243],[95,-98],[391,-208],[125,177],[254,107],[-312,611],[-263,29],[-46,69],[52,106],[169,87],[37,74],[-72,114],[-212,150],[178,278],[-192,173],[42,227],[-220,109],[-120,-189],[-119,-24],[-138,51],[-28,139],[265,69],[52,77],[-222,251],[154,124],[27,215],[207,148],[162,278],[299,146],[-74,284],[118,58],[286,-16],[149,162],[39,176],[98,31],[192,-24],[81,70],[-30,99],[-338,-68],[-351,121],[8,56],[252,129],[354,-53],[16,61],[-84,76],[-198,47],[-310,1],[-80,53],[209,180],[336,179],[100,169],[235,-7],[-169,185],[-25,137],[-64,5],[-176,-142],[-138,26],[7,82],[607,583],[158,65],[400,36],[313,240],[-130,70],[-580,26],[-90,-43],[-44,-237],[-283,-12],[-23,115],[145,293],[-173,342],[-72,412],[-131,59],[-263,-33],[-94,62],[144,207],[83,298],[-357,356],[305,407],[-218,110],[-36,79],[141,144],[296,101],[-68,154],[27,99],[435,181],[119,71],[41,92],[-91,72],[-268,45],[-288,-191],[-94,18],[71,555],[245,213],[-129,53],[-187,-66],[-36,52],[293,252],[730,427],[-94,183],[139,112],[-3,58],[-268,101],[-290,-25],[-28,65],[558,308],[324,-62],[332,261],[29,110],[-163,187],[149,210],[155,26],[195,-103],[55,34],[-34,66],[-422,203],[-61,187],[122,115],[427,105],[120,205],[476,171],[-19,112],[-227,163],[53,133],[-42,109],[51,47],[296,14],[128,56],[23,528],[94,53],[196,8],[27,51],[2,231],[-271,110],[-6,113],[130,64],[504,78],[158,205],[236,-76],[153,348],[-125,62],[-264,11],[-31,72],[527,494],[570,170],[380,-97],[127,40],[-327,194],[-91,234],[-132,57],[-38,270],[143,178],[-12,71],[-113,41],[-175,-27],[-67,-187],[-232,-239],[-96,66],[-14,89],[60,184],[272,278],[300,175],[151,32],[334,-37],[207,110],[19,82],[-276,148],[-35,90],[124,38],[369,-112],[36,107],[-128,175],[8,74],[326,106],[-64,72],[-162,56],[-265,-126],[-46,70],[55,131],[208,151],[108,-21],[226,-170],[97,55],[97,219],[379,-67],[0,68],[-134,114],[17,153],[98,64],[214,33],[125,118],[-47,54],[-401,110],[-26,93],[148,43],[351,-147],[186,13],[61,92],[-113,204],[15,143],[284,264],[-231,83],[-25,103],[581,179],[-56,79],[-283,57],[-177,269],[-247,-28],[-70,44],[242,137],[-43,299],[41,319],[182,76],[235,-34],[41,75],[-215,90],[-231,-57],[-262,-178],[-112,-11],[-51,80],[58,97],[391,267],[38,284],[252,165],[-299,359],[136,202],[-19,159],[-236,123],[147,191],[-48,166],[256,-19],[-15,256],[-152,83],[-347,-50],[-294,106],[-62,80],[45,54],[336,-9],[121,109],[2,254],[-384,169],[-164,18],[-35,238],[69,76],[313,-18],[19,213],[207,240],[-51,50],[-217,6],[-265,74],[-14,-62],[187,-283],[-107,-95],[-280,-119],[-118,2],[-51,65],[178,240],[94,389],[-135,59],[-329,-144],[-89,26],[-258,354],[-8,260],[147,135],[442,149],[393,337],[233,56],[438,-8],[19,128],[-186,211],[76,94],[137,13],[326,-91],[182,301],[365,57],[325,147],[125,-2],[81,-67],[-235,-355],[38,-95],[96,-24],[126,4],[429,144],[450,-20],[117,213],[137,67],[168,-47],[329,-258],[298,2],[133,147],[-229,370],[63,115],[126,43],[194,-61],[210,-364],[144,17],[186,271],[-294,384],[-58,170],[115,481],[-290,480],[108,200],[292,29],[666,-414],[406,-84],[360,85],[297,218],[171,-2],[116,-116],[51,-202],[194,-97],[145,52],[105,367],[294,206],[-409,366],[4,109],[127,62],[197,9],[169,-63],[474,-316],[146,-42],[162,27],[208,203],[384,169],[-7,155],[-213,162],[73,87],[474,134],[-55,244],[56,80],[125,-2],[892,-596],[139,-60],[146,4],[83,71],[57,196],[0,447],[161,38],[246,-127],[103,-5],[138,155],[-63,279],[-500,92],[-47,349],[78,72],[197,34],[202,-28],[282,-115],[139,13],[74,91],[-22,97],[-283,255],[118,85],[125,-19],[436,-238],[155,-45],[267,4],[201,123],[118,351],[168,22],[798,-508],[509,-176],[241,32],[137,69],[215,321],[123,86],[368,34],[542,-54],[10,179],[70,78],[145,-83],[135,-455],[102,-110],[145,-29],[118,45],[251,269],[156,-35],[-14,-173],[-206,-202],[67,-85],[162,-36],[223,43],[186,156],[30,102],[-92,270],[49,90],[508,132],[213,203],[95,22],[105,-56],[26,-222],[167,-168],[-53,-116],[-338,-320],[22,-77],[118,-24],[653,268],[373,393],[54,323],[-232,280],[147,81],[157,-34],[232,-186],[70,-139],[-40,-319],[60,-61],[121,4],[208,167],[101,181],[-51,394],[64,124],[474,279],[386,-7],[-24,150],[-416,473],[-35,164],[116,119],[118,41],[433,47],[129,64],[50,80],[-29,292],[250,171],[16,91],[-127,79],[-604,-20],[-134,59],[-28,99],[115,132],[228,33],[513,-118],[91,16],[51,178],[-149,233],[84,190],[267,51],[410,-150],[48,-109],[-118,-269],[14,-114],[218,-171],[213,-9],[107,50],[50,112],[-73,203],[-18,391],[67,142],[206,40],[510,-142],[466,-18],[54,55],[-64,244],[92,166],[1192,646],[51,120],[-104,227],[46,80],[891,142],[296,-38],[74,-92],[-31,-128],[-327,-226],[28,-76],[105,-48],[137,6],[298,121],[237,155],[240,301],[181,-54],[72,-263],[148,-43],[71,135],[-156,597],[24,146],[156,241],[-97,252],[81,111],[402,-117],[332,-34],[225,-116],[151,-4],[170,110],[112,-158],[-249,-248],[-5,-103],[138,-95],[648,-170],[137,83],[-13,248],[167,250],[78,259],[155,78],[189,-11],[236,-198],[43,-186],[-5,-114],[-291,-426],[191,-80],[276,53],[525,403],[119,163],[-29,167],[-230,324],[57,195],[213,181],[172,113],[127,24],[909,-116],[95,68],[-15,228],[50,85],[428,82],[-71,159],[-208,95],[-449,20],[-134,51],[-51,136],[40,181],[-64,69],[-111,1],[-218,-156],[-142,12],[-22,114],[143,175],[34,156],[-100,110],[-203,87],[51,132],[219,6],[571,-140],[465,114],[115,-112],[-179,-273],[52,-123],[359,12],[291,111],[274,18],[135,-78],[115,-365],[102,-130],[368,-109],[207,-10],[105,51],[-11,321],[132,138],[643,112],[357,-81],[94,135],[-290,332],[40,97],[207,124],[-1,69],[-628,311],[-33,179],[122,117],[125,60],[271,30],[350,-110],[128,-140],[43,-370],[130,-121],[195,-40],[233,52],[129,121],[30,127],[-66,285],[121,175],[102,50],[421,90],[258,190],[131,-24],[235,-279],[146,-1],[207,124],[32,94],[-77,98],[-485,164],[-107,101],[-13,97],[235,110],[430,19],[78,52],[-33,79],[-238,129],[-2,278],[218,265],[409,249],[34,144],[-85,90],[-264,67],[-634,-89],[-126,73],[26,93],[181,86],[294,45],[845,-83],[46,113],[-96,68],[-596,97],[-134,57],[62,106],[510,131],[356,-4],[535,-208],[218,34],[163,99],[-55,191],[-550,213],[-145,232],[-265,164],[-10,120],[89,95],[365,126],[722,-182],[438,33],[516,-82],[159,157],[17,400],[132,150],[154,32],[163,-53],[76,-140],[-225,-292],[12,-131],[180,-18],[712,173],[164,-6],[116,-71],[35,-118],[-223,-299],[11,-101],[92,-38],[170,83],[106,361],[-129,468],[52,203],[208,230],[-62,48],[-482,14],[-115,60],[-71,179],[165,168],[1292,304],[141,-113],[10,-188],[-69,-114],[-247,-112],[-47,-87],[192,-167],[335,-92],[162,71],[84,448],[155,302],[149,14],[336,-74],[671,-215],[276,-164],[114,65],[90,363],[-15,202],[93,55],[130,-8],[80,-71],[54,-234],[-18,-669],[-107,-121],[-403,-123],[-65,-122],[75,-96],[167,-48],[761,-8],[197,122],[149,435],[106,108],[183,27],[184,-40],[312,-289],[132,-21],[87,46],[11,109],[-98,198],[-407,161],[-89,105],[273,296],[2,325],[175,214],[214,29],[244,-92],[119,-185],[85,-457],[131,-137],[171,-26],[205,65],[344,254],[190,20],[292,-58],[98,30],[49,93],[-63,193],[65,91],[155,12],[174,-174],[180,-19],[554,275],[187,212],[15,205],[-174,72],[-460,-34],[-120,96],[12,99],[48,55],[197,55],[580,5],[172,304],[296,-68],[311,-166],[176,-345],[118,4],[286,122],[135,-31],[-5,-72],[-255,-214],[62,-81],[211,5],[102,88],[293,593],[-164,145],[-325,34],[26,76],[575,165],[1107,486],[696,-103],[297,28],[17,78],[-195,130],[5,145],[556,185],[379,20],[231,62],[335,335],[65,270],[103,72],[172,-34],[244,-260],[233,-161],[316,-78],[68,-68],[-80,-120],[-289,-117],[-117,-108],[27,-244],[103,-75],[159,-33],[366,92],[264,169],[96,226],[-362,428],[37,151],[469,240],[379,-67],[93,31],[-145,195],[109,142],[157,28],[569,-74],[212,65],[218,450],[422,236],[208,175],[55,159],[-44,219],[83,94],[159,9],[400,-157],[165,30],[219,114],[89,102],[-8,85],[-433,231],[3,108],[123,157],[346,128],[226,156],[176,32],[218,-122],[64,-95],[63,-373],[113,-135],[199,6],[221,147],[55,134],[-75,173],[-618,348],[-34,116],[795,539],[289,-19],[388,-230],[245,-16],[132,189],[-108,251],[16,94],[118,47],[396,-28],[115,69],[81,242],[-447,607],[-49,174],[60,65],[190,8],[1512,-386],[420,-69],[111,-97],[119,-362],[524,-316],[126,62],[23,79],[-61,451],[212,294],[284,83],[280,6],[393,80],[539,-89],[80,8],[79,78],[-41,195],[-293,215],[-18,292],[-176,52],[-471,-107],[-108,109],[119,172],[351,78],[298,196],[130,30],[131,-26],[82,-74],[116,-245],[226,-90],[155,20],[338,141],[144,-29],[181,-125],[102,0],[307,294],[139,50],[112,-30],[269,-196],[478,16],[165,55],[-17,121],[-292,197],[3,157],[191,140],[297,23],[127,78],[-106,168],[-464,352],[-13,268],[133,96],[215,56],[568,-75],[318,37],[265,290],[300,154],[-35,131],[-340,166],[116,158],[283,50],[449,-179],[165,36],[40,83],[-187,292],[-24,255],[-97,84],[-302,98],[-35,72],[191,216],[467,189],[-14,65],[-185,52],[-27,60],[246,423],[92,23],[567,-94],[740,69],[222,-16],[295,-140],[298,-399],[241,-4],[195,111],[36,143],[-99,221],[-647,432],[-200,38],[-402,-61],[-346,83],[-174,89],[14,185],[169,90],[735,24],[349,-30],[237,-139],[268,-248],[112,57],[-75,211],[41,85],[177,33],[218,-21],[552,-189],[323,-355],[258,-67],[150,54],[159,134],[237,541],[120,95],[1046,197],[328,176],[138,-17],[99,-71],[95,-457],[140,-61],[236,65],[227,278],[18,157],[-79,102],[-272,118],[-145,128],[-31,137],[127,95],[369,11],[621,-287],[462,-9],[384,-168],[183,-13],[91,120],[-6,110],[-395,308],[16,89],[344,152],[580,106],[298,236],[76,11],[86,-42],[27,-89],[-89,-324],[86,-174],[124,-55],[589,-23],[77,85],[-25,132],[-472,358],[14,103],[252,102],[746,-149],[356,-194],[180,-230],[-64,-319],[25,-207],[152,-69],[620,154],[540,240],[167,104],[147,178],[97,512],[-21,200],[-392,355],[-41,107],[47,86],[170,45],[324,-80],[218,-162],[328,-534],[25,-513],[200,-247],[278,-89],[536,25],[344,-73],[497,-397],[716,-249],[181,27],[320,142],[351,184],[271,250],[343,103],[992,-160],[123,-86],[51,-191],[116,-47],[713,135],[394,132],[228,247],[79,483],[-137,313],[-310,237],[-65,152],[168,164],[324,31],[363,-161],[181,-189],[64,-165],[-125,-698],[-165,-440],[77,-79],[109,7],[594,214],[534,331],[701,212],[93,191],[-288,375],[-1,135],[127,162],[337,214],[206,99],[200,19],[200,-26],[221,-185],[16,-216],[-148,-441],[-346,-462],[-286,-545],[-513,-269],[-515,-89],[8,-243],[120,-186],[446,-323],[585,-292],[233,-62],[1033,-18],[665,89],[2166,1151],[247,265],[249,501],[207,123],[489,131],[88,83],[-53,134],[-110,57],[-517,53],[-22,101],[97,89],[355,77],[620,-25],[175,-37],[396,-267],[200,29],[72,88],[9,159],[-349,488],[36,166],[150,115],[390,20],[554,-123],[162,30],[296,157],[165,18],[122,-114],[-136,-287],[111,-166],[177,-100],[740,-154],[266,-166],[321,-349],[249,26],[125,275],[-33,318],[-469,570],[-486,204],[-132,138],[56,424],[-317,449],[72,158],[166,78],[251,-30],[147,-76],[716,-481],[481,-403],[319,-62],[222,74],[221,287],[25,300],[-198,464],[40,111],[79,23],[271,19],[630,-268],[374,-62],[306,104],[304,281],[231,26],[133,-176],[-194,-396],[35,-181],[313,-147],[714,-47],[250,49],[158,234],[-47,173],[-319,328],[-83,183],[79,152],[110,48],[349,-12],[252,-152],[264,-270],[206,-89],[268,-7],[323,109],[235,0],[109,-87],[-7,-52],[-189,-130],[-339,-109],[-761,-55],[-288,-183],[-184,-398],[39,-250],[208,-164],[268,-120],[56,-135],[-19,-77],[-154,-102],[-199,-41],[-446,27],[-115,-60],[3,-124],[77,-93],[256,-62],[210,69],[1149,678],[566,740],[153,102],[538,165],[92,118],[85,349],[103,123],[496,317],[580,166],[371,0],[635,-217],[464,-257],[319,-42],[274,42],[575,334],[309,66],[142,-34],[190,-140],[68,-164],[-27,-347],[72,-116],[178,-42],[524,88],[871,-32],[212,-25],[328,-126],[136,-122],[133,-286],[-56,-612],[103,-56],[99,9],[167,84],[369,480],[57,131],[-13,279],[-259,265],[-794,424],[-396,305],[-60,233],[70,227],[249,155],[353,39],[531,-158],[258,-213],[563,-807],[461,-237],[573,-59],[152,14],[355,136],[360,251],[558,256],[182,224],[-43,200],[-458,530],[-45,149],[107,217],[519,407],[-65,183],[-214,91],[-276,4],[-300,-103],[-462,-257],[-145,25],[-94,93],[81,372],[306,213],[430,134],[406,17],[199,-38],[952,-304],[281,-43],[493,137],[466,291],[276,-22],[266,-159],[126,-162],[4,-229],[-195,-481],[20,-141],[83,-61],[315,-29],[205,48],[133,146],[-15,809],[122,370],[109,141],[190,98],[914,-87],[136,-59],[125,-151],[9,-235],[-41,-86],[-550,-473],[-47,-164],[69,-199],[299,-357],[204,-568],[186,-127],[218,-29],[270,85],[331,269],[107,404],[-98,481],[96,215],[225,139],[345,47],[733,-42],[571,165],[248,-22],[134,-190],[-54,-303],[58,-112],[305,-75],[193,76],[110,98],[68,167],[-310,627],[71,180],[230,101],[517,-30],[403,-150],[522,-269],[683,-860],[162,-117],[284,-68],[320,39],[133,74],[176,198],[66,168],[-38,466],[-172,388],[62,275],[183,130],[1165,208],[658,42],[188,-20],[225,-115],[96,-248],[-30,-144],[-440,-397],[-34,-100],[94,-134],[238,-78],[330,14],[837,226],[251,73],[275,156],[146,229],[30,591],[103,118],[216,61],[241,-33],[326,-259],[64,-239],[-253,-533],[-2,-219],[166,-304],[301,-145],[244,-8],[171,44],[730,361],[326,226],[124,371],[148,55],[537,-245],[363,-85],[787,12],[176,49],[319,185],[181,272],[-24,800],[-277,307],[-452,286],[-80,102],[84,185],[233,56],[293,-20],[359,-117],[664,-362],[192,-157],[176,-276],[146,-749],[178,-112],[275,-67],[431,-23],[702,176],[228,-1],[301,-96],[302,-220],[206,-70],[181,68],[124,226],[-169,435],[92,566],[129,182],[195,84],[297,29],[397,-144],[286,-174],[251,-11],[284,222],[559,1222],[219,315],[152,105],[147,80],[430,86],[945,-103],[146,33],[199,135],[78,227],[-47,213],[-319,771],[54,221],[215,216],[237,96],[716,138],[371,194],[893,127],[179,105],[60,167],[-109,225],[-736,247],[-458,340],[-242,397],[94,193],[467,212],[551,-11],[394,-138],[304,-213],[187,-63],[424,24],[383,225],[361,696],[538,330],[173,205],[-16,126],[-108,140],[-178,124],[-155,45],[-341,8],[-136,-12],[-415,-173],[-530,-411],[-118,-37],[-262,6],[-112,47],[-109,171],[33,245],[178,211],[365,154],[790,83],[349,124],[200,172],[205,439],[112,107],[370,143],[550,52],[250,105],[92,187],[9,260],[157,176],[266,-7],[397,-218],[295,-19],[166,47],[350,225],[1065,976],[420,186],[224,51],[485,33],[256,-32],[333,-117],[408,-317],[434,-438],[616,-435],[363,-163],[732,-112],[1034,85],[571,-10],[312,-83],[136,-90],[167,-230],[112,-624],[49,-55],[174,-25],[317,135],[209,176],[284,373],[413,1321],[65,435],[-326,692],[12,284],[113,81],[154,26],[183,-9],[284,-119],[308,-351],[258,-630],[61,-68],[197,-8],[59,81],[-113,383],[-23,546],[73,482],[174,352],[269,186],[1007,-34],[738,62],[362,-98],[51,-310],[-237,-508],[-354,-346],[-796,-1201],[-18,-211],[313,-448],[544,-390],[306,-120],[323,-29],[1215,297],[1156,153],[327,151],[706,490],[258,54],[286,-23],[261,-179],[42,-368],[-216,-337],[-779,-753],[-42,-281],[143,-155],[141,-20],[363,14],[406,105],[197,104],[334,304],[131,265],[92,438],[-122,341],[-358,638],[74,298],[293,208],[849,167],[178,201],[-12,174],[-140,197],[-289,188],[-330,75],[-182,120],[27,220],[129,35],[371,-48],[852,-448],[283,46],[472,463],[206,-16],[944,-573],[253,-236],[216,-226],[185,-361],[-37,-373],[-87,-227],[-573,-623],[-166,-355],[162,-286],[104,-65],[407,-102],[442,16],[335,156],[239,241],[146,469],[152,909],[127,215],[164,88],[425,49],[293,-88],[167,-132],[380,-502],[228,-144],[110,-7],[274,48],[188,124],[225,609],[155,145],[146,36],[361,-23],[593,-265],[296,-8],[129,52],[172,219],[18,153],[-61,153],[-678,539],[-40,208],[59,131],[185,140],[510,174],[485,-59],[547,-143],[1657,-134],[708,68],[571,144],[450,-79],[333,-135],[469,-287],[139,-152],[235,-540],[295,-403],[247,-233],[685,-480],[255,-118],[362,-63],[340,54],[190,89],[251,277],[96,355],[-157,728],[19,247],[223,201],[195,55],[185,-14],[340,-158],[446,-469],[258,-145],[394,-110],[737,-26],[136,-59],[444,-381],[75,-166],[-164,-552],[-17,-822],[96,-388],[521,-843],[125,-591],[-52,-207],[-249,-175],[-748,-114],[-699,-177],[-585,-330],[-108,-212],[54,-255],[308,-288],[711,-323],[739,-182],[171,-117],[45,-106],[-66,-246],[-455,-288],[-66,-84],[24,-80],[89,-42],[269,-8],[491,136],[568,255],[518,159],[651,348],[468,28],[301,-90],[239,-240],[31,-116],[-68,-287],[-275,-227],[-277,-104],[-521,-125],[-560,-52],[-125,-103],[204,-398],[439,-301],[824,-179],[586,-39],[517,-83],[570,-159],[227,0],[463,144],[133,284],[3,541],[96,60],[223,-14],[87,-57],[75,-184],[-10,-544],[179,-252],[380,-308],[131,-239],[12,-273],[202,-607],[-33,-601],[44,-125],[113,-106],[197,-84],[212,-29],[570,48],[441,250],[225,351],[45,500],[206,270],[380,93],[817,-17],[291,43],[262,146],[80,164],[-37,313],[-139,125],[-1156,462],[-92,65],[-78,225],[10,140],[127,200],[546,447],[303,743],[138,135],[381,144],[506,-35],[449,-166],[741,-459],[263,-81],[453,14],[446,242],[164,203],[-165,810],[24,144],[232,168],[216,31],[207,-31],[140,-71],[289,-323],[120,-385],[-10,-679],[66,-104],[239,-133],[322,-68],[202,9],[791,188],[339,6],[374,-135],[525,-320],[183,-59],[390,-16],[894,189],[176,-35],[204,-143],[-35,-272],[-364,-208],[-258,-81],[-258,-64],[-519,-11],[-761,125],[-406,13],[-317,-166],[-144,-279],[91,-250],[112,-121],[190,-98],[449,-125],[1298,-105],[216,-80],[494,-320],[122,-151],[96,-358],[-6,-298],[-647,-486],[-199,-257],[-32,-160],[270,-408],[281,-151],[348,-88],[502,45],[341,118],[163,110],[149,149],[289,561],[244,224],[273,149],[242,77],[1010,-3],[577,55],[484,185],[431,238],[469,417],[764,1140],[671,774],[373,563],[150,439],[-131,1508],[175,1007],[-44,434],[-201,632],[-280,336],[-453,337],[-1757,1021],[-1153,823],[-2821,1818],[-801,738],[-528,607],[-714,1286],[-246,292],[-370,268],[-668,353],[-2270,658],[-740,433],[-967,1023],[-1806,1313],[-1950,2004],[-378,1789],[-161,433],[-441,602],[-442,295],[-450,183],[-1946,384],[-928,289],[-920,377],[-585,320],[-324,220],[-405,396],[-736,1505],[-333,439],[-711,571],[-549,327],[-1000,427],[-639,189],[-2623,554],[-612,26],[-389,-100],[-559,-294],[-831,-651],[-867,-551],[-396,-81],[-460,45],[-928,402],[-280,-12],[-189,-63],[-262,-169],[-478,-432],[-1257,-923],[-658,-305],[-1126,-403],[-1381,-288],[-628,-249],[-541,-105],[-1122,19],[-798,136],[-1591,543],[-909,554],[-877,698],[-798,536],[-284,124],[-284,66],[-554,-31],[-2456,-693],[-206,76],[-235,258],[-201,105],[-391,42],[-744,-12],[-724,90],[-141,52],[-357,246],[-1102,1033],[-766,509],[-353,153],[-540,86],[-665,0],[-398,-51],[-601,-204],[-27,120],[3646,3886],[46333,50644],[500,273],[1069,1733],[-116,184],[-324,279],[-143,242],[-136,358],[-165,827],[86,713],[324,724],[2,759],[-105,343],[-204,381],[-706,844],[-476,347],[-471,103],[-188,-32],[-386,-156],[-225,-179],[-176,-191],[-159,-369],[-48,-615],[-93,-292],[-896,-978],[-405,-168],[-288,-63],[-642,9],[-410,118],[-757,382],[-692,175],[-248,136],[-18,294],[588,832],[68,240],[-19,326],[-266,586],[-309,322],[-368,210],[-499,172],[-264,44],[-253,-13],[-246,-105],[-159,-193],[-299,-663],[-135,-169],[-171,-163],[-352,-143],[-423,0],[-458,113],[-504,251],[-234,207],[-197,269],[-260,751],[-233,1491],[-428,1710],[-290,428],[-311,339],[-281,239],[-247,130],[-815,275],[-612,97],[-353,0],[-253,-71],[-217,-132],[-585,-530],[-526,-339],[-1153,-543],[-704,-209],[-506,-84],[-408,-29],[-910,65],[-895,296],[-472,214],[-363,237],[-192,243],[25,429],[118,194],[396,263],[395,155],[637,162],[1686,75],[990,307],[261,137],[297,263],[171,238],[55,200],[0,151],[-108,219],[-350,330],[-211,64],[-977,-133],[-304,-17],[-328,47],[-370,93],[-178,148],[-282,99],[-1428,362],[-413,60],[-324,-30],[-480,-77],[-671,-210],[-742,-381],[-1238,-881],[-477,-276],[-378,-131],[-333,-37],[-504,7],[-432,75],[-680,198],[-416,260],[-298,311],[-156,320],[-139,908],[-115,367],[-610,737],[-538,500],[-256,166],[-190,63],[-266,-18],[-1434,-800],[-347,-120],[-222,-47],[-797,56],[-540,151],[-225,119],[-279,239],[-315,358],[-441,709],[-639,591],[-765,471],[-595,189],[-450,88],[-767,51],[-1245,-25],[-251,-62],[-198,-125],[-64,-251],[108,-163],[126,-82],[1099,-290],[1333,-233],[397,-170],[267,-248],[233,-471],[12,-205],[-91,-260],[-165,-163],[-575,-287],[-751,-175],[-945,-291],[-1275,-158],[-604,26],[-572,95],[-1027,319],[-413,231],[-460,349],[-162,252],[-80,308],[36,389],[136,357],[298,408],[388,389],[173,307],[91,772],[6,544],[-62,136],[-167,116],[-205,-13],[-256,-136],[-316,-301],[-397,-238],[-929,-194],[-651,-73],[-493,62],[-388,213],[-189,176],[-44,477],[136,402],[849,752],[298,464],[9,176],[-90,201],[-171,169],[-657,340],[-1549,453],[-1479,158],[-1071,271],[-1470,51],[-504,120],[-675,459],[-270,383],[-143,439],[-153,251],[-394,242],[-458,153],[-476,60],[-551,5],[-1144,-125],[-996,-36],[-719,19],[-371,70],[-333,125],[-189,145],[-297,402],[-574,1368],[-198,634],[-242,389],[-252,264],[-441,277],[-639,207],[-595,133],[-360,6],[-415,-56],[-1073,-287],[-325,-232],[-523,-621],[-560,-407],[-631,-220],[-685,-18],[-712,214],[-738,409],[-287,295],[-522,892],[-530,389],[-721,176],[-1449,172],[-348,-52],[-359,-99],[-229,-141],[-421,-471],[-119,-276],[38,-577],[56,-184],[260,-377],[1057,-1181],[517,-463],[320,-506],[111,-334],[-6,-172],[-278,-287],[-279,-103],[-177,-24],[-609,114],[-495,167],[-357,178],[-546,649],[-204,184],[-310,176],[-322,120],[-1491,231],[-439,17],[-762,-47],[-695,-175],[-1722,-108],[-1636,-227],[-1077,-252],[-254,-112],[-235,-197],[-192,-291],[-92,-299],[12,-164],[136,-203],[627,-530],[188,-419],[96,-462],[-29,-183],[-379,-293],[-217,-26],[-228,29],[-565,348],[-229,112],[-217,42],[-272,0],[-774,-227],[-111,-124],[-172,-554],[-125,-1232],[-118,-214],[-179,-129],[-557,-64],[-421,34],[-947,274],[-383,215],[-409,329],[-730,896],[-310,257],[-606,321],[-291,47],[-866,-56],[-229,-68],[-285,-236],[-619,-736],[-328,-73],[-303,21],[-210,95],[-48,114],[394,494],[45,204],[-42,256],[-275,174],[-186,-9],[-631,-201],[-1009,-146],[-742,-206],[-372,-209],[-187,-278],[-97,-678],[-136,-205],[-341,-313],[-315,-184],[-378,-133],[-458,-77],[-278,-9],[-953,137],[-860,-184],[-1045,-367],[-688,-618],[-266,-159],[-570,-192],[-340,4],[-291,107],[-266,197],[-359,458],[-19,264],[180,460],[594,900],[118,385],[6,227],[-96,274],[-220,198],[-550,342],[-1517,707],[-278,197],[-239,323],[-370,704],[-746,871],[-960,642],[-402,168],[-569,85],[-532,9],[-452,-60],[-371,-107],[-557,-305],[-117,-301],[11,-537],[1185,-1826],[91,-222],[47,-503],[-128,-401],[-211,-193],[-303,-133],[-309,-47],[-413,29],[-299,82],[-715,634],[-226,313],[-136,955],[-105,313],[-346,522],[-56,270],[285,1071],[-62,493],[123,518],[-74,411],[-142,138],[-325,75],[-899,-62],[-816,143],[-711,251],[-500,108],[-679,-59],[-1456,127],[-1334,377],[-971,489],[-1275,855],[-614,256],[-580,111],[-656,-26],[-634,-97],[-908,-279],[-541,-203],[-1217,-641],[-843,-244],[-734,-59],[-409,102],[-355,251],[-162,238],[-107,314],[-25,567],[181,505],[551,780],[247,687],[-9,295],[-359,738],[-197,239],[-113,63],[-400,41],[-640,-112],[-2078,-890],[-200,-185],[-62,-486],[-946,-259],[-578,-363],[-248,-285],[-235,-686],[-271,-241],[-469,-68],[-369,78],[-651,641],[-381,235],[-242,46],[-222,-23],[-320,-147],[-357,-404],[-113,-379],[-263,-492],[-1069,-1029],[-552,-1479],[-99,-552],[-678,-1400],[-970,-882],[-370,-113],[-688,-8],[-2129,332],[-301,-43],[-469,-210],[-217,-269],[-77,-420],[26,-184],[430,-600],[323,-333],[753,-1092],[49,-116],[-32,-228],[-90,-188],[-181,-163],[-469,-171],[-301,22],[-207,66],[-260,201],[-146,747],[-137,132],[-315,138],[-322,55],[-532,4],[-429,-47],[-555,-214],[-353,-193],[-432,-147],[-439,-75],[-758,23],[-461,-68],[-800,30],[-358,204],[-578,547],[-1201,939],[-475,186],[-436,-19],[-706,-243],[-405,-225],[-446,-337],[-876,-886],[-196,-112],[-611,-94],[-632,-33],[-284,-140],[-774,-725],[-233,-126],[-888,-461],[-1011,-182],[-192,-75],[-362,-255],[-192,-288],[-4,-224],[200,-459],[23,-433],[578,-792],[37,-162],[-47,-271],[-216,-414],[-321,-285],[-416,-155],[-547,5],[-264,61],[-361,124],[-132,117],[-47,440],[202,505],[41,403],[-100,220],[-342,207],[-792,159],[-390,-39],[-599,-244],[-751,-519],[-324,-124],[-1159,-131],[-236,23],[-281,91],[-922,732],[-443,120],[-341,0],[-764,-87],[-189,-70],[-122,-108],[-30,-121],[51,-127],[361,-446],[68,-195],[-27,-162],[-217,-206],[-365,-78],[-199,34],[-629,266],[-338,78],[-577,-63],[-137,-51],[-69,-94],[-9,-388],[-149,-283],[-524,-244],[-391,-75],[-356,0],[-937,103],[-197,-23],[-560,-326],[-221,-63],[-1341,6],[-318,-66],[-963,-398],[-572,-9],[-257,59],[-167,97],[-176,195],[-119,248],[-11,239],[221,839],[-95,191],[-528,568],[-1067,685],[-555,823],[-157,135],[-234,9],[-383,-580],[-418,-482],[-244,-136],[-259,-64],[-300,-23],[-892,119],[-446,132],[-1383,657],[-405,65],[-807,-12],[-1275,109],[-213,-46],[-550,-274],[-557,-138],[-180,15],[-171,63],[-460,411],[-324,137],[-261,357],[-225,176],[-288,124],[-468,94],[-1214,54],[-675,156],[-504,325],[-929,888],[-676,482],[-1233,468],[-674,92],[-385,-37],[-1045,-210],[-235,-134],[-104,-150],[23,-171],[401,-496],[22,-449],[-67,-128],[-279,-193],[-992,-508],[-378,-306],[-333,-471],[-367,-1316],[-221,-219],[-368,-218],[-531,-202],[-428,-35],[-340,209],[-136,312],[45,220],[318,494],[84,283],[-163,583],[-235,412],[-1233,940],[-366,139],[-385,51],[-454,-128],[-308,-162],[-312,-314],[-48,-810],[-180,-444],[-276,-196],[-272,-119],[-400,-76],[-501,112],[-248,276],[-169,431],[-65,695],[-145,175],[-711,494],[-580,133],[-266,-40],[-368,-176],[-1122,-1010],[-323,-213],[-692,-194],[-711,-58],[-467,-119],[-1177,-684],[-818,-314],[-602,-126],[-585,-45],[-576,44],[-1178,261],[-477,-19],[-458,-151],[-2067,-966],[-273,-64],[-253,24],[-214,113],[-96,128],[25,330],[233,288],[862,621],[108,232],[-37,219],[-194,217],[-319,96],[-378,49],[-405,219],[-666,169],[-334,263],[-337,513],[-78,250],[-28,626],[-169,376],[-305,1391],[-90,109],[-157,106],[-361,97],[-583,-66],[-210,-73],[-360,-226],[-666,-715],[-559,-71],[-290,50],[-861,650],[-154,246],[-324,982],[-171,241],[-203,115],[-568,112],[-280,-63],[-399,-407],[-123,-367],[86,-716],[-107,-530],[-326,-295],[-310,-145],[-302,-16],[-491,119],[-321,203],[-285,546],[-18,175],[453,854],[-50,370],[-248,245],[-401,132],[-692,86],[-390,-116],[-714,-498],[-302,-119],[-1077,-135],[-590,88],[-144,81],[-135,181],[7,396],[197,295],[572,506],[-10,313],[-217,326],[-280,298],[-298,198],[-996,306],[-1105,665],[-930,1112],[-334,588],[-87,240],[-114,1054],[-99,392],[79,357],[435,271],[330,38],[473,-15],[578,-100],[365,13],[770,204],[238,136],[248,272],[238,408],[350,1289],[414,800],[230,210],[239,118],[901,254],[789,381],[797,276],[247,174],[202,273],[98,662],[-68,257],[-239,85],[-1162,-152],[-964,99],[-212,120],[-271,297],[-27,575],[49,202],[952,1010],[53,370],[-334,429],[-276,135],[-1038,349],[-319,166],[-130,138],[-152,280],[-45,257],[119,682],[-146,339],[-17,187],[484,620],[130,538],[219,409],[40,347],[-106,989],[-300,496],[-76,376],[189,361],[679,623],[-3,437],[-237,569],[-182,155],[-411,107],[-571,-88],[-635,3],[-322,68],[-499,198],[-314,142],[-208,195],[-141,206],[-73,340],[50,327],[643,1064],[33,281],[-45,382],[-157,534],[-74,70],[-236,61],[-1370,-19],[-308,-77],[-440,-191],[-564,-91],[-138,31],[-167,152],[-45,283],[-284,490],[-473,621],[-261,642],[-171,215],[-762,696],[-153,87],[-433,50],[-273,-64],[-497,-307],[-113,-306],[253,-1409],[-131,-449],[-135,-234],[-167,-128],[-1045,-256],[-429,41],[-198,79],[-98,92],[-45,115],[81,194],[103,68],[606,132],[174,118],[76,143],[0,119],[-85,131],[-364,189],[-1841,-92],[-1204,322],[-484,-20],[-756,-239],[-204,-138],[-163,-245],[-45,-241],[51,-281],[167,-493],[198,-279],[32,-354],[-208,-275],[-252,-143],[-239,-45],[-379,22],[-301,112],[-148,111],[-181,795],[-126,146],[-658,232],[-998,156],[-520,155],[-1329,717],[-509,247],[-433,140],[-383,40],[-378,-18],[-351,-81],[-469,-228],[-347,-251],[-982,-242],[-428,-72],[-469,88],[-100,133],[-123,684],[12,312],[-109,302],[-342,315],[-952,592],[-126,174],[-444,344],[-554,114],[-2654,170],[-1497,755],[-837,552],[-504,804],[-82,228],[23,134],[312,343],[985,611],[287,313],[560,798],[-27,564],[244,515],[243,315],[197,187],[740,439],[878,415],[1217,674],[427,448],[190,325],[5,147],[-154,274],[-144,84],[-207,25],[-227,-21],[-287,-97],[-437,-275],[-301,-56],[-320,19],[-197,58],[-326,263],[-76,368],[40,342],[617,589],[310,609],[47,215],[-12,455],[-162,126],[-891,259],[-178,128],[-74,139],[25,105],[613,418],[108,153],[-10,336],[-128,326],[-127,142],[-103,55],[-214,14],[-1418,-19],[-450,213],[-758,558],[-198,183],[-152,368],[71,980],[-141,271],[-212,118],[-279,107],[-507,59],[-2277,46],[-737,174],[-226,148],[12,280],[104,152],[196,68],[348,38],[238,-41],[722,-234],[270,-44],[189,0],[406,125],[297,302],[-10,238],[-262,715],[-626,907],[-276,271],[-838,445],[-281,245],[184,1279],[528,505],[28,245],[-289,220],[-244,18],[-603,-351],[-648,-214],[-271,-18],[-235,39],[-946,492],[-172,193],[-146,562],[-5,322],[-227,700],[-100,1129],[-72,245],[-90,94],[-279,13],[-451,-302],[-387,-157],[-279,-31],[-649,63],[-504,232],[-793,708],[-325,220],[-540,307],[-514,125],[-180,-18],[-271,-107],[-466,-308],[-398,-172],[-852,-145],[-769,34],[-1117,301],[-370,188],[-207,219],[-108,214],[-222,1202],[132,489],[-64,145],[-172,53],[-216,-12],[-261,-82],[-100,-63],[-98,-188],[-30,-1216],[83,-330],[-79,-224],[-901,-773],[-405,-257],[-297,-100],[-477,-7],[-280,88],[-36,220],[108,200],[-18,201],[-144,214],[-244,144],[-126,0],[-207,-82],[-684,-408],[-171,-38],[-505,13],[-216,50],[-478,433],[-405,213],[-487,69],[-775,-25],[-891,93],[-496,113],[-694,358],[-126,113],[-55,972],[-253,440],[-459,408],[-730,495],[-703,665],[-60,101],[-1,374],[140,545],[-32,282],[-178,413],[-109,155],[-213,123],[-402,408],[-254,163],[-337,88],[-445,17],[-622,-48],[-527,-268],[-1093,-361],[-495,0],[-598,166],[-216,132],[-163,182],[-8,303],[186,214],[481,387],[441,289],[152,194],[-260,471],[-234,190],[-380,174],[-234,-6],[-535,-239],[-360,-232],[-502,-444],[-449,-200],[-550,-47],[-378,83],[-881,529],[-324,346],[-598,1286],[-50,322],[212,1135],[52,195],[352,575],[23,213],[-20,227],[-172,288],[-406,215],[-177,47],[-210,-17],[-279,-94],[-332,-194],[-224,-219],[-135,-320],[-60,-690],[-174,-393],[-258,-301],[-273,-194],[-426,-202],[-298,-53],[-400,5],[-725,109],[-355,-13],[-705,137],[-609,36],[-1507,513],[-756,304],[-1702,792],[-1881,668],[-738,107],[-431,-13],[-674,-213],[-585,-94],[-1537,44],[-377,112],[-638,294],[-414,252],[-648,257],[-1757,563],[-199,199],[-139,264],[12,369],[172,440],[406,554],[73,264],[-154,282],[-423,502],[-216,966],[-406,665],[-396,276],[-324,69],[-333,6],[-1161,-119],[-513,12],[-298,188],[-234,295],[-54,126],[27,251],[180,263],[477,345],[486,182],[729,-88],[784,-257],[747,-533],[325,0],[278,107],[172,144],[71,176],[-27,238],[-288,602],[18,270],[135,333],[234,269],[369,276],[414,258],[450,138],[225,138],[135,238],[-27,245],[-189,176],[-297,0],[-612,-183],[-937,-420],[-333,-82],[-378,19],[-378,138],[-342,201],[-244,433],[55,200],[414,766],[486,452],[-10,244],[-234,270],[-305,150],[-226,7],[-298,-115],[-224,-187],[-538,-644],[-191,-77],[-594,-13],[-252,51],[-153,100],[-63,345],[117,389],[369,301],[170,345],[0,282],[-116,245],[-145,69],[-476,44],[-1315,-289],[-324,-19],[-243,44],[-270,113],[-855,590],[-694,288],[-415,333],[-286,554],[-10,318],[62,100],[280,163],[1629,289],[472,179],[383,405],[233,823],[-216,397],[-247,153],[-696,224],[-884,215],[-353,208],[-385,444],[-36,239],[96,217],[555,270],[213,156],[153,270],[-43,435],[-434,731],[-143,90],[-479,160],[-362,220],[-565,436],[-130,172],[-183,881],[150,1178],[-502,602],[-183,103],[-165,29],[-131,-27],[-377,-472],[-340,-325],[-403,-188],[-289,-3],[-250,109],[-187,147],[-123,235],[-106,439],[149,454],[-9,489],[137,707],[160,348],[-128,306],[-165,112],[-204,53],[-246,0],[-359,-84],[-662,77],[-640,330],[-1045,112],[-251,156],[-293,455],[-351,144],[-257,-59],[-257,-126],[-522,-509],[-427,-99],[-207,16],[-319,153],[-45,82],[-1,101],[215,341],[150,118],[119,188],[-51,332],[-178,144],[-260,21],[-301,-43],[-732,-314],[-316,-70],[-424,7],[-254,119],[-307,334],[-216,528],[-415,416],[-235,453],[-167,163],[-220,120],[-430,495],[-179,103],[-319,90],[-568,36],[-349,156],[-182,170],[-136,262],[34,590],[-119,151],[-400,244],[-659,226],[-368,41],[-947,-32],[-325,85],[-364,242],[-60,91],[20,199],[617,859],[-9,183],[-117,94],[-209,57],[-171,-13],[-1020,-358],[-1346,-227],[-307,-94],[-370,-202],[-434,-340],[-243,-75],[-579,31],[-379,126],[-167,234],[-655,432],[87,511],[347,365],[63,176],[-135,397],[-208,126],[-343,75],[-263,-13],[-713,-497],[-379,-365],[-334,-201],[-235,-82],[-253,0],[-1012,365],[-351,239],[-109,233],[0,686],[244,629],[27,277],[-103,702],[-86,155],[-203,272],[-648,548],[-171,281],[-161,317],[-122,752],[-331,246],[-828,1149],[-779,731],[-779,548],[-278,83],[-795,76],[-203,87],[-352,62],[-76,58],[-67,301],[-321,7],[-389,-176],[-416,-346],[-361,-101],[-632,-315],[-497,-512],[-353,-631],[-437,-352],[-978,-272],[-563,-47],[-608,13],[-384,-61],[-373,39],[-581,147],[-283,116],[-96,102],[-274,722],[-532,706],[-266,175],[-230,84],[-293,-25],[-106,-128],[102,-414],[-66,-159],[-325,-195],[-469,-73],[-302,132],[-141,382],[-145,207],[-216,183],[-262,126],[-1021,258],[-308,152],[-740,588],[-132,167],[-4,406],[-155,695],[11,226],[-99,120],[-659,113],[-569,12],[-385,-41],[-416,37],[-1062,191],[-387,116],[-541,352],[-1210,1257],[-320,168],[-705,140],[-293,150],[-928,785],[-774,505],[-719,192],[-660,-29],[-410,14],[-158,24],[-536,220],[-597,21],[-333,108],[-344,41],[-1292,385],[-212,279],[-122,25],[-373,222],[-244,205],[-541,101],[-99,109],[-191,64],[-38,129],[-134,68],[-1079,299],[-299,13],[-1794,-429],[-528,-61],[-193,-60],[-247,-323],[-74,-307],[53,-627],[-56,-266],[-487,-517],[-935,-635],[-361,-378],[-560,-119],[-486,-258],[-93,-121],[50,-345],[-86,-240],[-135,-150],[-195,-83],[-505,-56],[-626,-195],[-375,-304],[-285,-150],[-91,-161],[-34,-268],[-189,-246],[-129,-7],[-24,138],[-465,190],[-71,-57],[-80,-270],[-94,3],[2,170],[-134,11],[-141,-94],[-69,-211],[-276,38],[-177,-172],[-51,137],[-227,-26],[76,-162],[-48,-37],[-103,91],[-111,-69],[-85,3],[-185,136],[-342,-120],[-139,113],[-321,3],[-168,87],[-257,-136],[-75,110],[-378,53],[-759,-422],[-235,-38],[-127,88],[-162,34],[-260,196],[197,0],[162,121],[-166,169],[270,210],[33,83],[-208,41],[-158,-125],[-83,24],[-83,108],[-350,17],[-304,-356],[80,-214],[-107,-365],[-61,15],[-21,153],[-178,-88],[-221,11],[38,-143],[-155,6],[-129,-96],[-315,-6],[23,-119],[-124,-26],[-257,81],[-123,-6],[-224,129],[-146,12],[-178,-101],[-278,77],[-281,-106],[-149,-158],[-133,-19],[-127,14],[-46,85],[-297,55],[-88,74],[-90,-24],[-181,97],[-273,23],[-39,72],[76,71],[-48,67],[-318,4],[39,113],[-44,58],[-297,-30],[-45,35],[85,51],[-108,51],[-133,-1],[-114,85],[-157,5],[-80,-128],[-93,123],[-192,-70],[-35,79],[-257,-67],[-320,55],[-103,-79],[-62,76],[-121,-45],[-66,25],[24,112],[-90,122],[-72,16],[-68,-86],[-180,89],[-130,-100],[-174,32],[-158,-43],[-207,122],[32,115],[-296,186],[-30,171],[-160,69],[-154,-47],[-50,94],[-196,14],[-103,85],[-145,21],[-15,106],[-186,-7],[27,113],[-376,-27],[53,88],[-118,70],[-146,-60],[-202,10],[-105,-64],[-140,91],[-333,-77],[-74,119],[-110,3],[-143,102],[-217,65],[46,91],[-166,105],[48,69],[-80,215],[-160,25],[-43,-95],[-176,-24],[-16,93],[-241,18],[-188,172],[-315,-99],[-82,52],[-165,-17],[-37,-106],[-140,-111],[-44,80],[-259,-16],[-269,61],[-174,125],[21,-192],[-195,-148],[-134,31],[-6,108],[-179,165],[-103,1],[-32,-52],[84,-212],[-120,-20],[-130,-112],[-357,-60],[-32,-156],[-83,-32],[37,-61],[-172,-114],[-62,5],[27,80],[-162,25],[-235,-87],[-124,29],[-99,-55],[-210,-25],[-145,13],[100,100],[-33,31],[-158,-35],[-37,-72],[-174,-20],[87,109],[-35,138],[-123,-98],[-173,30],[-64,67],[70,32],[-20,48],[-271,113],[-170,134],[-110,5],[-109,-75],[-18,121],[-46,7],[-86,-96],[-184,-12],[-69,98],[-190,-164],[-83,-17],[-17,118],[-55,24],[-36,-59],[-72,19],[-74,127],[-212,-98],[-29,50],[123,177],[-146,-3],[-190,72],[-49,53],[48,77],[-145,39],[-35,87],[-76,23],[-309,15],[-52,-57],[-94,0],[-31,-107],[-207,-40],[-9,-4319],[621,124],[710,-52],[254,27],[426,175],[216,327],[283,169],[264,-75],[354,-254],[178,-49],[133,64],[399,-17],[259,94],[138,105],[277,20],[424,127],[254,-127],[230,-1],[227,106],[185,-110],[467,-22],[-54,-123],[86,-140],[417,-197],[219,-279],[399,-16],[243,-145],[258,-431],[-57,-167],[63,-202],[250,13],[118,-122],[351,-10],[172,-82],[115,-104],[-11,-167],[138,-143],[24,-124],[257,-195],[163,-60],[43,-82],[366,-161],[126,10],[144,-135],[96,-199],[-101,-223],[149,-264],[-66,-538],[78,-229],[101,-78],[-15,-161],[203,-99],[171,-199],[134,-48],[108,-234],[-119,-40],[-39,-86],[71,-232],[-107,-278],[34,-75],[-86,-91],[201,-64],[-90,-30],[-52,-97],[160,-18],[171,41],[-26,-71],[263,-1],[44,-70],[126,19],[-102,-178],[59,-74],[-86,-28],[-11,-157],[75,-50],[-66,-83],[96,-83],[-68,-82],[49,-26],[53,50],[104,-124],[26,-249],[67,-42],[79,21],[-22,-62],[123,-1],[60,-81],[-14,-113],[85,3],[-45,-67],[142,-51],[-57,-152],[135,-18],[138,-159],[268,-96],[84,-230],[197,-31],[284,-199],[-36,-78],[153,-182],[9,-173],[-65,-108],[48,-97],[153,-11],[186,-252],[189,-58],[21,-67],[159,-103],[-22,-209],[121,-129],[85,-42],[206,12],[3,-81],[129,-1],[67,-54],[67,-151],[-142,-196],[169,-114],[-7,-87],[190,14],[250,-145],[47,-119],[108,-77],[-9,-187],[189,-124],[-28,-151],[108,-65],[128,47],[82,-119],[185,-66],[135,36],[334,-76],[135,56],[-39,-108],[147,-128],[-36,-144],[91,-55],[22,-94],[102,-46],[183,47],[158,-118],[-5,-74],[89,-76],[177,-51],[80,-205],[-100,-237],[-106,-70],[132,-65],[141,-458],[213,-13],[31,-99],[236,9],[86,-122],[149,42],[178,-23],[80,-56],[36,-157],[348,-7],[27,-124],[242,-81],[171,88],[163,-2],[95,-88],[421,-59],[177,-196],[62,-327],[-64,-84],[232,-87],[-39,-89],[131,12],[82,-144],[191,78],[150,-106],[71,0],[150,268],[54,-12],[37,-137],[171,106],[144,-26],[124,150],[162,21],[-96,125],[172,69],[66,95],[517,-63],[-31,-183],[-136,-30],[41,-197],[238,-49],[339,-154],[126,76],[171,-115],[19,-85],[124,-27],[123,-356],[83,-42],[-197,-65],[-46,-60],[54,-58],[173,9],[-65,-104],[177,-41],[-24,-59],[-179,-61],[56,-122],[114,-66],[-291,-47],[-58,-87],[9,-72],[157,-73],[-63,-71],[40,-105],[95,-13],[162,65],[47,-126],[245,145],[63,-103],[76,-13],[261,124],[72,-54],[-55,-99],[107,-15],[123,-93],[114,-194],[121,-59],[-86,-99],[80,-96],[92,3],[81,85],[304,61],[140,-76],[41,145],[97,90],[-107,116],[28,37],[346,-109],[107,69],[172,-1],[197,-195],[238,-110],[35,-118],[204,177],[148,-159],[104,-30],[-66,-89],[89,-76],[-150,-97],[57,-199],[-186,58],[-142,-226],[188,-110],[17,-142],[110,-58],[0,-96],[231,80],[86,-73],[-37,-95],[-290,-129],[4,-57],[211,-97],[60,-90],[175,13],[10,218],[234,112],[166,158],[142,46],[125,144],[264,162],[68,-77],[176,17],[37,-148],[183,-83],[141,19],[74,-57],[-86,-173],[-37,-334],[67,-52],[197,22],[-5,-73],[-132,-20],[-35,-55],[303,-143],[-36,-49],[-220,-64],[5,-109],[126,42],[15,-54],[-187,-114],[-155,1],[-31,-87],[50,-31],[118,19],[148,-92],[304,28],[93,-91],[297,8],[299,-49],[-176,-202],[255,-59],[-93,-123],[75,-110],[-179,-17],[-65,-66],[43,-187],[177,-49],[-78,-80],[19,-166],[192,40],[66,-91],[-205,-133],[-59,-117],[-447,-260],[-146,-5],[-152,121],[-131,-32],[-27,-186],[53,-50],[131,-14],[20,-52],[-44,-329],[-132,24],[-68,-177],[39,-248],[-50,-178],[63,-63],[760,-36],[279,-156],[-59,-69],[-340,24],[-139,-53],[115,-242],[-71,-134],[44,-51],[179,-39],[51,-161],[273,22],[-63,-183],[214,-47],[29,-88],[-279,-154],[272,-69],[-88,-45],[-517,-58],[-84,-58],[-2,-94],[-118,-44],[43,-126],[-128,-87],[-3,-157],[249,-338],[-190,-44],[-169,26],[-173,248],[-83,-26],[-102,-138],[-180,258],[-161,89],[-87,-6],[-299,-169],[175,-169],[-40,-97],[-403,65],[-273,151],[-52,-68],[-61,-563],[-173,78],[-72,-26],[-403,-207],[-92,-117],[-323,-195],[-72,-134],[22,-135],[195,-350],[232,-214],[641,-371],[321,-108],[344,-230],[135,-245],[-66,-150],[-139,-75],[-721,-156],[-622,-318],[-333,-262],[-94,-160],[-37,-304],[32,-356],[269,-915],[300,-361],[349,-185],[623,-196],[234,-177],[18,-143],[-230,-249],[-246,-182],[-569,-238],[-94,-236],[91,-318],[653,-280],[281,-18],[672,-207],[143,-86],[82,-222],[68,-222],[-60,-296],[-706,-1022],[-15,-222],[371,-607],[417,-282],[600,-272],[255,-167],[282,-267],[206,-382],[41,-334],[-101,-434],[34,-387],[157,-515],[-165,-403],[-235,-344],[-411,-156],[-113,-89],[-50,-129],[50,-437],[312,-627],[115,-143],[581,-130],[744,-409],[716,-154],[1045,-731],[-36,-46],[-571,-146],[-568,-107],[-162,44],[-234,189],[-253,100],[-378,-69],[-1207,-38],[-1270,29],[-895,148],[-241,-9],[-263,-88],[-457,52],[-252,-27],[-257,-113],[-350,-275],[-348,-137],[-78,-64],[-3,-225],[-82,-62],[-351,-101],[-558,19],[-325,101],[-432,395],[-279,182],[-171,31],[-280,-50],[-247,17],[-774,660],[-891,604],[-388,187],[-323,322],[-527,152],[-866,574],[-763,287],[-143,-10],[-426,-317],[-1357,-3841],[-10583,-26250],[-595,-1013],[-377,-145],[-435,-2464],[-217,-202],[111,-329],[-32,-146],[-261,-175],[-207,-3],[-145,108],[-88,235],[-122,117],[-405,110],[-417,286],[-193,39],[-137,-60],[-139,-165],[-2467,-2113],[-3108,-2551],[-9641,-8559],[-12286,-10669],[-1907,-1727],[-6801,-5868],[-13317,-7220],[-3086,-1593],[-3529,-1997],[-21170,-11511],[-5320,-2941],[-65134,-15258],[-23899,-5480],[-3801,-910]],[[845255,462941],[-600,-256],[-1430,-344],[-21,-273],[333,-239],[166,-284],[-154,-301],[-487,-197],[-10,-388],[-293,-499],[-316,-200],[-114,-217],[241,-293],[84,-227],[-14,-242],[-124,-309],[-147,-167],[-797,-600],[-563,-277],[155,-366],[218,-218],[121,-252],[181,-209],[172,-541],[-21,-120],[-104,-58],[-327,-24],[-256,-120],[-49,-53],[-4,-403],[-456,-500],[121,-202],[738,-156],[297,-173],[442,-393],[-192,-299],[-437,-324],[150,-143],[154,-336],[918,-464],[-202,-124],[-286,-66],[-190,-181],[71,-148],[184,-68],[-117,-67],[-412,-74],[-349,-158],[-74,-142],[-156,-78],[60,-143],[-39,-44],[-359,-160],[-199,-246],[-110,-49],[-697,-104],[-229,-542],[-237,-75],[-374,-6],[-318,-93],[-198,-124],[-119,-410],[-380,-258],[-41,-117],[-253,-242],[59,-517],[187,-562],[0,-114],[-105,-146],[-468,-125],[-268,-283],[-99,-209],[-148,-99],[-368,-115],[-854,-482],[-956,-174],[-330,-132],[-221,-167],[-261,-476],[-375,-349],[-519,-229],[-467,-50],[-493,-308],[-798,-1153],[-1009,-553],[-925,-191],[-2102,218],[-1566,-131],[-428,1],[-610,-146],[-493,-341],[-141,-339],[0,-425],[271,-453],[433,-554],[-23,-344],[-892,-1475],[-328,-406],[-626,-124],[-1791,368],[-592,-10],[-563,-131],[-1395,-62],[-510,-78],[-405,46],[-315,-31],[-181,-198],[-30,-374],[556,-1055],[436,-680],[36,-469],[-60,-175],[-154,-221],[-607,-288],[-606,-387],[-641,-153],[-742,-402],[-157,-213],[-128,-390],[-638,-198],[-23,-192],[98,-192],[267,-239],[-79,-78],[-421,-193],[0,-452],[-91,-113],[-214,103],[-186,-23],[-69,-461],[-105,-61],[-7,-80],[-270,18],[-188,-106],[-195,-260],[45,-120],[-105,-138],[-316,-92],[-138,-169],[-418,-92],[-418,-218],[-275,53],[-455,-97],[-256,-10],[-127,-47],[-61,-84],[-300,-108],[-255,0],[-98,51],[-240,-25],[-90,-167],[-200,-102],[-611,-159],[-546,-12],[-383,-98],[-251,132],[-418,-133],[-83,97],[-505,-154],[-171,-182],[-196,68],[-463,287],[-166,-131],[-172,-53],[-591,-4],[-320,-135],[18,-177],[-361,-237],[-244,-384],[-173,-108],[-363,-393],[-754,-15],[-447,82],[-201,-82],[-102,-550],[193,-163],[26,-134],[-71,-102],[-107,-34],[-109,-388],[156,-124],[69,-226],[-112,-375],[-206,-160],[-413,-131],[-559,12],[-163,47],[-498,-178],[-317,10],[-283,-158],[-226,-287],[-283,-255],[-198,-96],[-9,-381],[-302,-491],[-141,-636],[-569,-600],[-212,-359],[160,-217],[463,-163],[354,-207],[168,-256],[-111,-309],[-405,-574],[-1272,-557],[-102,-97],[-84,-269],[-11,-331],[287,-629],[270,-269],[552,-226],[146,-168],[-112,-175],[-304,-246],[-192,-85],[57,-141],[-164,-210],[451,-1014],[-79,-405],[107,-129],[-17,-66],[-192,-64],[-140,36],[-322,-16],[-144,-218],[30,-146],[291,-60],[23,-106],[176,-105],[56,-222],[-325,-38],[-399,-146],[-188,0],[-90,99],[-335,-54],[-516,149],[-84,-27],[0,-92],[-142,-130],[-193,-118],[-169,24],[-146,-72],[-137,10],[-208,-54],[-65,-264],[-154,-153],[-46,-226],[-203,-227],[-537,-993],[-53,-299],[113,-954],[-18,-293],[-141,-298],[-207,-195],[-822,-510],[-706,-578],[-414,-79],[-266,78],[-133,-9],[-262,-72],[-640,-1068],[-32,-161],[127,-108],[-105,-132],[-57,-265],[-351,-144],[-357,9],[-157,76],[-620,-336],[-233,-389],[-82,-351],[-327,-255],[-560,-230],[-41,-88],[76,-57],[11,-92],[-103,-114],[0,-123]],[[787012,404264],[-247,-148],[-166,-51]],[[786599,404065],[-371,-2],[-155,198],[-306,-57],[-147,98],[-653,-342],[-154,22],[-255,162],[-810,151],[-233,-74],[-235,-233],[-517,-181],[-552,-98],[-232,1],[-807,131],[-330,2],[-723,-72],[-307,-99]],[[779812,403672],[-385,-17],[-318,54]],[[779109,403709],[-157,-37],[-153,102],[-1133,77],[-154,97],[-296,-150],[-336,-37],[-79,-129],[-349,-235],[-193,5],[-171,-51],[-178,123],[-136,31],[-779,-123],[-293,-111],[-192,22],[-308,145],[-779,-3],[-222,74],[-166,262],[13,85],[-227,177],[-129,-52],[-114,30],[-257,-61],[-1621,-609],[-847,111],[-231,-16],[-1214,-436],[-501,-94],[-208,2],[-585,120],[-379,2],[-1550,-167],[-729,-178],[-1052,-11],[-184,-73],[-159,-185],[-208,68],[-268,-146],[-427,102],[-151,183],[-208,115],[-501,-15],[-152,113],[-60,137],[-166,0],[-159,-215],[-687,-232],[-166,39],[-307,244],[-169,39],[-293,-95],[-184,-330],[-471,-179],[-30,-585],[-151,-122],[-328,71],[-399,498],[-321,205],[-373,-73],[-174,-192],[-196,-91],[-516,-139],[-465,-55],[-709,54],[-231,69],[-551,-72],[-634,171],[-170,102],[-246,-184],[-335,-76],[-469,76],[-109,-13],[-237,-127],[-870,-5],[-210,-149],[-577,-159],[-308,-151],[-121,-100],[-73,-286],[-250,-140],[-121,11],[-122,73],[-183,210],[-374,115],[-180,329],[-483,146],[-113,-50],[-453,50],[-137,-84],[-202,5],[-130,85],[-170,22],[-307,-123],[-97,-89],[-454,0],[-331,-48],[-146,52],[-745,46],[-507,197],[-581,-173],[-526,12],[-588,-96],[-220,1],[-314,170],[-70,-42],[47,-227],[-160,-78],[-385,-26],[-178,39],[-441,-91],[-160,58],[-94,176],[-236,118],[-393,33],[-226,-41],[-250,90],[-392,50],[-699,-71],[-580,332],[-282,-40],[-257,-232],[-233,-15],[-803,239],[-490,-7],[-450,181],[-171,10],[-245,-35],[-1254,-521],[-310,-13],[-784,69],[-67,-260],[-264,-253],[-303,-252],[-211,-8],[-416,88],[-797,56],[-1232,305],[-583,64],[-307,169],[-199,202],[-434,106],[-1170,-178],[-221,-14],[-213,45],[-79,700],[-149,162],[-327,-120],[-383,-265],[-234,-101],[-318,-27],[-705,-272],[-156,-176],[14,-142],[79,-73],[-50,-93]],[[723726,401251],[-173,-77],[-139,-43]],[[723414,401131],[-305,140],[-204,-20]],[[722905,401251],[-392,171],[-87,111],[-218,131]],[[722208,401664],[-203,-71],[-189,-141],[-117,-301],[-415,-214]],[[721284,400937],[685,-724],[155,-306],[13,-255]],[[722137,399652],[-250,-454]],[[721887,399198],[-841,-79],[-175,-80],[-203,-332],[160,-91],[189,-241],[305,-30],[178,-82],[-28,-232],[-325,-360],[218,-302],[-87,-161],[87,-121],[-58,-221],[131,-503],[357,-271],[239,251],[203,60],[218,-30],[442,115],[500,31],[528,180],[286,-73],[294,-210],[737,-205],[320,-180],[-30,-164],[48,-108],[387,137],[209,-134],[169,-265]],[[726345,395497],[73,-311],[-23,-292],[-158,-223]],[[726237,394671],[-632,-450],[-382,-211],[-231,-66],[-519,28],[-232,-132],[-811,-83],[-270,-114],[-436,10],[-180,-83],[-406,-447],[-60,-250],[-102,-142],[-393,226],[-226,-32],[-105,-322],[-180,-125],[-120,52],[-75,136],[-180,41],[-92,157],[-314,-323],[-135,-63],[60,-124],[-30,-125],[-601,-218],[151,-63],[300,52],[405,-83],[481,-530],[262,-64],[-85,-204],[-163,-125],[-557,-175],[-212,-202],[-66,-408],[171,-354],[98,-492],[-18,-387],[-359,-236],[-281,-421],[11,-117],[304,-514],[0,-172],[-90,-86],[23,-171],[191,-187],[16,-82],[-545,-171],[-288,-481],[-118,-78],[-19,-249],[-166,-110],[22,-232],[-276,-234],[-146,-227],[163,-416],[261,-300],[-38,-533],[342,-437],[65,-417],[104,-181],[275,-255],[-47,-222],[-274,-1],[-440,176],[-144,-86],[-421,35],[-461,139],[-516,-19],[-477,-115]],[[706738,367001],[-474,-158]],[[706264,366843],[112,-231],[-5,-253]],[[706371,366359],[-81,-116],[-454,-280]],[[703007,363181],[-768,-192],[-121,-78]],[[702484,361270],[18,-141],[804,-449]],[[738548,313347],[87,-94],[35,-180],[-135,-141]],[[738655,312301],[435,-355],[182,-25],[-118,-359]],[[738027,309967],[-379,-199],[-61,-272]],[[812942,277507],[507,31],[232,75]],[[813681,277613],[283,269],[184,347],[17,239],[-88,320]],[[814077,278788],[-196,321],[22,59]],[[828235,288545],[372,-114],[304,-51]],[[829197,288389],[227,-78],[230,-381]],[[829654,287930],[342,-190],[289,-93],[293,-353],[109,-58],[530,-87]],[[832177,286777],[417,-213],[231,-15]],[[833019,286426],[476,-106],[352,-17],[344,135]],[[862872,281907],[159,-210]],[[863031,281697],[329,288],[95,217],[-236,528],[41,352],[-173,213],[-717,277],[-209,107],[-136,157],[50,113],[345,339],[495,403],[72,245],[-50,84],[-149,70],[-303,-15],[-219,-79],[-428,-260],[-429,-115],[-412,66],[-192,103],[-79,146],[61,103],[193,103],[623,90],[171,86],[122,638],[27136,-5533],[4645,-1025],[1694,-528],[25929,-5327],[208,26],[15146,4499],[35644,10807],[106,-6],[5891,1757],[4380,1363]],[[982675,291989],[18,88],[344,255],[-86,404],[-90,61],[-154,16],[-349,-58],[-83,54],[11,94],[165,84],[571,-16],[218,37],[147,90],[42,128],[-103,183],[-18,268],[-93,55],[-347,-32],[-131,-55],[78,-239],[-120,-113],[-182,-16],[-162,126],[148,502],[-152,473],[-108,66],[-317,31],[-58,42],[40,74],[293,119],[263,308],[-16,101],[-328,179],[-20,86],[136,70],[106,-13],[408,-307],[516,-140],[229,-19],[104,81],[-95,132],[-128,62],[-818,243],[-22,96],[57,88],[142,73],[319,56],[93,72],[-15,76],[-313,97],[-368,-75],[-147,122],[89,136],[201,43],[279,-26],[449,-184],[133,56],[58,87],[-17,106],[-83,54],[-790,157],[-180,87],[2,127],[242,433],[314,278],[-380,222],[114,90],[327,72],[72,73],[-58,163],[-93,63],[-335,69],[-19,142],[74,112],[323,219],[267,361],[-25,67],[-115,45],[-352,30],[-17,117],[131,88],[362,68],[365,130],[89,325],[157,-30],[170,-260],[115,-85],[154,-36],[152,26],[130,95],[244,354],[168,26],[426,-109],[157,78],[-2,89],[-237,396],[-275,203],[-35,95],[48,47],[179,15],[465,-102],[119,34],[42,106],[-134,132],[-53,222],[-435,222],[-37,81],[138,39],[493,-128],[107,35],[64,117],[-182,125],[-530,7],[-96,118],[379,334],[1,301],[144,115],[192,0],[258,-184],[157,28],[61,233],[-63,163],[56,51],[90,12],[250,-77],[186,62],[233,11],[331,-245],[131,-27],[98,57],[-52,227],[-159,222],[-129,86],[-294,74],[-147,188],[-38,178],[80,109],[425,255],[407,-50],[136,79],[-56,92],[-240,159],[-28,94],[56,111],[317,231],[-39,72],[-282,111],[-24,55],[35,50],[342,75],[28,142],[-111,176],[63,107],[170,54],[475,-103],[242,-163],[295,145],[151,192],[74,297],[202,191],[13,288],[202,179],[30,257],[135,-42],[41,-145],[115,-106],[445,3],[173,-214],[162,-48],[672,361],[256,79],[271,190],[285,-10],[209,93],[292,229],[90,401],[485,55],[515,175],[-66,96],[-403,118],[-243,-42],[-226,-171],[-207,171],[4,122],[186,113],[305,65],[348,203],[431,123],[90,83],[43,191],[-131,151],[-123,2],[-93,-51],[-160,-223],[-89,-42],[-171,39],[-83,84],[69,129],[257,60],[269,131],[610,65],[597,316],[46,84],[-415,184],[-215,530],[-169,4],[-173,-58],[-108,-300],[-118,-12],[-93,132],[-17,154],[109,144],[131,54],[411,8],[122,117],[-66,74],[-544,29],[-175,-34],[-118,-88],[-9,-295],[-154,-14],[-125,66],[-106,177],[-101,426],[400,173],[26,124],[-168,373],[-579,492],[-7,126],[515,453],[-10,160],[143,211],[-13,292],[62,131],[487,164],[53,70],[-13,142],[73,54],[136,-10],[302,-152],[226,-13],[149,62],[105,143],[-11,260],[199,330],[613,322],[75,311],[119,-8],[49,-65],[32,-281],[86,-125],[115,-23],[194,92],[131,164],[-20,96],[-335,195],[-205,337],[581,478],[36,332],[133,55],[979,89],[230,91],[173,616],[-137,309],[-5,195],[-115,187],[-358,53],[-90,55],[-13,93],[271,135],[418,-109],[625,36],[127,-71],[161,-220],[-4,-309],[229,-55],[213,88],[101,179],[-93,385],[-395,266],[192,279],[356,201],[95,430],[-172,155],[-1839,2434],[-22918,29434],[-2444,2886],[-46,129],[-8174,9816],[-9852,9913],[-21378,23516],[-5018,5589],[30,124],[-159,104],[77,184],[-324,137],[7,115],[-192,124],[123,105],[-14,139],[-104,17],[-332,-139],[3,116],[110,107],[-244,219],[-234,74],[-733,5],[41,-89],[364,-166],[33,-92],[-72,-48],[-394,145],[-333,-40],[-293,214],[-184,14],[-927,-263],[-63,-74],[-9,-225],[173,-220],[-101,-81],[-145,55],[-309,315],[-324,40],[-177,-25],[-261,-160],[-608,-215],[-985,206],[-558,63],[-437,-5],[-733,-515],[-592,123],[-630,-153],[-230,-130],[-331,74],[-383,-282],[-147,-203],[-139,117],[19,237],[-135,24],[-443,-199],[-276,-246],[-568,-122],[-98,94],[-62,351],[-143,129],[-123,37],[-213,-172],[-367,-195],[-634,-193],[-241,139],[136,383],[-460,198],[-88,320],[-90,118],[-286,160],[-130,151],[-220,101],[-380,366],[-148,7],[-142,-149],[-331,18],[-416,96],[-26,75],[145,195],[309,118],[-23,108],[-125,55],[-148,-39],[-227,-188],[-396,-74],[-177,50],[-333,219],[-194,48],[-130,-44],[-200,-172],[-149,-26],[-239,101],[-149,267],[-76,29],[-586,-4],[-272,48],[-172,-207],[-530,-101],[-246,-103],[-671,-19],[-74,27],[80,199],[-74,71],[-131,9],[-424,-93],[-322,260],[-598,35],[-226,-74],[-195,-374],[-141,-85],[-119,116],[-69,212],[-164,82],[-280,-4],[-565,-227],[-142,86],[-122,207],[-124,62],[-437,-23],[-880,114],[-487,127],[-306,-159],[-636,-1],[-269,-107],[-75,-149],[36,-228],[-285,-79],[-158,25],[-86,75],[55,250],[-65,132],[-741,151],[-642,-267],[-527,83],[-462,-163],[-25,-65],[111,-207],[-173,-198],[-134,-17],[-143,162],[-233,-76],[71,-87],[235,-95],[-24,-88],[-467,30],[-360,-166],[-70,-162],[-388,-163],[-279,63],[-222,256],[-112,18],[-152,-244],[65,-332],[-109,-108],[-259,21],[-408,239],[-113,11],[-114,-139],[47,-302],[-134,-251],[-149,-99],[-133,-8],[-154,173],[-199,-123],[-200,93],[-614,-434],[-508,60],[-269,-111],[-85,-64],[-22,-231],[-67,-42],[-749,370],[-112,-241],[162,-119],[-71,-134],[-164,-30],[-482,57],[-292,-257],[-199,-100],[-369,-109],[-560,23],[-24,-237],[-77,-103],[-327,-40],[-254,196],[-406,94],[-76,-32],[-1,-99],[-117,-16],[-55,93],[63,208],[-112,86],[-172,-12],[-179,-257],[-132,24],[-249,153],[-212,-29],[-137,-154],[45,-271],[-60,-73],[-166,-12],[-386,88],[-227,-111],[-218,-601],[-121,20],[-140,166],[-94,32],[-299,-110],[-78,-39],[0,-60],[211,-11],[12,-68],[-301,-80],[-356,-22],[-406,-315],[-202,-291],[-208,-47],[-495,18],[-58,-288],[-78,-95],[-759,-91],[-143,-116],[-329,-3],[-168,-456],[-209,17],[-240,113],[-177,-127],[-185,58],[-347,-101],[-248,135],[-84,-26],[-162,-205],[-786,-51],[-144,-266],[-636,-210],[-904,185],[-293,-102],[-333,107],[-394,-44],[-283,82],[-119,-32],[-72,-82],[-136,-4],[-185,77],[-434,60],[-104,113],[-94,19],[-240,-127],[-839,-83],[-193,-103],[-490,63],[-79,-66],[21,-116],[-82,-116],[-308,-32],[-140,-93],[-304,35],[-355,125],[-227,-5],[-169,-104],[-153,14],[-160,-194],[-359,-123],[-111,-121],[-420,7],[-161,-130],[-163,-8],[-345,-107],[-384,32],[-178,83],[-538,52],[-402,111],[-487,-62],[-185,-80],[-218,88],[-272,-48],[-594,101],[-153,223],[-187,110],[-875,-61],[-487,120],[-195,-121],[-453,192],[-59,216],[-98,61],[21,64],[-358,165],[-175,-18],[-249,84],[-291,42],[-286,-21],[-77,37],[-339,-87],[-111,53],[-76,-66],[-110,5],[-73,131],[-141,28],[-105,118],[-252,57],[-133,-19],[-312,118],[-279,-36],[-52,105],[-274,-33],[-84,-79],[-366,10],[-316,61],[-189,126],[-48,165],[239,391],[-137,94],[-161,245],[-11,255],[-198,121],[-26,100],[-122,78],[-39,145],[-90,7],[-53,176],[-142,121],[-126,271],[-310,79],[-727,386],[-276,57],[-280,179],[-195,367],[-574,500],[-244,132],[-788,178],[-128,142],[-221,125],[-35,83],[-196,71],[-179,243],[-442,-9],[-425,175],[-45,129],[-84,21],[-92,116],[-81,395],[-195,47],[-486,-4],[-5366,-2884],[-1412,-714],[13,39536],[10,8002],[-27,13993]],[[830833,129552],[-265,140],[-238,-54],[-103,-421],[-67,-98],[-186,-85],[-290,73]],[[829684,129107],[-469,334],[-242,114]],[[830241,125483],[-31,-114],[-161,-25],[-475,89]],[[823169,122764],[-153,-188],[448,-243]],[[825862,116051],[944,-193]],[[827005,115688],[52,-189]],[[826315,115193],[-756,-713]],[[824191,112841],[-212,-42],[-328,25],[-169,119],[-309,115]],[[823173,113058],[-612,157],[-154,5]],[[822407,113220],[-975,-262],[-285,-119]],[[787129,88468],[-6,190],[-206,133]],[[786255,88947],[-218,96],[-470,26],[-646,-258]],[[783161,88617],[-548,-131],[-776,-424]],[[781837,88062],[-414,22],[-235,-187]],[[780838,87040],[-4,-184],[153,-322]],[[780987,86534],[-8,-297],[-65,-164],[-321,-358],[71,-228]],[[780664,85487],[-83,-208],[-178,-126],[-80,-290]],[[779746,83836],[99,-297],[-3,-249],[111,-221],[190,-52]],[[780041,82428],[15,-895],[-47,-186],[242,-566]],[[778030,76471],[152,-322],[112,-121]],[[776069,58208],[113,-73],[355,-96],[319,-224],[375,-80],[279,-191],[-1,-155],[139,-123],[1,-115],[-42,-74],[-171,-34],[-140,-355],[-85,-71],[-38,-114],[74,12],[-112,-167],[32,-205],[86,11],[159,118],[306,89],[70,-45],[68,-235],[131,-63],[123,3],[24,-72],[190,43],[143,-134],[112,13],[69,-252],[74,83],[161,-77],[64,55],[186,-143],[128,26],[24,-72],[332,146],[88,-8],[116,-287],[146,-57],[129,21],[73,-80],[116,66],[91,-67],[89,-212],[229,-265],[-3,-121],[65,3],[-120,-200],[31,-113],[-75,-49],[120,-120],[-89,-129],[61,-128],[-80,-69],[41,-72],[99,-47],[356,193],[186,18],[76,-96],[118,-6],[-74,-124],[23,-99],[181,-84],[145,-221],[-6,-126],[68,50],[227,-3],[160,-228],[71,46],[187,4],[89,-37],[24,-81],[107,-42],[120,14],[-25,-177],[158,97],[240,-69],[7,-78],[100,14],[34,-51],[154,50],[207,-161],[-51,-70],[116,-111],[52,-195],[88,-3],[167,-117],[-24,-127],[137,-65],[179,-350],[79,-39],[-137,-86],[-54,-138],[19,-37],[188,-19],[-11,-163],[121,-167],[-309,-536],[362,-475],[29,-353],[89,-92],[3,-164],[232,-178],[130,-323],[275,-400],[-33,-165],[88,-232],[-37,-68],[285,-153],[34,-93],[189,-71],[7,-145],[110,-61],[155,-230],[26,-198],[-207,-222],[218,-163],[89,-172],[-50,-82],[64,-41],[2,-250],[-420,-274],[-110,-358],[234,-267],[328,-743],[-126,-171],[-253,-149],[119,-181],[64,-283],[206,-368],[120,-112],[122,-327],[-6,-673],[73,-85],[7,-159],[-123,-212],[325,-331],[36,-129],[236,-157],[-14,-91],[520,-562],[-38,-278],[144,-129],[37,-123],[-52,-133],[-152,-64],[-64,43],[-6,-100],[96,37],[111,-62],[-41,-119],[82,-92],[-77,-160],[67,-9],[105,-139],[-76,-104],[-67,10],[63,-15],[-12,-88],[-96,-126],[-111,-63],[-57,28],[9,-44],[-83,-8],[11,59],[-85,-63],[-269,-30],[291,-4],[-135,-252],[-319,57],[275,-78],[-70,-181],[-329,-156],[-69,-75],[30,-37],[-300,-84],[28,-47],[-53,-15],[144,-154],[-194,-55],[-199,-460],[-85,-61],[-240,19],[-113,-74],[-24,-163],[-287,-184],[-76,-300],[159,-82],[-63,-116],[85,1],[18,-38],[-57,-70],[-111,-23],[-203,-249],[-112,-19],[-181,-150],[-67,-3],[-83,-170],[76,-60],[-114,-111],[174,-53],[148,169],[303,-122],[164,53],[257,8],[144,178],[105,36],[-52,332],[183,192],[566,57],[553,-100],[338,-150],[1421,-442],[3244,-1186],[740,-311],[5383,-1945],[1836,-759],[407,-241],[-20,-165],[113,19],[123,-85],[14,-176],[103,-87],[103,-254],[-46,-201],[218,-61],[122,28],[66,-54],[132,14],[-61,-275],[83,-49],[167,2],[185,-116],[102,-3],[35,-126],[138,-56],[288,19],[103,-106],[304,-110],[701,-109],[205,-7]],[[803788,28912],[101,97],[937,375],[81,230]],[[804907,29614],[330,340],[-47,193]],[[805190,30147],[87,225],[-73,498],[140,183],[231,173],[130,267],[264,122],[172,375],[510,537],[65,211],[-56,347]],[[806660,33085],[69,185],[366,340]],[[807095,33610],[259,120],[360,-1],[434,-150],[96,12]],[[808244,33591],[76,99],[-3,239]],[[808317,33929],[-187,508],[84,152],[90,46],[687,160],[238,-33],[783,-234],[206,31],[675,505],[258,41],[814,-87],[700,316],[205,-50],[322,-218],[246,-23],[260,331],[290,167],[176,249],[218,160],[44,329],[98,157],[817,250],[261,-8],[363,-245],[151,-48],[600,173],[325,32],[543,265],[653,4],[834,-256],[619,-254],[507,-123],[1103,-26],[391,36],[142,364],[124,604],[-67,218],[221,263],[-186,297],[1,94],[152,390],[235,241],[42,484],[-51,251],[66,333],[102,167],[483,474],[44,152],[-34,269],[149,207],[103,353],[716,612],[6,419],[226,306],[-103,402],[196,291],[632,212],[251,191],[158,50],[172,215],[50,219],[181,113],[415,147],[-30,88],[59,80],[214,93],[270,32],[155,135],[329,119],[315,300],[265,141],[93,251],[969,885],[663,384],[375,160],[389,304],[194,306],[676,365],[152,128],[151,245],[337,98],[258,210],[194,267],[262,108],[470,16],[563,426],[410,41],[295,120],[275,830],[253,231],[357,142],[109,103],[232,102],[9,78],[178,114],[4,86],[89,62],[-55,99],[50,138],[-295,95],[-261,175],[-146,320],[-332,134],[-291,404],[57,551],[360,843],[33,202],[234,348],[69,220],[709,970],[305,271],[926,533],[153,333],[668,430],[174,181],[-21,85],[-380,75],[-195,121],[-214,676],[163,176],[510,53],[245,123],[51,271],[193,417],[533,551],[115,182],[383,107],[58,259],[311,377],[-51,181],[222,70],[244,-4],[259,149],[298,29],[369,305],[374,17],[837,258],[650,-100],[734,9],[102,-43],[63,-102],[113,-26],[991,284],[370,-258],[221,-55],[365,189],[488,36],[355,114],[299,161],[750,202],[378,178],[321,234],[515,-18],[761,-188],[101,11],[265,325],[132,325],[315,113],[764,562],[294,83],[380,195],[525,551],[337,839],[743,609],[390,668],[238,159],[344,340],[85,271],[-73,219],[178,198],[111,411],[135,97],[759,220],[554,-70],[374,-100],[237,229],[237,77],[276,6],[453,-68],[334,130],[38,469],[176,214],[-26,300],[214,379],[308,198],[42,95],[-385,259],[-149,366],[-178,246],[-47,327],[-188,198],[-171,44],[11,330],[-500,164],[-184,126],[-105,220],[6,232],[124,104],[61,292],[818,717],[63,292],[332,315],[54,304],[123,165],[-22,122],[-81,58],[-458,159],[-414,210],[-514,314],[-232,221],[21,113],[294,327],[16,104],[157,57],[244,9],[164,192],[18,64],[-213,255],[-242,64],[346,259],[246,266],[60,365],[-82,194],[17,157],[201,121],[305,89],[297,205],[-68,241],[-599,381],[180,376],[-192,321],[-62,351],[47,82],[520,324],[128,583],[116,200],[638,11],[431,222],[130,136],[369,125],[269,10],[244,77],[446,-31],[549,454],[69,133]],[[862057,83643],[1230,183],[456,268],[62,80]],[[863805,84174],[49,342],[414,276],[318,-50],[678,138],[77,49],[27,217],[383,122],[228,-15],[169,-82],[319,-12],[250,152],[547,199],[879,112],[447,219],[-38,157],[49,44],[519,109],[290,14],[455,-244],[257,-33],[531,-176],[892,233]],[[871545,85945],[849,355],[254,-14],[214,-100]],[[872862,86186],[-205,-315],[33,-61]],[[872690,85810],[245,-231],[165,-81]],[[873100,85498],[422,-47],[105,-79],[68,-575],[473,-239],[624,-171],[518,-58],[774,-190],[817,-14],[672,116],[165,-91],[136,-172],[479,-274],[157,3],[444,119],[322,-34],[99,-75],[-88,-74],[0,-418],[-130,-426],[-285,-40],[-202,-111],[-309,-67],[-254,-173],[-130,86],[-458,69],[-543,-98],[-407,-137],[-299,-229],[-156,-250],[-35,-219]],[[876079,81630],[-131,-53],[-274,-32]],[[875674,81545],[-745,153],[-280,-113],[-202,-182],[-256,-554],[-231,-335],[-184,-704],[-291,-534],[-245,-155]],[[873240,79121],[92,-523]],[[873332,78598],[-111,-486],[157,-298],[245,-211],[46,-106],[-55,-451]],[[873614,77046],[148,-255],[416,-423]],[[874178,76368],[600,-246],[749,-134],[240,3],[152,44],[93,356],[194,176],[273,134],[526,150],[818,-22],[370,54]],[[878193,76883],[518,208],[665,387]],[[879376,77478],[180,243]],[[879556,77721],[-103,153],[195,295]],[[879648,78169],[42,179],[285,216],[320,-245],[789,-93],[889,-188],[55,-249],[-342,-368],[329,-282],[96,-22]],[[882111,77117],[1132,217],[338,232],[918,456],[220,237],[326,802],[302,321],[472,196],[377,90],[44,60],[-12,601],[189,271],[73,220],[-120,450],[155,205],[-52,838],[63,504],[-55,258],[94,362],[-105,330],[22,264],[61,69],[393,111],[133,121],[39,175],[121,91],[560,139],[391,41],[594,315],[333,266],[63,297],[247,421],[-242,154],[-14,91],[495,356],[637,85],[113,99],[92,203],[243,40],[386,159],[-6,157],[-243,205],[-14,186],[733,148],[780,-81],[485,17],[257,117],[538,417]],[[893667,88430],[293,54],[88,109],[-32,163],[52,263]],[[894068,89019],[-147,575],[-193,189],[-404,225]],[[893324,90008],[-141,65],[-215,14],[-115,73],[-104,623]],[[892749,90783],[32,86],[1024,642]],[[893805,91511],[-123,326],[-120,688],[-216,152],[-54,193],[-444,185],[-214,357],[-363,69],[-187,91]],[[892084,93572],[-349,340],[-314,-161],[-227,-28],[-355,50],[-482,216]],[[890357,93989],[-514,113],[-211,-76],[-372,-521],[-186,-56],[-655,66],[-224,-40],[-406,-149],[-600,-310],[-151,-294],[-129,-92],[-161,-31],[-613,116],[-406,230],[-344,69],[-320,262],[-180,45],[-285,183],[-498,80],[-1298,470],[-161,126],[-226,317],[-475,281],[-231,39],[-492,-76],[-614,146],[-265,259],[-8,430],[-103,112],[-455,246],[191,247],[58,299],[-284,655],[91,264],[6,316],[-399,255],[-54,738],[-29,85],[-253,229],[-217,23],[-458,-103],[-565,-28],[-1042,862],[-512,573],[-418,143],[-251,252],[-353,79],[-819,8],[-237,135],[-962,210],[-291,114],[-946,242],[-621,211],[-374,244],[-1116,253],[-531,373],[-290,90],[-144,112],[-28,92],[88,344],[117,199],[340,294],[42,214],[-155,71],[-474,-9],[-193,92],[-34,96],[103,379],[-3,224],[-723,768],[-396,269],[-218,62],[-669,-173],[-581,-65],[-129,6],[-834,267],[-52,71],[337,257],[57,248],[-824,441],[-474,96],[-729,247],[11,53],[389,170],[177,205],[273,194],[70,321],[1008,18],[95,34],[0,299],[653,407],[53,161],[162,201],[15,324],[-76,150],[212,142],[183,399],[112,99],[94,270],[-5,130],[-293,238],[-13,227],[-231,151],[-76,193],[-20,229],[237,210],[-312,367],[303,281],[72,132],[27,408],[170,207],[21,105],[-313,491],[-70,273],[267,335],[93,57],[128,-1],[213,212],[164,409],[500,150],[122,227],[-77,360],[216,186],[39,153],[-296,381],[-61,299],[-175,138],[-302,72],[-448,37],[-1387,-431],[-348,125],[-516,410],[125,532],[-167,342],[-348,386],[-817,457],[-180,210],[-153,350],[-870,276],[-203,175],[-48,273],[-454,1269],[218,165],[162,409],[187,288],[-14,136],[-424,47],[71,314],[228,374],[-28,100],[-608,648],[-425,-26],[-298,326],[-595,133],[-171,237],[-271,21],[-82,45],[-362,1243]],[[859055,126243],[-177,181],[-322,111],[-179,-38]],[[858377,126497],[-232,-136],[-293,-270],[-514,-318],[-191,-103],[-214,-41],[-314,29],[-338,228],[-367,105],[-305,233],[-974,-65],[-592,150],[-388,-13],[-77,288],[-159,158],[-129,12],[-450,-197],[-664,363],[-212,293],[3,223],[-99,151],[-417,58],[-167,74],[-811,851],[-426,144],[-565,304],[-210,317],[-108,-110],[-451,-244],[-481,-39],[-123,-67],[-305,139],[-367,35],[-106,-11],[-412,-206],[-888,-27],[-295,-103],[-368,-37],[-452,-300],[-203,-20],[-98,-79],[-225,-51],[-221,73],[-106,156],[-621,370],[-174,197],[-144,43],[-27,-130],[-208,11],[-15,-124],[-108,-83],[-443,-146],[-189,-124],[-14,-79],[-220,-189],[-385,-34],[-125,-136],[-193,-48],[-122,-92],[-30,-159],[-93,-73],[-187,2],[-190,73],[-186,-207],[-321,-70],[-181,-217],[-431,21],[-379,-124],[-307,-246],[-198,-67],[-220,13],[-323,-181],[-250,-12],[-298,-81],[-170,96],[-226,-51],[-85,-77]],[[837000,126520],[-175,23],[-114,-31],[-540,167]],[[836171,126679],[-338,443],[-631,374],[-396,15],[-214,-36],[-586,166],[-353,-166],[-335,-65],[-266,42],[-45,144],[-130,69],[-296,-41],[-119,24],[-168,117],[-183,293],[-484,232],[-250,280],[-444,225],[-29,153]],[[830904,128948],[67,76],[78,54],[56,110],[-127,214],[-145,150]],[[523308,486189],[-160,-159],[-457,-112]],[[363514,430508],[-85,-195],[-181,-93]],[[362817,429867],[165,-276]],[[381086,396717],[320,-136],[182,-46]],[[381588,396535],[526,171]],[[389003,397282],[312,271],[297,-10],[485,-169]],[[393407,396795],[284,106],[180,11],[285,-58]],[[394156,396854],[915,-332],[176,-107]],[[400740,393463],[280,149],[265,-7]],[[401979,393204],[440,-291],[609,293]],[[399086,402541],[75,160],[-252,138]],[[398909,402839],[-89,132],[-1,82],[112,60]],[[398902,403267],[106,-61],[163,10]],[[399051,403507],[328,52],[13,99],[-286,205]],[[398844,404116],[-326,-6],[-132,450]],[[398386,404560],[161,554],[-187,245]],[[398341,405600],[-90,50],[-152,-15],[193,62],[31,74],[-28,109],[-207,147],[29,93],[148,43],[188,-202],[145,147],[439,-131],[82,32],[-23,59],[116,12],[441,310],[105,-49],[-10,-160],[-239,-86],[-146,-314],[274,-25],[265,33],[241,-161],[139,41],[377,-128],[146,58],[130,-9],[108,105],[828,200],[348,-77],[39,211],[225,-48],[211,79],[194,-36],[337,-154],[340,31],[224,-57],[100,-164],[-43,-201],[115,-89],[-55,-112],[-276,-87],[-82,-79],[123,-115],[268,-89],[-105,-169],[101,-210],[553,-58],[148,-96],[69,-293],[302,-83],[3,-203],[231,-39],[38,-170],[174,19],[95,-51],[508,134],[323,190],[378,34],[56,114],[112,-66],[70,24],[89,-36],[54,100],[-126,22],[-36,82],[125,129],[676,-145],[266,71],[503,8],[257,162],[175,-20],[327,-234],[113,22],[104,171],[123,27],[238,-28],[-11,-126],[226,-19],[195,-128],[122,65],[259,-86],[191,-180],[-100,-194],[-256,-115],[133,-73],[164,138]],[[476453,410050],[330,17],[114,33],[257,245]],[[477154,410345],[643,348],[143,47]],[[507646,414025],[637,-78],[304,388]],[[526896,408678],[528,-48],[569,-223],[97,-83]],[[533068,406015],[87,35]],[[533155,406050],[20,352],[-52,139],[89,119],[143,-47],[135,16],[344,226],[212,223],[182,29],[660,265],[235,7],[220,-49],[100,-52],[51,-153],[68,-34],[1860,4],[723,-188],[145,72],[130,219],[471,17],[176,42],[376,201],[250,21],[70,87],[60,399],[-245,458],[35,249],[281,618],[-567,388],[-16,227],[273,236],[370,148],[87,119],[205,17],[782,-98],[226,12],[708,458],[1255,510],[523,106],[68,103],[305,117],[117,15],[634,-186],[246,41],[205,100],[506,-11],[219,20],[205,82],[277,20],[671,-86],[194,-65],[220,62],[86,73],[160,370],[630,671],[100,226],[-56,307],[-402,247],[-98,179],[-116,89],[-181,493],[-20,260],[169,175],[-46,494],[292,-109],[317,-53],[311,-166],[323,89],[65,-17],[162,-153],[438,-243],[247,301],[307,57],[189,-102],[82,57],[63,291],[-69,153],[972,639],[425,157],[708,97],[490,179],[2,102],[-167,292],[108,175],[266,102],[223,-70],[1026,924],[202,124],[617,624],[102,217],[-90,248],[43,294],[205,-26],[419,-207],[390,-73],[235,-156],[439,-74],[518,-12],[70,36],[-195,282],[45,287],[381,294],[181,245],[558,272],[380,-50],[913,115],[139,81],[-114,368],[-50,573],[627,88],[255,-98],[238,-25],[380,75],[333,160],[217,43],[156,-54],[321,-345],[385,-94],[756,141],[623,-52],[353,44],[391,-140],[472,-70],[164,-433],[83,-86],[281,-99],[272,77],[135,-148],[203,-46],[178,-111],[215,-37],[-97,-300],[84,-263],[157,-200]],[[567183,419400],[245,-41]],[[567428,419359],[2,100],[-139,108]],[[567291,419567],[248,272],[167,95],[80,339],[-106,137],[2,167],[-124,100],[-53,527],[-187,273],[1,114],[-168,164]],[[567151,421755],[-42,685],[138,338]],[[567247,422778],[304,104],[101,112],[-112,317],[-134,91],[-42,134],[-246,268],[-162,367],[-389,402],[-355,214],[-266,358],[-120,344],[24,287],[-110,261],[-450,573],[-519,386],[-1038,1545],[54,78],[327,133],[4,405],[-98,186],[-211,191],[-646,174],[-250,440],[-224,76],[-1150,799],[-341,121],[-60,131],[-771,101],[-53,74],[53,285],[-59,53],[-89,45],[-642,33],[-202,79],[-134,-10],[-123,131],[-6,175],[-206,102],[-124,143],[18,448],[-130,102],[-501,212],[-35,139],[76,78],[641,149],[-205,246],[101,143],[-18,126],[153,127],[-112,147],[242,387],[15,313],[-487,46],[-371,192],[-88,81],[-71,245],[-259,220],[-100,208],[-254,21],[-6,53],[230,261],[71,216],[171,138],[51,226],[226,410],[237,159],[282,390],[327,78],[292,143],[8,107],[143,168],[4,83],[-96,99],[-258,140],[-402,72],[-215,-37],[-79,34],[52,217],[-123,37],[-96,93],[7,162],[482,434],[356,109],[569,-14],[105,284],[195,151],[24,236],[188,181],[57,137],[-96,637],[96,68],[23,155],[229,294],[-83,144],[-325,132],[249,432],[-77,240],[44,455],[-384,273],[-309,396],[112,358],[279,258],[228,449],[-15,262],[-171,115],[-73,302],[-83,69],[-560,148],[-354,266],[-172,45],[-528,25],[-318,80],[-216,-18],[-261,-99],[-35,127],[-115,91],[-216,65],[-425,0],[-123,-59],[-527,77],[-375,-25],[-841,278],[-385,43],[-167,60],[-65,53],[35,68],[-79,193],[-173,139],[-50,186],[25,348],[-76,159],[88,238],[-238,123],[105,331],[-370,347],[44,181],[-98,95],[-35,291],[-71,70],[-817,74],[-188,117],[-277,61],[-406,-131],[-51,-86],[-819,-95],[-336,-109],[-130,-112],[-148,-26],[-926,321],[-270,173],[-62,149],[-282,188],[-185,201],[-108,470],[-133,156],[106,98],[-26,349],[106,401],[-595,460],[27,172],[-165,63],[-222,481],[-118,-99],[-96,4],[-409,125],[-143,-125],[-372,136],[-298,204],[-272,294],[-137,353],[-138,156],[28,139],[-273,129],[-54,82],[385,296],[-37,367],[159,293],[-199,257],[-152,366],[-567,404],[-44,224],[219,246],[177,499],[324,267],[102,318],[235,186],[-89,198],[-242,225],[-17,198],[35,144],[295,453],[-412,243],[87,269],[228,185],[10,250],[121,178],[-106,102],[-208,647],[-536,332],[-686,567],[-208,461],[-353,200],[-571,10],[-425,108],[-245,360],[223,472],[-67,243],[89,418],[-18,1087],[165,370],[-222,302],[185,723],[123,1108],[-218,275],[-403,1158],[-19,269],[-250,236],[-442,217],[-107,183],[-679,230],[-61,228],[-86,59],[-116,260],[-48,320],[-255,377],[14,100],[-132,115],[-220,64],[107,397],[-37,145],[-309,217],[-123,171],[66,138],[16,337],[-60,127],[-215,64],[111,336],[-51,266],[-222,318],[103,86],[290,72],[15,71],[-191,48],[-169,117],[92,163],[-320,306],[-29,150],[84,110],[195,96],[37,125],[-63,193],[265,504],[-250,145],[28,119],[-149,557],[232,459],[-106,170],[-74,60],[-132,5],[-96,-117],[-433,36],[-541,-99],[-460,131],[-364,-53],[-361,53],[-523,-9],[-468,387],[-292,-39],[-1120,444],[-1006,65],[-376,102],[-146,99],[-56,122],[142,575],[41,495],[-95,279],[-253,211],[-373,447],[-19,226],[80,141],[-105,198],[-743,669],[-90,206],[12,97],[144,138],[478,96],[180,157],[392,888],[-227,304],[-475,90],[-605,9],[-1068,147],[-142,124],[-522,221],[-451,255],[-510,90],[-724,17],[-351,101],[-289,-19],[-712,123],[-582,25],[-308,172],[-528,109]],[[525010,486073],[-217,157]],[[524575,486168],[-105,43],[-737,85]],[[23613,777930],[-145,80],[-168,291],[-416,269],[-120,316],[-179,261]],[[22585,779147],[-912,-1029],[-267,-203],[-405,-75],[-357,-204],[-762,-54],[-275,-145],[-748,-256],[-526,-364],[-335,-142],[-1754,-2025],[-614,-563],[-627,-243],[-267,33],[-119,78],[-255,-80],[-1661,-1604],[-563,-364],[-418,-164],[-505,-1],[-461,-286],[-226,-78],[-344,-33],[-413,-136],[-452,-282],[-486,-524],[-431,-234],[-969,-193],[-331,-8],[-227,-217],[-148,-263],[-254,-184],[-240,-404],[-303,-197],[-115,-286],[-17,-497],[-124,-509],[-256,-330],[-102,-317],[609,-974],[273,-1089],[28,-402],[-144,-322],[66,-508],[-177,-163],[-24,-153],[47,-780],[-49,-302],[-270,-494],[-371,-108],[2,-401],[-113,-246],[-173,-146],[-18,-386],[-87,-215],[-112,-111],[-83,67],[-55,-29],[-116,-263],[-182,-170],[-48,-237],[-125,-83],[-70,-1],[-42,51],[-28,-181],[-186,-23],[55,-40],[-166,-117],[-428,-35],[-210,67],[-144,-12],[-119,-183],[-245,-128],[-258,-85],[-159,50],[163,-454],[-5,-276],[-251,-120],[58,-106],[-331,-180],[96,-63],[15,-127],[165,-164],[-6,-269],[291,-273],[641,-936],[579,-648],[143,-241],[28,-214],[-242,-53],[334,-491],[53,-210],[-43,-120],[-127,-85],[390,-761],[99,-334],[-71,-86],[-409,-207],[-169,35],[-56,147],[-218,-102],[-102,-700],[-188,-223],[-249,-142],[-189,-510],[11,-860],[-228,-244],[-187,-658],[-283,-311],[-380,-1017],[-213,-189],[-480,-288],[-738,18],[-89,-118],[173,-260],[33,-185],[-38,-124],[-153,-14],[-21,-49],[1035,-885],[2358,-1794],[2976,-2397],[2499,-1903],[3089,-2455],[1019,-988],[855,-735],[845,-1132],[413,-350],[842,-603],[701,-427],[1407,-1020],[1028,-845],[472,-555],[1087,-1536],[342,-834],[148,-576],[25,-384],[-43,-378],[-98,-227],[-84,-78],[-272,-98],[-301,-525],[-398,-415],[-219,-85],[-203,16],[-276,-334],[-334,-191],[-462,-90],[-611,69],[-433,-177],[-146,232],[118,-240],[-111,-27],[-228,38],[-411,130],[-111,87],[64,66],[-419,352],[-192,-11],[-153,157],[-165,-31],[-206,40],[-280,-212],[-307,-88],[-166,-105],[-541,-123],[-181,90],[-221,30],[-480,242],[-274,-316],[-197,-129],[-106,18],[-72,-52],[-60,-102],[51,-85],[-55,-25],[85,-75],[-270,-85],[-8,-36],[323,-154],[86,-139],[-15,-113],[80,-27],[167,-236],[283,-706],[-57,-505],[-260,-242],[-270,-76],[-107,-110],[-143,-32],[-125,54],[-223,-108],[-336,36],[-47,-42],[25,-91],[120,24],[93,-56],[-51,-119],[58,-216],[381,-268],[290,-481],[68,-298],[-17,-362],[-182,-195],[39,-71],[-82,-114],[7,-142],[-141,-43],[-79,-81],[38,-120],[-69,-155],[-237,-60],[-5,-88],[-267,-185],[-188,1],[-7,-55],[-120,7],[-96,-157],[-168,-21],[-69,60],[-81,-51],[24,-167],[-99,-44],[-8,-135],[-278,-267],[-81,-202],[-14,-139],[138,-181],[19,-116],[216,-114],[128,-140],[328,-62],[196,-95],[1146,-735],[1332,-928],[85,-215],[312,-46],[284,-159],[113,11],[173,-65],[572,-541],[130,-307],[236,-160],[49,-172],[-48,-67],[284,-78],[9,-71],[316,-147],[138,-198],[65,-19],[122,-162],[-19,-112],[119,-226],[421,-559],[179,-35],[182,22],[234,137],[343,90],[319,161],[218,-75],[307,-12],[554,-178],[810,-363],[1177,-607],[1716,-1037],[1628,-1104],[2944,-2232],[1167,-657],[1576,-1277],[653,-603],[1472,-1536],[1103,-1409],[70,-323],[229,-443],[403,-492],[365,-610],[194,-218],[476,-938],[240,-255],[234,-605],[257,-414],[328,-1028],[554,-888],[230,-659],[156,-1433],[-102,-1444],[-104,-457],[-83,-993],[-168,-735],[-175,-375],[-125,-470],[-112,-228],[-668,-877],[-57,-168],[-104,-34],[-382,-343],[-385,-571],[-270,-650],[-349,-449],[-573,-536],[-502,-365],[-619,-348],[-1050,-482],[-1619,-435],[-858,-3],[-267,47],[-172,105],[-575,-77],[-120,62],[-51,117],[-469,162],[-996,12],[-120,103],[10,126],[-121,61],[-787,-167],[-174,2],[-285,191],[-410,95],[-36,149],[-253,-122],[-396,-23],[-372,120],[-358,197],[-398,114],[-496,303],[-127,353],[-281,89],[-636,669],[-206,90],[-41,100],[-470,255],[-189,41],[-85,112],[-210,-1],[-192,-124],[-169,5],[-381,-88],[-127,-129],[-148,18],[38,-89],[-95,-81],[-23,-114],[161,-443],[-191,-346],[-33,-237],[-188,-288],[-428,-186],[66,-110],[-172,-378],[-437,-426],[-197,-117],[-340,-77],[-238,34],[-250,165],[-729,-69],[-109,-61],[47,-111],[-82,-437],[-252,-312],[-89,-292],[-775,-735],[-385,-208],[-490,-430],[289,-501],[84,-566],[-111,-354],[88,-1026],[-79,-160],[-173,-145],[31,-267],[-139,-149],[54,-373],[282,-607],[12,-260],[-279,-222],[-68,-276],[771,-1561],[666,-832],[1095,-907],[4,-192],[329,-366],[-4,-66],[-111,-91],[-7,-103],[258,-387],[390,-340],[674,-470],[509,-287],[3194,-1450],[3443,-1326],[1552,-685],[2699,-1093],[3188,-1374],[1467,-697],[2639,-1393],[2096,-1316],[2411,-1686],[830,-469],[760,-358],[693,-266],[1428,-454],[3705,-980],[3513,-1179],[3021,-1113]],[[99631,684210],[591,144],[379,413]],[[112288,702123],[168,149],[112,289]],[[112568,702561],[-43,223],[275,50]],[[113036,702739],[1003,-653]],[[116306,696399],[124,-292],[602,-780]],[[118196,693887],[219,-70],[169,-438]],[[118838,693228],[221,-465],[62,10],[241,275]],[[120164,693768],[1163,37],[321,-81],[82,-139],[267,-206]],[[123597,692532],[517,-235],[529,-139]],[[124643,692158],[162,37],[136,-104],[30,-286],[-115,-201],[-392,-246]],[[126517,689031],[363,-184],[204,-154],[52,-121],[-37,-124]],[[126884,688185],[164,-128],[-54,-185]],[[144197,678930],[147,163],[610,-148]],[[150647,676092],[1597,1102]],[[167101,730932],[-106,-68],[-205,-5],[-440,133],[-319,15],[-1785,-68],[-345,-93],[-882,-55],[-319,54],[-920,844],[-534,290],[-132,164],[-204,46],[-250,313],[-25,322],[-263,84],[-39,162],[-108,12],[-244,301],[-108,337],[100,123],[-11,75],[-432,427],[-80,271],[-252,30],[-141,-188],[-309,-5],[-160,49],[-185,-21],[-230,254],[-230,123],[-252,11],[-176,138],[-77,127],[22,150],[-133,107],[-64,-1],[-54,-82],[-209,28],[-40,-105],[-285,5],[-316,90],[-489,280],[-99,507],[-194,210],[28,137],[-206,159],[-29,144],[-149,155],[-67,226],[17,308],[-543,608],[-444,143],[-810,3],[-195,-47],[-209,8],[-346,-153],[-396,581],[-2385,4241],[-655,990],[-315,189],[-90,123],[-256,92],[-546,564],[-118,249],[-279,269],[7,128],[-89,92],[105,131],[5,129],[-120,109],[8,175],[-67,97],[40,364],[-225,242],[-2,198],[91,135],[-29,146],[-125,98],[-52,228],[-124,104],[92,223],[-44,153],[-267,321],[-151,51],[-27,168],[-107,100],[-484,245],[-132,163],[-160,23],[-59,162],[-372,47],[-180,184],[85,103],[-14,305],[-57,293],[-98,114],[35,237],[-70,191],[46,330],[-79,343],[-243,255],[-34,206],[84,149],[117,80],[774,203],[207,180],[203,33],[-171,137],[-9,173],[-313,425],[-73,172],[-115,852],[-385,535],[-196,108],[-274,42],[-83,70],[64,96],[-36,45],[-311,24],[-396,149],[-389,-25],[-129,64],[-204,-62],[-164,-232],[-244,-40],[-122,-106],[-114,-16],[-208,-200],[-145,-19],[-140,126],[-221,61],[-231,-61],[-236,80],[-244,-80],[-148,21],[-96,79],[85,101],[-36,136],[-83,63],[-296,67],[-182,216],[-530,93],[-218,-104],[-88,1],[-130,96],[13,118],[-54,56],[-335,77],[-81,247],[-184,52],[-293,-31],[-477,259],[-46,120],[39,220],[-96,126],[80,315],[-107,104],[-377,113],[-223,261],[-173,39],[-38,104],[126,118],[11,89],[-56,48],[-327,29],[-144,57],[-21,80],[165,224],[-48,41],[-115,-2],[-131,-71],[-113,80],[-32,59],[92,178],[-251,16],[-389,-64],[-30,126],[-220,29],[119,94],[-29,97],[-390,29],[-79,68],[-34,184],[-711,210],[-180,147],[-363,66],[-349,6],[-341,79],[-252,154],[-398,-136],[-462,123],[-105,-136],[-336,-165],[-69,-118],[-237,70],[-172,-159],[-282,-15],[-272,-230],[-274,1],[-100,-110],[-120,13],[-96,85],[-78,-10],[-147,-81],[-82,-137],[-199,-52],[-121,-326],[-407,-176],[-298,-27],[-464,-285],[-53,-124],[-105,-69],[-184,-30],[-159,97],[-319,-76],[-141,149],[-246,49],[-180,-119],[-297,48],[-109,-131],[-448,-156],[-239,-33],[-199,-131],[-463,-123],[-361,-163],[-417,12],[-850,-278],[-698,29],[-422,-67],[-367,-151],[-236,-1],[-447,-96],[-283,27],[-140,176],[-210,41],[-993,-140],[-286,158],[-55,182],[-253,44],[-254,232],[-440,190],[-309,339],[-195,-9],[-102,32],[0,90],[-222,25],[-273,378],[-289,254],[-477,258],[-119,202],[38,228],[-72,77],[70,413],[-255,126],[-162,233],[-259,104],[-100,333],[-532,359],[-914,158],[-415,315],[-342,171],[-430,137],[-244,30],[-253,238],[-459,79],[-248,181],[-328,78],[-204,136],[-136,-17],[-290,-260],[-414,-192],[-356,13],[-334,-160],[-442,23],[-149,65],[-239,13],[-68,42],[13,104],[-127,74],[-226,-16],[-202,-152],[-236,-59],[-241,27],[-188,189],[-489,198],[-352,357],[-218,90],[-224,30],[-552,-100],[-249,29],[-352,254],[-327,53],[-409,242],[-256,85],[-140,165],[-29,200],[-232,70],[-16,192],[-517,87],[-504,204],[-219,175],[-370,-22],[-93,218],[-268,142],[-90,343],[-364,74],[-211,163],[-347,63],[-192,133],[-55,91],[14,277],[-219,73],[-118,92],[8,183],[-193,252],[-723,93],[-132,-37],[-179,144],[-701,257],[-658,59],[-8,102],[-110,56],[-122,-6],[-169,217],[-359,30],[-213,137],[-156,-11],[-166,-93],[93,-201],[-20,-61],[-97,-27],[-383,52],[-297,149],[-180,-71],[-292,89],[-514,-44],[-138,-76],[-273,3],[-260,145],[71,108],[275,149],[-60,118],[-130,87],[-221,-96],[-214,71],[-130,-30],[-518,-601],[-253,-112],[-61,-221],[-113,-58],[-247,34],[-119,99],[-341,-5],[-113,70],[-51,215],[182,283],[-50,92],[-439,37],[-176,-119],[-125,-226],[-394,-107],[-65,-115],[101,-227],[-115,-145],[-18,-127],[-145,-80],[-48,-295],[-166,-191],[-130,-276],[149,-364],[-125,-97],[-45,-137],[-60,-29],[-271,47],[-462,-101],[-426,16],[-250,-127],[5,-55],[183,-90],[329,-52],[320,-223],[24,-93],[-143,-137],[-205,-20],[-248,139],[-470,-172],[-86,-62],[49,-140],[-222,-219],[-209,114],[-68,175],[-169,49],[-101,-22],[-57,-101],[18,-244],[123,-295],[-123,-129],[-246,-28],[-88,-86],[34,-83],[201,-53],[27,-231],[-62,-96],[-178,-83],[-193,16],[-115,114],[-94,220],[-227,57],[-83,-34],[-37,-316],[-158,-264],[-36,-196],[-999,-230],[-91,-162],[43,-268],[-76,-109],[-91,-43],[-368,-22],[-259,26],[-318,-471],[-283,-64],[-669,406],[-233,4],[-317,-265],[-343,-173],[9,-62],[-532,-543],[-274,-42],[13,-69],[160,-112],[2,-157],[273,-168],[-12,-77],[-155,-141],[-400,-131],[-415,-26],[-95,-249],[-391,-236],[-493,-145],[-377,2],[-362,-240],[-313,-294],[-522,-179],[-94,-149],[-480,-34],[-765,-257],[-329,1],[-479,-403],[-325,47],[-442,-11],[-702,146],[-142,-96],[-149,-232],[-484,-176],[-540,273],[88,241],[-30,67],[-231,95],[-219,195],[-351,50],[-52,125],[-306,145],[-230,-3],[-206,228],[-134,32],[-98,-66],[-3,-180],[78,-127],[-67,-32],[-461,213],[49,207],[-245,6],[-581,161],[-342,-1],[-382,531],[-375,-65],[100,181],[-122,69],[164,59],[135,179],[-324,67],[-29,84],[95,185],[-251,86],[30,55],[131,36],[-117,126],[97,140],[-47,227],[144,48],[-277,386],[-104,254],[491,251],[-365,289],[131,204],[118,39],[106,-142],[140,124],[-277,89],[-139,123],[-165,63],[-39,70],[44,213],[121,209],[256,178],[48,111],[212,193],[-43,162],[165,119],[654,217],[39,160],[201,183],[15,180],[229,59],[-79,257],[27,189],[281,374],[201,153],[20,120],[332,117],[526,487],[44,129],[379,172],[211,264],[459,194],[111,192],[543,204],[-20,164],[263,-11],[187,231],[165,-20],[238,39],[711,402],[299,108],[-5,661],[314,131],[455,289],[174,1],[219,192],[13,319],[772,536],[112,168],[316,216],[46,140],[281,200],[329,365],[161,56],[269,261],[191,103],[248,56],[309,197],[329,267],[-22,114],[-168,287],[-137,1],[-242,-284],[-122,-83],[-144,-11],[-69,-96],[-319,-129],[-327,-272],[-249,27],[-93,73],[-136,-10],[-344,248],[-523,-232],[13,-103],[-62,-34],[-36,-170],[-161,8],[-73,-82],[-175,-60],[-73,85],[-114,35],[-18,107],[-200,75],[-121,187],[-428,283],[41,160],[-68,189],[-210,150],[-304,-19],[-521,-386],[-321,-131],[-122,34],[-243,204],[-108,22],[-1655,-876],[-143,183],[-204,34],[-206,193],[-109,325],[-97,94],[-500,174],[-262,159],[-204,65],[-247,7],[-369,-148],[-196,-146],[-202,-71],[-92,-244],[-327,-123],[38,4333],[-87,63],[48,196],[113,81],[69,142],[-53,42],[-72,-19],[-133,-173],[-152,-83],[-160,3],[-134,55],[-155,-23],[-460,-245],[-94,-5],[-161,82],[-22,102],[301,311],[-33,246],[-440,396],[-441,257],[-182,390],[-335,131],[18,307],[-150,145],[-323,158],[-74,-92]],[[66261,779044],[-313,2],[-280,-137],[-232,-22],[-118,-206]],[[65318,778681],[-316,49],[-529,-165],[-228,-236]],[[64245,778329],[-265,-7],[-195,-247]],[[63785,778075],[-245,-126]],[[63540,777949],[-326,-497],[12,-394]],[[63226,777058],[-69,-21],[-265,60],[-159,-68],[-201,-373],[-290,-252],[50,-154],[-154,-146],[-6,-121],[-403,-38],[-41,-74],[54,-180],[-148,-71],[-26,-142],[-102,-110],[-261,-90],[11,-253],[-115,-58],[-258,8],[-160,-96],[7,-158],[170,-138],[-74,-93],[-251,67],[-120,-35],[13,-222],[115,-140],[-40,-127],[-257,-33],[-52,-65],[-95,11],[-112,-80],[-473,-136],[-31,-51],[78,-33],[-23,-243],[-86,-92],[-203,-81],[-47,-154],[89,-18],[-28,-58],[-105,-26],[-172,85],[-335,-210],[-174,-38],[22,-194],[-194,-34],[-15,-91],[-107,-86],[83,-186],[-16,-237],[-91,-23],[-291,70],[-144,-58],[-190,82],[-233,-18],[-203,131],[3,-313],[-160,43],[-183,-75],[-181,-271],[-24,-184],[-427,-177],[-123,25],[-217,-82],[-129,-121],[-176,105],[-327,14],[-298,93],[-135,-33],[-56,-68],[-68,74],[-85,12],[-294,-64],[-339,-6],[-96,143],[-716,234],[-347,262],[-397,101],[-393,235],[-206,67],[-217,228],[-179,-23],[6,91],[-185,212],[-340,152],[-385,98],[-171,122],[-34,95],[-607,264],[-463,-112],[-268,49],[-194,-59],[-91,22],[15,-109],[-162,-30],[-51,-76],[-392,-34],[-183,234],[-108,-41],[-382,216],[-28,286],[-211,0],[-169,140],[-139,47],[-84,-15],[30,-146],[-134,21],[-370,-64],[-72,-118],[-128,-19],[-77,32],[41,100],[-113,34],[2,78],[-168,132],[-232,-21],[-182,-111],[-340,20],[-121,30],[-77,149],[-174,69],[-90,-70],[-210,98],[-287,9],[-529,-118],[-254,36],[-161,-58],[68,-171],[-143,-35],[-205,105],[-330,-87],[-732,88],[-306,145],[-705,-181],[-237,-130],[-305,-60],[-386,-156],[-413,5],[-307,-147],[-323,-62],[-752,40],[-297,-129],[-531,88],[-322,-81],[-344,108],[-330,-164],[-281,17],[-740,-67],[-236,61],[-243,277],[-669,122],[-268,271],[-504,147],[-695,95],[-322,235],[-286,65],[-366,25],[-254,-420],[-326,-92],[-261,116],[-297,398],[-106,28],[-351,-78],[-488,-193],[-255,-41]],[[29208,774163],[-721,78],[-291,216]],[[28196,774457],[1,104],[343,313],[331,532],[46,174],[-278,320],[-221,78],[49,196],[-313,560],[-164,31],[-384,-40],[-249,247],[-342,129],[-160,178],[-419,-43],[-247,207],[-295,151],[-414,-13]],[[25480,777581],[-533,-144],[-368,19],[-209,58]],[[24370,777514],[-284,297],[-212,64],[-50,15],[-211,40]],[[863031,281697],[303,-471],[13,-203]],[[863037,279740],[-176,-212],[-272,-112],[-509,-32]],[[860384,278555],[-73,-261],[201,-211]],[[837907,256138],[-646,-99],[-36,-65],[90,-200],[-44,-343]],[[825425,248324],[-683,-303],[-108,-194]],[[824634,247827],[-325,-166],[-74,-131],[130,-186],[14,-355]],[[817777,167685],[774,-525],[159,-372],[10,-290],[-124,-343],[-386,-455],[-192,-135]],[[811857,161195],[-143,-333]],[[814864,158521],[183,-166],[218,-206]],[[815265,158149],[81,-219],[15,-172]],[[814210,152333],[63,-228],[389,-295]],[[821337,145988],[-69,-480],[432,-601]],[[821952,144555],[347,-174],[368,-282],[48,-125],[-32,-175]],[[823461,136465],[-258,-147],[-155,-238],[150,-358]],[[822969,135074],[195,-519],[179,-158],[446,-200]],[[827372,130478],[-171,-320],[106,-240]],[[828356,129567],[564,19],[147,-52],[617,-427]],[[830833,129552],[230,-259],[39,-154],[-198,-191]],[[836171,126679],[137,-19],[225,-119],[467,-21]],[[858377,126497],[256,26],[323,-150],[99,-130]],[[890357,93989],[621,-243],[360,-16],[346,179],[89,-9],[114,-182],[197,-146]],[[893805,91511],[-609,-406],[-315,-153],[-132,-169]],[[892749,90783],[131,-653],[444,-122]],[[894068,89019],[-40,-491],[-361,-98]],[[882111,77117],[81,-216],[116,-67],[491,32],[168,-30],[513,-259],[267,-254],[37,-177],[500,-160],[-2,-502],[52,-137]],[[884334,75347],[418,-202],[563,-124]],[[885315,75021],[393,-170]],[[885708,74851],[414,-273],[69,-126],[-296,-175]],[[885895,74277],[-19,-75],[33,-135],[191,-232]],[[886100,73835],[-283,-392],[439,-216],[388,-322],[568,-349],[695,-691],[284,-31],[409,-179],[114,-93],[57,-169],[450,-287],[767,-413],[350,-128],[-150,-227],[210,-793],[-180,-366],[-94,-426],[-94,-83],[-44,-328],[57,-479],[63,-92],[-41,-92],[308,-428],[11,-239],[112,-213],[406,26],[229,143],[-6,41],[244,65],[37,-83],[161,-3],[75,59],[-14,60],[67,-8],[158,-89],[91,-174],[-34,-100],[266,-155],[-98,6],[41,-40],[170,-53],[33,-180]],[[892322,66314],[256,-243],[217,-34]],[[892795,66037],[960,-386],[256,28],[288,-149],[244,10],[111,-37],[67,-120],[-60,-201],[129,-94],[18,-137],[340,-388],[128,-23]],[[895276,64540],[451,174],[138,-8],[109,-133]],[[895974,64573],[29,-182],[118,-121],[84,-247],[634,-218],[104,-76]],[[896943,63729],[25,-130],[133,-70],[377,-167]],[[897478,63362],[416,-107],[229,-172],[67,-115],[223,-42],[111,-84]],[[898524,62842],[858,-113],[332,-84],[482,-338]],[[900196,62307],[481,-19],[109,-45],[453,-225]],[[901239,62018],[183,-187],[253,-123],[641,-25],[164,39],[20,-72],[370,-60],[626,41],[186,-71],[105,-259],[214,-177],[395,-76],[171,39]],[[904567,61087],[287,-76],[223,-270],[373,-298],[430,-3]],[[905880,60440],[384,86],[367,-16]],[[906631,60510],[251,-71],[425,188],[581,-39],[110,138],[330,41],[164,154],[171,77],[570,-12],[110,90],[213,26]],[[909556,61102],[827,-242],[292,-159],[33,-136]],[[910708,60565],[146,-134],[272,-87],[353,-221],[121,-238],[268,-158],[102,-157],[224,-180],[31,-77],[-105,-178],[6,-205],[133,-287],[207,-186],[493,-206],[400,19],[92,-133],[353,-191],[194,-37],[221,-112],[271,-32],[299,65],[105,-194],[323,112],[207,-26],[17,100],[229,-33],[492,72],[279,276],[-59,112],[54,118],[281,31],[330,192],[328,11],[344,187],[131,-14],[340,-211],[246,146],[255,-159],[157,72],[157,-48],[162,117],[200,-8],[365,110],[423,-28],[415,194],[290,27],[108,-14],[15,-107],[218,-160],[-41,-144],[238,-104],[140,-11],[22,-47],[-86,-73],[145,-209]],[[921619,58117],[133,-52],[222,9],[-234,354],[467,253],[161,282],[114,6],[239,-130],[281,-5],[971,670],[769,1701],[-25,140],[209,72],[50,175],[-43,100],[210,257],[207,96],[268,54],[230,216],[184,-39],[798,130],[131,90],[20,156],[255,258],[443,268],[-331,385],[-9,82],[829,571],[466,858],[3554,715],[3087,1543],[1861,1101],[1279,-661],[2102,523],[2566,1483],[-1,755],[-112,237],[203,204],[-39,159],[-668,520],[-203,413],[-271,161],[-538,221],[64,200],[234,162],[17,92],[177,35],[94,109],[119,27],[-4,107],[164,208],[213,73],[751,739],[173,95],[2002,194],[648,360],[1210,1066],[-355,503],[1571,1949],[4045,2995],[2694,1358],[564,848],[1149,1167],[895,92],[335,1332],[20,855],[921,1636],[1345,163],[883,458],[421,143],[449,33],[297,-38],[241,-139],[1531,203],[1387,530],[570,115],[521,238],[1149,188],[110,75],[153,264],[782,-92],[145,27],[162,170],[1139,467],[107,186],[155,69],[386,46],[305,-32],[232,77],[1250,724],[-1075,585],[-578,421],[-307,500],[29,460],[-46,189],[-583,366],[-217,251],[-327,903],[21,409],[-306,487],[2,347],[229,251],[-51,110],[-1236,904],[-229,269],[-267,102],[-360,61],[-345,229],[-106,170],[82,225],[-514,250],[-16,211],[-175,70],[57,95],[-147,25],[-147,247],[19,95],[114,69],[-317,92],[72,230],[-301,96],[-269,-6],[0,60],[-373,-201],[-101,102],[-83,-19],[-100,47],[-81,-35],[-46,391],[172,54],[-39,149],[295,120],[46,94],[106,50],[-36,65],[61,32],[-171,17],[-72,88],[84,66],[99,6],[104,125],[-111,67],[-107,0],[96,60],[-1,129],[476,24],[83,45],[-43,100],[85,224],[94,77],[124,7],[204,-62],[126,220],[194,6],[14,111],[123,3],[114,94],[200,25],[98,123],[143,-27],[68,271],[115,98],[157,26],[179,204],[89,23],[-18,166],[230,56],[-31,114],[59,126],[108,-109],[217,5],[129,77],[78,-90],[152,2],[20,101],[122,8],[179,140],[3,72],[-121,75],[110,447],[127,113],[226,81],[134,-4],[202,127],[-178,120],[-4,102],[199,109],[307,74],[305,-22],[221,134],[-27,230],[-204,416],[-44,469],[-190,315],[-141,108],[209,298],[-35,127],[61,342],[138,-24],[137,87],[-136,278],[262,238],[43,116],[-338,348],[214,216],[39,138],[87,45],[18,187],[-292,338],[-71,200],[-180,126],[-206,315],[-502,298],[125,307],[-106,163],[-127,80],[100,125],[-170,-46],[-583,543],[-171,101],[-30,114],[-457,114],[-24,191],[-272,-149],[-181,8],[-383,-122],[-308,53],[-132,102],[-96,-19],[-156,250],[-209,-35],[181,420],[-116,234],[48,244],[205,165],[411,-46],[83,90],[150,-7],[61,-64],[162,37],[155,196],[-136,-26],[-53,64],[38,71],[630,89],[135,-70],[14,-292],[331,-109],[165,-150],[244,79],[59,-17],[-88,-394],[314,-14],[274,-171],[287,54],[135,-317],[217,170],[-60,160],[67,17],[-9,54],[285,-65],[-68,160],[-128,47],[69,51],[207,-15],[144,77],[26,78],[210,17],[127,-41],[124,-137],[156,-21],[205,84],[75,173],[293,-11],[131,126],[-25,85],[116,215],[-22,143],[289,65],[45,239],[151,15],[53,159],[147,120],[193,25],[207,106],[66,-38],[-10,-59],[-298,-184],[-179,-446],[20,-103],[-261,-234],[9,-120],[-179,-468],[-273,-298],[-156,35],[125,-80],[385,-83],[324,37],[104,117],[-24,37],[-55,-52],[-49,40],[67,87],[56,-43],[358,82],[-156,138],[179,49],[96,92],[37,287],[142,18],[86,-316],[109,-81],[88,23],[27,298],[138,121],[120,-222],[59,-13],[269,532],[424,601],[-183,260],[127,26],[134,-45],[145,-183],[64,-3],[32,134],[-103,133],[-375,59],[117,198],[80,57],[174,28],[-9,104],[103,28],[319,-68],[231,39],[-175,103],[2,104],[-356,232],[190,474],[155,40],[-45,266],[118,128],[168,67],[109,236],[-453,269],[-73,-28],[-440,58],[-158,-65],[-185,39],[-141,-39],[-223,175],[-212,-75],[-300,19],[-262,-230],[-857,-234],[-667,-369],[-52,-269],[27,-333],[-432,-184],[-1265,666],[-280,85],[-946,158],[-861,314],[-550,-552],[-1523,-760],[-1149,-187],[-370,0],[-135,37],[59,-292],[173,-159],[146,-30],[218,-143],[-13,-39],[-254,-41],[-48,-46],[296,-145],[-167,-180],[-557,-17],[-129,150],[-89,-8],[-69,-76],[-710,168],[295,25],[493,-48],[-608,163],[-1697,-632],[-952,-296],[-947,-179],[-670,-57],[-480,103],[-1296,-296],[-758,-124],[-627,-169],[-520,71],[-1076,-106],[-229,92],[126,191],[-345,58],[-105,-91],[-15,-176],[-796,-219],[264,-44],[14,49],[134,14],[288,-154],[-283,-228],[-210,-44],[-176,-357],[-238,-93],[-356,106],[-335,-70],[64,-151],[120,-58],[62,-118],[-52,-155],[-87,-66],[6,-162],[-90,-69],[-502,178],[-3,61],[-102,-19],[-118,142],[1,97],[-98,68],[-813,53],[-95,84],[-209,58],[44,269],[-368,255],[-42,76],[-223,93],[-56,153],[133,297],[192,143],[-44,218],[-76,59],[-160,26],[-322,-156],[-107,13],[87,255],[-57,88],[-911,-20],[-473,-146],[-3389,332],[-550,178],[-286,271],[-438,202],[-49,95],[-285,100],[-514,393],[-106,207],[-269,210],[-63,108],[-348,143],[-362,342],[-155,56],[-59,107],[36,242],[-146,97],[30,72],[416,75],[154,-61],[185,1],[76,82],[149,30],[156,223],[187,106],[11,123],[-117,187],[-241,105],[33,99],[-110,82],[-871,-311],[-198,-217],[-115,-34],[-695,150],[-160,68],[-229,279],[-307,-3],[-195,132],[-185,6],[-361,-102],[-222,8],[-170,-54],[-273,-226],[-724,-210],[-141,-159],[-215,-129],[-192,-227],[-147,-34],[-198,-136],[-283,-23],[-723,233],[-645,-337],[-186,46],[-480,-231],[-394,-15],[-334,142],[-582,382],[-538,514],[-104,269],[14,475],[67,218],[160,129],[-160,50],[-171,326],[-108,84],[264,-10],[77,-108],[126,266],[134,-145],[-174,-118],[88,3],[109,-126],[161,-68],[154,-361],[-28,-110],[204,83],[-34,48],[108,50],[221,283],[535,331],[-29,111],[-499,162],[-108,150],[-248,71],[-29,80],[100,135],[-228,68],[-28,128],[209,41],[103,69],[39,151],[165,9],[77,113],[85,-8],[15,108],[136,107],[98,-2],[-36,95],[100,-17],[-11,73],[283,-116],[13,87],[-115,96],[-79,259],[145,-31],[29,-123],[334,284],[275,77],[110,-17],[3,88],[191,88],[93,-4],[46,121],[184,-36],[25,97],[-212,49],[0,130],[108,-66],[57,81],[146,7],[224,-110],[-254,176],[49,56],[179,-121],[37,59],[-115,94],[-161,48],[75,31],[113,-46],[-13,133],[199,-221],[74,4],[-72,87],[113,117],[-144,69],[-4,80],[-177,119],[0,97],[104,14],[143,-125],[53,36],[70,-34],[51,75],[-191,89],[-66,163],[114,41],[266,-178],[-36,148],[211,-38],[27,60],[156,12],[253,152],[30,108],[-277,-10],[-17,105],[586,373],[110,140],[-87,190],[-338,166],[-74,119],[141,125],[-31,322],[149,-177],[538,70],[89,88],[-61,68],[459,176],[137,130],[-483,108],[-316,16],[-493,277],[4,63],[175,-14],[403,-161],[580,-143],[271,-129],[40,23],[-105,190],[42,42],[224,-215],[92,-580],[-217,-312],[135,-162],[-44,-346],[194,6],[66,-92],[-175,-517],[-767,-843],[-156,-269],[-504,-167],[-59,-64],[610,106],[388,490],[743,462],[187,301],[74,417],[150,239],[103,762],[35,18],[25,-54],[25,26],[68,356],[-69,557],[-506,589],[-1130,1094],[-134,314],[21,97],[104,32],[-5,264],[-277,186],[-96,179],[-148,59],[-83,103],[-139,-3],[-201,123],[-170,2],[-582,-153],[-1139,-8],[-303,44],[-532,162],[-1044,492],[-2148,668],[-1484,354],[-1009,184],[-2735,162],[-1555,-24],[-829,96],[-292,-117],[-319,-47],[-1043,21],[-768,84],[-1064,-19],[-273,142],[-245,209],[-557,748],[-199,705],[76,435],[102,132],[-99,-60],[-129,43],[59,-86],[-84,-194],[14,-188],[-101,-51],[61,-48],[-49,-158],[105,-142],[-63,-45],[100,-71],[66,-249],[178,-153],[212,-341],[805,-812],[367,-67],[63,86],[720,116],[703,-47],[387,-89],[862,60],[45,-15],[-79,-45],[24,-277],[65,-112],[215,-43],[199,12],[74,57],[20,127],[129,86],[-21,130],[69,34],[330,-51],[251,60],[351,-6],[286,61],[949,-17],[445,-73],[668,-32],[694,30],[1226,-123],[2348,-572],[386,-151],[323,-253],[44,70],[304,13],[564,-208],[1266,-598],[144,-208],[446,-83],[768,-347],[800,-506],[114,-96],[0,-62],[-198,-152],[-114,45],[-32,182],[-321,-113],[-325,-29],[-112,31],[-135,115],[0,216],[-203,186],[177,175],[-52,74],[-545,-18],[-59,-69],[29,-213],[-173,-213],[-437,-126],[-184,55],[-86,174],[-212,212],[248,222],[-129,215],[-250,109],[-162,-11],[-211,117],[-187,9],[-122,133],[-129,35],[-95,154],[-315,35],[-10,95],[148,89],[-152,36],[-66,136],[-114,-67],[-4,-155],[-308,22],[-214,67],[-138,105],[-186,-6],[-166,183],[10,74],[-245,47],[-124,83],[-85,-99],[30,-127],[-59,16],[-26,-58],[-86,116],[79,80],[-79,-2],[-46,96],[-52,-109],[-86,16],[70,-210],[-305,-28],[-25,148],[-72,34],[-98,1],[-152,-91],[-79,141],[-97,17],[-45,-57],[-134,-5],[-255,161],[-56,-89],[-80,38],[-96,-38],[71,-68],[-418,54],[-38,-53],[-72,41],[9,-59],[-251,-22],[-75,-74],[95,-39],[-144,-28],[-9,-59],[-111,-25],[-123,103],[-109,-54],[-365,17],[-87,-81],[114,-84],[-56,-159],[-72,38],[-243,-7],[-193,121],[-216,-44],[-209,20],[-255,-90],[-135,-140],[-108,-31],[-45,32],[37,61],[-300,32],[-47,134],[-121,-6],[21,-90],[-283,-5],[-98,193],[-89,27],[-86,-29],[-61,-141],[-147,132],[-120,-49],[-58,-203],[-127,52],[-414,-21],[-169,171],[-132,3],[-183,78],[-89,235],[-252,97],[-320,82],[-478,-42],[-73,78],[-189,-13],[-143,72],[-512,125],[19,259],[-275,-108],[-290,110],[-2,-73],[-184,-66],[-1,45],[-148,22],[-87,109],[-68,12],[-58,94],[-206,-16],[-66,77],[-118,-10],[-134,213],[-314,135],[10,184],[-106,-20],[-30,58],[-150,11],[-85,58],[67,179],[-173,53],[-25,154],[-155,-18],[-113,151],[53,220],[-270,-101],[-79,77],[44,82],[-92,7],[-50,73],[137,274],[-382,-35],[2,194],[-338,297],[62,120],[-433,-94],[-70,116],[-136,46],[-378,12],[-53,121],[-864,106],[-311,430],[-72,23],[-47,150],[-128,31],[-66,-49],[-201,128],[-75,-111],[-218,-73],[-37,-126],[-122,-95],[49,-73],[232,-27],[88,-144],[-300,-317],[-156,39],[-17,252],[-165,102],[-22,84],[168,24],[-215,12],[-70,58],[-359,64],[-438,369],[-94,13],[-102,-122],[34,-532],[-117,30],[-70,188],[-156,9],[83,123],[-136,105],[287,12],[29,43],[-239,27],[-98,80],[41,110],[-272,54],[-179,179],[9,98],[77,44],[-68,167],[-140,41],[71,57],[3,161],[-215,211],[-92,223],[19,161],[149,103],[-121,38],[-119,-36],[-110,67],[-124,250],[-139,540],[29,231],[68,73],[382,188],[-36,303],[75,226],[214,149],[339,84],[-623,278],[-137,213],[-293,155],[-97,171],[-239,206],[-762,186],[-245,145],[-212,345],[-274,652],[114,96],[-123,163],[-240,103],[-208,-33],[-258,-164],[-230,-11],[-235,87],[-251,10],[-660,-89],[-42,-97],[108,4],[93,73],[141,4],[-303,-299],[-150,34],[-175,-102],[-67,-234],[-704,-537],[96,-295],[-158,-294],[78,-194],[100,-72],[-109,-138],[-210,-139],[133,-159],[-1,-112],[-83,-57],[58,-86],[-237,-295],[-61,23],[-225,-155],[8,-566],[140,-169],[-50,-198],[101,-170],[16,-168],[239,148],[455,-182],[210,-27],[2,69],[187,121],[-116,144],[84,137],[267,-10],[195,60],[160,-26],[112,-104],[-136,-299],[23,-80],[144,-37],[228,156],[268,28],[244,-135],[-18,-100],[78,-87],[-62,-56],[-181,-8],[29,-120],[-47,-52],[-88,-58],[-135,41],[-130,-45],[81,-80],[156,48],[49,-77],[-28,-111],[149,-45],[479,22],[-52,287],[-205,193],[174,43],[39,53],[160,-41],[16,54],[-119,118],[42,49],[180,-72],[216,-248],[179,-39],[345,-214],[82,-173],[-50,-78],[-178,82],[-287,-67],[-22,-183],[115,-31],[231,127],[251,33],[38,-132],[158,-18],[-63,-232],[-186,-170],[102,38],[95,-56],[212,76],[210,232],[64,-3],[50,-125],[154,-23],[14,-65],[180,77],[124,-73],[-13,-161],[-110,-128],[190,-15],[79,-83],[-5,-50],[-165,-59],[102,-78],[-62,-174],[188,-198],[-97,-240],[224,-55],[49,-96],[-390,-335],[50,-40],[-34,-142],[-138,-105],[-203,77],[116,61],[-155,77],[-44,159],[-119,-120],[-170,-14],[-249,40],[28,69],[-51,40],[-350,-47],[-79,24],[-187,-118],[-297,100],[-22,-54],[-121,35],[-14,75],[-78,11],[-174,147],[-125,20],[33,102],[-76,177],[-100,-3],[37,56],[-83,37],[-219,-70],[-1212,98],[-97,-83],[-21,51],[-99,0],[-123,-80],[69,-207],[284,-240],[-99,-128],[-93,-32],[-224,64],[-152,100],[-7,59],[-64,13],[5,223],[-364,296],[232,-337],[31,-172],[-515,-391],[62,-80],[211,-91],[-43,-62],[90,-158],[-325,33],[-309,255],[-118,-57],[-119,13],[-161,-136],[-149,-24],[-251,85],[80,103],[-139,-25],[-120,45],[-17,187],[-186,467],[-128,-35],[-98,129],[-218,16],[-60,67],[-190,44],[-13,95],[-172,59],[-238,178],[-149,177],[104,224],[-57,267],[83,160],[-664,337],[-48,118],[-93,-21],[-41,39],[-425,-154],[-157,101],[-244,4],[-132,60],[-181,-59],[-220,21],[-228,84],[-47,75],[-415,-27],[-94,56],[60,135],[-178,179],[-164,-14],[-101,73],[-439,90],[-702,289],[-946,184],[-606,344],[-320,266],[-138,-102],[-93,-2],[-48,50],[-65,-41],[-242,16],[-311,-53],[-472,-203],[-214,-259],[-338,-33],[-56,29],[-28,-34],[-90,72],[-57,-131],[-318,-39],[-275,57],[-264,192],[36,82],[-142,116],[24,133],[-322,85],[-116,-12],[-43,43],[-235,-19],[-246,49],[-21,200],[-175,105],[113,206],[-120,59],[-57,101],[374,103],[-61,136],[-221,-80],[-123,44],[40,273],[453,135],[98,-15],[68,73],[135,-41],[140,119],[234,50],[198,-76],[458,58],[491,205],[60,73],[-147,172],[-116,46],[-30,107],[112,163],[-193,372],[-118,62],[-141,-10],[-241,114],[-68,91],[48,102],[-418,403],[-182,14],[-82,-155],[-354,131],[-24,-42],[115,-97],[-17,-110],[-251,76],[-106,-27],[-155,73],[-105,168],[-323,104],[-67,165],[82,44],[-116,60],[-5,73],[-66,-16],[-94,87],[-40,237],[-103,134],[-281,59],[-181,152],[60,174],[67,22],[-125,47],[193,50],[-212,186],[26,214],[-64,118],[118,172],[142,28],[-35,155],[254,56],[142,121],[55,-57],[179,8],[-37,67],[128,84],[-224,160],[19,106],[118,-6],[-14,167],[-126,217],[-103,39],[-57,-99],[-62,-11],[-99,119],[71,28],[-338,349],[209,183],[8,90],[158,19],[-106,109],[50,69],[-58,63],[77,58],[-40,132],[141,5],[81,50],[22,-67],[67,-1],[-14,86],[-106,58],[184,100],[69,-20],[45,-108],[60,19],[-47,121],[63,80],[171,30],[-19,90],[111,150],[126,18],[-131,150],[106,183],[123,86],[239,72],[193,139],[541,-140],[416,131],[505,-274],[229,86],[184,-214],[183,-106],[121,-253],[716,-246],[318,38],[238,172],[235,-5],[239,249],[-82,60],[12,91],[-143,13],[13,123],[194,-7],[63,-51],[76,67],[309,101],[18,76],[-194,40],[-262,-28],[-35,-38],[-103,65],[136,46],[531,-37],[-228,117],[-272,29],[107,144],[-96,77],[-541,143],[168,11],[270,-102],[70,31],[-152,331],[174,160],[-377,51],[-105,80],[13,128],[92,24],[129,-49],[186,-132],[-209,-18],[-13,-34],[182,-10],[80,59],[-12,132],[135,67],[-6,68],[119,-125],[12,112],[64,-107],[242,-91],[-51,-47],[69,-61],[-199,-66],[335,-116],[221,-149],[132,19],[77,125],[-222,70],[-37,67],[297,-73],[284,322],[283,113],[-53,98],[33,139],[-79,104],[227,-28],[152,49],[49,68],[-112,50],[-249,-96],[60,205],[63,-104],[70,52],[131,-26],[244,346],[516,184],[27,119],[-81,58],[104,252],[-77,146],[81,198],[74,21],[200,-112],[104,-8],[195,161],[158,47],[25,133],[-112,-46],[-49,29],[133,78],[-30,74],[112,-28],[51,32],[75,96],[-50,161],[64,17],[-375,319],[-314,62],[-162,-39],[-78,-89],[-180,43],[-277,-261],[24,192],[270,261],[-270,140],[133,69],[67,-98],[140,6],[-39,-52],[86,-20],[41,100],[-65,79],[116,36],[62,-189],[194,287],[-77,106],[99,146],[-29,57],[161,41],[156,278],[-52,34],[-221,-36],[-258,59],[-48,81],[88,54],[-93,79],[-44,-45],[-20,58],[50,24],[-159,157],[-173,-76],[52,-149],[84,10],[-47,-156],[-77,62],[-190,-72],[-123,55],[108,237],[155,35],[-86,175],[285,76],[206,149],[-119,230],[-133,53],[41,-120],[-98,37],[-10,-45],[124,-95],[-164,14],[-13,122],[-75,-118],[64,230],[197,44],[590,-46],[102,81],[259,-60],[-11,99],[-127,65],[-87,-43],[-130,56],[-69,-36],[-79,132],[-120,55],[-133,-47],[95,-13],[84,-81],[-231,34],[-146,102],[43,59],[-58,155],[-422,-130],[-332,-50],[-114,26],[-67,-133],[-133,179],[69,68],[-312,17],[-115,72],[10,72],[197,111],[205,-32],[234,29],[31,-87],[298,-135],[34,137],[96,-124],[83,-15],[122,11],[46,82],[158,60],[108,-53],[16,-159],[90,-7],[178,82],[233,-153],[34,-147],[80,-32],[123,83],[132,14],[121,-46],[64,95],[384,-79],[211,-224],[0,-51],[-78,-18],[107,-205],[161,-87],[77,16],[215,-452],[398,-242],[-31,-278],[189,-125],[212,-51],[88,-115],[157,-6],[153,-70],[151,-404],[377,-203],[167,45],[43,-53],[122,6],[175,-102],[403,-122],[14,-55],[289,-123],[462,-347],[145,-201],[27,-142],[239,-196],[173,-21],[115,-67],[96,-169],[-74,-170],[-66,-30],[-32,-163],[-221,-212],[30,-114],[-62,-65],[-71,-486],[80,-360],[-57,-87],[20,-285],[345,-302],[105,-257],[300,-63],[253,-270],[184,-111],[236,-3],[250,-137],[11,-66],[167,-134],[390,-167],[27,-133],[106,-46],[-61,-13],[41,-39],[373,-73],[1062,-400],[485,-261],[197,-234],[298,-42],[770,-30],[236,-64],[80,31],[359,-18],[250,-81],[280,72],[605,-5],[358,-105],[322,116],[394,261],[-134,173],[-492,240],[-155,157],[-725,216],[-305,203],[-24,81],[-170,-33],[-75,154],[-300,76],[-226,132],[-380,53],[-250,134],[-167,146],[-11,93],[-87,5],[-71,96],[-669,332],[-49,123],[-134,39],[-109,72],[-18,76],[-120,56],[32,209],[161,170],[197,33],[370,-134],[164,-119],[192,-35],[360,-229],[660,-300],[234,-10],[138,-81],[471,-33],[45,64],[281,81],[-259,497],[-229,222],[-104,222],[38,56],[-221,293],[-227,-37],[-170,53],[-369,257],[8,-239],[-143,-206],[-312,-107],[-215,70],[-279,-46],[-309,57],[-642,428],[68,63],[-42,88],[-115,-13],[-233,264],[125,305],[-467,176],[-41,185],[55,249],[182,1],[187,126],[63,132],[-182,60],[-135,-51],[-167,35],[-209,274],[-2,127],[249,172],[260,58],[99,-33],[-175,311],[-268,165],[5,128],[-144,6],[-211,166],[-203,88],[-35,206],[-279,180],[-21,130],[-1108,599],[-189,41],[-124,262],[-185,154],[-25,221],[-181,86],[-75,127],[-123,-11],[-348,141],[-132,-86],[-101,6],[-178,125],[-44,141],[119,121],[12,307],[-117,307],[-284,362],[-564,458],[-314,351],[-453,117],[-601,410],[-130,382],[-255,189],[-18,175],[-143,71],[-16,213],[229,698],[-85,-13],[-167,-305],[-70,-253],[21,-292],[-309,265],[-8,127],[-208,102],[-102,311],[-468,377],[15,177],[-67,100],[-187,166],[-158,16],[-173,101],[-69,177],[-265,278],[204,234],[4,140],[112,102],[-109,155],[45,148],[143,61],[-171,21],[-4,108],[-534,187],[-108,166],[-100,57],[32,156],[-180,53],[-60,111],[-118,59],[-11,93],[-215,92],[-137,194],[21,36],[189,4],[11,188],[152,-108],[52,85],[-226,337],[-194,175],[-216,68],[-215,216],[92,138],[102,12],[161,240],[203,83],[292,-33],[18,109],[218,119],[103,2],[-140,167],[-213,-18],[-55,34],[45,101],[100,18],[6,67],[93,-4],[39,57],[-90,194],[-161,3],[107,270],[-171,105],[50,292],[91,24],[145,-85],[64,-189],[-102,116],[-5,-89],[134,-184],[126,-342],[124,12],[-144,214],[5,177],[-104,-4],[-9,62],[195,72],[8,130],[95,-230],[54,-19],[43,81],[42,-11],[26,-150],[-91,-50],[102,-128],[-71,-33],[-77,104],[-120,-22],[79,-267],[-81,-84],[-77,25],[-135,-40],[23,-103],[159,9],[2,-201],[77,-59],[-13,206],[73,82],[252,-126],[-23,81],[-165,113],[29,174],[104,-56],[38,89],[60,-102],[29,248],[500,25],[-135,100],[-359,-36],[-74,98],[43,78],[211,-8],[39,42],[208,-186],[342,184],[93,-52],[25,74],[50,-70],[175,-39],[-36,191],[291,199],[-123,68],[96,41],[-130,75],[37,64],[182,-1],[116,-105],[281,-110],[165,101],[143,-25],[179,33],[32,-122],[162,-5],[104,-82],[721,-24],[47,84],[129,30],[-55,-228],[-61,-36],[120,-76],[-21,-144],[108,98],[38,-26],[-66,-206],[-110,-119],[24,-24],[138,65],[64,-30],[-102,-135],[101,-83],[160,214],[12,112],[345,-19],[235,351],[146,141],[152,53],[628,69],[76,-80],[-119,-81],[-40,-105],[119,-80],[137,25],[165,127],[253,26],[349,-82],[21,-137],[73,-19],[152,89],[303,313],[272,120],[240,20],[280,131],[590,53],[573,112],[78,-46],[48,-203],[261,-62],[344,5],[453,149],[221,184],[-1247,371],[-240,-241],[-127,-50],[-814,185],[-363,-286],[-65,26],[-28,99],[52,126],[-137,22],[-84,-191],[100,-68],[-56,-60],[-141,14],[-135,93],[-110,-6],[-86,68],[-330,23],[10,152],[-321,-61],[-73,145],[-170,24],[251,86],[61,103],[196,-30],[136,43],[134,121],[-302,37],[13,65],[-97,56],[82,88],[-143,26],[-31,84],[-132,35],[-43,82],[-32,-83],[213,-289],[288,-138],[-47,-38],[-325,17],[-282,-99],[-85,-187],[-92,-42],[42,-40],[173,6],[33,-141],[125,-83],[42,-124],[-148,-112],[-409,-17],[-597,-140],[-301,-155],[-314,-86],[-121,-97],[-144,12],[-68,-36],[40,130],[-51,3],[-92,-134],[36,-127],[-117,68],[-74,210],[148,134],[-143,158],[-99,7],[166,-142],[-59,-25],[-15,-91],[-62,139],[-189,85],[-97,-62],[22,-56],[-68,16],[-47,85],[87,21],[-42,69],[-73,-6],[88,188],[85,-36],[16,98],[227,-93],[69,83],[-80,50],[0,-92],[-165,130],[-141,-1],[-231,151],[72,88],[-100,-16],[-60,-66],[-258,60],[-122,-27],[1,-55],[-182,-20],[-234,317],[23,47],[169,-33],[106,46],[72,-79],[272,-72],[24,-99],[78,62],[-4,91],[352,-84],[-222,103],[118,22],[255,-169],[7,-148],[-92,3],[74,-60],[256,29],[249,-29],[-23,83],[-268,-24],[-10,59],[172,42],[-35,37],[199,0],[65,97],[154,-13],[103,-61],[17,109],[201,-82],[88,-98],[75,1],[-13,-63],[-227,43],[6,-51],[166,-56],[54,-80],[60,89],[288,-26],[33,57],[-160,16],[-65,89],[-105,38],[9,65],[-97,-10],[-127,59],[-97,88],[50,59],[-79,14],[-93,-93],[-137,29],[361,227],[-426,-178],[68,63],[-166,28],[91,30],[-176,179],[-458,73],[-77,-23],[2,-61],[-252,54],[134,54],[-332,25],[-67,151],[-66,26],[-28,-101],[-70,2],[45,-49],[-257,12],[45,109],[-69,467],[-163,50],[-64,-23],[-73,73],[-14,-258],[-125,-36],[43,35],[-45,45],[83,73],[-82,140],[-124,54],[-51,123],[-146,35],[-113,-51],[-22,45],[108,179],[318,129],[6,114],[-121,204],[-120,39],[-306,-56],[-2,67],[157,-8],[-25,53],[268,-36],[114,98],[113,-95],[165,-30],[47,66],[133,-67],[63,57],[43,-54],[-37,-86],[162,39],[109,-192],[63,3],[-32,94],[194,-15],[20,-74],[205,-63],[127,7],[183,-90],[63,67],[-152,42],[10,88],[-188,-55],[-75,65],[134,52],[-419,26],[-424,263],[-478,13],[-30,70],[-109,-22],[-30,78],[125,14],[0,52],[118,77],[97,-72],[106,6],[125,-60],[8,-56],[85,-6],[21,-49],[97,-10],[81,90],[2,-80],[104,66],[46,-94],[155,14],[112,-91],[127,-3],[153,132],[-137,126],[171,1],[64,-58],[31,72],[81,-17],[-14,-92],[67,-14],[50,76],[-142,154],[173,33],[80,96],[282,102],[49,-84],[173,-94],[-55,-50],[-172,-2],[62,-95],[-104,-7],[51,-47],[178,-5],[101,-76],[-206,2],[-16,-73],[87,21],[-7,-95],[117,-21],[-89,-52],[96,-7],[99,54],[-24,156],[55,33],[88,-111],[153,108],[189,-90],[95,5],[117,-152],[-37,175],[49,61],[-125,51],[100,45],[-16,227],[-70,31],[194,47],[149,-43],[51,-73],[-271,-47],[243,-7],[-67,-80],[111,29],[27,67],[71,-41],[47,44],[261,48],[203,-42],[225,162],[-11,230],[-43,43],[-321,54],[-59,67],[234,155],[-32,-72],[103,-9],[-86,-78],[205,80],[29,-157],[87,-33],[66,98],[62,-98],[67,203],[-83,91],[196,-2],[-38,74],[303,-144],[159,-295],[187,-65],[164,-164],[212,-619],[425,-237],[-173,147],[-8,102],[-92,90],[114,237],[3,195],[-804,578],[97,99],[-6,176],[499,117],[234,-64],[272,30],[103,-52],[-22,92],[55,39],[16,-56],[117,-24],[-25,-93],[156,-67],[-79,-151],[-169,-112],[-121,-235],[276,-60],[-16,109],[116,-1],[152,-145],[-89,-147],[65,7],[116,136],[-35,-203],[63,-15],[72,197],[51,-64],[38,30],[85,-57],[162,-265],[379,-34],[326,-111],[291,-224],[112,-216],[342,-276],[153,-354],[110,-70],[591,45],[90,500],[-103,209],[373,-90],[304,29],[463,-67],[193,76],[207,174],[212,65],[-64,45],[-280,40],[-187,184],[182,143],[218,57],[-37,131],[-143,155],[3,101],[96,102],[269,104],[820,-188],[471,-286],[185,-43],[193,-116],[424,-93],[98,-141],[2,-122],[188,-65],[32,-53],[-173,-217],[216,110],[279,-7],[52,-69],[-116,-105],[12,-49],[321,1],[199,-68],[-149,202],[423,70],[607,-221],[-80,119],[-698,499],[100,142],[415,-43],[26,66],[-992,704],[-85,127],[135,109],[-27,25],[-375,158],[-592,117],[-47,-47],[308,-166],[-45,-69],[-1020,137],[-164,-59],[-127,-143],[-79,105],[76,146],[483,157],[-3,47],[-231,71],[-447,49],[-462,-160],[-135,125],[495,267],[-178,225],[-348,171],[-103,114],[-445,-161],[-99,37],[157,169],[308,5],[111,159],[176,83],[278,-100],[-4,-134],[96,-93],[252,-89],[147,5],[22,166],[167,130],[-93,179],[203,168],[-75,129],[127,101],[226,-50],[126,-207],[177,112],[-203,99],[252,170],[346,1],[190,-50],[82,-160],[180,-54],[98,80],[-30,183],[269,134],[98,109],[266,86],[152,-8],[312,-106],[328,81],[352,-120],[634,-115],[249,-209],[8,-101],[-177,-255],[-296,-125],[9,-223],[146,-14],[-5,72],[166,62],[17,119],[261,236],[4,111],[227,71],[124,-22],[66,-128],[192,-133],[-42,-196],[111,-37],[171,76],[125,-33],[-23,-146],[419,-210],[306,-357],[435,-266],[0,-117],[-290,-38],[-782,211],[-39,-53],[71,-308],[197,-46],[16,-89],[119,-87],[551,-203],[323,19],[465,-68],[160,11],[93,62],[162,-23],[-58,-176],[30,-32],[144,26],[-15,-106],[-195,-51],[-71,-389],[250,-127],[138,-240],[309,-262],[3,-116],[136,-189],[-102,-42],[-103,16],[-899,515],[-427,352],[-88,-16],[578,-572],[339,-627],[628,-192],[109,-84],[95,-228],[124,-90],[70,-164],[-128,-177],[-762,151],[488,-348],[358,-171],[-2,-93],[-100,-27],[-40,-90],[-236,-13],[161,-193],[-61,-82],[-105,12],[31,-33],[461,-180],[68,10],[108,155],[230,1],[-361,250],[-122,142],[162,112],[399,-6],[519,-452],[58,-129],[463,-23],[183,56],[228,-64],[214,-183],[-23,-107],[-190,-36],[-131,22],[-25,-36],[516,-102],[281,-361],[255,-121],[273,-31],[61,28],[-16,46],[-150,43],[79,140],[251,51],[398,-37],[248,75],[-161,126],[113,137],[449,33],[370,-55],[-11,58],[-238,101],[-156,133],[26,56],[299,59],[7,79],[-320,134],[255,101],[67,98],[201,-14],[179,-150],[32,-289],[128,-157],[76,-5],[132,121],[162,-31],[159,-135],[-38,-93],[-236,-115],[60,-68],[229,-20],[217,-131],[41,-206],[-361,25],[275,-300],[439,-93],[185,4],[162,-84],[222,-25],[115,137],[480,43],[-154,145],[94,108],[141,60],[349,62],[421,-27],[210,-229],[178,-85],[101,27],[-18,-188],[-306,-130],[-222,-7],[-52,-60],[-151,87],[-86,-5],[-23,-68],[126,-148],[-23,-44],[-174,-94],[-272,82],[-55,-11],[11,-46],[242,-145],[214,-239],[479,-337],[294,-109],[294,-295],[466,-80],[253,119],[87,148],[127,11],[246,-62],[-24,-199],[-165,-107],[62,-179],[303,-182],[282,-7],[583,-264],[266,-169],[277,-55],[56,-73],[-97,-85],[19,-77],[486,-316],[310,-107],[225,-148],[220,-536],[169,-138],[882,-179],[174,-96],[227,-249],[251,18],[-55,-84],[252,-182],[151,-352],[15,-185],[-73,-198],[-345,-102],[30,-298],[-92,-157],[732,-443],[46,-152],[-69,-128],[54,-69],[66,128],[222,45],[144,0],[325,-99],[433,7],[163,335],[-42,46],[-601,91],[-228,151],[-167,214],[-320,114],[-224,247],[21,69],[134,48],[0,94],[261,-105],[111,113],[102,10],[322,-189],[236,71],[201,-73],[433,-54],[500,-30],[123,75],[123,13],[343,-72],[288,98],[34,239],[188,51],[121,128],[251,5],[189,78],[668,14],[245,-163],[1155,-462],[33,-144],[110,-86],[-174,-97],[111,-190],[155,-63],[-52,-28],[140,-113],[-42,-88],[-229,-20],[6,-67],[-141,-101],[25,-85],[716,-441],[-256,-71],[-73,142],[-120,42],[-276,-351],[-305,57],[82,209],[210,158],[-256,285],[82,106],[-21,58],[-219,89],[-76,-42],[-10,-181],[-315,-93],[-69,57],[-158,-12],[-55,63],[12,152],[389,62],[25,69],[-272,160],[52,145],[-167,70],[-32,188],[-102,126],[-205,85],[-82,-5],[-3,-36],[249,-355],[13,-120],[-387,-67],[51,-253],[-318,-124],[-117,-179],[-163,10],[-135,163],[-197,-213],[-17,-199],[227,-149],[434,-176],[544,-70],[298,-282],[352,-136],[264,-24],[337,78],[99,-27],[177,-153],[-51,-145],[-153,-33],[156,-110],[703,-100],[494,-134],[124,-100],[313,-3],[387,-114],[142,173],[214,98],[986,818],[-13,292],[210,244],[245,169],[-47,420],[-104,105],[-186,77],[-20,87],[1010,337],[-879,731],[218,495],[432,225],[157,384],[475,328],[426,538],[2884,-1764],[1001,480],[670,1016],[-1382,823],[-827,2877],[929,176],[1381,1928],[1215,1002],[717,-387],[928,503],[27,690],[76,359],[1224,909],[132,973],[1531,-387],[374,-24],[59,79],[597,354],[251,97],[79,148],[183,72],[120,-7],[322,-178],[239,-51],[274,-8],[88,35],[315,-62],[35,43],[-133,316],[-310,177],[-101,164],[-80,46],[-156,-17],[-47,62],[-131,-13],[-61,150],[119,329],[-55,200],[-206,115],[-93,139],[-350,276],[-596,321],[-508,150],[-273,550],[-464,513],[-243,156],[-14,92],[-212,70],[-43,125],[-301,257],[-128,187],[-654,354],[-211,230],[-146,9],[-278,195],[110,266],[-43,83],[-270,-27],[-138,43],[-48,87],[-307,152],[-354,273],[-183,105],[-189,40],[-468,259],[-150,293],[-357,15],[-158,-38],[-61,30],[-55,251],[-62,33],[-179,-80],[-85,6],[-27,214],[-222,21],[-72,55],[76,172],[-200,-9],[-72,35],[-6,193],[-181,6],[-168,-127],[-259,3],[-48,36],[21,83],[261,114],[-176,159],[-20,135],[-120,3],[-140,-136],[-122,-19],[-102,146],[-112,32],[-196,25],[-302,-95],[-111,42],[-10,119],[-293,19],[-125,-85],[-22,-273],[-93,-53],[-196,125],[110,258],[-193,81],[88,142],[-31,99],[-142,-30],[-64,-123],[-183,-34],[42,-213],[-135,-8],[-217,104],[13,120],[327,101],[23,130],[-301,116],[-149,-107],[-89,18],[3,150],[-244,110],[120,224],[-237,-141],[-47,12],[-46,305],[-130,229],[99,142],[-24,53],[-145,47],[-232,-123],[-137,43],[10,87],[172,-40],[78,32],[-58,142],[49,132],[-67,140],[-171,86],[-153,-60],[-84,17],[56,135],[-223,56],[-56,55],[170,44],[13,43],[-162,48],[-120,376],[-373,351],[23,49],[144,-5],[58,102],[176,95],[-40,101],[-86,63],[-327,24],[-37,68],[68,187],[-79,78],[-139,-52],[-90,-134],[-177,17],[53,129],[-37,44],[-222,-112],[-97,23],[17,251],[-212,31],[-19,212],[-116,102],[46,127],[-142,-9],[81,65],[-109,43],[36,200],[-89,64],[41,65],[-84,28],[32,108],[-166,92],[-57,156],[114,39],[-136,42],[138,59],[-152,35],[-50,211],[126,80],[-46,30],[-153,-37],[18,52],[-246,174],[-54,213],[-135,102],[-93,-7],[-94,51],[-43,63],[-106,-13],[-114,60],[6,98],[-121,-8],[-353,428],[-63,1],[-11,-70],[-146,30],[-100,126],[-169,73],[-227,185],[-50,123],[-170,91],[-9,318],[-65,79],[-401,215],[48,44],[-27,243],[-101,361],[103,139],[57,522],[-98,147],[-299,186],[545,41],[303,318],[787,2276],[-1020,1679],[58,175],[-129,363],[-10,210],[174,543],[143,1457],[333,304],[310,150],[236,26],[102,-36],[45,-119],[73,7],[192,179],[114,195],[513,330],[1027,496],[1205,454],[1015,-56],[641,74],[738,-251],[198,155],[254,112],[400,96],[1587,188],[644,591],[261,158],[283,368],[-135,200],[-289,153],[-175,260],[-141,74],[64,155],[-182,307],[-401,41],[-167,86],[-142,153],[-34,176],[-336,177],[-164,195],[-234,167],[0,112],[207,179],[-14,120],[-500,451],[483,601],[92,69],[252,68],[66,118],[-30,224],[200,157],[198,107],[453,25],[220,128],[331,-7],[139,138],[-45,216],[116,241],[-62,637],[186,343],[-364,605],[-76,439],[111,494],[245,224],[306,94],[127,190],[16,113],[-119,214],[76,142],[1527,-207],[915,-21],[410,-186],[470,-63],[1369,147],[936,411],[177,166],[81,352],[-234,568],[241,167],[16,66],[-91,712],[321,702],[-81,108],[-740,302],[-6,62],[510,109],[432,334],[430,-70],[692,66],[247,51],[508,259],[217,237],[15,462],[20,71],[192,113],[-98,214],[109,91],[665,83],[420,-80],[102,20],[34,298],[1034,1555],[157,401],[681,-106],[516,172],[438,38],[266,129],[93,232],[229,152],[122,152],[146,68],[1535,165],[200,70],[89,98],[17,498],[176,387],[527,196],[385,40],[412,-115],[218,14],[112,232],[-153,229],[140,259],[207,145],[306,6],[168,158],[307,93],[142,229],[338,270],[25,134],[-421,140],[-25,154],[-300,322],[-89,321],[-214,199],[21,252],[-75,63],[-375,-12],[16,270],[-86,254],[-460,501],[-52,286],[-266,265],[-53,125],[59,97],[244,122],[84,201],[258,173],[149,709],[313,126],[338,285],[394,30],[152,52],[5,196],[332,150],[71,230],[440,309],[13,117],[-414,107],[-56,212],[-160,169],[-104,225],[-23,434],[290,293],[307,155],[384,76],[130,-124],[241,43],[206,-47],[-53,538],[190,45],[378,246],[10619,34],[-14,76],[96,132],[-5,182],[-153,66],[-198,328],[-156,14],[-215,167],[-170,22],[-120,119],[-258,33],[-112,132],[-155,-43],[-70,167],[124,219],[-260,59],[-105,242],[-150,82],[68,122],[155,87],[-152,127],[-180,61],[88,280],[-67,92],[69,126],[-263,98],[-36,109],[63,56],[198,18],[171,261],[352,192],[144,13],[163,-71],[430,121],[157,-113],[96,0],[98,203],[-268,189],[182,57],[20,46],[-113,59],[-143,2],[-101,133],[-245,80],[-192,-62],[-305,158],[-161,-11],[-31,147],[-213,27],[-39,146],[-244,151],[-181,32],[-14,158],[-78,104],[-507,343],[-418,380],[-46,135],[-108,66],[-35,164],[-84,69],[26,93],[-80,88],[112,168],[-64,105],[-48,437],[-135,9],[-197,-114],[-360,262],[4,164],[135,305],[255,64],[12,58],[-195,54],[-103,159],[236,150],[20,97],[-601,551],[-465,157],[-7,108],[156,74],[58,96],[-236,54],[-24,130],[-160,108],[-384,33],[-169,110],[-217,-99],[-288,2],[16,147],[-87,99],[-392,89],[-230,173],[-21,59],[72,91],[-59,56],[-440,-158],[-113,7],[-119,105],[-171,-140],[-123,202],[-239,-22],[-246,61],[-191,202],[-289,114],[252,113],[30,194],[-49,29],[-400,-22],[-140,90],[-19,195],[66,225],[-45,52],[-119,30],[-317,-95],[-174,23],[-494,326],[-170,166],[-92,149],[59,147],[-232,219],[-445,276],[-526,205],[-62,82],[135,299],[381,251],[120,603],[197,176],[344,55],[53,137],[-167,94],[-101,-18],[-140,-114],[-151,60],[-358,328],[-273,462],[-351,203],[-9,133],[212,389],[-45,124],[-244,250],[-62,193],[69,467],[144,102],[-41,274],[294,221],[117,249],[167,41],[189,173],[635,-143],[136,33],[214,173],[738,129],[495,611],[0,377],[240,617],[47,532],[233,255],[362,163],[585,82],[238,128],[126,177],[69,246],[244,249],[22,85],[-954,347],[-1019,183],[-401,177],[-259,54],[-144,164],[-23,236],[-196,16],[-267,116],[-165,1],[-410,-124],[-292,18],[-114,-39],[-123,-152],[-134,-14],[-108,31],[-66,97],[-698,134],[-701,211],[-79,52],[-12,96],[127,128],[109,241],[385,-330],[344,-22],[220,82],[61,206],[-44,87],[101,167],[-68,100],[16,208],[167,316],[215,77],[17,62],[-144,55],[-62,78],[-602,222],[-131,-17],[-115,78],[-223,16],[86,167],[-333,211],[-179,74],[-188,-34],[-101,111],[-226,14],[-33,68],[-233,57],[-143,106],[-498,-79],[-85,28],[-8,114],[-205,-107],[-225,77],[-414,-76],[-38,141],[-381,375],[-189,55],[112,59],[43,117],[-130,83],[27,96],[-103,97],[-94,238],[-144,71],[-89,-169],[-66,-13],[-162,223],[-548,205],[-149,319],[-438,128],[162,107],[32,109],[-44,177],[-77,70],[-210,24],[-159,112],[-524,160],[-88,85],[180,405],[-159,330],[58,36],[200,-38],[112,310],[-103,340],[31,111],[237,155],[567,71],[239,259],[76,193],[171,108],[249,98],[301,34],[210,126],[127,-11],[245,-128],[4,-55],[-225,-36],[-101,-74],[-2,-92],[284,-346],[156,-70],[112,14],[237,215],[122,11],[63,-146],[310,-230],[137,25],[193,147],[375,20],[142,114],[277,-3],[248,-80],[239,62],[325,2],[158,71],[68,122],[-299,502],[513,260],[-135,120],[-139,39],[-370,-25],[-194,116],[-342,299],[9,40],[194,84],[261,-58],[47,47],[-77,196],[39,56],[598,-2],[371,361],[241,6],[416,113],[286,-107],[197,14],[0,91],[-225,289],[84,91],[157,60],[192,-20],[240,-172],[448,69],[576,-77],[103,35],[35,83],[-443,583],[-33,131],[351,409],[48,364],[568,386],[26,551],[-310,249],[-9,131],[332,191],[127,127],[93,204],[-3,207],[211,149],[336,39],[-32,68],[-302,75],[-178,189],[-23,72],[125,277],[95,29],[103,-29],[76,-106],[33,-220],[139,-46],[98,45],[62,287],[87,82],[487,211],[299,20],[98,-18],[124,-115],[-188,-279],[182,-28],[378,698],[-141,93],[-372,-74],[-71,115],[303,230],[428,61],[-119,292],[160,85],[184,30],[42,65],[-356,239],[112,84],[236,5],[155,56],[-50,119],[-231,85],[-105,-13],[-149,-138],[-128,-12],[-111,99],[38,123],[94,83],[278,86],[207,184],[311,132],[-40,128],[-222,133],[37,59],[127,13],[276,-125],[91,3],[50,59],[-89,229],[23,185],[-273,253],[-20,85],[148,34],[210,-109],[13,-223],[111,-66],[144,16],[156,98],[-214,192],[-13,184],[-197,251],[-346,84],[-13,610],[62,92],[136,-8],[-37,-318],[223,-234],[184,-59],[121,35],[66,164],[-310,287],[-13,142],[136,100],[272,92],[185,-104],[69,-179],[141,-1],[68,82],[-9,62],[-245,123],[-61,93],[160,200],[30,136],[-129,73],[-243,37],[-22,105],[85,188],[-218,192],[274,147],[62,168],[342,-32],[302,199],[-18,75],[-133,38],[-394,-106],[-194,142],[-5,119],[124,75],[494,-42],[185,318],[-66,482],[-114,29],[-135,-144],[-68,9],[-177,165],[226,162],[189,-16],[120,-85],[137,37],[-125,290],[-280,153],[-13,75],[340,93],[293,-100],[105,14],[61,166],[-173,142],[12,84],[104,43],[303,-18],[74,59],[37,150],[395,59],[-8,122],[-181,48],[-233,-19],[-96,66],[0,76],[98,58],[420,-58],[86,33],[56,137],[-143,81],[-281,12],[-237,197],[-176,-12],[-95,20],[-15,49],[76,202],[210,92],[172,167],[112,42],[234,0],[62,93],[-321,167],[-470,-95],[-63,54],[5,99],[96,117],[447,109],[169,359],[110,23],[302,-106],[138,14],[29,298],[238,119],[6,79],[-175,183],[64,154],[-46,98],[-111,50],[-333,-17],[-115,134],[22,118],[152,113],[133,4],[334,-103],[175,57],[91,129],[-21,98],[-230,167],[-65,138],[136,110],[341,16],[20,97],[-259,138],[-141,143],[-176,334],[82,59],[182,14],[444,-220],[135,49],[174,188],[-89,46],[-724,86],[-52,87],[69,80],[424,97],[65,53],[-81,105],[-325,-7],[-92,49],[-23,150],[251,312],[663,84],[209,110],[-206,201],[-69,265],[-101,87],[-131,43],[-368,-21],[-91,63],[19,111],[191,193],[84,401],[-110,36],[-186,-28],[-234,-227],[-175,60],[-19,100],[130,289],[-47,200],[42,97],[85,50],[135,-15],[195,-237],[116,-40],[193,112],[0,226],[-229,434],[-365,254],[-45,298],[-91,64],[-333,40],[-168,292],[-340,220],[66,100],[152,19],[243,-72],[265,-192],[142,29],[11,107],[-200,242],[196,188],[338,95],[-3,106],[-211,35],[-252,-99],[-134,-5],[-513,175],[46,44],[210,35],[112,93],[-35,314],[209,257],[139,91],[333,43],[-6,79],[-287,25],[-237,155],[-82,-13],[-158,-139],[-102,4],[-66,54],[-2,111],[290,513],[-114,170],[-247,31],[-108,-39],[-70,-116],[17,-159],[-77,-43],[-206,52],[-124,176],[63,102],[245,91],[96,84],[174,422],[373,224],[-3,46],[-105,43],[-466,-28],[-100,137],[111,141],[157,101],[196,28],[132,-52],[201,-192],[303,13],[105,91],[-28,79],[-96,40],[-361,-32],[-79,39],[24,165],[232,140],[264,531],[-60,142],[-246,170],[-126,236],[-221,115],[-82,111],[40,78],[615,330],[-54,235],[364,69],[22,230],[192,240],[-121,101],[-319,3],[-109,54],[-173,386],[25,134],[165,101],[231,-91],[387,-68],[166,-9],[68,37],[-28,86],[-272,141],[-41,95],[4,91],[73,63],[250,70],[-3,161],[-105,141],[-289,59],[-364,-180],[-112,-13],[-342,118],[-86,102],[63,91],[474,100],[144,332],[389,202],[-25,131],[-110,86],[-230,29],[-998,-321],[-280,163],[-75,118],[138,129],[322,16],[120,23],[27,139],[-361,234]],[[894467,176958],[111,82],[114,-98],[-126,-121],[153,-144],[-156,-165],[137,-35],[15,-137],[265,33],[22,-80],[139,60],[43,-45],[106,0],[120,-192],[109,-50],[-42,-155],[196,-297],[-148,-192],[88,-311],[-88,-243],[122,-269],[558,-397],[140,-199],[176,-37],[77,-118],[430,-231],[157,-176],[105,42],[40,279],[-41,97],[292,254],[27,271],[-84,131],[126,182],[249,45],[261,-84],[124,31],[444,-44],[247,122],[13,47],[140,27],[110,-89],[-112,-7],[-140,-184],[192,-196],[190,-32],[112,-116],[-102,-352],[357,-327],[150,-68],[148,-175],[48,-342],[332,-81],[12,-132],[161,-144],[-30,-125],[167,-182],[990,-428],[395,34],[274,-44],[183,-103],[-31,-61],[-409,92],[-219,-58],[102,-83],[-9,-92],[-262,-109],[-65,-273],[-322,-84],[-85,14],[-589,376],[-357,-39],[-181,-62],[-272,-129],[-193,-163],[-40,214],[-93,-168],[-52,24],[60,331],[-25,61],[-55,-1],[-70,-118],[8,-307],[-223,-81],[81,-150],[-233,-46],[-291,327],[-29,225],[137,195],[-254,257],[-368,222],[-233,235],[-53,170],[-79,28],[-99,-57],[34,-238],[459,-337],[-182,-49],[-48,-86],[-334,-196],[-652,393],[-29,281],[-615,173],[-71,-42],[12,-52],[416,-243],[-58,-164],[198,-42],[321,-223],[-18,-42],[-224,92],[174,-253],[179,-70],[136,78],[192,-88],[108,-170],[239,-167],[-49,-38],[-277,-15],[-476,163],[-144,97],[-582,86],[-113,97],[162,48],[-90,216],[-90,29],[-419,-25],[-179,143],[-193,-49],[-151,-113],[-570,93],[-153,-50],[-182,147],[-151,-143],[-290,95],[-82,109],[-169,89],[-271,23],[-384,148],[-581,112],[-373,-26],[-696,118],[-463,-81],[-430,156],[-951,-23],[-578,120],[-101,-39],[30,-58],[-102,-31],[-534,79],[-184,75],[-692,138],[-731,324],[-190,34],[-835,340],[-497,141],[-157,169],[-396,60],[-190,85],[-45,129],[52,451],[-107,90],[41,64],[-122,108],[28,168],[97,106],[401,-37],[394,229],[717,-196],[410,55],[103,208],[180,123],[109,168],[361,52],[791,579],[495,264],[340,109],[81,-8],[100,-122],[80,-1],[57,80],[182,-35],[57,92],[-106,136],[289,220],[651,77],[86,-20],[83,-97],[213,8],[195,-61],[268,-264],[30,-138],[-83,-124],[-283,-2],[-52,-183],[312,-127],[192,-159],[262,-456],[-13,-108],[205,-142],[89,-540],[-27,-174],[483,-71],[58,38],[-77,273],[-372,275],[-91,173],[122,55],[80,-39],[309,46],[270,-24],[-2,-44],[-304,-137],[-54,-98],[729,-147],[278,-391],[203,-48],[260,-176],[946,-254],[-92,436],[-145,188],[26,395],[-202,254],[5,163],[-136,107],[138,179],[49,302],[394,192],[-150,168],[176,280],[-294,73],[-72,181],[40,103],[226,125],[58,23]],[[877822,144416],[-14,188],[54,132],[90,45],[237,-38],[275,-171],[-415,-364],[-127,-245],[174,-172],[466,-149],[156,-261],[176,-62],[311,32],[180,181],[362,97],[506,39],[178,202],[139,71],[788,22],[340,47],[130,79],[26,-131],[-102,-128],[150,-129],[-58,-81],[-160,-26],[-20,-43],[-131,0],[-6,183],[-68,34],[-553,29],[-143,-88],[267,-212],[487,-63],[237,-265],[282,-59],[-98,-222],[-276,10],[-78,-39],[81,-114],[231,-145],[502,-71],[139,-261],[-69,-197],[-421,-116],[-1083,-85],[-575,36],[-192,-29],[-209,-81],[-523,-346],[-324,-110],[-266,-299],[-746,-196],[-374,12],[-81,145],[-251,150],[-64,304],[26,25],[166,-39],[182,78],[213,-73],[55,38],[-182,143],[-290,32],[4,165],[-145,-30],[-48,39],[-48,305],[79,124],[-122,153],[-36,169],[76,419],[-86,194],[51,229],[-102,115],[348,194],[-3,139],[-152,41],[-10,57],[202,171],[-23,64],[200,44],[89,94],[139,39],[-104,29],[-16,2]],[[987224,109377],[0,1540],[-4228,2311],[-1332,644],[-2659,1768],[1,-9307],[8218,3044]],[[977402,115610],[-347,129],[-179,231],[-331,67],[-293,-24],[234,-308],[-59,-101],[-88,133],[-25,-34],[105,-270],[167,-140],[22,-120],[303,-163],[152,-37],[119,67],[48,157],[-117,87],[26,97],[121,16],[240,-87],[77,30],[20,113],[-152,132],[-43,25]],[[917792,134256],[-214,143],[-256,-202],[-359,-158],[18,-102],[121,-85],[-69,113],[117,125],[330,129],[-69,-276],[-221,-117],[104,-70],[49,-319],[-233,-111],[-59,-99],[-329,-71],[-159,-91],[-70,-117],[422,-162],[57,79],[201,55],[-44,102],[42,83],[347,160],[798,123],[319,-84],[-161,-137],[189,90],[372,-18],[938,-224],[-339,189],[-169,154],[-198,39],[-243,121],[-537,335],[-523,252],[-142,124],[-30,27]],[[907264,134136],[204,64],[154,132],[35,136],[-2,104],[-130,153],[29,141],[-88,158],[-57,-145],[-232,-50],[-167,-102],[-195,-165],[-22,-78],[49,-156],[-38,-69],[85,-116],[340,-25],[35,18]],[[918581,141932],[-120,107],[-200,31],[-146,-131],[-191,-33],[-96,-65],[-150,7],[-36,-47],[66,-152],[234,-241],[122,-340],[89,-50],[75,-202],[70,-85],[122,-39],[277,-514],[-19,-171],[73,-278],[-88,-174],[67,-151],[261,121],[-80,57],[49,117],[107,-12],[211,127],[-182,173],[90,45],[78,170],[-142,131],[-22,91],[136,172],[-89,103],[56,56],[-57,113],[66,212],[-266,357],[-148,328],[-189,131],[-28,36]],[[916828,147530],[-164,44],[-560,-119],[-388,-287],[-257,-81],[-120,-213],[-148,-90],[138,-151],[-13,-161],[114,-96],[1,-125],[278,-280],[278,-139],[178,-24],[1008,248],[85,52],[99,204],[-44,128],[206,180],[216,13],[177,162],[22,128],[-76,30],[-135,220],[-175,18],[24,67],[-56,36],[-386,4],[-265,222],[-37,10]],[[294297,674218],[256,-134],[79,-135]],[[298732,671210],[387,-230],[219,19]],[[303692,674410],[135,51],[218,10]],[[304045,674471],[90,-49],[81,-92]],[[327976,659977],[309,-121],[494,-111],[415,-275]],[[330979,657945],[24,-128],[-61,-613]],[[290976,640549],[-287,-76],[-139,-144]],[[288408,638129],[-275,-332],[-304,-149],[-684,-179]],[[286959,637478],[-173,-71],[-692,89],[-735,348]],[[283608,639071],[-455,86],[-105,-54],[123,-300]],[[282796,638419],[-167,-283],[-60,-209]],[[282615,634680],[-176,-949],[103,-328]],[[284545,625539],[353,-84],[147,-205]],[[285045,625250],[614,-385],[-559,-396]],[[281578,621789],[265,-290]],[[282625,618784],[27,-77],[388,-304]],[[283010,618045],[128,-212],[570,-642]],[[284078,616945],[231,-319],[661,-375]],[[285135,614049],[79,-125],[1259,-645]],[[299882,592283],[169,-22],[182,-88],[91,-244]],[[309441,565793],[-111,-157],[89,-291]],[[311062,562387],[-43,-132],[185,-115],[554,-155]],[[311758,561985],[244,-274],[276,32],[816,359]],[[346335,557776],[461,-22],[242,-121],[238,-236]],[[347276,557397],[315,-150],[273,-428]],[[348444,556439],[213,-222],[129,-332],[-383,-523]],[[347904,554523],[-429,-554]],[[338424,543122],[-688,66],[-760,147]],[[336303,543586],[-188,0],[-178,-49]],[[335937,543537],[-115,-88],[-148,-301]],[[381250,534123],[15,-321],[352,19],[705,151]],[[383564,534131],[34,59],[11,51]],[[384141,535478],[288,615],[-164,345]],[[419851,548481],[138,73],[458,28],[164,-30]],[[420803,547811],[314,-136]],[[421117,547675],[463,-24],[138,7]],[[426342,548751],[244,128],[126,167],[-45,157],[43,133],[248,193]],[[426958,549529],[148,318],[-134,454]],[[448369,629891],[184,21],[42,-318]],[[449056,628664],[248,-261],[251,-1]],[[450281,628626],[241,-104],[565,116],[879,305]],[[451966,628943],[318,55],[197,119]],[[453920,629753],[212,338],[-178,130],[-21,70],[837,297]],[[454770,630588],[136,97],[1404,107]],[[456944,631102],[378,-5],[359,55],[223,141]],[[457904,631293],[318,14],[558,205]],[[458780,631512],[449,429]],[[459235,632200],[52,63],[312,172]],[[456404,656177],[646,684],[504,362],[1101,573]],[[387065,675092],[-390,-590]],[[386675,674502],[-491,-288],[-646,-138]],[[384282,674051],[-903,-81],[-197,-29]],[[382613,673731],[-918,-48]],[[375928,674374],[-198,-8],[-223,-43]],[[373215,673633],[-686,-113],[-139,103]],[[362607,674213],[-1253,47],[-417,142]],[[360822,674547],[-11,376],[275,485]],[[288071,706732],[-845,-196],[-173,-10]],[[286546,706620],[-50,-59],[-1271,-233]],[[285225,706328],[-322,24],[-516,70]],[[872862,86186],[-349,122],[-238,-51],[-730,-312]],[[863805,84174],[-174,-169],[-513,-226],[-1061,-136]],[[808317,33929],[-12,-273],[-61,-65]],[[807095,33610],[-285,-221],[-150,-304]],[[805190,30147],[20,-245],[-303,-288]],[[803788,28912],[581,-238],[429,-245],[417,-122],[1254,-592],[66,-74],[-51,-129],[81,-111],[32,-206],[199,-160],[202,-59],[53,-236],[154,-31],[-123,-186],[111,-162],[161,57],[105,-104],[590,-74],[14,-39],[217,19],[228,-53],[184,28],[162,-76],[108,16],[86,-59],[117,41],[419,-20],[65,-110],[281,14],[228,75],[199,-234],[299,-143],[311,-33],[128,43],[82,-64],[103,-5],[303,135],[222,-56],[134,-97],[137,-3],[60,-97],[146,75],[178,-148],[163,26],[164,152],[301,-33],[482,212],[249,16],[101,72],[147,-8],[2679,-1086],[838,-450],[385,-308],[244,-30],[190,59],[532,-92],[338,-109],[154,-96],[203,-250],[-35,-277],[276,-101],[11,-122],[180,14],[36,89],[187,90],[176,9],[223,-59],[125,-115],[-112,-245],[139,-246],[377,-42],[275,72],[361,-155],[93,-83],[21,-169],[-132,-251],[-180,-86],[73,-106],[81,-9],[58,50],[95,-36],[89,-147],[121,-83],[80,8],[29,-103],[60,59],[166,-61],[65,-108],[120,-20],[28,-161],[95,-41],[56,62],[79,-26],[87,31],[155,-149],[15,-93],[248,-74],[-2,-158],[64,-42],[-78,-119],[72,-71],[14,-129],[-62,-52],[71,-14],[36,-171],[352,-264],[-37,-75],[88,-41],[82,-178],[-292,-392],[-234,-157],[145,-175],[-22,-146],[115,-5],[2,91],[79,57],[5,-107],[419,-227],[66,-119],[51,50],[51,-64],[139,33],[87,-38],[47,49],[97,-111],[83,58],[129,-247],[108,40],[221,-35],[135,54],[73,-120],[359,-128],[293,-202],[476,38],[171,-107],[154,-13],[151,-82],[-19,-101],[67,-27],[71,23],[307,-96],[209,64],[474,-129],[438,9],[822,-311],[234,-266],[-184,-164],[67,-103],[113,-33],[434,25],[176,-41],[35,-60],[169,5],[41,-53],[259,-80],[100,-107],[454,-130],[71,-82],[163,-18],[250,-167],[120,-14],[159,-91],[168,-283],[312,-71],[86,-107],[346,-107],[151,-111],[175,4],[54,-93],[194,60],[10,-79],[79,-15],[-3,-100],[282,-167],[96,-11],[27,-99],[196,-67],[-36,-147],[-71,-1],[-21,-58],[99,-22],[179,36],[119,-140],[132,36],[175,-103],[-14,-49],[129,-59],[41,-92],[62,-8],[26,76],[176,-71],[728,-476],[110,-213],[-125,-136],[115,-83],[6,-71],[62,28],[61,-46],[-192,-45],[316,13],[-14,-35],[91,10],[212,-119],[47,22],[93,-99],[228,-66],[14,-59],[108,-30],[1,-95],[241,-70],[255,-190],[-45,-58],[113,-139],[-71,-3],[125,-73],[-56,-73],[203,34],[40,-97],[291,-57],[25,-96],[191,-42],[20,-121],[99,-16],[35,-66],[17,28],[154,-51],[105,-100],[-1,-99],[137,23],[319,-139],[390,-331],[254,-95],[12,-67],[167,0],[68,-71],[291,-65],[684,-289],[385,-105],[192,-110],[188,-25],[454,-171],[165,-88],[70,-118],[207,31],[172,-50],[995,-399],[1476,-496],[391,-191],[533,-153],[1505,-653],[2884,-1106],[473,-243],[910,-332],[1489,-688],[595,-190],[3214,-1454],[355,-220],[3155,-1487],[1351,-710],[1518,-945],[464,537],[1337,814],[669,295],[809,285],[1396,320],[2418,87],[2986,-275],[4085,-494],[3749,209],[4696,1531],[3109,1176],[5560,-80],[1553,403],[4718,3330],[3663,1996],[3253,2778],[4857,7038],[342,2275],[-2331,1954],[-1209,2113],[-289,393],[-331,4252],[-11,1205],[-917,499],[-790,512],[-77,1015],[-188,1137],[303,986],[1989,2190],[3445,-188],[6856,-557],[3740,2020],[5258,2611],[6553,3873],[77,7133],[-4131,2110],[-4381,2311],[-2271,313],[-969,23],[-2231,-59],[-99,46]],[[910708,60565],[-52,153],[-455,205],[-645,179]],[[906631,60510],[-465,16],[-286,-86]],[[905880,60440],[-362,-4],[-237,118],[-463,479],[-132,-1],[-119,55]],[[901239,62018],[-541,265],[-502,24]],[[900196,62307],[-552,358],[-1120,177]],[[897478,63362],[-483,220],[-52,147]],[[895974,64573],[-125,141],[-343,-64],[-230,-110]],[[892795,66037],[-157,0],[-316,277]],[[886100,73835],[-209,268],[4,174]],[[885895,74277],[276,153],[-11,114],[-452,307]],[[885315,75021],[-710,173],[-271,153]],[[879648,78169],[-180,-233],[88,-215]],[[879556,77721],[-65,-131],[-115,-112]],[[879376,77478],[-887,-486],[-296,-109]],[[874178,76368],[-208,170],[-356,508]],[[873332,78598],[-116,435],[24,88]],[[875674,81545],[405,85]],[[873100,85498],[-308,207],[-102,105]],[[23613,777930],[432,-96],[325,-320]],[[24370,777514],[531,-80],[579,147]],[[28196,774457],[254,-207],[550,-91],[208,4]],[[63226,777058],[30,150],[-57,185],[163,331],[178,225]],[[63785,778075],[183,240],[277,14]],[[64245,778329],[198,221],[461,163],[414,-32]],[[66261,779044],[100,176],[158,80],[693,-98],[177,129],[170,325],[-307,367],[-5,72],[179,224],[-20,101],[-262,78],[-221,181],[163,182],[541,192],[78,94],[45,340],[117,275],[881,25],[444,194],[-49,435],[-329,178],[-25,133],[121,64],[524,-46],[216,64],[-21,103],[-192,215],[529,228],[-307,187],[-130,241],[138,104],[425,80],[218,129],[529,153],[158,-32],[122,-292],[170,-57],[154,202],[187,107],[514,-28],[271,66],[307,142],[340,268],[298,128],[135,-200],[368,-178],[223,-50],[592,15],[353,-99],[102,24],[352,261],[454,142],[474,-204],[317,-373],[222,-130],[687,-37],[217,130],[209,49],[455,-373],[341,-109],[56,-328],[328,-227],[706,-45],[119,28],[456,-64],[436,-196],[304,-56],[264,64],[201,144],[281,115],[388,-57],[335,181],[570,53],[241,130],[197,218],[343,124],[224,331],[237,169],[-5,171],[181,404],[175,74],[119,1],[109,187],[140,105],[-17,96],[82,87],[371,50],[138,211],[310,120],[-15,78],[-292,23],[-29,208],[145,136],[209,40],[23,193],[92,100],[198,-30],[130,-232],[107,-65],[148,9],[397,141],[239,-11],[117,-96],[-94,-147],[154,-34],[425,307],[308,-1],[603,229],[472,327],[484,238],[224,277],[-83,151],[196,96],[324,114],[612,-24],[549,173],[229,121],[163,309],[146,77],[612,-52],[477,12],[334,73],[46,261],[437,209],[-1,186],[535,298],[-184,193],[43,108],[116,79],[-462,-108],[-397,248],[-187,31],[-96,65],[-120,-11],[-376,185],[-508,402],[-327,187],[-36,83],[116,78],[-10,68],[108,119],[-3,46],[-175,83],[54,127],[93,50],[114,-29],[106,56],[14,97],[180,41],[-137,109],[-34,139],[79,59],[-28,60],[-177,155],[-302,126],[-52,69],[90,328],[-235,213],[-125,225],[216,213],[-11,172],[-93,90],[16,236],[86,152],[-29,74],[116,104],[-222,255],[133,84],[-277,136],[-166,26],[-33,91],[-389,356],[-112,18],[-132,-100],[-124,0],[-262,294],[-199,122],[-32,273],[-210,149],[-18,115],[-363,32],[-155,-72],[-75,71],[21,197],[310,444],[-235,208],[-58,264],[223,19],[41,62],[-241,236],[65,59],[267,-9],[327,-225],[39,150],[-417,254],[-6,57],[62,69],[210,-2],[134,97],[224,-50],[-27,144],[-249,166],[-53,111],[257,-118],[95,28],[-183,268],[178,135],[-167,73],[-19,122],[-263,243],[72,241],[-145,114],[-235,26],[-298,261],[-110,282],[41,146],[-209,287],[-127,302],[68,172],[457,432],[-55,234],[45,83],[306,16],[69,44],[59,206],[-49,220],[137,252],[-97,137],[132,507],[-92,210],[27,154],[-101,156],[50,467],[-377,209],[-366,-24],[-41,173],[40,163],[-87,102],[35,57],[247,83],[164,160],[91,223],[-54,152],[138,126],[-3,128],[90,126],[-484,121],[-302,195],[-531,-27],[-493,49],[-156,161],[-60,295],[-161,143],[-84,254],[-132,146],[41,51],[374,53],[97,71],[-21,110],[-95,66],[225,326],[157,396],[68,51],[179,-8],[52,69],[-255,208],[-10,94],[78,113],[-78,198],[-94,51],[-99,-47],[92,239],[116,-62],[76,13],[76,205],[-104,40],[33,57],[-62,65],[-82,-65],[-132,46],[93,116],[-60,101],[-276,45],[-120,71],[138,165],[237,140],[-33,54],[-229,51],[-35,243],[-198,70],[83,148],[-11,169],[104,65],[15,76],[-110,182],[-187,42],[-159,-34],[-63,-61],[-112,30],[-65,-73],[-103,84],[-121,-80],[-159,4],[-124,331],[-67,121],[-115,64],[-43,164],[-105,-2],[-84,115],[-114,48],[-211,-130],[-73,30],[0,97],[-165,-2],[-52,44],[-137,-114],[-52,98],[136,97],[82,190],[-151,93],[396,90],[-48,201],[72,44],[-13,103],[-132,5],[-114,214],[190,168],[-32,135],[240,185],[248,71],[197,241],[255,40],[139,113],[449,210],[-27,424],[-101,141],[-612,348],[-748,236],[-495,319],[-850,299],[-279,30],[-780,-129],[-296,1],[-560,111],[-246,-3],[-91,11],[-563,216],[-318,262],[-556,313],[-896,816],[-291,85],[-7,-106],[248,-228],[-16,-567],[53,-128],[167,-113],[-27,-99],[-450,-890],[-527,-711],[-81,-325],[-397,-309],[-143,-239],[-230,-114],[-61,-227],[-38,-25],[-8,107],[-145,-17],[270,250],[198,94],[86,163],[447,374],[46,132],[-134,-69],[-1300,-1192],[-492,-382],[-1674,-1055],[-483,-201],[-749,-2],[-554,-119],[2,-55],[226,86],[532,61],[184,-49],[-228,-80],[27,-51],[267,93],[54,-1],[-115,-82],[143,14],[87,-46],[-27,69],[123,51],[46,-17],[-48,-66],[134,45],[-167,-135],[-618,-220],[-733,-195],[-159,-115],[-323,-90],[-461,6],[-53,-71],[101,-24],[-829,-142],[-130,-111],[-125,-32],[15,142],[-302,-24],[105,67],[-70,59],[60,47],[-37,56],[197,69],[-131,54],[292,25],[-10,128],[169,-48],[238,24],[55,87],[-180,210],[-279,39],[-919,-161],[-107,95],[123,98],[200,108],[262,48],[-42,64],[-351,2],[108,46],[-120,-14],[-132,-128],[-210,-67],[-519,-41],[413,114],[55,-30],[197,27],[235,190],[283,53],[53,-32],[64,72],[308,6],[3,43],[50,-39],[52,34],[16,-50],[244,73],[214,-50],[73,40],[203,-36],[408,29],[89,-46],[50,55],[240,-123],[149,64],[-77,70],[-497,57],[-1060,-26],[-771,-119],[-2186,-662],[-357,-205],[-15,-118],[-158,106],[396,204],[-946,-272],[-771,88],[309,-88],[480,-26],[-408,-42],[-726,127],[-228,139],[362,-71],[-629,206],[-86,-97],[-135,-54],[20,-104],[-66,7],[-24,60],[97,140],[153,82],[886,-149],[-168,78],[-682,99],[-22,62],[-113,-15],[-234,-344],[-279,-14],[27,149],[105,86],[-60,11],[-565,-534],[-902,-1153],[-443,-745],[-809,-1077],[-350,-595],[-649,-841],[-1099,-1136],[-1317,-1096],[-611,-306],[-541,58],[-446,-120],[-381,79],[-196,-16],[-443,-234],[-874,-827],[-520,-362],[-816,-244],[-545,24],[-403,-119],[-621,92],[-587,-413],[-291,-128],[-654,-126],[-359,19],[-295,-66],[-1374,-748],[-1963,-942],[-391,-68],[-306,46],[-984,-350],[-451,-31],[-1060,-743],[-134,-208],[-239,-220],[-631,-264],[-254,-34],[-415,-230],[-210,-335],[-293,-261],[-328,-580],[-649,-872],[-632,-1012],[-184,-560],[-656,-802],[-239,-384],[-263,-944],[-8,-180],[128,-353],[-18,-220],[-230,-403],[-404,-235],[-641,-256],[-713,-517],[-386,-115],[-1071,-200],[-439,-302],[-257,-89],[-385,-349],[-375,-123],[-337,-184],[-865,-335],[-759,-390],[-1309,-534],[-365,-135],[-247,0],[-903,-533],[-390,-135],[-313,-34],[-140,-79],[-282,-506],[-397,-455],[-325,-195],[-367,-50],[-413,-198],[-189,-397],[-1608,-2519],[-371,-398],[-630,-471],[-775,-868],[-774,-711]],[[540278,604944],[-731,247],[-591,90]],[[427497,528223],[-119,-15],[-471,-498],[-525,-388]],[[426382,527322],[-164,-182],[-524,45]],[[424731,526481],[-280,-692]],[[460286,490047],[461,239],[294,307]],[[476685,495439],[532,110],[198,235]],[[511314,528635],[-26,484],[3914,1628]],[[529380,535279],[1334,18],[880,-18]],[[531594,535279],[534,-129],[427,-148]],[[532555,535002],[693,-425],[934,-628]],[[536674,524325],[-98,-310],[-394,-833]],[[527698,503545],[-145,-653],[111,-977]],[[531799,494495],[0,-57],[-181,-358]],[[524672,486298],[338,-225]],[[567247,422778],[-113,-236],[-12,-655],[29,-132]],[[567291,419567],[150,-135],[-13,-73]],[[567428,419359],[-56,-11],[-189,52]],[[533155,406050],[170,3]],[[547334,398953],[1346,-626],[710,99]],[[584707,393605],[465,-383],[891,-309]],[[586063,392913],[176,-121],[212,-216],[167,-337],[130,-84],[695,13],[283,60]],[[589556,392347],[184,102],[-369,303]],[[588928,400958],[-50,423],[169,842]],[[589047,402223],[-57,355],[77,242],[251,136]],[[590088,404108],[182,344],[670,340]],[[591355,405076],[306,332],[369,294],[15,117],[-202,210],[-56,231]],[[592599,407208],[272,260],[-136,338]],[[592509,408996],[125,212],[-70,385]],[[592190,409915],[-41,456],[48,85]],[[592197,410456],[376,239],[-4,111],[-165,149]],[[592965,412036],[-190,311],[159,69],[383,37],[392,101]],[[593709,412554],[861,-31],[357,138]],[[595431,413462],[172,270],[-172,271]],[[611919,409244],[273,-115],[453,26],[165,-124],[-62,-382]],[[612332,406117],[13,-529],[142,-608],[-578,-751]],[[619152,383381],[-455,-765],[85,-324]],[[618782,382292],[189,-181],[207,-21]],[[623895,380453],[381,-159],[166,-13],[188,77]],[[628248,382851],[352,-4],[564,324],[394,513]],[[629558,383684],[-58,293],[58,199],[141,126]],[[641906,385469],[305,309],[206,29],[282,-41]],[[659154,387664],[344,-41]],[[659498,387623],[89,-320]],[[659487,386996],[51,-115],[192,-120]],[[661857,384725],[283,103],[118,-24],[79,-168],[-19,-235],[-359,-200]],[[660655,384286],[-253,20],[-199,-44],[-97,-120]],[[660106,384142],[67,-160],[163,-58]],[[660798,383924],[82,-232],[-128,-210]],[[660752,383482],[-462,61],[-512,-117],[-6,-115]],[[659772,383311],[260,-177],[206,7],[565,223]],[[663224,383363],[33,-174],[-232,-222]],[[662241,382645],[-76,-236],[142,-123]],[[662307,382286],[291,-40],[471,-218]],[[662817,382402],[53,111],[215,143],[244,-2],[421,-135]],[[670716,380232],[281,-88],[142,20],[84,94]],[[671178,380338],[-240,131],[12,190],[135,123]],[[679232,382290],[325,158],[142,3],[261,-120]],[[700486,380990],[-76,144],[69,42],[129,-119]],[[710312,383715],[69,-32],[300,177]],[[710681,383860],[210,21],[157,-33],[90,86],[-272,32]],[[711519,384551],[104,104],[179,-26],[132,-128]],[[715598,383398],[180,8],[206,-24],[292,-174]],[[716276,383208],[-110,-415],[182,-205]],[[726237,394671],[175,299],[-67,527]],[[721887,399198],[89,92],[161,362]],[[722137,399652],[-70,411],[-257,350],[-526,524]],[[722208,401664],[479,-322],[218,-91]],[[723414,401131],[312,120]],[[779109,403709],[210,-51],[493,14]],[[786599,404065],[261,96],[152,103]],[[845255,462941],[25,399],[-402,291],[-292,428],[20,134],[253,267],[-205,320],[172,247],[-62,398],[-265,402],[219,154],[302,65],[206,381],[109,62],[40,165],[325,233],[533,64],[647,-165],[182,0],[143,226],[-19,144],[297,153],[-83,420],[156,115],[102,5],[52,94],[278,113],[110,106],[210,-46],[74,-105],[202,-76],[95,-116],[442,-112],[192,-156],[216,-27],[419,149],[351,328],[311,106],[52,222],[681,485],[20,253],[-232,274],[-13,316],[533,275],[-110,98],[134,286],[-213,211],[129,107],[107,3],[-29,100],[199,73],[75,97],[-24,61],[122,38],[-52,81],[108,14],[-30,164],[-159,93],[-9,90],[154,22],[-49,62],[88,37],[50,-63],[100,86],[-113,85],[-84,-7],[-55,68],[-207,-43],[30,53],[-124,100],[71,57],[-32,104],[-50,41],[-130,-2],[22,272],[-121,53],[9,71],[-113,68],[60,78],[-89,71],[-78,-15],[75,118],[-150,113],[-44,166],[-168,194],[103,14],[-107,78],[-72,176],[-131,-12],[-129,102],[-164,-61],[-251,365],[-4,159],[-146,89],[-169,-14],[-179,60],[-145,-59],[-68,94],[-100,-6],[-132,-132],[-105,85],[-176,14],[-15,130],[-207,69],[-95,177],[-118,38],[42,73],[-208,95],[99,87],[-166,36],[91,115],[-73,43],[35,117],[-67,26],[-142,-55],[-30,85],[-155,118],[-15,174],[-148,8],[-92,103],[-161,12],[30,144],[80,37],[-343,258],[46,153],[-149,48],[-6,122],[-142,16],[49,103],[-72,44],[50,82],[-197,-25],[69,144],[-58,134],[80,107],[-322,167],[-4,117],[-111,32],[36,104],[-104,27],[213,183],[158,-39],[-26,100],[133,1],[173,76],[153,187],[56,152],[-52,81],[227,204],[-76,173],[-339,-11],[-69,50],[211,77],[135,-13],[32,199],[-50,64],[114,266],[-162,193],[-330,115],[-205,164],[-413,155],[-55,60],[19,142],[109,297],[215,211],[333,139],[218,-17],[249,-133],[93,-193],[-57,-209],[-253,-312],[19,-124],[70,-33],[317,-29],[397,210],[167,11],[211,-66],[292,-295],[313,-155],[535,-93],[311,164],[138,244],[-215,363],[-362,160],[-432,24],[-215,166],[55,322],[316,326],[30,97],[-180,178],[-358,148],[16,100],[150,82],[362,40],[457,-379],[230,-85],[512,-1],[536,82],[268,207],[-18,218],[-145,92],[-436,56],[-82,114],[27,377],[212,225],[291,49],[427,-184],[336,57],[94,153],[-27,163],[-140,206],[31,132],[275,81],[306,-209],[176,23],[147,84],[140,193],[113,302],[247,112],[136,-25],[91,-76],[-47,-238],[27,-162],[109,-150],[97,-67],[121,-1],[98,75],[144,445],[-909,794],[-465,294],[-76,177],[-36,397],[-173,263],[28,101],[76,30],[309,36],[240,-25],[97,-100],[-22,-244],[155,-90],[506,64],[199,111],[-119,269],[-254,214],[-172,270],[10,99],[185,75],[544,50],[301,108],[207,142],[115,436],[-35,153],[-73,54],[-15,197],[-92,39],[-175,-127],[-260,-41],[-66,36],[-35,179],[-236,-152],[31,164],[-310,-54],[-375,-207],[-148,10],[-349,-108],[-20,-52],[156,-107],[-19,-58],[-394,-95],[-78,-127],[-193,118],[-16,64],[285,206],[-14,64],[-117,62],[-932,-517],[-43,34],[101,196],[-35,33],[-398,101],[-152,182],[-101,27],[-80,-30],[-172,-395],[-413,112],[-348,-122],[20,104],[-104,48],[-27,134],[-93,32],[-223,-250],[-56,7],[-63,117],[-64,-20],[-47,-125],[-154,70],[-96,-6],[86,-260],[-84,-99],[-84,24],[-111,193],[-82,18],[-208,-196],[-268,-18],[-327,-217],[-367,-158],[-61,18],[2,53],[137,84],[-195,122],[-121,33],[-287,-71],[-121,-87],[10,-94],[222,-217],[-121,-7],[-48,59],[-67,-8],[-58,-186],[148,-125],[-175,-93],[179,-110],[-12,-39],[-154,-102],[-134,109],[-188,-69],[-193,129],[-175,-115],[-193,126],[-162,13],[-16,-206],[-140,-173],[97,-237],[-306,-75],[-111,-80],[134,-156],[-9,-94],[-110,17],[-281,278],[-185,8],[-90,-91],[15,-194],[-64,-141],[-216,-68],[-324,-31],[18,-297],[-284,-20],[-88,-57],[135,-217],[324,-151],[-122,-107],[-190,31],[-91,-50],[-58,-130],[139,-74],[-89,-99],[-142,118],[-377,178],[-294,-88],[212,-87],[-53,-82],[-381,92],[-81,-8],[-69,-88],[-169,40],[0,-133],[151,-144],[-27,-384],[-214,-114],[-30,167],[-145,-46],[-117,-150],[57,-67],[233,-70],[-8,-50],[-78,-38],[-195,125],[-148,-1],[-131,-232],[-192,-93],[35,-176],[-157,59],[64,272],[-137,29],[-6,-124],[-502,-280],[12,-99],[-139,34],[-44,-99],[-251,6],[-306,-91],[58,-65],[169,6],[-64,-109],[-208,6],[-104,109],[-236,-18],[-171,-77],[88,-72],[-41,-56],[-277,62],[-106,-27],[6,-212],[-199,-71],[-372,-15],[-170,-270],[-48,2],[-25,110],[-102,26],[-121,-37],[-37,-101],[-301,-102],[-340,50],[-141,-140],[-113,-262],[-256,-8],[0,-113],[-379,7],[19,-71],[257,-30],[-167,-126],[136,-139],[-220,-219],[-149,22],[-174,-183],[-42,88],[50,101],[-498,157],[-182,268],[-235,-77],[-64,74],[-84,-7],[-4,-118],[-284,-98],[-102,22],[-82,139],[-119,-12],[-96,-271],[-251,-129],[-31,-77],[64,-46],[148,82],[237,-43],[-478,-370],[150,-187],[-326,38],[-9,-52],[173,-158],[-281,-77],[186,-76],[-120,-124],[136,-92],[24,-212],[88,-115],[-82,-245],[-221,-141],[-3,-40],[161,-20],[12,-39],[-133,-77],[-281,141],[-415,131],[-21,-128],[184,-215],[-522,15],[-142,-54],[-14,-149],[-80,-69],[-127,-4],[-235,80],[-62,-143],[-91,34],[-341,-109],[-38,-37],[48,-145],[-205,-132],[254,-60],[50,-93],[-89,-43],[-124,40],[-52,-94],[-348,-142],[8,-116],[159,-63],[-107,-69],[-24,-84],[-160,-75],[62,-208],[-279,51],[-183,-240],[-70,-22],[-173,44],[-235,-122],[-365,187],[-207,29],[-100,-36],[-59,-146],[-238,95],[-29,-40],[77,-111],[-67,-25],[-293,131],[-172,-138],[-203,11],[-197,73],[36,-123],[-182,-65],[-161,18],[-175,174],[-104,-5],[54,-181],[-219,-537],[-233,-24],[-124,63],[-321,-132],[-105,144],[-350,5],[-335,-137],[-45,-131],[-434,-118],[-192,-161],[-248,30],[-171,-200],[227,-69],[-209,-39],[-63,-197],[-325,-34],[-109,-308],[-241,-16],[37,-155],[-108,-88],[50,-157],[-209,-78],[-292,38],[-115,-24],[-55,-65],[22,-93],[-277,-248],[-55,-186],[-155,-139],[-190,-48],[7,-129],[-75,-66],[113,-123],[-119,-269],[-192,38],[-129,-60],[-107,19],[5,-101],[-241,-154],[37,-99],[-210,-40],[-1,-153],[-162,-150],[-101,-11],[71,99],[-39,15],[-241,-104],[44,-98],[-296,-162],[1,-81],[-112,-65],[-109,-178],[-106,-41],[-179,6],[108,-73],[-94,-90],[-302,-30],[-519,26],[-125,-119],[-181,24],[4,-74],[-434,118],[-204,-37],[-209,23],[-55,-22],[62,-80],[-78,-69],[-144,174],[-76,20],[-166,-188],[-288,-136],[-226,-277],[-92,205],[-86,26],[-16,-195],[-138,-83],[0,-88],[-220,-54],[-203,24],[-27,-45],[122,-45],[15,-54],[-212,28],[-123,-86],[-117,-263],[-201,-121],[-211,-224],[6,-208],[-130,-77],[97,-99],[-454,-440],[32,-151],[-204,-49],[-28,-71],[-90,15],[5,-62],[-196,-171],[108,-234],[-98,-31],[61,-61],[-64,-131],[-126,-28],[-30,-48],[184,-165],[-54,-124],[142,-79],[-240,-310],[-110,20],[-242,-74],[-317,62],[-364,-17],[-240,77],[-365,-74],[-361,78],[-117,-112],[-124,-36],[-586,150],[-178,112],[-353,-183],[-337,-87],[-173,43],[-60,-58],[-178,66],[-125,-13],[-291,121],[-183,-130],[-240,-85],[-67,-209],[-91,-63],[-944,-162],[-328,46],[-174,-45],[-90,-143],[-200,-113],[-44,-176],[-177,-76],[-192,-196],[-395,-8],[-254,-217],[-553,-178],[-58,-106],[40,-102],[-75,-77],[-292,21],[-272,-86],[-370,89],[-253,-29],[-327,88],[-675,-38],[-183,-68],[-192,-12],[-394,-174],[-312,-217],[-113,-325],[-348,-181],[-548,-54],[-92,-49],[-323,-437],[-39,-194],[-276,-237],[-429,-136],[-41,-400],[-83,-138],[-367,-242],[-167,-175],[97,-464],[-38,-87],[-92,-63],[-301,-29],[-83,-50],[-227,51],[-138,-62],[44,-207],[-66,-219],[-138,-143],[44,-157],[-112,-162],[26,-176],[-46,-75],[-91,-49],[-402,20],[-495,-223],[-74,-112],[-313,-224],[-9,-82],[174,-287],[-117,-314],[-393,-136],[-283,-24],[-202,-93],[-183,-18],[-181,139],[-282,26],[-255,114],[-356,27],[-402,-117],[-426,246],[-193,-74],[-301,26],[-56,-106],[244,-264],[-39,-238],[-211,-137],[-238,-105],[-494,-54],[-336,121],[-329,-30],[-239,-149],[-183,-43],[-211,-156],[-430,-92],[-237,33],[-98,163],[-128,19],[-331,-255],[17,-100],[-190,-205],[-59,-1],[-500,140],[-136,89],[-155,-18],[-239,-180],[-92,0],[-81,63],[0,87],[-234,196],[-475,-23],[-189,270],[-326,208],[-53,176],[-482,215],[-191,7],[-181,126],[-183,33],[-284,-131],[-387,-424],[53,-112],[-47,-175],[99,-82],[-10,-82],[-339,-98],[-226,189],[-219,-12],[-1186,-896],[-40374,10],[-8983,40],[-1499,-35],[-12679,11],[151,183],[-35,366],[139,225],[263,121],[968,151],[215,74],[129,125],[23,310],[345,3],[202,263],[29,149],[-54,195],[-705,189],[-222,163],[76,211],[417,283],[-2,126],[-150,58],[-685,46],[-214,265],[-386,155],[-25,93],[280,248],[138,429],[386,229],[8,78],[-128,152],[27,64],[159,24],[429,-124],[113,43],[98,116],[354,117],[220,937],[85,66],[445,91],[121,70],[294,521],[-28,72],[-116,24],[-278,-152],[-126,0],[-419,201],[-292,674],[-187,253],[-39,303],[-113,125],[33,94],[228,206],[-112,364],[-180,158],[-492,107],[188,304],[-43,377],[477,89],[0,288],[287,189],[-19,134],[-175,174],[139,116],[51,130],[-119,83],[-250,72],[-594,91],[-452,467],[-667,58],[-723,278],[-521,97],[-265,-1],[-969,-29],[-451,-100],[-239,157],[-85,268],[-118,85],[-855,410],[-317,-133],[-449,192],[-169,362],[-194,187],[-528,-28],[-256,42],[-363,-71],[-220,56],[-84,187],[53,163],[686,579],[-343,1182],[197,377],[335,183],[-40,288],[128,493],[-188,180],[174,279],[156,97],[77,254],[-14,194],[249,574],[-50,80],[-167,53],[-281,-20],[-77,144],[-108,-28],[-53,165],[-245,90],[-196,443],[65,144],[231,106],[-72,297],[134,57],[-14,83],[116,210],[150,92],[37,205],[-57,195],[-67,46],[-421,49],[-147,-82],[-243,-30],[-50,-157],[-303,-68],[-883,533],[-110,14],[17,72],[-158,17],[-426,325],[7,169],[313,200],[-100,210],[154,26],[-4,43],[-206,102],[-18,87],[132,297],[-76,140],[112,9],[82,61],[-164,299],[139,32],[21,47],[-174,131],[73,36],[-16,196],[218,254],[-159,217],[186,148],[-48,113],[74,131],[-50,278],[46,97],[-124,129],[-178,-55],[-104,74],[-83,-43],[18,109],[-213,181],[-236,7],[-136,86],[-114,-27],[-340,34],[-59,-57],[23,-168],[-333,-86],[-124,-94],[-338,-33],[-47,-41],[38,-103],[-70,-51],[-119,-25],[-400,82],[-95,94],[-164,37],[-198,122],[-129,238],[-237,12],[-17,102],[-168,98],[-58,123],[-174,6],[-72,402],[-78,12],[-213,-81],[-65,136],[-216,-31],[-6,68],[158,18],[48,97],[115,34],[32,113],[-34,39],[-110,-98],[-61,19],[134,132],[-189,75],[69,246],[-433,156],[64,112],[-232,-18],[3,-83],[-82,10],[-119,110],[-159,52],[-96,211],[-238,123],[-240,-35],[-118,-90],[-106,4],[-95,211],[-189,160],[-130,27],[-106,-25],[-16,-123],[-129,-15],[-275,-137],[-66,29],[-246,-27],[-164,79],[-46,128],[-404,-63],[-171,179],[-228,129],[-311,-77],[-102,15],[-164,258],[-172,53],[-183,-48],[80,181],[-93,18],[-147,-101],[-173,223],[-309,-183],[-20,-96],[-293,-60],[-229,19],[-157,138],[-238,-17],[-250,-268],[-32,198],[-305,53],[-129,-129],[-109,153],[-139,-222],[-293,148],[-52,224],[-71,49],[-172,-178],[22,-112],[-125,-56],[-204,112],[-417,-140],[-29,-40],[106,-102],[-214,-43],[-58,-137],[-235,50],[-83,69],[-135,-49],[80,120],[-125,54],[-191,-85],[-115,94],[-174,-75],[-263,77],[-209,-25],[-156,141],[-68,-15],[6,-88],[-183,44],[-82,-117],[-141,-17],[-390,194],[-94,148],[-84,38],[-348,-27],[-301,-227],[-363,205],[-201,-61],[-64,-190],[-104,-50],[-337,82],[-161,-34],[-237,54],[-94,-27],[-85,-72],[-37,-295],[-148,1],[-288,106],[-109,188],[-217,40],[-233,144],[58,96],[198,63],[-153,91],[-141,-118],[-50,19],[-187,251],[111,85],[-269,16],[-154,-73],[-18,54],[83,95],[-154,147],[-78,-44],[29,-119],[-171,-11],[-134,169],[94,126],[-199,64],[-132,-9],[-54,-45],[14,-100],[-296,-16],[-154,147],[-133,-225],[-67,30],[-15,182],[-138,35],[-197,-94],[-50,-258],[-92,-11],[-100,70],[105,166],[-14,248],[-102,32],[-362,-151],[-69,156],[28,165],[-296,-141],[-66,-76],[-388,-13],[-115,182],[37,93],[167,134],[-45,44],[-114,-24],[-158,-184],[-293,-14],[-616,209],[-70,70],[-186,-11],[-102,-96],[-185,9],[-409,186],[-10,87],[-490,-39],[-31,44],[63,102],[-98,29],[-263,-70],[-161,-124],[-172,108],[-42,-129],[-69,-21],[-70,67],[0,157],[-188,-1],[74,157],[-128,110],[-73,-6],[-80,-125],[-195,17],[93,182],[-53,48],[-227,-138],[-430,-10],[-49,77],[-517,80],[-84,-30],[61,-72],[-140,-41],[55,-184],[-440,123],[-89,-14],[-140,-286],[-146,-34],[-168,70],[63,196],[-366,-55],[-134,69],[-84,189],[-167,-3],[-1,112],[-104,-3],[-67,-88],[-51,22],[-21,76],[129,141],[-27,45],[-400,35],[-184,-109],[-154,-30],[-261,63],[157,137],[-207,17],[-132,131],[-70,-42],[-194,-5],[-14,-42],[129,-106],[-55,-63],[-218,154],[-222,21],[-123,-48],[28,-170],[-247,-22],[-47,71],[102,155],[-18,90],[-74,1],[-165,-131],[-174,4],[188,190],[-111,174],[-112,-1],[-172,-214],[-114,-36],[-286,188],[-314,21],[14,157],[-198,177],[-161,21],[-86,197],[-114,24],[143,182],[99,-46],[48,35],[-117,223],[-38194,46],[-26,88],[-239,143],[27,76],[255,114],[725,206],[324,48],[48,114],[-401,443],[-28,106],[170,434],[-165,162],[262,233],[-92,238],[90,88],[-29,137],[620,128],[108,132],[182,70],[-19,87],[64,32],[282,-5],[130,-244],[162,-45],[204,52],[218,140],[618,8],[618,144],[73,60],[-247,243],[-20,112],[78,326],[138,208],[318,139],[701,134],[108,63],[82,88],[-84,238],[191,343],[717,212],[374,-80],[138,-93],[173,19],[91,44],[-19,94],[54,51],[200,19],[138,-43],[136,56],[32,121],[331,157],[79,351],[-534,581],[-176,401],[41,146],[103,105],[22,205],[67,63],[428,85],[100,101],[172,0],[256,83],[134,251],[273,102],[524,647],[160,452],[333,217],[220,224],[200,71],[441,50],[77,224],[143,65],[325,-94],[249,32],[381,-62],[164,-193],[260,-101],[689,0],[178,54],[301,255],[451,143],[33,83],[-66,164],[103,83],[240,13],[376,-133],[392,-23],[129,37],[21,137],[113,114],[-16,288],[84,61],[230,33],[-63,124],[21,139],[-120,181],[191,229],[9,164],[-160,92],[-300,-86],[-246,16],[-291,180],[-23,63],[113,134],[-23,101],[-351,42],[-159,149],[-424,119],[67,151],[295,170],[326,16],[161,52],[349,-35],[105,110],[8,98],[191,47],[226,225],[3,201],[107,59],[255,-12],[341,65],[320,-129],[150,-3],[774,378],[362,124],[264,26],[262,179],[162,54],[55,52],[-84,182],[31,52],[240,-49],[455,40],[51,380],[-199,160],[416,58],[207,260],[450,380],[63,414],[171,246],[-143,237],[16,114],[95,120],[256,167],[54,182],[-176,313],[-21,335],[-579,608],[96,464],[438,449],[-11,72],[-238,168],[-62,116],[37,766],[-161,262],[-337,48],[-197,190],[-175,69],[-17,54],[113,148],[-521,312],[-10,58],[251,77],[56,61],[-13,347],[54,103],[1245,535],[170,256],[-33,129],[-182,105],[-269,66],[-337,2],[-887,-134],[-225,28],[-217,122],[-306,428],[-333,306],[-77,433],[-406,399],[-276,745],[-467,411],[-637,746],[-465,28],[-435,-84],[-332,298],[-313,97],[-248,-168],[-327,-89],[-831,-9],[-865,210],[-422,272],[-432,86],[-122,259],[121,203],[-16,76],[-232,93],[-146,137],[-55,350],[-438,379],[9,191],[-136,136],[-37,280],[90,263],[-123,52],[-483,8],[-101,55],[65,289],[-144,147],[92,117],[41,210],[152,119],[-22,108],[-73,47],[-232,3],[-286,71],[-145,102],[-273,70],[-417,23],[-197,171],[-26,167],[-444,197],[-70,198],[-232,16],[-311,185],[20,230],[-73,309],[198,272],[-294,242],[20,400],[-79,452],[-496,449],[-524,201],[-120,104],[-436,212],[-70,155],[75,124],[-18,96],[-350,333],[-104,227],[29,105],[331,232],[0,235],[-593,658],[-526,123],[-110,202],[-335,293],[-69,183],[-833,771],[-673,228],[-264,158],[-271,60],[-352,-15],[-134,-129],[-173,-28],[-277,144],[-797,158],[-226,-69],[-345,-15],[-403,-131],[-371,113],[-898,69],[-333,85],[-333,-88],[-414,-17],[-359,-105],[-337,23],[-207,96],[118,260],[0,199],[-55,61],[-477,138],[-186,277],[-734,260],[-669,71],[-110,52],[-235,297],[-215,142],[-339,383],[-161,112],[61,417],[-312,416],[-329,150],[-109,-7],[-235,-195],[-128,-7],[-128,62],[-36,194],[107,234],[-73,192],[-91,135],[-397,267],[-94,125],[-581,4],[-83,-91],[-60,-253],[-187,35],[-143,-27],[-305,-217],[-101,21],[-257,207],[-6,236],[-241,565],[218,663],[21,259],[269,528],[-57,450],[134,298],[193,1114],[-70,460],[504,545],[3,400],[-157,236],[45,121],[130,110],[-84,267],[68,240],[-298,740],[150,270],[-95,293],[-116,71],[-513,115],[-183,-169],[-256,-87],[-1209,275],[-144,-6],[-378,-132],[-339,9],[-120,47],[-93,326],[-146,112],[-145,-25],[-435,-353],[-182,-19],[-182,43],[-155,138],[-65,188],[25,351],[-119,125],[-511,293],[-46,162],[-128,157],[107,220],[-575,493],[-200,43],[-981,-228],[-374,93],[-328,225],[-361,112],[-485,77],[-513,269],[-547,483],[-744,385],[-383,364],[-303,174],[-546,175],[-434,399],[-253,112],[-630,109],[-373,153],[-502,63],[-415,190],[-554,-14],[-59,38],[80,207],[-33,219],[-143,238],[-305,209],[-992,214],[-315,150],[-51,112],[82,173],[340,145],[426,316],[190,467],[262,344],[-30,368],[-90,93],[-289,127],[-187,177],[150,164],[-8,65],[-346,175],[-82,161],[216,399],[392,233],[103,127],[205,465],[-21,195],[-245,186],[-796,107],[-407,242],[-583,242],[-233,161],[-194,229],[-440,214],[-294,39],[-835,-17],[-795,231],[-8,155],[279,369],[745,218],[195,100],[49,98],[-51,278],[-321,473],[-301,263],[-510,236],[-188,207],[-79,439],[2,526],[-234,332],[-25,193],[-209,280],[133,326],[401,267],[-132,284],[26,219],[105,189],[319,323],[34,351],[-24,101],[-331,394],[-68,386],[-322,273],[-542,215],[-120,152],[-66,299],[-458,306],[-6,331],[-268,409],[-273,248],[-51,142],[-273,153],[-130,201],[-307,193],[-57,87],[22,421],[175,109],[258,311],[294,177],[-8,249],[-167,151],[-240,118],[-196,348],[-169,74],[-235,-84],[-66,19],[-111,273],[-129,88],[-30,255],[-423,272],[-1119,-358],[-726,50],[-158,151],[-148,-203],[-119,-2],[-307,318],[-305,122],[-214,259],[-251,197],[-56,275],[149,276],[-48,152],[-807,461],[-147,6],[-326,-130],[-201,75],[-92,279],[-218,90],[-155,260],[10,552],[-86,12],[-221,-242],[-218,-91],[-668,130],[-185,-78],[-290,-340],[-50,29],[-125,570],[-116,123],[-549,151],[-626,21],[-199,115],[518,456],[117,364],[-37,147],[-168,87],[-978,145],[-131,69],[-242,304],[-242,124],[-275,280],[-71,43],[-268,-7],[-127,31],[-18,44],[8,72],[380,370],[176,311],[150,57],[426,-18],[203,127],[-146,440],[-506,579],[-184,407],[50,163],[288,144],[115,1],[64,-81],[79,-470],[268,-62],[549,66],[268,-18],[458,-358],[257,-73],[676,143],[471,208],[877,-205],[291,-22],[200,32],[317,145],[349,283],[440,-62],[168,41],[731,576],[30,151],[-116,153],[-43,261],[109,353],[-139,381],[-10,391],[-149,117],[33,271],[-83,110],[124,246],[240,225],[159,477],[-306,236],[-43,93],[32,491],[145,170],[-457,463],[-194,72],[-146,299],[-828,53],[-11,63],[-152,48],[-138,156],[-496,-34],[-208,54],[-183,319],[50,138],[-53,128],[16,336],[-74,90],[-968,122],[-117,-80],[-72,-188],[-364,17],[-116,35],[-342,311],[-120,280],[-428,-37],[-266,125],[-656,29],[-219,155],[-160,52],[-643,6],[-261,163],[-592,115],[-396,209],[-196,53],[-569,31],[-375,167],[-254,-77],[-301,-223],[-196,0],[-511,107],[-163,82],[-89,132],[-119,701],[-300,124],[-464,116],[-254,124],[-55,88],[-12,265],[133,224],[-133,194],[-111,570],[-123,132],[-354,9],[-697,-500],[-227,-95],[-309,50],[-421,-7],[-271,83],[-481,709],[-205,200],[-228,137],[-422,125],[-465,369],[-754,375],[22,69],[267,119],[218,195],[17,188],[-146,320],[12,322],[113,201],[353,286],[100,188],[-54,114],[-707,245],[-481,9],[-358,112],[-205,12],[-205,238],[-873,531],[-350,100],[-876,61],[-250,69],[-413,215],[-601,476],[-155,69],[-648,-14],[-613,77],[-329,99],[-94,120],[-135,984],[-123,376]],[[541172,604395],[-172,314],[-73,61],[-127,85],[-522,89]]],"bbox":[-81.328195,-18.350928,-68.652279,-0.038606],"transform":{"scale":[0.000012675928675928675,0.00001831234031234031],"translate":[-81.328195,-18.350928]},"metadata":{"fuente":"IDE-INEI https://ide.inei.gob.pe/files/{Departamento,Provincia,Distrito}.rar","descarga_last_modified":"2026-03-06","portal":"Límites departamental, provincial y distrital actualizados al 2023 (ide.inei.gob.pe)","atributo_fuente_gpkg":"V Censo Nacional Economico","crs":"EPSG:4326","rfc":"RFC 7946 (sin miembro crs; WGS84 implícito)","precision_decimales":6,"simplificacion_grados":0.0005,"simplificacion_preview_grados":0.005,"capitales":"El GPKG no incluye capital. Departamento: sede oficial. Provincia: union por nombre con peru_capital_provincia.geojson (IDEP-2016). Distrito: NOM_CAP de peru_distrital_simple.geojson cuando el ubigeo coincide.","generado_por":"scripts/derive.mjs","compatibilidad":"Los archivos de la raíz no se modifican. En el validado, NOMBDEP, FIRST_IDDP, NOMBPROV, FIRST_IDPR, NOMBDIST, IDDIST, IDDPTO, IDPROV y NOM_CAP se conservan como alias.","variante":"topojson","campos":"solo canonicos, 6 decimales","objeto":"peru","cuantizacion":1000000}}