{"type":"FeatureCollection","bbox":[-81.328117,-18.350928,-68.652279,-0.038606],"metadata":{"fuente":"IDE-INEI https://ide.inei.gob.pe/files/{Departamento,Provincia,Distrito}.rar","descarga_last_modified":"2026-03-06","portal":"Límites departamental, provincial y distrital actualizados al 2023 (ide.inei.gob.pe)","atributo_fuente_gpkg":"V Censo Nacional Economico","crs":"EPSG:4326","rfc":"RFC 7946 (sin miembro crs; WGS84 implícito)","precision_decimales":6,"simplificacion_grados":0.005,"simplificacion_preview_grados":0.005,"capitales":"El GPKG no incluye capital. Departamento: sede oficial. Provincia: union por nombre con peru_capital_provincia.geojson (IDEP-2016). Distrito: NOM_CAP de peru_distrital_simple.geojson cuando el ubigeo coincide.","generado_por":"scripts/normalize_geojson.py","compatibilidad":"Los archivos de la raíz no se modifican. En el validado, NOMBDEP, FIRST_IDDP, NOMBPROV, FIRST_IDPR, NOMBDIST, IDDIST, IDDPTO, IDPROV y NOM_CAP se conservan como alias.","variante":"preview"},"features":[{"type":"Feature","id":"01","properties":{"ubigeo":"01","nombre_departamento":"amazonas","nombre_provincia":"","nombre_distrito":"","capital":"chachapoyas"},"geometry":{"type":"Polygon","coordinates":[[[-77.813989,-2.992779],[-77.808616,-2.986125],[-77.844574,-2.997998],[-77.840054,-3.008198],[-77.940755,-3.065474],[-77.970756,-3.117414],[-77.982446,-3.119654],[-77.984958,-3.133604],[-78.009134,-3.158069],[-78.012694,-3.178848],[-78.03622,-3.189636],[-78.064771,-3.224448],[-78.090712,-3.234311],[-78.107255,-3.27715],[-78.141411,-3.32016],[-78.136798,-3.326542],[-78.151739,-3.328535],[-78.170309,-3.350639],[-78.19574,-3.360759],[-78.177743,-3.410091],[-78.154913,-3.411562],[-78.144636,-3.461162],[-78.148394,-3.480375],[-78.160394,-3.480071],[-78.192323,-3.500339],[-78.200489,-3.495479],[-78.217292,-3.508857],[-78.231402,-3.498811],[-78.22617,-3.491545],[-78.244263,-3.43776],[-78.246211,-3.402326],[-78.302648,-3.399751],[-78.34637,-3.382405],[-78.344258,-3.391819],[-78.356231,-3.403558],[-78.341385,-3.427103],[-78.359183,-3.469522],[-78.355376,-3.494354],[-78.369072,-3.539244],[-78.391188,-3.560102],[-78.386206,-3.573709],[-78.394752,-3.587758],[-78.392861,-3.603676],[-78.399777,-3.606204],[-78.38631,-3.640099],[-78.400818,-3.65041],[-78.393217,-3.67718],[-78.400236,-3.689733],[-78.415751,-3.685975],[-78.423437,-3.693202],[-78.421798,-3.724064],[-78.402476,-3.735388],[-78.416138,-3.765425],[-78.409367,-3.782391],[-78.436,-3.819118],[-78.465873,-3.827533],[-78.459961,-3.836992],[-78.47625,-3.857715],[-78.477836,-3.883162],[-78.486799,-3.89372],[-78.475548,-3.906056],[-78.488826,-3.933821],[-78.524505,-3.937264],[-78.54267,-3.974473],[-78.565713,-3.991963],[-78.567689,-4.0451],[-78.537225,-4.061588],[-78.567742,-4.101177],[-78.581154,-4.134865],[-78.577281,-4.195549],[-78.599982,-4.209219],[-78.608955,-4.226094],[-78.598544,-4.257924],[-78.610861,-4.267262],[-78.618244,-4.294222],[-78.640626,-4.306101],[-78.652616,-4.33484],[-78.634094,-4.415164],[-78.602745,-4.411041],[-78.600362,-4.427532],[-78.623228,-4.441739],[-78.634481,-4.464015],[-78.63575,-4.500882],[-78.661123,-4.530081],[-78.656571,-4.562094],[-78.66286,-4.57009],[-78.655819,-4.584883],[-78.680547,-4.595031],[-78.705998,-4.622928],[-78.667704,-4.654522],[-78.651723,-4.646184],[-78.637872,-4.656415],[-78.643632,-4.682157],[-78.63171,-4.698435],[-78.64,-4.705228],[-78.645027,-4.734833],[-78.628269,-4.739679],[-78.631132,-4.757313],[-78.620699,-4.767932],[-78.641937,-4.802352],[-78.631877,-4.836445],[-78.6438,-4.85815],[-78.645105,-4.907474],[-78.678328,-4.968382],[-78.66622,-4.979504],[-78.651434,-4.978569],[-78.640528,-5.034244],[-78.657714,-5.067423],[-78.680618,-5.07248],[-78.683411,-5.087026],[-78.700624,-5.104083],[-78.710895,-5.156772],[-78.702988,-5.207727],[-78.684086,-5.239027],[-78.684244,-5.26749],[-78.654426,-5.274301],[-78.64157,-5.303752],[-78.60524,-5.309441],[-78.539872,-5.365686],[-78.51858,-5.398477],[-78.522771,-5.416874],[-78.51128,-5.443427],[-78.51396,-5.453375],[-78.543437,-5.471767],[-78.543077,-5.481767],[-78.55825,-5.496361],[-78.550235,-5.533095],[-78.58299,-5.550739],[-78.624771,-5.639365],[-78.639033,-5.645115],[-78.651082,-5.67563],[-78.68633,-5.698888],[-78.651421,-5.7261],[-78.65483,-5.736275],[-78.691755,-5.750742],[-78.71229,-5.828725],[-78.699148,-5.840761],[-78.691137,-5.874304],[-78.695934,-5.888527],[-78.67315,-5.916445],[-78.660288,-5.955604],[-78.641517,-5.969848],[-78.636404,-5.988264],[-78.61121,-6.01661],[-78.608861,-6.053006],[-78.600462,-6.06562],[-78.582859,-6.07891],[-78.555828,-6.071284],[-78.510229,-6.077044],[-78.498612,-6.089272],[-78.498444,-6.102501],[-78.477283,-6.11483],[-78.475842,-6.132627],[-78.466655,-6.134719],[-78.417789,-6.190516],[-78.415417,-6.212606],[-78.399934,-6.228422],[-78.370089,-6.239084],[-78.369343,-6.273293],[-78.335386,-6.318679],[-78.332643,-6.352305],[-78.303249,-6.374112],[-78.29126,-6.372518],[-78.27709,-6.399104],[-78.268287,-6.391109],[-78.243452,-6.40171],[-78.209986,-6.45803],[-78.190029,-6.457016],[-78.187135,-6.469352],[-78.176725,-6.47464],[-78.17384,-6.493705],[-78.164365,-6.490801],[-78.152181,-6.499826],[-78.151863,-6.510897],[-78.135734,-6.52718],[-78.137634,-6.563174],[-78.116671,-6.577998],[-78.12074,-6.597319],[-78.104109,-6.62361],[-78.107155,-6.64343],[-78.094591,-6.657303],[-78.080219,-6.655304],[-78.077863,-6.668938],[-78.056758,-6.675743],[-78.04467,-6.692162],[-78.037748,-6.746086],[-78.029491,-6.767572],[-78.021425,-6.770094],[-78.021044,-6.818255],[-78.013692,-6.821253],[-78.030941,-6.847746],[-78.014,-6.851196],[-78.000793,-6.867258],[-78.006528,-6.875919],[-77.999651,-6.907923],[-78.013641,-6.931684],[-77.999396,-6.94097],[-78.001649,-6.969479],[-77.98358,-6.96309],[-77.96186,-6.97664],[-77.93982,-6.97614],[-77.92865,-6.986759],[-77.898665,-6.980124],[-77.880342,-6.962504],[-77.843262,-6.976978],[-77.833435,-6.956783],[-77.801932,-6.966144],[-77.7793,-6.941453],[-77.758934,-6.964508],[-77.738384,-6.948343],[-77.733816,-6.928577],[-77.707309,-6.908847],[-77.723325,-6.893456],[-77.764749,-6.799758],[-77.731898,-6.783467],[-77.748109,-6.744925],[-77.7395,-6.7111],[-77.746366,-6.668985],[-77.739893,-6.646918],[-77.715935,-6.659123],[-77.70193,-6.67676],[-77.68837,-6.67737],[-77.662662,-6.6599],[-77.659118,-6.640954],[-77.64287,-6.62186],[-77.612337,-6.612261],[-77.568765,-6.638218],[-77.544074,-6.676996],[-77.521198,-6.679679],[-77.510656,-6.672339],[-77.475482,-6.683628],[-77.456467,-6.680522],[-77.405557,-6.726214],[-77.400135,-6.708453],[-77.381733,-6.697589],[-77.404986,-6.663054],[-77.407656,-6.646332],[-77.423693,-6.638062],[-77.435654,-6.61807],[-77.437881,-6.602527],[-77.39387,-6.602688],[-77.380512,-6.569228],[-77.359291,-6.564445],[-77.344847,-6.547229],[-77.326357,-6.468027],[-77.305915,-6.453724],[-77.297671,-6.42474],[-77.273159,-6.406531],[-77.28666,-6.331023],[-77.26169,-6.327145],[-77.243653,-6.33812],[-77.221456,-6.381133],[-77.208965,-6.375043],[-77.171732,-6.38117],[-77.15031,-6.360531],[-77.132303,-6.322551],[-77.138899,-6.29173],[-77.170791,-6.265199],[-77.17407,-6.246529],[-77.211627,-6.21584],[-77.219191,-6.194313],[-77.202057,-6.179715],[-77.224366,-6.145547],[-77.240654,-6.149762],[-77.257956,-6.138016],[-77.280478,-6.142209],[-77.332411,-6.112182],[-77.346428,-6.114341],[-77.358679,-6.07282],[-77.3805,-6.079986],[-77.395498,-6.039377],[-77.419305,-6.032381],[-77.432116,-6.061916],[-77.467508,-6.019615],[-77.474139,-5.999784],[-77.487075,-6.010249],[-77.489021,-6.028511],[-77.509752,-6.032496],[-77.517922,-6.054853],[-77.533809,-6.063371],[-77.554735,-6.050729],[-77.566803,-6.028122],[-77.586199,-6.036917],[-77.596362,-6.033331],[-77.596466,-6.00528],[-77.63914,-6.001079],[-77.669892,-5.979357],[-77.672009,-5.964745],[-77.651891,-5.935332],[-77.663294,-5.91767],[-77.665512,-5.892205],[-77.68308,-5.877576],[-77.681527,-5.849487],[-77.694813,-5.840233],[-77.726416,-5.843982],[-77.763929,-5.819709],[-77.770355,-5.788143],[-77.76056,-5.770454],[-77.772419,-5.753351],[-77.759359,-5.729848],[-77.775148,-5.710752],[-77.775091,-5.689679],[-77.754365,-5.658998],[-77.752606,-5.637578],[-77.736384,-5.60929],[-77.765762,-5.538982],[-77.757037,-5.513942],[-77.77157,-5.493921],[-77.770637,-5.478153],[-77.748832,-5.459859],[-77.768451,-5.438049],[-77.744828,-5.406899],[-77.712703,-5.416411],[-77.696015,-5.411624],[-77.702787,-5.380688],[-77.682066,-5.338396],[-77.684148,-5.295881],[-77.696297,-5.258771],[-77.739708,-5.211857],[-77.708243,-5.190907],[-77.695281,-5.16474],[-77.719996,-5.140624],[-77.745285,-5.133018],[-77.774287,-5.097178],[-77.821762,-5.085666],[-77.811817,-5.056345],[-77.813875,-5.039809],[-77.82462,-5.031779],[-77.758445,-4.950053],[-77.766932,-4.921219],[-77.760152,-4.909345],[-77.793575,-4.849963],[-77.791842,-4.832951],[-77.799113,-4.824593],[-77.789267,-4.785106],[-77.794685,-4.760217],[-77.771879,-4.717559],[-77.731394,-4.68844],[-77.71597,-4.665088],[-77.694512,-4.658673],[-77.672572,-4.63048],[-77.652613,-4.57457],[-77.659653,-4.557974],[-77.649016,-4.546416],[-77.655457,-4.518545],[-77.641353,-4.510061],[-77.640631,-4.496516],[-77.61102,-4.494266],[-77.589088,-4.480465],[-77.568275,-4.42092],[-77.565859,-4.365536],[-77.585551,-4.251334],[-77.548405,-4.105405],[-77.537877,-3.961899],[-77.569019,-3.893074],[-77.561494,-3.876166],[-77.581916,-3.862816],[-77.609236,-3.825242],[-77.628221,-3.817051],[-77.651914,-3.780562],[-77.615623,-3.707719],[-77.619967,-3.622408],[-77.64301,-3.619346],[-77.666673,-3.571872],[-77.71646,-3.542305],[-77.715131,-3.514854],[-77.745642,-3.482229],[-77.772543,-3.428809],[-77.777855,-3.191861],[-77.790936,-3.11763],[-77.785828,-3.106283],[-77.794452,-3.089259],[-77.787664,-3.074775],[-77.814825,-2.995836],[-77.813989,-2.992779]]]}},{"type":"Feature","id":"02","properties":{"ubigeo":"02","nombre_departamento":"ancash","nombre_provincia":"","nombre_distrito":"","capital":"huaraz"},"geometry":{"type":"Polygon","coordinates":[[[-77.64697,-8.05086],[-77.718392,-8.073472],[-77.743388,-8.070185],[-77.751272,-8.077439],[-77.785785,-8.079199],[-77.810441,-8.067735],[-77.852208,-8.074779],[-77.867911,-8.05589],[-77.895626,-8.061949],[-77.93321,-8.19701],[-78.01863,-8.22432],[-78.0368,-8.25595],[-78.08198,-8.281086],[-78.10223,-8.30538],[-78.11943,-8.31365],[-78.10839,-8.33811],[-78.1375,-8.36867],[-78.13927,-8.42715],[-78.15739,-8.47885],[-78.17366,-8.50354],[-78.18787,-8.5081],[-78.2026,-8.52607],[-78.21689,-8.55726],[-78.2019,-8.57389],[-78.19353,-8.60011],[-78.20501,-8.63059],[-78.24613,-8.65836],[-78.29626,-8.65872],[-78.31095,-8.66721],[-78.33425,-8.66645],[-78.33768,-8.67586],[-78.35481,-8.67328],[-78.438414,-8.732747],[-78.487242,-8.751163],[-78.518139,-8.752981],[-78.551606,-8.775038],[-78.565343,-8.792599],[-78.588281,-8.858677],[-78.576485,-8.889047],[-78.589944,-8.942622],[-78.619511,-8.96653],[-78.644924,-8.969228],[-78.649537,-8.990514],[-78.65848,-8.986305],[-78.657937,-8.995936],[-78.622389,-9.017049],[-78.634561,-9.028893],[-78.638649,-9.047484],[-78.629912,-9.07357],[-78.623549,-9.080307],[-78.614088,-9.072424],[-78.616981,-9.079922],[-78.611682,-9.074018],[-78.612446,-9.079912],[-78.588753,-9.079594],[-78.561637,-9.119074],[-78.566834,-9.124254],[-78.56086,-9.122421],[-78.558424,-9.145457],[-78.567773,-9.167836],[-78.580986,-9.170789],[-78.609934,-9.160109],[-78.610025,-9.176441],[-78.603082,-9.175437],[-78.590004,-9.195676],[-78.577041,-9.194738],[-78.583812,-9.203359],[-78.553879,-9.235123],[-78.556762,-9.203484],[-78.566361,-9.193564],[-78.562185,-9.181742],[-78.533242,-9.174615],[-78.49775,-9.18814],[-78.48497,-9.20791],[-78.4918,-9.25087],[-78.525523,-9.274564],[-78.498865,-9.286922],[-78.498342,-9.311971],[-78.479482,-9.321902],[-78.48133,-9.333338],[-78.472201,-9.328816],[-78.474607,-9.317936],[-78.460855,-9.316186],[-78.456699,-9.327432],[-78.442937,-9.327027],[-78.43768,-9.341754],[-78.425396,-9.341299],[-78.427617,-9.360322],[-78.4095,-9.363119],[-78.428281,-9.371568],[-78.433728,-9.390375],[-78.426793,-9.392035],[-78.427941,-9.411289],[-78.416012,-9.418748],[-78.417758,-9.426154],[-78.406676,-9.424824],[-78.407639,-9.435846],[-78.391992,-9.429125],[-78.380111,-9.44549],[-78.380881,-9.455717],[-78.391947,-9.457939],[-78.404715,-9.475086],[-78.394586,-9.477658],[-78.396662,-9.498969],[-78.38449,-9.520965],[-78.391268,-9.531018],[-78.366385,-9.558914],[-78.365318,-9.581277],[-78.372273,-9.586238],[-78.361328,-9.61007],[-78.366867,-9.629686],[-78.35859,-9.623977],[-78.343369,-9.63291],[-78.335785,-9.654754],[-78.318836,-9.666658],[-78.319293,-9.681498],[-78.307609,-9.683936],[-78.306516,-9.69523],[-78.294342,-9.705426],[-78.295894,-9.726291],[-78.225129,-9.798361],[-78.229986,-9.829852],[-78.237803,-9.834187],[-78.234285,-9.854027],[-78.243785,-9.868488],[-78.22451,-9.907223],[-78.231483,-9.910587],[-78.225498,-9.939471],[-78.234371,-9.951261],[-78.208076,-9.966769],[-78.193062,-10.001353],[-78.1961,-10.020115],[-78.175768,-10.043955],[-78.175764,-10.069703],[-78.165742,-10.091949],[-78.185018,-10.109389],[-78.173443,-10.115215],[-78.16357,-10.147191],[-78.101584,-10.201105],[-78.087295,-10.230119],[-78.091955,-10.241977],[-78.081008,-10.248318],[-78.087074,-10.277117],[-78.05683,-10.303457],[-78.055227,-10.345365],[-78.010603,-10.374699],[-78.000707,-10.397469],[-78.014416,-10.411244],[-77.980406,-10.439375],[-77.96332,-10.471113],[-77.965607,-10.492971],[-77.939402,-10.509014],[-77.90816,-10.544287],[-77.900779,-10.564199],[-77.908682,-10.569594],[-77.886275,-10.611956],[-77.839688,-10.567919],[-77.799683,-10.585323],[-77.784996,-10.572039],[-77.771376,-10.571615],[-77.77067,-10.515672],[-77.798841,-10.477335],[-77.787566,-10.457098],[-77.764603,-10.439481],[-77.767862,-10.42879],[-77.760022,-10.43008],[-77.749872,-10.406796],[-77.757195,-10.345363],[-77.752507,-10.321895],[-77.692391,-10.320902],[-77.651254,-10.344611],[-77.631656,-10.322205],[-77.619427,-10.327825],[-77.598809,-10.363135],[-77.597758,-10.381049],[-77.634556,-10.412266],[-77.645299,-10.40866],[-77.665777,-10.427119],[-77.686736,-10.434021],[-77.688181,-10.453772],[-77.712407,-10.491654],[-77.710594,-10.503849],[-77.720235,-10.502742],[-77.721883,-10.511888],[-77.737942,-10.520786],[-77.746694,-10.553113],[-77.734215,-10.568066],[-77.727557,-10.552705],[-77.710083,-10.56017],[-77.708821,-10.548064],[-77.694001,-10.539502],[-77.670171,-10.54098],[-77.651391,-10.530133],[-77.624742,-10.502035],[-77.601323,-10.509304],[-77.600919,-10.518774],[-77.616333,-10.524672],[-77.614584,-10.546393],[-77.638209,-10.563026],[-77.645337,-10.582856],[-77.638163,-10.602902],[-77.619508,-10.614246],[-77.61931,-10.602294],[-77.60494,-10.590129],[-77.584621,-10.583833],[-77.574251,-10.588413],[-77.574115,-10.614662],[-77.590581,-10.645564],[-77.575354,-10.658866],[-77.574537,-10.694308],[-77.563144,-10.709428],[-77.57844,-10.722718],[-77.591192,-10.78645],[-77.523947,-10.734982],[-77.506797,-10.734619],[-77.491475,-10.746038],[-77.436139,-10.72364],[-77.41543,-10.72998],[-77.395252,-10.717807],[-77.385658,-10.707793],[-77.403794,-10.690968],[-77.39531,-10.66154],[-77.380112,-10.639444],[-77.367305,-10.638301],[-77.33835,-10.59605],[-77.32051,-10.58792],[-77.31063,-10.56769],[-77.29102,-10.55611],[-77.26943,-10.56023],[-77.26726,-10.55054],[-77.25224,-10.54527],[-77.22577,-10.54601],[-77.2093,-10.55539],[-77.19099,-10.55213],[-77.16731,-10.50814],[-77.174625,-10.464602],[-77.150018,-10.451094],[-77.138245,-10.426469],[-77.112134,-10.404845],[-77.110885,-10.39209],[-77.0902,-10.37263],[-77.071611,-10.338104],[-77.051715,-10.33994],[-77.024711,-10.327527],[-77.009101,-10.307767],[-77.003625,-10.282123],[-76.998154,-10.291393],[-76.965451,-10.305379],[-76.936009,-10.278506],[-76.906246,-10.274186],[-76.904842,-10.237697],[-76.9161,-10.224588],[-76.908535,-10.176783],[-76.915697,-10.120428],[-76.901943,-10.113342],[-76.879887,-10.116553],[-76.871338,-10.094301],[-76.85358,-10.101779],[-76.843238,-10.086785],[-76.807189,-10.084478],[-76.814965,-10.023432],[-76.825027,-10.009232],[-76.825615,-9.989293],[-76.813758,-9.960146],[-76.841861,-9.930621],[-76.841988,-9.910893],[-76.897758,-9.809289],[-76.901584,-9.769701],[-76.93425,-9.729475],[-76.941365,-9.705912],[-76.97184,-9.711812],[-76.981043,-9.724568],[-76.969482,-9.757809],[-76.974277,-9.760236],[-77.020611,-9.711314],[-77.047307,-9.653937],[-77.04715,-9.632531],[-77.029236,-9.612996],[-77.015297,-9.614269],[-76.99516,-9.603332],[-76.980244,-9.564031],[-76.955111,-9.560299],[-76.955096,-9.542689],[-76.937551,-9.525367],[-76.938619,-9.491699],[-76.953295,-9.467478],[-76.930305,-9.433186],[-76.935236,-9.398549],[-76.924133,-9.391531],[-76.9179,-9.369508],[-76.900603,-9.359066],[-76.892916,-9.331961],[-76.870264,-9.314428],[-76.868727,-9.29275],[-76.854557,-9.288521],[-76.846707,-9.264213],[-76.833965,-9.266008],[-76.815482,-9.326462],[-76.782875,-9.342903],[-76.765619,-9.367268],[-76.740809,-9.330751],[-76.745461,-9.296724],[-76.740138,-9.27334],[-76.72597,-9.256154],[-76.736939,-9.204091],[-76.78996,-9.135893],[-76.870069,-9.114087],[-76.929283,-9.070569],[-76.945399,-9.074831],[-76.966453,-9.060412],[-76.980173,-9.062988],[-77.002787,-9.032619],[-77.032629,-9.014234],[-77.035709,-8.999959],[-77.066019,-8.990916],[-77.092098,-8.971566],[-77.110037,-8.969967],[-77.10249,-8.960947],[-77.105728,-8.949191],[-77.122629,-8.946258],[-77.131023,-8.916285],[-77.147418,-8.895754],[-77.15516,-8.900379],[-77.164836,-8.889098],[-77.172662,-8.876025],[-77.174264,-8.834494],[-77.195734,-8.814992],[-77.206537,-8.781625],[-77.225812,-8.766937],[-77.22749,-8.742826],[-77.248168,-8.727309],[-77.246189,-8.702732],[-77.261152,-8.667197],[-77.260596,-8.648521],[-77.293643,-8.637025],[-77.288717,-8.589769],[-77.315415,-8.54518],[-77.311995,-8.531147],[-77.334943,-8.532973],[-77.368232,-8.500306],[-77.399534,-8.483407],[-77.405461,-8.441483],[-77.438355,-8.422328],[-77.437538,-8.401149],[-77.446956,-8.369374],[-77.459332,-8.35556],[-77.458896,-8.335656],[-77.478285,-8.326065],[-77.473638,-8.320501],[-77.48763,-8.303546],[-77.491368,-8.282553],[-77.52769,-8.26708],[-77.53117,-8.24334],[-77.57498,-8.23094],[-77.57226,-8.209892],[-77.557,-8.19425],[-77.57541,-8.168151],[-77.604741,-8.155704],[-77.602138,-8.135939],[-77.61704,-8.13095],[-77.636663,-8.108586],[-77.61883,-8.07983],[-77.64391,-8.06662],[-77.646894,-8.051375],[-77.64697,-8.05086]]]}},{"type":"Feature","id":"03","properties":{"ubigeo":"03","nombre_departamento":"apurimac","nombre_provincia":"","nombre_distrito":"","capital":"abancay"},"geometry":{"type":"Polygon","coordinates":[[[-73.74655,-13.17442],[-73.771921,-13.174612],[-73.77393,-13.18515],[-73.79334,-13.19391],[-73.80056,-13.21536],[-73.808818,-13.2151],[-73.81281,-13.24224],[-73.824023,-13.248393],[-73.823,-13.284598],[-73.805852,-13.312997],[-73.832098,-13.330157],[-73.82874,-13.34727],[-73.847402,-13.401475],[-73.82739,-13.43374],[-73.838954,-13.456376],[-73.810812,-13.521797],[-73.795796,-13.60432],[-73.805942,-13.613762],[-73.796246,-13.634287],[-73.74362,-13.655562],[-73.727762,-13.669079],[-73.728485,-13.683145],[-73.714239,-13.689667],[-73.715143,-13.704534],[-73.701928,-13.705284],[-73.669668,-13.73426],[-73.686477,-13.738601],[-73.693339,-13.749593],[-73.739987,-13.756234],[-73.747888,-13.763366],[-73.74244,-13.79176],[-73.722,-13.82693],[-73.697779,-13.847416],[-73.694786,-13.884248],[-73.68004,-13.91532],[-73.65597,-13.93085],[-73.64276,-13.978536],[-73.62589,-13.99491],[-73.6194,-14.01706],[-73.62578,-14.04902],[-73.61107,-14.08994],[-73.58662,-14.11034],[-73.57728,-14.14718],[-73.54406,-14.20866],[-73.523363,-14.22833],[-73.51225,-14.26816],[-73.51719,-14.30936],[-73.52801,-14.322562],[-73.53552,-14.357801],[-73.553506,-14.377507],[-73.553857,-14.40122],[-73.581826,-14.41642],[-73.570641,-14.45657],[-73.551405,-14.465004],[-73.554561,-14.480695],[-73.535057,-14.491545],[-73.520752,-14.533548],[-73.507012,-14.544309],[-73.512283,-14.565855],[-73.53359,-14.584078],[-73.510061,-14.650101],[-73.523082,-14.673049],[-73.571099,-14.687272],[-73.57714,-14.71443],[-73.5629,-14.73934],[-73.56343,-14.77939],[-73.54957,-14.80143],[-73.52819,-14.8017],[-73.51344,-14.82619],[-73.48503,-14.84257],[-73.464484,-14.839828],[-73.453817,-14.804909],[-73.439922,-14.786954],[-73.404549,-14.765496],[-73.390403,-14.716062],[-73.364368,-14.681649],[-73.350807,-14.704029],[-73.32833,-14.717361],[-73.30857,-14.716514],[-73.284239,-14.734101],[-73.263621,-14.709789],[-73.228532,-14.71001],[-73.218275,-14.701612],[-73.190412,-14.705775],[-73.178426,-14.685682],[-73.153237,-14.674345],[-73.109856,-14.692305],[-73.10464,-14.682995],[-73.110055,-14.669921],[-73.098057,-14.650766],[-73.063125,-14.665805],[-73.043313,-14.657244],[-73.042648,-14.623084],[-73.014666,-14.630906],[-72.997808,-14.662774],[-72.974558,-14.651817],[-72.955307,-14.682684],[-72.935725,-14.695266],[-72.917808,-14.685262],[-72.910357,-14.697582],[-72.866879,-14.708313],[-72.846359,-14.75994],[-72.833549,-14.736896],[-72.828247,-14.701556],[-72.789696,-14.650213],[-72.770409,-14.664713],[-72.741196,-14.644522],[-72.725433,-14.643874],[-72.724419,-14.676703],[-72.697632,-14.679064],[-72.690643,-14.688656],[-72.644821,-14.667281],[-72.611015,-14.676129],[-72.591927,-14.713619],[-72.578766,-14.687869],[-72.560776,-14.678381],[-72.470405,-14.65985],[-72.461699,-14.60587],[-72.50301,-14.551845],[-72.487601,-14.52937],[-72.44444,-14.497034],[-72.441312,-14.482366],[-72.394947,-14.483012],[-72.36549,-14.461765],[-72.357625,-14.435964],[-72.340888,-14.427838],[-72.317199,-14.440689],[-72.289855,-14.42393],[-72.294802,-14.410792],[-72.249505,-14.402926],[-72.239516,-14.348472],[-72.224838,-14.349295],[-72.205577,-14.32025],[-72.187107,-14.313224],[-72.161168,-14.263795],[-72.125929,-14.254002],[-72.085362,-14.208613],[-72.07648,-14.20743],[-72.09519,-14.1734],[-72.05669,-14.12934],[-72.0679,-14.07654],[-72.06308,-14.04568],[-72.0512,-14.02675],[-72.06017,-13.96509],[-72.055546,-13.930679],[-72.07783,-13.90673],[-72.08209,-13.88807],[-72.091237,-13.885389],[-72.131735,-13.786946],[-72.147552,-13.779242],[-72.16591,-13.747636],[-72.189402,-13.745353],[-72.206367,-13.728072],[-72.231875,-13.721723],[-72.230927,-13.705277],[-72.244775,-13.698213],[-72.244762,-13.687432],[-72.249408,-13.693228],[-72.260766,-13.682339],[-72.277418,-13.684148],[-72.31234,-13.70849],[-72.315,-13.69832],[-72.35464,-13.68163],[-72.36944,-13.66566],[-72.40304,-13.65864],[-72.399829,-13.633685],[-72.421398,-13.60608],[-72.451287,-13.599968],[-72.465884,-13.587834],[-72.48896,-13.591821],[-72.494838,-13.579349],[-72.523167,-13.566597],[-72.53616,-13.572101],[-72.543536,-13.557972],[-72.56048,-13.551805],[-72.57431,-13.562509],[-72.59339,-13.562169],[-72.601431,-13.544302],[-72.613427,-13.546048],[-72.626553,-13.535369],[-72.6408,-13.539604],[-72.655869,-13.513497],[-72.672067,-13.5221],[-72.716291,-13.490433],[-72.748466,-13.48112],[-72.770949,-13.449294],[-72.792746,-13.456508],[-72.797488,-13.422158],[-72.838273,-13.42707],[-72.865786,-13.415881],[-72.884073,-13.416979],[-72.893894,-13.390337],[-72.910985,-13.384451],[-72.977065,-13.388173],[-73.007225,-13.423053],[-73.01689,-13.426712],[-73.044052,-13.411962],[-73.060444,-13.43802],[-73.097288,-13.448876],[-73.110665,-13.434543],[-73.126093,-13.440045],[-73.143659,-13.419064],[-73.148648,-13.435213],[-73.175573,-13.451511],[-73.186124,-13.441134],[-73.186495,-13.417021],[-73.204821,-13.41172],[-73.223707,-13.450617],[-73.220638,-13.46511],[-73.233903,-13.476587],[-73.245434,-13.46535],[-73.260508,-13.467937],[-73.311671,-13.446597],[-73.331793,-13.456378],[-73.333226,-13.443996],[-73.347163,-13.434832],[-73.403979,-13.444794],[-73.41046,-13.435949],[-73.428922,-13.437868],[-73.436084,-13.429961],[-73.48091,-13.43137],[-73.50711,-13.38412],[-73.52159,-13.38772],[-73.54344,-13.36428],[-73.571305,-13.36278],[-73.57363,-13.3389],[-73.587791,-13.339224],[-73.59891,-13.32796],[-73.608082,-13.331597],[-73.66335,-13.2819],[-73.68698,-13.2821],[-73.6981,-13.2655],[-73.72764,-13.26831],[-73.72683,-13.26054],[-73.736367,-13.257447],[-73.730863,-13.242649],[-73.74009,-13.21148],[-73.72896,-13.18787],[-73.7457,-13.17496],[-73.74655,-13.17442]]]}},{"type":"Feature","id":"04","properties":{"ubigeo":"04","nombre_departamento":"arequipa","nombre_provincia":"","nombre_distrito":"","capital":"arequipa"},"geometry":{"type":"Polygon","coordinates":[[[-71.981094,-14.640622],[-71.988647,-14.632745],[-72.0083,-14.64069],[-72.04064,-14.68851],[-72.04779,-14.73877],[-72.03698,-14.76753],[-72.03448,-14.80093],[-72.04058,-14.81001],[-72.02522,-14.82912],[-72.04032,-14.83922],[-72.04639,-14.88711],[-72.06309,-14.88788],[-72.07662,-14.8837],[-72.09025,-14.8568],[-72.131172,-14.828313],[-72.138603,-14.812244],[-72.131683,-14.789396],[-72.145744,-14.777418],[-72.159668,-14.786342],[-72.189323,-14.778236],[-72.212196,-14.803242],[-72.220634,-14.799973],[-72.241577,-14.812494],[-72.25264,-14.803659],[-72.315445,-14.833863],[-72.416717,-14.822834],[-72.419609,-14.806316],[-72.43457,-14.79014],[-72.459679,-14.782628],[-72.469185,-14.786989],[-72.468643,-14.762527],[-72.486664,-14.741969],[-72.487228,-14.713945],[-72.471939,-14.70579],[-72.460129,-14.675756],[-72.477097,-14.658203],[-72.483978,-14.665302],[-72.525391,-14.667129],[-72.570312,-14.682736],[-72.594376,-14.713675],[-72.602158,-14.702789],[-72.599312,-14.690111],[-72.611015,-14.676129],[-72.644821,-14.667281],[-72.690643,-14.688656],[-72.697632,-14.679064],[-72.724419,-14.676703],[-72.725433,-14.643874],[-72.741196,-14.644522],[-72.770409,-14.664713],[-72.789696,-14.650213],[-72.828247,-14.701556],[-72.842567,-14.75766],[-72.8724,-14.76147],[-72.88534,-14.77223],[-72.90908,-14.77007],[-72.929924,-14.758166],[-72.979317,-14.806133],[-72.992325,-14.80374],[-73.002785,-14.814986],[-73.003822,-14.839584],[-73.031853,-14.897123],[-72.986656,-14.956103],[-72.982742,-14.982355],[-73.005112,-15.00775],[-73.004242,-15.064127],[-73.024528,-15.091758],[-73.021838,-15.131799],[-73.047562,-15.134348],[-73.046768,-15.140701],[-73.061912,-15.145385],[-73.100784,-15.187635],[-73.111671,-15.186535],[-73.120583,-15.230817],[-73.14994,-15.259839],[-73.152954,-15.283065],[-73.172134,-15.306076],[-73.206833,-15.293939],[-73.221565,-15.297965],[-73.245933,-15.286092],[-73.284921,-15.294938],[-73.27773,-15.31818],[-73.28982,-15.33436],[-73.2938,-15.35941],[-73.274799,-15.392956],[-73.336281,-15.405148],[-73.365967,-15.387431],[-73.391235,-15.399143],[-73.416855,-15.375821],[-73.430351,-15.379127],[-73.427132,-15.363208],[-73.441673,-15.355776],[-73.478111,-15.379621],[-73.529571,-15.392055],[-73.555931,-15.408222],[-73.594109,-15.403695],[-73.612862,-15.419229],[-73.653038,-15.416531],[-73.685829,-15.437656],[-73.758865,-15.385265],[-73.77932,-15.3464],[-73.776337,-15.338743],[-73.79306,-15.339757],[-73.805931,-15.324447],[-73.865112,-15.323972],[-73.884079,-15.337457],[-73.870819,-15.379906],[-73.877075,-15.389163],[-73.869705,-15.400247],[-73.872124,-15.432976],[-73.912514,-15.456251],[-73.9403,-15.483389],[-73.969215,-15.532938],[-74.010277,-15.559402],[-74.019661,-15.599853],[-74.063415,-15.629617],[-74.08474,-15.618907],[-74.076546,-15.552216],[-74.067284,-15.539294],[-74.079185,-15.51572],[-74.073441,-15.501919],[-74.043419,-15.49104],[-74.037292,-15.45548],[-74.06543,-15.402195],[-74.094521,-15.392003],[-74.115005,-15.411567],[-74.150475,-15.427576],[-74.153923,-15.446192],[-74.148437,-15.449383],[-74.166473,-15.483957],[-74.193741,-15.49166],[-74.264604,-15.474836],[-74.301208,-15.478085],[-74.311148,-15.463907],[-74.301966,-15.452057],[-74.318265,-15.439285],[-74.328971,-15.393821],[-74.308701,-15.359717],[-74.333649,-15.353263],[-74.345818,-15.336348],[-74.37785,-15.33188],[-74.415306,-15.299267],[-74.387878,-15.25178],[-74.400828,-15.220859],[-74.389648,-15.205404],[-74.40155,-15.178523],[-74.422989,-15.167848],[-74.465759,-15.173476],[-74.50336,-15.16168],[-74.51378,-15.14835],[-74.552521,-15.139941],[-74.60567,-15.1486],[-74.628746,-15.124124],[-74.652039,-15.139133],[-74.679008,-15.132204],[-74.71371,-15.13853],[-74.721436,-15.124652],[-74.739487,-15.123146],[-74.762294,-15.09806],[-74.81503,-15.13906],[-74.855209,-15.15383],[-74.873749,-15.151843],[-74.929306,-15.192402],[-74.963638,-15.253899],[-74.968201,-15.299422],[-75.00388,-15.33023],[-75.016556,-15.351096],[-75.018486,-15.382414],[-75.045547,-15.43033],[-75.073326,-15.442942],[-75.044571,-15.458477],[-75.000511,-15.462119],[-74.984543,-15.470193],[-74.973625,-15.490574],[-74.88755,-15.524127],[-74.847755,-15.554539],[-74.853409,-15.573211],[-74.839493,-15.565086],[-74.803329,-15.576839],[-74.728508,-15.611686],[-74.680298,-15.645125],[-74.472458,-15.719484],[-74.462868,-15.726045],[-74.462738,-15.755429],[-74.439117,-15.794912],[-74.395477,-15.829357],[-74.326797,-15.842043],[-74.326736,-15.84973],[-74.313217,-15.839898],[-74.304398,-15.846496],[-74.291779,-15.837009],[-74.279007,-15.838819],[-74.251823,-15.855141],[-74.2416,-15.878699],[-74.175034,-15.896978],[-74.054451,-15.954523],[-74.025597,-15.992517],[-74.033173,-16.017574],[-74.017822,-16.036875],[-73.989624,-16.039116],[-73.979408,-16.052959],[-73.959114,-16.060816],[-73.953026,-16.07511],[-73.887337,-16.110495],[-73.870117,-16.134909],[-73.834816,-16.154564],[-73.727882,-16.195248],[-73.699707,-16.21994],[-73.700325,-16.241554],[-73.676208,-16.223558],[-73.64917,-16.234289],[-73.619926,-16.230085],[-73.567406,-16.24954],[-73.559334,-16.244493],[-73.482193,-16.283689],[-73.451256,-16.281307],[-73.314201,-16.338703],[-73.300766,-16.352064],[-73.305931,-16.375271],[-73.291511,-16.405775],[-73.272209,-16.398201],[-73.260361,-16.401985],[-73.260391,-16.409279],[-73.243576,-16.406794],[-73.235008,-16.415277],[-73.208443,-16.400392],[-73.189346,-16.415398],[-73.159157,-16.419926],[-73.148582,-16.438812],[-73.129616,-16.451029],[-73.103394,-16.454817],[-73.055489,-16.487122],[-73.048775,-16.499945],[-73.011696,-16.51236],[-73.004127,-16.507032],[-72.986847,-16.517435],[-72.92009,-16.518486],[-72.751999,-16.638115],[-72.709045,-16.652693],[-72.593666,-16.667328],[-72.447876,-16.702383],[-72.416611,-16.736162],[-72.405312,-16.738941],[-72.400688,-16.751112],[-72.373123,-16.752489],[-72.37426,-16.760752],[-72.354111,-16.765957],[-72.329079,-16.78923],[-72.326469,-16.802851],[-72.31012,-16.807619],[-72.312042,-16.813778],[-72.288704,-16.837026],[-72.296837,-16.849033],[-72.287292,-16.86059],[-72.288483,-16.875133],[-72.276466,-16.8731],[-72.232521,-16.900551],[-72.2276,-16.894329],[-72.211525,-16.902447],[-72.195686,-16.926804],[-72.184418,-16.924784],[-72.184318,-16.935749],[-72.164947,-16.938108],[-72.165138,-16.948177],[-72.145981,-16.956531],[-72.143852,-16.96579],[-72.119293,-16.969925],[-72.122497,-16.978174],[-72.103805,-16.99626],[-72.112205,-17.015758],[-72.091103,-17.011894],[-72.07357,-17.022364],[-72.041489,-17.015877],[-72.023047,-17.022392],[-72.016662,-17.033133],[-71.932602,-17.078779],[-71.868607,-17.149279],[-71.823212,-17.179623],[-71.673218,-17.217367],[-71.564018,-17.261568],[-71.537918,-17.253958],[-71.528671,-17.271131],[-71.515907,-17.265943],[-71.490797,-17.285007],[-71.46555,-17.254503],[-71.440956,-17.251717],[-71.423515,-17.236616],[-71.40859,-17.209682],[-71.355316,-17.151274],[-71.31633,-17.124739],[-71.302246,-17.093851],[-71.324692,-17.060308],[-71.319054,-17.041454],[-71.339424,-17.021759],[-71.357315,-17.024355],[-71.365234,-17.014111],[-71.385788,-17.020502],[-71.394882,-16.992849],[-71.390831,-16.978069],[-71.404571,-16.956764],[-71.458954,-16.960913],[-71.465202,-16.953915],[-71.45985,-16.93736],[-71.424062,-16.919298],[-71.422141,-16.896395],[-71.440552,-16.862885],[-71.4355,-16.83615],[-71.444195,-16.8157],[-71.42591,-16.74132],[-71.36943,-16.719677],[-71.353287,-16.724953],[-71.346985,-16.742243],[-71.327171,-16.752445],[-71.289093,-16.726458],[-71.285812,-16.716354],[-71.296013,-16.706266],[-71.283905,-16.682239],[-71.279152,-16.615822],[-71.260406,-16.605202],[-71.26284,-16.584911],[-71.2491,-16.5641],[-71.237495,-16.514591],[-71.249344,-16.482359],[-71.242104,-16.463064],[-71.219139,-16.460566],[-71.197029,-16.471659],[-71.139519,-16.474974],[-71.124725,-16.461073],[-71.108459,-16.465706],[-71.08194,-16.456858],[-71.072655,-16.465755],[-71.047195,-16.454403],[-71.037258,-16.485686],[-71.019241,-16.486891],[-71.012566,-16.498579],[-70.993454,-16.496553],[-70.979523,-16.480574],[-70.956085,-16.472521],[-70.953232,-16.459948],[-70.975616,-16.418322],[-70.963829,-16.39974],[-70.975098,-16.391029],[-70.969399,-16.369608],[-70.98629,-16.30995],[-70.943611,-16.314405],[-70.93911,-16.298933],[-70.917381,-16.283174],[-70.903427,-16.277611],[-70.886139,-16.285273],[-70.87648,-16.281553],[-70.867577,-16.25864],[-70.844505,-16.234724],[-70.866959,-16.224585],[-70.853889,-16.196688],[-70.860245,-16.175571],[-70.878593,-16.166616],[-70.867828,-16.153866],[-70.867111,-16.128485],[-70.895485,-16.105225],[-70.875061,-16.094578],[-70.878105,-16.081444],[-70.866806,-16.080082],[-70.856735,-16.056337],[-70.804115,-16.053045],[-70.820946,-16.029751],[-70.816559,-16.002756],[-70.828606,-15.999206],[-70.820198,-15.978468],[-70.842461,-15.969344],[-70.832199,-15.949096],[-70.843277,-15.923256],[-70.865784,-15.889386],[-70.892914,-15.888402],[-70.890068,-15.851938],[-70.942268,-15.774924],[-70.93322,-15.77067],[-70.92263,-15.74619],[-70.90475,-15.73734],[-70.899666,-15.713406],[-70.917564,-15.687381],[-70.916344,-15.652199],[-70.923996,-15.632997],[-70.939163,-15.618024],[-70.982368,-15.598043],[-71.007056,-15.564134],[-71.007194,-15.54295],[-71.018356,-15.529379],[-71.008034,-15.51924],[-71.018364,-15.500022],[-70.995453,-15.472279],[-70.993957,-15.454842],[-71.027122,-15.432039],[-71.038971,-15.405166],[-71.046303,-15.420524],[-71.075455,-15.438301],[-71.072273,-15.451497],[-71.085426,-15.458013],[-71.103836,-15.45327],[-71.120094,-15.427103],[-71.150256,-15.440593],[-71.174332,-15.424457],[-71.169495,-15.382284],[-71.150528,-15.355905],[-71.16624,-15.32087],[-71.164238,-15.290928],[-71.194618,-15.270928],[-71.20208,-15.245132],[-71.160329,-15.207768],[-71.176758,-15.1726],[-71.184906,-15.169772],[-71.14904,-15.137722],[-71.143578,-15.120561],[-71.161652,-15.109302],[-71.165611,-15.0968],[-71.195358,-15.09019],[-71.207275,-15.070552],[-71.206963,-15.050965],[-71.215393,-15.048888],[-71.225922,-15.069413],[-71.243637,-15.056817],[-71.265541,-15.063],[-71.260588,-15.07827],[-71.310089,-15.11876],[-71.321678,-15.119059],[-71.329941,-15.099461],[-71.353714,-15.092703],[-71.361847,-15.079143],[-71.371704,-15.080226],[-71.396866,-15.04524],[-71.417366,-15.033726],[-71.421471,-15.012395],[-71.430428,-15.007965],[-71.426727,-15.002124],[-71.443039,-14.995569],[-71.447502,-14.979786],[-71.465044,-14.984069],[-71.505226,-14.97556],[-71.51017,-15.004635],[-71.50367,-15.027327],[-71.484604,-15.039326],[-71.48587,-15.059105],[-71.513443,-15.079844],[-71.572344,-15.061932],[-71.588333,-15.127826],[-71.614563,-15.145855],[-71.636024,-15.139139],[-71.673706,-15.089055],[-71.772537,-15.082439],[-71.786301,-15.06955],[-71.801483,-15.067335],[-71.815475,-15.078221],[-71.836586,-15.075693],[-71.849319,-15.04509],[-71.765999,-15.009585],[-71.770241,-14.982177],[-71.74596,-14.93987],[-71.785156,-14.912559],[-71.793008,-14.896168],[-71.826302,-14.906635],[-71.827263,-14.888825],[-71.859604,-14.883615],[-71.863419,-14.873356],[-71.854973,-14.85458],[-71.869095,-14.835971],[-71.876106,-14.801252],[-71.89843,-14.78813],[-71.924,-14.7898],[-71.93281,-14.75646],[-71.95897,-14.73259],[-71.94602,-14.71106],[-71.95218,-14.7038],[-71.929275,-14.689303],[-71.973564,-14.65799],[-71.980934,-14.641855],[-71.981094,-14.640622]],[[-71.138626,-16.340639],[-71.148514,-16.331964],[-71.143753,-16.323269],[-71.122124,-16.327013],[-71.101593,-16.341423],[-71.087585,-16.381103],[-71.095627,-16.39855],[-71.085991,-16.399223],[-71.092911,-16.407547],[-71.137741,-16.399004],[-71.153435,-16.38258],[-71.171616,-16.376926],[-71.196297,-16.383133],[-71.203354,-16.368944],[-71.196655,-16.356203],[-71.176079,-16.348726],[-71.143852,-16.35182],[-71.13826,-16.34087],[-71.138626,-16.340639]]]}},{"type":"Feature","id":"05","properties":{"ubigeo":"05","nombre_departamento":"ayacucho","nombre_provincia":"","nombre_distrito":"","capital":"ayacucho"},"geometry":{"type":"Polygon","coordinates":[[[-74.348428,-12.175033],[-74.3493,-12.16788],[-74.37885,-12.17601],[-74.38737,-12.18798],[-74.37607,-12.22919],[-74.39368,-12.25247],[-74.38478,-12.27153],[-74.41629,-12.30477],[-74.441534,-12.272134],[-74.474061,-12.272055],[-74.494529,-12.284788],[-74.507102,-12.312464],[-74.555447,-12.288089],[-74.581123,-12.333319],[-74.57599,-12.37317],[-74.56462,-12.36091],[-74.54943,-12.37385],[-74.5349,-12.41],[-74.5206,-12.40965],[-74.52205,-12.43613],[-74.507,-12.44824],[-74.45393,-12.44391],[-74.40925,-12.45192],[-74.40158,-12.46748],[-74.41519,-12.49175],[-74.3987,-12.50269],[-74.40001,-12.52456],[-74.38427,-12.54485],[-74.38686,-12.56681],[-74.36632,-12.57583],[-74.36329,-12.59427],[-74.32423,-12.60386],[-74.34223,-12.62534],[-74.32717,-12.6802],[-74.34084,-12.69016],[-74.34937,-12.71714],[-74.32837,-12.74424],[-74.31353,-12.7371],[-74.29409,-12.75118],[-74.28497,-12.78831],[-74.28622,-12.80135],[-74.29573,-12.79895],[-74.298414,-12.805745],[-74.294898,-12.830152],[-74.32963,-12.83615],[-74.33249,-12.858],[-74.3192,-12.88652],[-74.33006,-12.91542],[-74.326046,-12.929864],[-74.30449,-12.92938],[-74.295446,-12.936882],[-74.29749,-12.967939],[-74.271471,-13.022736],[-74.27157,-13.06863],[-74.280137,-13.074185],[-74.310349,-13.059606],[-74.345876,-13.025845],[-74.37991,-13.02449],[-74.41127,-13.07939],[-74.41087,-13.1197],[-74.38872,-13.12966],[-74.39601,-13.16883],[-74.420426,-13.159539],[-74.458439,-13.190038],[-74.494172,-13.186596],[-74.517059,-13.196692],[-74.525611,-13.189594],[-74.542213,-13.200502],[-74.557796,-13.185558],[-74.572327,-13.184734],[-74.585953,-13.21076],[-74.595635,-13.212846],[-74.600689,-13.227385],[-74.644654,-13.274137],[-74.663498,-13.271484],[-74.686056,-13.286371],[-74.666996,-13.327436],[-74.63321,-13.3451],[-74.71828,-13.36379],[-74.734355,-13.357404],[-74.739029,-13.339572],[-74.759622,-13.325071],[-74.770088,-13.346328],[-74.80888,-13.35742],[-74.84855,-13.35336],[-74.86919,-13.3601],[-74.89702,-13.39386],[-74.89266,-13.41446],[-74.90402,-13.43047],[-74.9021,-13.46644],[-74.86218,-13.48179],[-74.83186,-13.53219],[-74.79957,-13.54747],[-74.771388,-13.606499],[-74.781151,-13.648184],[-74.775391,-13.710538],[-74.753891,-13.736977],[-74.766793,-13.772488],[-74.762314,-13.781904],[-74.778924,-13.784605],[-74.760364,-13.831487],[-74.767387,-13.866588],[-74.785155,-13.88831],[-74.777008,-13.897504],[-74.785923,-13.928788],[-74.767955,-13.978552],[-74.785331,-13.990268],[-74.778591,-13.998346],[-74.78357,-14.019215],[-74.758713,-14.078596],[-74.771545,-14.090318],[-74.825187,-14.092279],[-74.841766,-14.071305],[-74.852744,-14.076205],[-74.860795,-14.067193],[-74.878113,-14.076254],[-74.896201,-14.103904],[-74.907891,-14.092154],[-74.924201,-14.099475],[-74.933502,-14.091881],[-74.943603,-14.094922],[-74.975113,-14.074285],[-75.02913,-14.07195],[-75.0365,-14.09793],[-75.0646,-14.13798],[-75.09079,-14.21518],[-75.088163,-14.2309],[-75.073668,-14.235612],[-75.066043,-14.251611],[-75.039512,-14.254167],[-75.032198,-14.265679],[-75.049704,-14.286539],[-75.082211,-14.297282],[-75.093927,-14.312424],[-75.107912,-14.347016],[-75.105087,-14.358778],[-75.139826,-14.415908],[-75.119138,-14.421131],[-75.121943,-14.427276],[-75.105842,-14.434044],[-75.088969,-14.426409],[-75.052994,-14.43115],[-75.070191,-14.449158],[-75.068459,-14.458358],[-75.098138,-14.485097],[-75.086675,-14.530206],[-75.067329,-14.527937],[-75.080822,-14.55143],[-75.08009,-14.56901],[-75.065858,-14.574483],[-75.055958,-14.626885],[-75.031765,-14.610657],[-75.010033,-14.606156],[-74.996197,-14.6119],[-74.978019,-14.602372],[-74.95892,-14.606451],[-74.946628,-14.580835],[-74.913392,-14.565616],[-74.902758,-14.546673],[-74.884249,-14.545481],[-74.875343,-14.555267],[-74.883965,-14.576223],[-74.859029,-14.60838],[-74.788166,-14.615563],[-74.848573,-14.672184],[-74.837798,-14.695791],[-74.845742,-14.707979],[-74.8311,-14.718299],[-74.825298,-14.736445],[-74.8027,-14.75215],[-74.77738,-14.729389],[-74.750807,-14.729389],[-74.715697,-14.709777],[-74.73434,-14.729791],[-74.738527,-14.753734],[-74.752692,-14.764041],[-74.755763,-14.783092],[-74.764702,-14.790456],[-74.747755,-14.813104],[-74.714397,-14.817801],[-74.751504,-14.827554],[-74.75458,-14.83529],[-74.74624,-14.84355],[-74.733404,-14.837916],[-74.73251,-14.84666],[-74.720795,-14.836728],[-74.69384,-14.838155],[-74.680961,-14.854279],[-74.675822,-14.862072],[-74.681066,-14.873083],[-74.662393,-14.900123],[-74.685329,-14.930154],[-74.659385,-14.970336],[-74.646303,-14.977893],[-74.665694,-14.997902],[-74.6653,-15.049906],[-74.72961,-15.0854],[-74.75858,-15.09326],[-74.752579,-15.113404],[-74.722313,-15.124023],[-74.71371,-15.13853],[-74.679008,-15.132204],[-74.652039,-15.139133],[-74.628746,-15.124124],[-74.60567,-15.1486],[-74.552521,-15.139941],[-74.51378,-15.14835],[-74.50336,-15.16168],[-74.465759,-15.173476],[-74.422989,-15.167848],[-74.40155,-15.178523],[-74.389648,-15.205404],[-74.400828,-15.220859],[-74.387878,-15.25178],[-74.415306,-15.299267],[-74.37785,-15.33188],[-74.345818,-15.336348],[-74.333649,-15.353263],[-74.308701,-15.359717],[-74.328971,-15.393821],[-74.318265,-15.439285],[-74.301966,-15.452057],[-74.311148,-15.463907],[-74.301208,-15.478085],[-74.264604,-15.474836],[-74.193741,-15.49166],[-74.166473,-15.483957],[-74.148437,-15.449383],[-74.153923,-15.446192],[-74.150475,-15.427576],[-74.115005,-15.411567],[-74.094521,-15.392003],[-74.06543,-15.402195],[-74.037292,-15.456078],[-74.043419,-15.49104],[-74.073441,-15.501919],[-74.079185,-15.51572],[-74.067284,-15.539294],[-74.076546,-15.552216],[-74.08474,-15.618907],[-74.066605,-15.63002],[-74.019661,-15.599853],[-74.010277,-15.559402],[-73.969215,-15.532938],[-73.9403,-15.483389],[-73.912514,-15.456251],[-73.872124,-15.432976],[-73.869705,-15.400247],[-73.877075,-15.389163],[-73.870819,-15.379906],[-73.884079,-15.337457],[-73.865112,-15.323972],[-73.805931,-15.324447],[-73.79306,-15.339757],[-73.776337,-15.338743],[-73.77932,-15.3464],[-73.758865,-15.385265],[-73.685829,-15.437656],[-73.653038,-15.416531],[-73.612862,-15.419229],[-73.594109,-15.403695],[-73.555931,-15.408222],[-73.529571,-15.392055],[-73.478111,-15.379621],[-73.441673,-15.355776],[-73.427132,-15.363208],[-73.430351,-15.379127],[-73.416855,-15.375821],[-73.391235,-15.399143],[-73.365967,-15.387431],[-73.336281,-15.405148],[-73.296303,-15.392517],[-73.275932,-15.393769],[-73.2938,-15.35941],[-73.28982,-15.33436],[-73.27773,-15.31818],[-73.284921,-15.294938],[-73.245933,-15.286092],[-73.221565,-15.297965],[-73.206833,-15.293939],[-73.172134,-15.306076],[-73.152954,-15.283065],[-73.14994,-15.259839],[-73.120583,-15.230817],[-73.111671,-15.186535],[-73.100784,-15.187635],[-73.061912,-15.145385],[-73.046768,-15.140701],[-73.047562,-15.134348],[-73.021838,-15.131799],[-73.024528,-15.091758],[-73.004242,-15.064127],[-73.005112,-15.00775],[-72.982742,-14.982355],[-72.986656,-14.956103],[-73.031853,-14.897123],[-73.003822,-14.839584],[-73.002785,-14.814986],[-72.992325,-14.80374],[-72.979317,-14.806133],[-72.929924,-14.758166],[-72.90908,-14.77007],[-72.88534,-14.77223],[-72.8724,-14.76147],[-72.846825,-14.759824],[-72.866879,-14.708313],[-72.910357,-14.697582],[-72.917808,-14.685262],[-72.935725,-14.695266],[-72.955307,-14.682684],[-72.974558,-14.651817],[-72.997808,-14.662774],[-73.014666,-14.630906],[-73.042648,-14.623084],[-73.043313,-14.657244],[-73.063125,-14.665805],[-73.098057,-14.650766],[-73.110055,-14.669921],[-73.10464,-14.682995],[-73.109856,-14.692305],[-73.153237,-14.674345],[-73.178426,-14.685682],[-73.190412,-14.705775],[-73.218275,-14.701612],[-73.228532,-14.71001],[-73.263621,-14.709789],[-73.284239,-14.734101],[-73.30857,-14.716514],[-73.32833,-14.717361],[-73.350807,-14.704029],[-73.364368,-14.681649],[-73.390403,-14.716062],[-73.404549,-14.765496],[-73.439922,-14.786954],[-73.465072,-14.840203],[-73.48503,-14.84257],[-73.51344,-14.82619],[-73.52819,-14.8017],[-73.54957,-14.80143],[-73.56343,-14.77939],[-73.5629,-14.73934],[-73.5769,-14.71551],[-73.57122,-14.70718],[-73.57549,-14.69509],[-73.562119,-14.680119],[-73.523082,-14.673049],[-73.514217,-14.659358],[-73.511789,-14.63814],[-73.53359,-14.584078],[-73.512283,-14.565855],[-73.507012,-14.544309],[-73.520752,-14.533548],[-73.535057,-14.491545],[-73.554561,-14.480695],[-73.551405,-14.465004],[-73.570641,-14.45657],[-73.581826,-14.41642],[-73.553857,-14.40122],[-73.553506,-14.377507],[-73.53552,-14.357801],[-73.52801,-14.322562],[-73.51719,-14.30936],[-73.51225,-14.26816],[-73.523363,-14.22833],[-73.54406,-14.20866],[-73.57728,-14.14718],[-73.58662,-14.11034],[-73.61107,-14.08994],[-73.62578,-14.04902],[-73.6194,-14.01706],[-73.62589,-13.99491],[-73.64276,-13.978536],[-73.65597,-13.93085],[-73.68004,-13.91532],[-73.694786,-13.884248],[-73.697779,-13.847416],[-73.722,-13.82693],[-73.74244,-13.79176],[-73.747888,-13.763366],[-73.739987,-13.756234],[-73.693339,-13.749593],[-73.686477,-13.738601],[-73.669668,-13.73426],[-73.701928,-13.705284],[-73.715143,-13.704534],[-73.71349,-13.691158],[-73.729085,-13.68235],[-73.728254,-13.668428],[-73.744056,-13.65534],[-73.791921,-13.64096],[-73.80566,-13.615054],[-73.795796,-13.60432],[-73.806849,-13.570263],[-73.803845,-13.554916],[-73.822492,-13.485845],[-73.838954,-13.456376],[-73.82739,-13.43374],[-73.847446,-13.400919],[-73.82874,-13.34727],[-73.832098,-13.330157],[-73.805852,-13.312997],[-73.823,-13.284598],[-73.824023,-13.248393],[-73.81281,-13.24224],[-73.808818,-13.2151],[-73.80056,-13.21536],[-73.79334,-13.19391],[-73.77393,-13.18515],[-73.771921,-13.174612],[-73.752699,-13.171174],[-73.72905,-13.18743],[-73.72826,-13.19803],[-73.74009,-13.21148],[-73.730863,-13.242649],[-73.736367,-13.257447],[-73.72683,-13.26054],[-73.72764,-13.26831],[-73.6981,-13.2655],[-73.68698,-13.2821],[-73.66335,-13.2819],[-73.608082,-13.331597],[-73.59891,-13.32796],[-73.587791,-13.339224],[-73.57363,-13.3389],[-73.571305,-13.36278],[-73.54344,-13.36428],[-73.52159,-13.38772],[-73.50711,-13.38412],[-73.48091,-13.43137],[-73.436084,-13.429961],[-73.428922,-13.437868],[-73.41046,-13.435949],[-73.403979,-13.444794],[-73.347163,-13.434832],[-73.333226,-13.443996],[-73.331793,-13.456378],[-73.311671,-13.446597],[-73.260508,-13.467937],[-73.245434,-13.46535],[-73.235318,-13.476694],[-73.220638,-13.46511],[-73.223707,-13.450617],[-73.209775,-13.432539],[-73.210994,-13.420786],[-73.249043,-13.403637],[-73.260095,-13.384225],[-73.286913,-13.372565],[-73.289583,-13.354994],[-73.302619,-13.351935],[-73.312052,-13.337785],[-73.311404,-13.325889],[-73.348177,-13.30232],[-73.341003,-13.291928],[-73.352735,-13.290692],[-73.346212,-13.278437],[-73.364348,-13.269428],[-73.370895,-13.245949],[-73.382465,-13.238439],[-73.382325,-13.224874],[-73.400138,-13.210041],[-73.409619,-13.211919],[-73.41497,-13.195514],[-73.402233,-13.181713],[-73.414662,-13.145089],[-73.424123,-13.130442],[-73.434799,-13.139968],[-73.438532,-13.128749],[-73.455154,-13.120742],[-73.443454,-13.10483],[-73.455433,-13.093394],[-73.448838,-13.08028],[-73.461928,-13.079983],[-73.478181,-13.055918],[-73.490307,-13.066476],[-73.492529,-13.04702],[-73.478465,-13.034271],[-73.476573,-13.001102],[-73.487609,-12.998911],[-73.504681,-13.011122],[-73.51994,-13.004688],[-73.530032,-12.985266],[-73.508036,-12.971897],[-73.510236,-12.951541],[-73.496604,-12.93253],[-73.520283,-12.939216],[-73.529846,-12.931963],[-73.533295,-12.919329],[-73.523676,-12.899478],[-73.581899,-12.85868],[-73.591451,-12.842845],[-73.590022,-12.824168],[-73.615451,-12.808016],[-73.626729,-12.787694],[-73.625667,-12.764992],[-73.659888,-12.734395],[-73.656095,-12.72347],[-73.682465,-12.687812],[-73.693272,-12.687719],[-73.698328,-12.672134],[-73.712104,-12.665965],[-73.725038,-12.63673],[-73.743416,-12.651528],[-73.764557,-12.64784],[-73.800633,-12.614583],[-73.8048,-12.57598],[-73.824023,-12.533478],[-73.833176,-12.530667],[-73.844186,-12.539458],[-73.85319,-12.534363],[-73.85431,-12.489057],[-73.885925,-12.40614],[-73.928019,-12.378752],[-73.947767,-12.350662],[-73.970072,-12.347811],[-73.970615,-12.275564],[-73.980452,-12.242588],[-73.987497,-12.271665],[-73.99985,-12.283577],[-74.021875,-12.277364],[-74.039787,-12.261409],[-74.059282,-12.276551],[-74.097354,-12.283709],[-74.104121,-12.313243],[-74.125167,-12.333859],[-74.13116,-12.314605],[-74.147332,-12.324383],[-74.166228,-12.312397],[-74.184894,-12.316154],[-74.190142,-12.302421],[-74.218702,-12.301736],[-74.218043,-12.27808],[-74.232632,-12.267506],[-74.24551,-12.269479],[-74.247756,-12.258043],[-74.257539,-12.256442],[-74.26983,-12.239348],[-74.284072,-12.240643],[-74.291485,-12.22305],[-74.321338,-12.230158],[-74.336191,-12.215619],[-74.329734,-12.211239],[-74.333475,-12.196064],[-74.344725,-12.194768],[-74.349996,-12.175829],[-74.348428,-12.175033]],[[-73.720131,-15.259031],[-73.701449,-15.247121],[-73.685614,-15.266482],[-73.68731,-15.276045],[-73.665859,-15.270952],[-73.643803,-15.279239],[-73.63936,-15.290174],[-73.659566,-15.318735],[-73.682286,-15.333401],[-73.695737,-15.323685],[-73.714,-15.324623],[-73.739206,-15.308555],[-73.749595,-15.267023],[-73.747507,-15.259557],[-73.740172,-15.265978],[-73.720369,-15.259189],[-73.720131,-15.259031]]]}},{"type":"Feature","id":"06","properties":{"ubigeo":"06","nombre_departamento":"cajamarca","nombre_provincia":"","nombre_distrito":"","capital":"cajamarca"},"geometry":{"type":"Polygon","coordinates":[[[-78.700343,-4.627693],[-78.762062,-4.629105],[-78.774336,-4.642061],[-78.80476,-4.637926],[-78.856179,-4.667669],[-78.863221,-4.690597],[-78.890489,-4.717292],[-78.889629,-4.763926],[-78.915424,-4.780856],[-78.891685,-4.808006],[-78.896896,-4.832195],[-78.911862,-4.851635],[-78.889533,-4.873026],[-78.891658,-4.887344],[-78.945595,-4.89826],[-78.9724,-4.894977],[-78.991614,-4.965813],[-79.014505,-5.015029],[-79.034359,-5.013337],[-79.056496,-4.989037],[-79.0714,-4.990926],[-79.076161,-4.971041],[-79.110711,-4.979404],[-79.14941,-4.964796],[-79.208326,-4.964288],[-79.222181,-4.982402],[-79.212952,-5.001109],[-79.226248,-5.047857],[-79.273008,-5.058522],[-79.273258,-5.072783],[-79.296193,-5.101222],[-79.296026,-5.11198],[-79.330351,-5.124428],[-79.34207,-5.143149],[-79.341857,-5.164],[-79.367484,-5.174514],[-79.378408,-5.189978],[-79.369043,-5.212361],[-79.348189,-5.23366],[-79.359049,-5.288627],[-79.328072,-5.315914],[-79.326053,-5.348037],[-79.319738,-5.362273],[-79.307857,-5.365277],[-79.305522,-5.425869],[-79.294514,-5.440252],[-79.297615,-5.459947],[-79.281028,-5.486323],[-79.275961,-5.51974],[-79.286807,-5.525865],[-79.310658,-5.520063],[-79.330565,-5.53547],[-79.387262,-5.522393],[-79.398623,-5.53348],[-79.371121,-5.602564],[-79.382758,-5.63593],[-79.377857,-5.647055],[-79.384463,-5.680441],[-79.39926,-5.702543],[-79.399246,-5.771215],[-79.389641,-5.793047],[-79.375996,-5.800533],[-79.376449,-5.823673],[-79.350513,-5.855462],[-79.353642,-5.871119],[-79.335437,-5.893969],[-79.359582,-5.919539],[-79.361891,-5.93276],[-79.398359,-5.94993],[-79.42051,-5.9721],[-79.418016,-6.002987],[-79.395918,-5.977193],[-79.349018,-5.979688],[-79.345419,-6.005973],[-79.31701,-6.042896],[-79.311088,-6.034649],[-79.322141,-5.999126],[-79.300405,-5.985154],[-79.263301,-6.003263],[-79.266012,-6.025023],[-79.240874,-6.028634],[-79.224939,-6.054706],[-79.216238,-6.05182],[-79.20396,-6.02406],[-79.190004,-6.024766],[-79.1756,-6.041377],[-79.188936,-6.058924],[-79.181917,-6.089339],[-79.201334,-6.100412],[-79.235093,-6.093723],[-79.260203,-6.142091],[-79.273384,-6.147728],[-79.273953,-6.164866],[-79.249103,-6.224439],[-79.279048,-6.229258],[-79.276996,-6.241554],[-79.300487,-6.26747],[-79.329035,-6.26627],[-79.344821,-6.281345],[-79.352773,-6.303982],[-79.386181,-6.298128],[-79.405621,-6.312072],[-79.422658,-6.31043],[-79.443164,-6.359855],[-79.458571,-6.372099],[-79.446672,-6.376718],[-79.453156,-6.399086],[-79.422888,-6.451882],[-79.422695,-6.467489],[-79.433889,-6.48116],[-79.417136,-6.505321],[-79.421944,-6.533363],[-79.404426,-6.541321],[-79.369613,-6.520803],[-79.36066,-6.56884],[-79.347927,-6.573688],[-79.335736,-6.602429],[-79.362496,-6.634765],[-79.34475,-6.64646],[-79.32589,-6.6405],[-79.304023,-6.651605],[-79.29559,-6.676136],[-79.271872,-6.680266],[-79.22906,-6.671406],[-79.218449,-6.692679],[-79.196447,-6.69517],[-79.18843,-6.71654],[-79.171047,-6.701703],[-79.142727,-6.699895],[-79.138747,-6.739242],[-79.120848,-6.77697],[-79.20709,-6.82144],[-79.224794,-6.858376],[-79.26274,-6.859156],[-79.273076,-6.876654],[-79.295642,-6.883502],[-79.311009,-6.901342],[-79.310141,-6.925396],[-79.29923,-6.940722],[-79.307293,-6.968616],[-79.296652,-7.000738],[-79.323023,-7.02648],[-79.330488,-7.075973],[-79.312916,-7.090386],[-79.313704,-7.120663],[-79.29619,-7.12962],[-79.305301,-7.147146],[-79.280956,-7.157079],[-79.274549,-7.182783],[-79.251804,-7.198349],[-79.275553,-7.215539],[-79.269025,-7.228055],[-79.279322,-7.247702],[-79.26892,-7.27841],[-79.28263,-7.27506],[-79.30685,-7.28371],[-79.32753,-7.30894],[-79.36928,-7.32412],[-79.315798,-7.359554],[-79.282902,-7.348743],[-79.260875,-7.378995],[-79.23248,-7.390683],[-79.194443,-7.373374],[-79.186498,-7.377347],[-79.18779,-7.396876],[-79.16177,-7.418381],[-79.154492,-7.439135],[-79.122762,-7.441644],[-79.065428,-7.472709],[-79.071552,-7.505346],[-79.057006,-7.527702],[-79.059847,-7.546675],[-79.038604,-7.562062],[-79.041232,-7.599887],[-78.992149,-7.660949],[-78.962392,-7.658795],[-78.95354,-7.6498],[-78.94219,-7.6272],[-78.944344,-7.598418],[-78.912774,-7.551087],[-78.895908,-7.537437],[-78.861497,-7.531858],[-78.851088,-7.522117],[-78.861058,-7.497857],[-78.886685,-7.484102],[-78.847756,-7.452769],[-78.841619,-7.437617],[-78.80369,-7.419378],[-78.801408,-7.403512],[-78.789914,-7.395154],[-78.781287,-7.423669],[-78.76012,-7.40198],[-78.73372,-7.42068],[-78.71333,-7.40964],[-78.68864,-7.41408],[-78.663994,-7.403621],[-78.654935,-7.426033],[-78.639109,-7.432537],[-78.627795,-7.452642],[-78.627317,-7.478857],[-78.650242,-7.527799],[-78.62457,-7.54856],[-78.49139,-7.55487],[-78.41563,-7.48507],[-78.403084,-7.483493],[-78.36817,-7.50032],[-78.330651,-7.496334],[-78.322221,-7.503326],[-78.32575,-7.509904],[-78.349002,-7.511246],[-78.360827,-7.529961],[-78.356792,-7.574006],[-78.366151,-7.590236],[-78.378166,-7.594035],[-78.376892,-7.624651],[-78.382819,-7.630107],[-78.371863,-7.644602],[-78.360236,-7.64489],[-78.359463,-7.668005],[-78.347965,-7.685716],[-78.330139,-7.699628],[-78.312351,-7.702871],[-78.302803,-7.696463],[-78.276207,-7.719558],[-78.281156,-7.747278],[-78.22182,-7.763461],[-78.212786,-7.756864],[-78.211263,-7.742507],[-78.219351,-7.724458],[-78.198087,-7.729086],[-78.190287,-7.717504],[-78.171345,-7.713394],[-78.158863,-7.693351],[-78.141004,-7.682721],[-78.142304,-7.664832],[-78.128384,-7.653224],[-78.116053,-7.654007],[-78.081221,-7.696169],[-78.04957,-7.67856],[-77.998642,-7.679074],[-77.973846,-7.667037],[-77.962802,-7.674314],[-77.960139,-7.655261],[-77.936584,-7.657477],[-77.931952,-7.652493],[-77.940503,-7.640627],[-77.913138,-7.625866],[-77.92242,-7.59974],[-77.86794,-7.58303],[-77.85686,-7.52353],[-77.791867,-7.500391],[-77.764867,-7.479448],[-77.74732,-7.48035],[-77.741372,-7.466695],[-77.755421,-7.441046],[-77.768012,-7.440147],[-77.771631,-7.418814],[-77.824996,-7.378664],[-77.820798,-7.368649],[-77.828925,-7.344413],[-77.838372,-7.341119],[-77.832828,-7.304551],[-77.841489,-7.28877],[-77.856811,-7.282621],[-77.859428,-7.254023],[-77.84924,-7.235571],[-77.88201,-7.22055],[-77.881069,-7.194616],[-77.89778,-7.182487],[-77.897869,-7.166807],[-77.925612,-7.154573],[-77.92974,-7.105547],[-77.949287,-7.078425],[-77.948365,-7.066805],[-77.965921,-7.050774],[-77.971122,-7.025887],[-77.987195,-7.012598],[-77.985298,-7.000935],[-78.00055,-6.989204],[-77.988491,-6.975324],[-78.001649,-6.969479],[-77.999396,-6.94097],[-78.013641,-6.931684],[-77.999651,-6.907923],[-78.006528,-6.875919],[-78.000793,-6.867258],[-78.014,-6.851196],[-78.030941,-6.847746],[-78.013692,-6.821253],[-78.021044,-6.818255],[-78.021425,-6.770094],[-78.029491,-6.767572],[-78.037748,-6.746086],[-78.04467,-6.692162],[-78.056758,-6.675743],[-78.077863,-6.668938],[-78.080219,-6.655304],[-78.094591,-6.657303],[-78.107155,-6.64343],[-78.104109,-6.62361],[-78.12074,-6.597319],[-78.116671,-6.577998],[-78.137634,-6.563174],[-78.135734,-6.52718],[-78.151863,-6.510897],[-78.152181,-6.499826],[-78.164365,-6.490801],[-78.17384,-6.493705],[-78.176725,-6.47464],[-78.187135,-6.469352],[-78.190029,-6.457016],[-78.209986,-6.45803],[-78.243452,-6.40171],[-78.268287,-6.391109],[-78.27709,-6.399104],[-78.29126,-6.372518],[-78.303249,-6.374112],[-78.332643,-6.352305],[-78.335386,-6.318679],[-78.369343,-6.273293],[-78.370089,-6.239084],[-78.399934,-6.228422],[-78.415417,-6.212606],[-78.417789,-6.190516],[-78.466655,-6.134719],[-78.475842,-6.132627],[-78.477283,-6.11483],[-78.498444,-6.102501],[-78.498612,-6.089272],[-78.510229,-6.077044],[-78.555828,-6.071284],[-78.582859,-6.07891],[-78.600462,-6.06562],[-78.608861,-6.053006],[-78.61121,-6.01661],[-78.636404,-5.988264],[-78.641517,-5.969848],[-78.660288,-5.955604],[-78.67315,-5.916445],[-78.695934,-5.888527],[-78.691137,-5.874304],[-78.699148,-5.840761],[-78.71229,-5.828725],[-78.691755,-5.750742],[-78.65483,-5.736275],[-78.651421,-5.7261],[-78.68633,-5.698888],[-78.651082,-5.67563],[-78.639033,-5.645115],[-78.624771,-5.639365],[-78.58299,-5.550739],[-78.550235,-5.533095],[-78.55825,-5.496361],[-78.543077,-5.481767],[-78.543437,-5.471767],[-78.51396,-5.453375],[-78.51128,-5.443427],[-78.522771,-5.416874],[-78.51858,-5.398477],[-78.539872,-5.365686],[-78.60524,-5.309441],[-78.64157,-5.303752],[-78.654426,-5.274301],[-78.684244,-5.26749],[-78.684086,-5.239027],[-78.702988,-5.207727],[-78.710895,-5.156772],[-78.700624,-5.104083],[-78.683411,-5.087026],[-78.680618,-5.07248],[-78.657714,-5.067423],[-78.640528,-5.034244],[-78.651434,-4.978569],[-78.66622,-4.979504],[-78.678328,-4.968382],[-78.645105,-4.907474],[-78.6438,-4.85815],[-78.631877,-4.836445],[-78.641937,-4.802352],[-78.620699,-4.767932],[-78.631132,-4.757313],[-78.628269,-4.739679],[-78.645027,-4.734833],[-78.64,-4.705228],[-78.63171,-4.698435],[-78.643632,-4.682157],[-78.637872,-4.656415],[-78.651723,-4.646184],[-78.665028,-4.655828],[-78.698174,-4.62965],[-78.700343,-4.627693]]]}},{"type":"Feature","id":"07","properties":{"ubigeo":"07","nombre_departamento":"callao","nombre_provincia":"","nombre_distrito":"","capital":"callao"},"geometry":{"type":"Polygon","coordinates":[[[-77.135045,-11.818199],[-77.187963,-11.828559],[-77.183977,-11.844264],[-77.17209,-11.846416],[-77.157766,-11.871877],[-77.133432,-11.969105],[-77.138497,-12.008396],[-77.15548,-12.046159],[-77.143,-12.037407],[-77.140807,-12.045655],[-77.146395,-12.04403],[-77.147135,-12.05545],[-77.155001,-12.04933],[-77.148634,-12.058554],[-77.170892,-12.072213],[-77.145689,-12.067514],[-77.111492,-12.079514],[-77.104656,-12.063262],[-77.087109,-12.061519],[-77.087656,-12.05173],[-77.077947,-12.046621],[-77.083029,-12.03632],[-77.096295,-12.033644],[-77.089307,-12.011723],[-77.103344,-11.997586],[-77.118047,-11.994862],[-77.10971,-11.976156],[-77.128592,-11.938066],[-77.095244,-11.949659],[-77.104024,-11.935711],[-77.089274,-11.899178],[-77.095342,-11.873247],[-77.116215,-11.848609],[-77.116412,-11.831224],[-77.134842,-11.818266],[-77.135045,-11.818199]]]}},{"type":"Feature","id":"08","properties":{"ubigeo":"08","nombre_departamento":"cusco","nombre_provincia":"","nombre_distrito":"","capital":"cusco"},"geometry":{"type":"Polygon","coordinates":[[[-72.972802,-11.251894],[-72.975483,-11.224352],[-72.96618,-11.217324],[-72.977062,-11.212293],[-73.015722,-11.231369],[-73.025551,-11.264161],[-73.065041,-11.284355],[-73.082137,-11.273284],[-73.131662,-11.293927],[-73.186457,-11.285978],[-73.213188,-11.299082],[-73.237132,-11.299513],[-73.255999,-11.312535],[-73.316717,-11.307365],[-73.346172,-11.313453],[-73.351681,-11.332342],[-73.37866,-11.350741],[-73.386262,-11.37127],[-73.408559,-11.385976],[-73.419749,-11.383938],[-73.443303,-11.409679],[-73.456763,-11.442116],[-73.467741,-11.44415],[-73.476569,-11.458352],[-73.479716,-11.471364],[-73.453813,-11.505327],[-73.450402,-11.533068],[-73.487126,-11.534916],[-73.502332,-11.563162],[-73.559651,-11.592051],[-73.60827,-11.66016],[-73.612081,-11.67976],[-73.571937,-11.742627],[-73.570523,-11.76289],[-73.579914,-11.769388],[-73.581327,-11.789063],[-73.577505,-11.836485],[-73.555258,-11.852362],[-73.506549,-11.865265],[-73.490532,-11.87817],[-73.462659,-11.929808],[-73.442724,-11.939315],[-73.445185,-11.961039],[-73.430101,-11.982101],[-73.436069,-11.99585],[-73.421446,-12.015442],[-73.405314,-12.005494],[-73.397885,-12.020943],[-73.40845,-12.064205],[-73.39123,-12.075711],[-73.401015,-12.090834],[-73.356121,-12.111076],[-73.361887,-12.135965],[-73.439521,-12.152008],[-73.469648,-12.219966],[-73.469865,-12.236894],[-73.497834,-12.252375],[-73.521704,-12.249981],[-73.548121,-12.26093],[-73.558947,-12.274888],[-73.574326,-12.276842],[-73.592053,-12.334235],[-73.586069,-12.366176],[-73.599102,-12.385899],[-73.628351,-12.373702],[-73.636501,-12.378785],[-73.657694,-12.359539],[-73.659916,-12.328748],[-73.689067,-12.299406],[-73.704538,-12.269446],[-73.736941,-12.266787],[-73.761759,-12.252921],[-73.795624,-12.262284],[-73.838197,-12.24252],[-73.871819,-12.245399],[-73.883336,-12.262246],[-73.924929,-12.283185],[-73.95251,-12.281184],[-73.972229,-12.294335],[-73.970072,-12.347811],[-73.947767,-12.350662],[-73.928019,-12.378752],[-73.885925,-12.40614],[-73.85431,-12.489057],[-73.854442,-12.532167],[-73.844186,-12.539458],[-73.833176,-12.530667],[-73.824023,-12.533478],[-73.8048,-12.57598],[-73.800063,-12.615453],[-73.756588,-12.651462],[-73.743416,-12.651528],[-73.725038,-12.63673],[-73.712104,-12.665965],[-73.698328,-12.672134],[-73.693272,-12.687719],[-73.682465,-12.687812],[-73.656095,-12.72347],[-73.659888,-12.734395],[-73.625667,-12.764992],[-73.626729,-12.787694],[-73.615451,-12.808016],[-73.590022,-12.824168],[-73.591451,-12.842845],[-73.581899,-12.85868],[-73.523676,-12.899478],[-73.533295,-12.919329],[-73.529846,-12.931963],[-73.520283,-12.939216],[-73.495931,-12.933464],[-73.510236,-12.951541],[-73.508036,-12.971897],[-73.530032,-12.985266],[-73.51994,-13.004688],[-73.504681,-13.011122],[-73.487609,-12.998911],[-73.476573,-13.001102],[-73.478465,-13.034271],[-73.492529,-13.04702],[-73.490133,-13.067004],[-73.478181,-13.055918],[-73.461928,-13.079983],[-73.449258,-13.079588],[-73.455433,-13.093394],[-73.443454,-13.10483],[-73.455154,-13.120742],[-73.438532,-13.128749],[-73.434799,-13.139968],[-73.424123,-13.130442],[-73.414662,-13.145089],[-73.402233,-13.181713],[-73.41497,-13.195514],[-73.409619,-13.211919],[-73.400138,-13.210041],[-73.382325,-13.224874],[-73.382465,-13.238439],[-73.370895,-13.245949],[-73.364348,-13.269428],[-73.346212,-13.278437],[-73.352735,-13.290692],[-73.3411,-13.291274],[-73.348813,-13.30049],[-73.341584,-13.31124],[-73.329663,-13.308617],[-73.312674,-13.324568],[-73.304174,-13.350173],[-73.289583,-13.354994],[-73.286913,-13.372565],[-73.260095,-13.384225],[-73.249043,-13.403637],[-73.215563,-13.418493],[-73.204821,-13.41172],[-73.187108,-13.416354],[-73.186124,-13.441134],[-73.169778,-13.452438],[-73.148648,-13.435213],[-73.14411,-13.419116],[-73.126093,-13.440045],[-73.110665,-13.434543],[-73.097288,-13.448876],[-73.060444,-13.43802],[-73.044052,-13.411962],[-73.015126,-13.426669],[-72.977065,-13.388173],[-72.925961,-13.383068],[-72.8955,-13.388924],[-72.884073,-13.416979],[-72.865786,-13.415881],[-72.838273,-13.42707],[-72.798314,-13.421767],[-72.792746,-13.456508],[-72.770949,-13.449294],[-72.748466,-13.48112],[-72.716291,-13.490433],[-72.672067,-13.5221],[-72.655869,-13.513497],[-72.636876,-13.542142],[-72.626553,-13.535369],[-72.613427,-13.546048],[-72.601431,-13.544302],[-72.59339,-13.562169],[-72.551411,-13.554281],[-72.53616,-13.572101],[-72.523167,-13.566597],[-72.494838,-13.579349],[-72.48896,-13.591821],[-72.465884,-13.587834],[-72.451287,-13.599968],[-72.421398,-13.60608],[-72.399829,-13.633685],[-72.40304,-13.65864],[-72.36944,-13.66566],[-72.35464,-13.68163],[-72.315,-13.69832],[-72.31234,-13.70849],[-72.277418,-13.684148],[-72.260766,-13.682339],[-72.249408,-13.693228],[-72.244762,-13.687432],[-72.244775,-13.698213],[-72.230927,-13.705277],[-72.231875,-13.721723],[-72.206367,-13.728072],[-72.189402,-13.745353],[-72.16591,-13.747636],[-72.147552,-13.779242],[-72.130818,-13.788203],[-72.091237,-13.885389],[-72.08209,-13.88807],[-72.07783,-13.90673],[-72.055546,-13.930679],[-72.06017,-13.96509],[-72.0512,-14.02675],[-72.06308,-14.04568],[-72.0679,-14.07654],[-72.05669,-14.12934],[-72.09519,-14.1734],[-72.07648,-14.20743],[-72.085362,-14.208613],[-72.125929,-14.254002],[-72.161168,-14.263795],[-72.187107,-14.313224],[-72.205577,-14.32025],[-72.224838,-14.349295],[-72.239516,-14.348472],[-72.249505,-14.402926],[-72.294802,-14.410792],[-72.289855,-14.42393],[-72.317199,-14.440689],[-72.340888,-14.427838],[-72.357625,-14.435964],[-72.36549,-14.461765],[-72.399275,-14.48417],[-72.440498,-14.481748],[-72.44444,-14.497034],[-72.491639,-14.53354],[-72.502905,-14.552581],[-72.461699,-14.60587],[-72.471771,-14.661399],[-72.460129,-14.675756],[-72.471512,-14.705152],[-72.486847,-14.71318],[-72.488464,-14.723461],[-72.482643,-14.730406],[-72.486435,-14.742505],[-72.468643,-14.762527],[-72.469185,-14.786989],[-72.459679,-14.782628],[-72.43457,-14.79014],[-72.419609,-14.806316],[-72.417763,-14.821932],[-72.406479,-14.827085],[-72.31839,-14.834089],[-72.25264,-14.803659],[-72.241577,-14.812494],[-72.220634,-14.799973],[-72.212196,-14.803242],[-72.189323,-14.778236],[-72.159668,-14.786342],[-72.145744,-14.777418],[-72.131683,-14.789396],[-72.138603,-14.812244],[-72.131172,-14.828313],[-72.09025,-14.8568],[-72.07662,-14.8837],[-72.04684,-14.88744],[-72.04032,-14.83922],[-72.02522,-14.82912],[-72.04052,-14.8105],[-72.0345,-14.79294],[-72.04779,-14.73877],[-72.04442,-14.70281],[-72.01268,-14.64556],[-71.987915,-14.63295],[-71.973564,-14.65799],[-71.929275,-14.689303],[-71.95218,-14.7038],[-71.94602,-14.71106],[-71.95897,-14.73259],[-71.93281,-14.75646],[-71.924,-14.7898],[-71.89843,-14.78813],[-71.876106,-14.801252],[-71.869095,-14.835971],[-71.854973,-14.85458],[-71.863419,-14.873356],[-71.859604,-14.883615],[-71.827263,-14.888825],[-71.826302,-14.906635],[-71.793008,-14.896168],[-71.785156,-14.912559],[-71.74596,-14.93987],[-71.770241,-14.982177],[-71.765999,-15.009585],[-71.849319,-15.04509],[-71.837631,-15.074841],[-71.815475,-15.078221],[-71.801483,-15.067335],[-71.786301,-15.06955],[-71.772537,-15.082439],[-71.673706,-15.089055],[-71.636024,-15.139139],[-71.614563,-15.145855],[-71.588333,-15.127826],[-71.572344,-15.061932],[-71.513443,-15.079844],[-71.48587,-15.059105],[-71.484604,-15.039326],[-71.50367,-15.027327],[-71.51017,-15.004635],[-71.505226,-14.97556],[-71.465044,-14.984069],[-71.447502,-14.979786],[-71.443039,-14.995569],[-71.426727,-15.002124],[-71.430428,-15.007965],[-71.421471,-15.012395],[-71.417366,-15.033726],[-71.396866,-15.04524],[-71.371704,-15.080226],[-71.361847,-15.079143],[-71.353714,-15.092703],[-71.329941,-15.099461],[-71.31913,-15.119737],[-71.260588,-15.07827],[-71.265541,-15.063],[-71.243637,-15.056817],[-71.226532,-15.069554],[-71.215966,-15.049264],[-71.207306,-15.050582],[-71.207275,-15.070552],[-71.196678,-15.088868],[-71.165611,-15.0968],[-71.161652,-15.109302],[-71.143257,-15.121558],[-71.14904,-15.137722],[-71.184906,-15.169772],[-71.176758,-15.1726],[-71.160329,-15.207768],[-71.20208,-15.245132],[-71.194618,-15.270928],[-71.164238,-15.290928],[-71.16624,-15.32087],[-71.150528,-15.355905],[-71.169495,-15.382284],[-71.174332,-15.424457],[-71.150256,-15.440593],[-71.120094,-15.427103],[-71.103836,-15.45327],[-71.082016,-15.457074],[-71.072273,-15.451497],[-71.075455,-15.438301],[-71.044083,-15.418116],[-71.006119,-15.335227],[-70.985113,-15.316677],[-70.959058,-15.319052],[-70.950032,-15.298259],[-70.974394,-15.274152],[-70.985281,-15.24903],[-70.962502,-15.215637],[-70.98201,-15.149452],[-70.978642,-15.111368],[-70.994139,-15.094802],[-70.993383,-15.035815],[-71.004206,-14.998657],[-71.00405,-14.971877],[-70.98474,-14.946068],[-70.995973,-14.893905],[-70.991368,-14.861269],[-70.996592,-14.843943],[-70.994675,-14.829899],[-70.978327,-14.824155],[-70.983709,-14.786031],[-70.975059,-14.764982],[-71.013093,-14.739694],[-71.027763,-14.760075],[-71.035694,-14.752117],[-71.05324,-14.75433],[-71.08951,-14.713188],[-71.088043,-14.695701],[-71.110107,-14.673537],[-71.118092,-14.64795],[-71.109118,-14.633951],[-71.073905,-14.631446],[-71.031042,-14.593263],[-71.010053,-14.597542],[-71.020431,-14.585345],[-71.01471,-14.577978],[-70.999543,-14.572301],[-70.977703,-14.583021],[-70.966116,-14.568336],[-70.999349,-14.502638],[-70.986585,-14.498718],[-70.987973,-14.45532],[-70.962353,-14.444539],[-70.985821,-14.406726],[-70.978692,-14.394484],[-70.986036,-14.379762],[-70.970482,-14.378284],[-70.962085,-14.361168],[-70.929773,-14.340878],[-70.912182,-14.341473],[-70.913457,-14.303319],[-70.892823,-14.286672],[-70.890989,-14.272715],[-70.879915,-14.270434],[-70.882165,-14.253465],[-70.899793,-14.232986],[-70.89458,-14.209109],[-70.882144,-14.198786],[-70.889393,-14.187039],[-70.88661,-14.172314],[-70.867338,-14.169561],[-70.84626,-14.148899],[-70.821144,-14.141147],[-70.80613,-14.12032],[-70.80561,-14.099284],[-70.790043,-14.080968],[-70.795883,-14.072119],[-70.817915,-14.067583],[-70.829472,-14.076337],[-70.831666,-14.061521],[-70.849524,-14.054171],[-70.860391,-14.030842],[-70.853535,-14.012859],[-70.840362,-14.008167],[-70.852636,-13.998197],[-70.846276,-13.963541],[-70.809673,-13.912264],[-70.814184,-13.901128],[-70.83086,-13.895075],[-70.825625,-13.878054],[-70.83242,-13.856872],[-70.854161,-13.853548],[-70.875136,-13.838986],[-70.880048,-13.817368],[-70.853926,-13.798605],[-70.849083,-13.815299],[-70.8284,-13.82763],[-70.76773,-13.81438],[-70.73222,-13.82345],[-70.70919,-13.84315],[-70.698858,-13.803168],[-70.713864,-13.772801],[-70.722091,-13.770642],[-70.718702,-13.764902],[-70.735376,-13.735299],[-70.735867,-13.71245],[-70.721235,-13.700156],[-70.715374,-13.662653],[-70.68952,-13.652593],[-70.662807,-13.660567],[-70.616191,-13.609062],[-70.588604,-13.598584],[-70.57787,-13.585841],[-70.543625,-13.577635],[-70.546598,-13.549843],[-70.538874,-13.531257],[-70.488795,-13.500381],[-70.452618,-13.447918],[-70.471827,-13.439928],[-70.442646,-13.395405],[-70.451116,-13.36517],[-70.419825,-13.358554],[-70.3995,-13.371644],[-70.392731,-13.344772],[-70.402503,-13.32941],[-70.395599,-13.316665],[-70.368057,-13.307072],[-70.345847,-13.312746],[-70.346648,-13.295187],[-70.370837,-13.276411],[-70.405352,-13.269408],[-70.422706,-13.255464],[-70.416309,-13.242607],[-70.390078,-13.231333],[-70.385327,-13.199038],[-70.395476,-13.183051],[-70.464248,-13.159691],[-70.549425,-13.153171],[-70.586086,-13.104142],[-70.599492,-13.099146],[-70.660325,-13.088333],[-70.682932,-13.097625],[-70.685209,-13.106781],[-70.759941,-13.108096],[-70.799414,-13.090352],[-70.817353,-13.069851],[-70.842961,-13.067048],[-70.86311,-13.080324],[-70.899266,-13.069685],[-70.887291,-13.103364],[-70.921393,-13.110831],[-70.927631,-13.12878],[-70.94228,-13.135487],[-70.94219,-13.156499],[-70.977236,-13.169683],[-70.994205,-13.202222],[-70.990851,-13.221546],[-71.011213,-13.238714],[-71.012002,-13.264963],[-71.036261,-13.270495],[-71.09127,-13.24016],[-71.122012,-13.233529],[-71.131537,-13.220017],[-71.143976,-13.137235],[-71.161193,-13.120426],[-71.166932,-13.102147],[-71.161578,-13.066461],[-71.173799,-13.055008],[-71.16653,-13.01767],[-71.179395,-12.998342],[-71.171916,-12.981983],[-71.159001,-12.978679],[-71.162063,-12.966768],[-71.17641,-12.970943],[-71.195946,-12.959581],[-71.22093,-12.95766],[-71.23086,-12.97248],[-71.27101,-12.96249],[-71.27232,-12.95414],[-71.31475,-12.93148],[-71.358989,-12.880754],[-71.375058,-12.900546],[-71.396843,-12.882633],[-71.416367,-12.894062],[-71.417936,-12.882597],[-71.42719,-12.881973],[-71.423981,-12.873254],[-71.437389,-12.876268],[-71.448872,-12.863341],[-71.445074,-12.840732],[-71.456076,-12.840321],[-71.446483,-12.827216],[-71.459428,-12.825183],[-71.464846,-12.809697],[-71.495658,-12.78198],[-71.513136,-12.744387],[-71.523526,-12.747196],[-71.546591,-12.735416],[-71.552701,-12.708705],[-71.600298,-12.700058],[-71.63896,-12.70944],[-71.66054,-12.72892],[-71.69497,-12.73879],[-71.69475,-12.75374],[-71.70809,-12.77292],[-71.74756,-12.79616],[-71.76021,-12.78792],[-71.76466,-12.76746],[-71.79951,-12.76556],[-71.81224,-12.74386],[-71.88162,-12.73044],[-71.900352,-12.733355],[-71.918207,-12.720165],[-71.917782,-12.698914],[-71.967654,-12.691897],[-71.97807,-12.678937],[-71.970085,-12.662139],[-71.956132,-12.654458],[-71.957126,-12.639488],[-71.965057,-12.631968],[-71.966411,-12.61282],[-71.984213,-12.608167],[-71.981396,-12.58049],[-72.000535,-12.569615],[-72.028832,-12.526372],[-72.04979,-12.520946],[-72.057338,-12.507957],[-72.072638,-12.511066],[-72.078962,-12.498627],[-72.064669,-12.470227],[-72.060558,-12.438361],[-72.049893,-12.434442],[-72.047529,-12.423007],[-72.017477,-12.415179],[-72.00909,-12.40367],[-71.976647,-12.399454],[-71.963302,-12.376903],[-71.967179,-12.347642],[-71.94589,-12.330224],[-72.028936,-12.287234],[-72.043359,-12.254884],[-72.056439,-12.257278],[-72.0753,-12.243264],[-72.105611,-12.238793],[-72.092205,-12.194418],[-72.100436,-12.169419],[-72.087559,-12.14269],[-72.094447,-12.085191],[-72.173733,-12.05981],[-72.230425,-12.061778],[-72.268933,-12.054375],[-72.2696,-12.022836],[-72.259165,-12.005723],[-72.281544,-11.995797],[-72.286222,-11.975316],[-72.34049,-11.965768],[-72.336821,-11.937337],[-72.347514,-11.891267],[-72.33184,-11.856086],[-72.390757,-11.827557],[-72.390999,-11.80661],[-72.370768,-11.784967],[-72.385006,-11.761721],[-72.425064,-11.733169],[-72.428198,-11.705185],[-72.410073,-11.693011],[-72.405294,-11.674797],[-72.38771,-11.660459],[-72.390302,-11.650684],[-72.378183,-11.647179],[-72.370991,-11.630785],[-72.355623,-11.635025],[-72.348042,-11.617859],[-72.307894,-11.587537],[-72.313025,-11.561518],[-72.29803,-11.504116],[-72.304173,-11.497114],[-72.289628,-11.482852],[-72.287457,-11.466648],[-72.292551,-11.433273],[-72.270821,-11.400189],[-72.247894,-11.385006],[-72.239258,-11.345061],[-72.247825,-11.34484],[-72.253189,-11.330078],[-72.280061,-11.339605],[-72.283752,-11.316891],[-72.30568,-11.307334],[-72.322793,-11.324709],[-72.322883,-11.31676],[-72.338295,-11.31708],[-72.361023,-11.333863],[-72.381164,-11.334023],[-72.387095,-11.347661],[-72.393436,-11.342101],[-72.396502,-11.349764],[-72.399327,-11.343153],[-72.403384,-11.357112],[-72.423594,-11.355174],[-72.425127,-11.368487],[-72.436036,-11.366098],[-72.441566,-11.375099],[-72.449229,-11.370801],[-72.449034,-11.385768],[-72.464857,-11.390606],[-72.469365,-11.385257],[-72.474338,-11.392349],[-72.481115,-11.387556],[-72.487517,-11.393341],[-72.482212,-11.398119],[-72.493061,-11.40401],[-72.498952,-11.395024],[-72.501215,-11.409019],[-72.509822,-11.411509],[-72.507427,-11.421107],[-72.518054,-11.41802],[-72.516669,-11.431964],[-72.533633,-11.439206],[-72.535066,-11.425396],[-72.536316,-11.434801],[-72.548847,-11.436888],[-72.547732,-11.448342],[-72.553665,-11.43208],[-72.581818,-11.439124],[-72.580821,-11.430798],[-72.596144,-11.440038],[-72.591042,-11.432094],[-72.600315,-11.418533],[-72.609539,-11.439938],[-72.607511,-11.429252],[-72.62433,-11.425613],[-72.617167,-11.417785],[-72.631892,-11.415674],[-72.634218,-11.405055],[-72.645569,-11.412766],[-72.665695,-11.385909],[-72.692302,-11.395698],[-72.698617,-11.380408],[-72.709736,-11.378813],[-72.714655,-11.359252],[-72.707259,-11.352206],[-72.712827,-11.347237],[-72.71768,-11.362111],[-72.723264,-11.350753],[-72.738238,-11.347429],[-72.763349,-11.37161],[-72.794975,-11.384557],[-72.789458,-11.368602],[-72.797036,-11.364431],[-72.799729,-11.38557],[-72.816198,-11.375084],[-72.821782,-11.389625],[-72.842464,-11.38684],[-72.833969,-11.374301],[-72.844415,-11.373349],[-72.844439,-11.363284],[-72.852862,-11.365283],[-72.859167,-11.355432],[-72.877061,-11.364307],[-72.876181,-11.355289],[-72.887234,-11.356499],[-72.890366,-11.343175],[-72.894684,-11.35826],[-72.921462,-11.343416],[-72.923185,-11.355109],[-72.934693,-11.347067],[-72.921332,-11.335225],[-72.924353,-11.327405],[-72.944737,-11.339914],[-72.949518,-11.3305],[-72.964973,-11.331612],[-72.951853,-11.327548],[-72.958818,-11.313687],[-72.944425,-11.309869],[-72.940445,-11.322689],[-72.932277,-11.309476],[-72.934313,-11.303922],[-72.955556,-11.304616],[-72.952825,-11.293278],[-72.935632,-11.290825],[-72.945189,-11.275437],[-72.956273,-11.272868],[-72.955879,-11.263381],[-72.967449,-11.266829],[-72.97134,-11.251976],[-72.972802,-11.251894]],[[-71.280337,-14.434712],[-71.248167,-14.438879],[-71.196342,-14.476641],[-71.166354,-14.484172],[-71.156303,-14.497641],[-71.167957,-14.52144],[-71.191154,-14.519264],[-71.228147,-14.50038],[-71.273652,-14.459449],[-71.280406,-14.434726],[-71.280337,-14.434712]]]}},{"type":"Feature","id":"09","properties":{"ubigeo":"09","nombre_departamento":"huancavelica","nombre_provincia":"","nombre_distrito":"","capital":"huancavelica"},"geometry":{"type":"Polygon","coordinates":[[[-74.571176,-11.987104],[-74.593568,-11.986745],[-74.59275,-11.995496],[-74.602547,-11.999512],[-74.624165,-11.985182],[-74.657573,-11.992684],[-74.66143,-12.00561],[-74.6792,-12.01826],[-74.68336,-12.03814],[-74.7169,-12.05942],[-74.74451,-12.0409],[-74.79428,-12.05829],[-74.81875,-12.05353],[-74.837374,-12.070818],[-74.870774,-12.065992],[-74.939016,-12.018356],[-74.997754,-12.02108],[-75.021942,-12.013072],[-75.026815,-12.002196],[-75.048952,-11.999228],[-75.047053,-12.011564],[-75.086401,-12.053256],[-75.07383,-12.061311],[-75.065164,-12.091917],[-75.070947,-12.112933],[-75.06292,-12.134716],[-75.076945,-12.147146],[-75.072621,-12.1578],[-75.048921,-12.167548],[-75.049357,-12.201343],[-75.059053,-12.205473],[-75.071628,-12.235203],[-75.08551,-12.236728],[-75.100447,-12.251101],[-75.105221,-12.271142],[-75.098928,-12.285318],[-75.14014,-12.34141],[-75.13101,-12.3785],[-75.154141,-12.395699],[-75.18237,-12.36028],[-75.220085,-12.390455],[-75.213933,-12.413891],[-75.223488,-12.439077],[-75.215515,-12.463421],[-75.229649,-12.475572],[-75.251877,-12.46288],[-75.277441,-12.466797],[-75.297664,-12.485248],[-75.309487,-12.479127],[-75.32474,-12.485502],[-75.319339,-12.514503],[-75.367038,-12.542949],[-75.391908,-12.576213],[-75.409447,-12.58473],[-75.415383,-12.628417],[-75.442645,-12.617741],[-75.460794,-12.631386],[-75.452561,-12.657194],[-75.467201,-12.683331],[-75.483301,-12.677087],[-75.490854,-12.647937],[-75.52539,-12.618367],[-75.551537,-12.623475],[-75.579613,-12.641484],[-75.575049,-12.659453],[-75.561331,-12.663084],[-75.563259,-12.675728],[-75.551455,-12.683993],[-75.553654,-12.704243],[-75.577117,-12.715701],[-75.508243,-12.779827],[-75.520224,-12.788729],[-75.530229,-12.821619],[-75.560332,-12.8174],[-75.570411,-12.842859],[-75.612714,-12.859152],[-75.636337,-12.915582],[-75.602608,-12.980183],[-75.60995,-13.006763],[-75.63899,-13.030778],[-75.628608,-13.057067],[-75.65324,-13.07091],[-75.657995,-13.082328],[-75.68058,-13.070361],[-75.675636,-13.043747],[-75.686618,-13.043072],[-75.694962,-13.074792],[-75.705515,-13.080437],[-75.718768,-13.109765],[-75.70785,-13.142723],[-75.693993,-13.146628],[-75.70629,-13.187651],[-75.688949,-13.214274],[-75.702441,-13.226887],[-75.706481,-13.288287],[-75.730928,-13.310307],[-75.754159,-13.308939],[-75.78764,-13.33479],[-75.809658,-13.388856],[-75.805985,-13.401433],[-75.762523,-13.413766],[-75.744938,-13.404794],[-75.71883,-13.412576],[-75.689281,-13.43967],[-75.677413,-13.429969],[-75.651198,-13.426846],[-75.633422,-13.411183],[-75.614945,-13.416796],[-75.598971,-13.389988],[-75.585122,-13.402668],[-75.538064,-13.404756],[-75.53117,-13.389381],[-75.522349,-13.391338],[-75.50523,-13.371848],[-75.501275,-13.354281],[-75.492189,-13.377532],[-75.49981,-13.38908],[-75.46571,-13.43414],[-75.47344,-13.46326],[-75.47016,-13.48384],[-75.49499,-13.52428],[-75.47731,-13.525484],[-75.495822,-13.567054],[-75.50969,-13.56541],[-75.5107,-13.59018],[-75.519575,-13.603515],[-75.484562,-13.654708],[-75.488197,-13.675902],[-75.496209,-13.67333],[-75.501055,-13.686733],[-75.51591,-13.696393],[-75.531201,-13.742711],[-75.554582,-13.749571],[-75.53759,-13.762396],[-75.541758,-13.781889],[-75.538359,-13.792822],[-75.527522,-13.796958],[-75.524829,-13.8144],[-75.54304,-13.83505],[-75.564654,-13.843108],[-75.555931,-13.878361],[-75.54629,-13.88943],[-75.52206,-13.885115],[-75.47517,-13.91272],[-75.45722,-13.90546],[-75.43352,-13.91407],[-75.38169,-13.96276],[-75.35922,-13.9715],[-75.35568,-13.99577],[-75.329011,-14.018023],[-75.270425,-14.010594],[-75.251677,-13.997846],[-75.233443,-14.003285],[-75.258529,-14.043166],[-75.186592,-14.054113],[-75.16568,-14.07253],[-75.108842,-14.032885],[-75.088502,-14.08157],[-75.0696,-14.079846],[-75.063532,-14.088407],[-75.05789,-14.12992],[-75.05461,-14.11523],[-75.0365,-14.09793],[-75.02992,-14.07304],[-75.015724,-14.069348],[-74.975113,-14.074285],[-74.925156,-14.09942],[-74.907891,-14.092154],[-74.896201,-14.103904],[-74.878113,-14.076254],[-74.860795,-14.067193],[-74.852744,-14.076205],[-74.841766,-14.071305],[-74.825187,-14.092279],[-74.771545,-14.090318],[-74.758713,-14.078596],[-74.78357,-14.019215],[-74.778591,-13.998346],[-74.785331,-13.990268],[-74.767955,-13.978552],[-74.785923,-13.928788],[-74.777008,-13.897504],[-74.785155,-13.88831],[-74.767387,-13.866588],[-74.760364,-13.831487],[-74.778924,-13.784605],[-74.762314,-13.781904],[-74.766793,-13.772488],[-74.753891,-13.736977],[-74.775391,-13.710538],[-74.781151,-13.648184],[-74.771388,-13.606499],[-74.79957,-13.54747],[-74.83186,-13.53219],[-74.86218,-13.48179],[-74.9021,-13.46644],[-74.90414,-13.43115],[-74.89279,-13.41504],[-74.89772,-13.39531],[-74.8877,-13.38002],[-74.85779,-13.35521],[-74.80888,-13.35742],[-74.770088,-13.346328],[-74.759622,-13.325071],[-74.739029,-13.339572],[-74.734355,-13.357404],[-74.71828,-13.36379],[-74.63321,-13.3451],[-74.666996,-13.327436],[-74.686056,-13.286371],[-74.663498,-13.271484],[-74.644654,-13.274137],[-74.600689,-13.227385],[-74.595635,-13.212846],[-74.585953,-13.21076],[-74.572327,-13.184734],[-74.557796,-13.185558],[-74.542213,-13.200502],[-74.525611,-13.189594],[-74.517059,-13.196692],[-74.494172,-13.186596],[-74.458439,-13.190038],[-74.420426,-13.159539],[-74.39601,-13.16883],[-74.38872,-13.12966],[-74.41087,-13.1197],[-74.41127,-13.07939],[-74.37991,-13.02449],[-74.345876,-13.025845],[-74.310349,-13.059606],[-74.280137,-13.074185],[-74.27157,-13.06863],[-74.271471,-13.022736],[-74.29749,-12.967939],[-74.295446,-12.936882],[-74.30449,-12.92938],[-74.326046,-12.929864],[-74.33006,-12.91542],[-74.3192,-12.88652],[-74.33249,-12.858],[-74.32963,-12.83615],[-74.294898,-12.830152],[-74.298414,-12.805745],[-74.29573,-12.79895],[-74.28622,-12.80135],[-74.28497,-12.78831],[-74.29409,-12.75118],[-74.31353,-12.7371],[-74.32837,-12.74424],[-74.34937,-12.71714],[-74.34084,-12.69016],[-74.32717,-12.6802],[-74.34223,-12.62534],[-74.32423,-12.60386],[-74.36329,-12.59427],[-74.36632,-12.57583],[-74.38686,-12.56681],[-74.38427,-12.54485],[-74.40001,-12.52456],[-74.3987,-12.50269],[-74.41519,-12.49175],[-74.40158,-12.46748],[-74.40925,-12.45192],[-74.45393,-12.44391],[-74.507,-12.44824],[-74.52205,-12.43613],[-74.5206,-12.40965],[-74.5349,-12.41],[-74.54943,-12.37385],[-74.56462,-12.36091],[-74.57599,-12.37317],[-74.581123,-12.333319],[-74.555447,-12.288089],[-74.507102,-12.312464],[-74.494529,-12.284788],[-74.474061,-12.272055],[-74.441534,-12.272134],[-74.41629,-12.30477],[-74.38478,-12.27153],[-74.39368,-12.25247],[-74.37607,-12.22919],[-74.38737,-12.18798],[-74.37885,-12.17601],[-74.343199,-12.171118],[-74.361305,-12.155223],[-74.351474,-12.137576],[-74.363484,-12.137843],[-74.398816,-12.103611],[-74.41031,-12.106485],[-74.41952,-12.093776],[-74.414221,-12.076463],[-74.421371,-12.067526],[-74.433122,-12.069891],[-74.442478,-12.045037],[-74.453068,-12.048621],[-74.454376,-12.033946],[-74.480682,-12.026587],[-74.487616,-12.033713],[-74.501124,-12.020806],[-74.528186,-12.015236],[-74.543563,-11.999013],[-74.566959,-11.997464],[-74.570947,-11.988008],[-74.571176,-11.987104]]]}},{"type":"Feature","id":"10","properties":{"ubigeo":"10","nombre_departamento":"huanuco","nombre_provincia":"","nombre_distrito":"","capital":"huanuco"},"geometry":{"type":"Polygon","coordinates":[[[-75.991996,-8.321078],[-76.002494,-8.305227],[-76.010107,-8.316931],[-76.039625,-8.331928],[-76.042596,-8.341592],[-76.056348,-8.329291],[-76.106974,-8.331772],[-76.127503,-8.357526],[-76.109166,-8.379613],[-76.107787,-8.399014],[-76.130668,-8.467877],[-76.1264,-8.54542],[-76.13468,-8.57256],[-76.12016,-8.58956],[-76.12107,-8.63376],[-76.10762,-8.64046],[-76.10713,-8.6488],[-76.1155,-8.65768],[-76.13003,-8.65529],[-76.13949,-8.66664],[-76.15088,-8.70865],[-76.14527,-8.71144],[-76.156771,-8.733709],[-76.16462,-8.731841],[-76.166946,-8.756501],[-76.195411,-8.761849],[-76.203416,-8.75333],[-76.198587,-8.769735],[-76.223144,-8.785454],[-76.240647,-8.769786],[-76.230904,-8.756482],[-76.244993,-8.751483],[-76.228681,-8.745028],[-76.257403,-8.706642],[-76.256884,-8.683827],[-76.24834,-8.683032],[-76.252736,-8.665431],[-76.269456,-8.652489],[-76.264064,-8.6103],[-76.287329,-8.585435],[-76.280359,-8.573564],[-76.305807,-8.573238],[-76.299675,-8.556854],[-76.32508,-8.524324],[-76.312307,-8.500984],[-76.327427,-8.479908],[-76.321716,-8.469839],[-76.332326,-8.431788],[-76.3561,-8.425074],[-76.36671,-8.411541],[-76.417496,-8.443748],[-76.444345,-8.489558],[-76.466167,-8.569743],[-76.492504,-8.575761],[-76.49909,-8.563941],[-76.494838,-8.549588],[-76.5395,-8.513497],[-76.547807,-8.497641],[-76.566293,-8.508146],[-76.636657,-8.514747],[-76.64329,-8.52374],[-76.678351,-8.521267],[-76.69708,-8.5325],[-76.728404,-8.515004],[-76.740989,-8.524647],[-76.754594,-8.519645],[-76.768424,-8.526809],[-76.79015,-8.523641],[-76.796319,-8.511188],[-76.80445,-8.510573],[-76.842659,-8.52523],[-76.846842,-8.54579],[-76.86254,-8.552537],[-76.864702,-8.56635],[-76.887358,-8.554798],[-76.897084,-8.568751],[-76.935972,-8.566967],[-76.940123,-8.551957],[-76.954227,-8.54534],[-76.977301,-8.560599],[-76.994842,-8.555632],[-77.011598,-8.537687],[-77.049801,-8.553715],[-77.091651,-8.516981],[-77.081938,-8.487256],[-77.139928,-8.480455],[-77.133844,-8.440021],[-77.181583,-8.478838],[-77.20268,-8.48541],[-77.26408,-8.46753],[-77.28278,-8.50589],[-77.317486,-8.530152],[-77.310982,-8.533525],[-77.310998,-8.555937],[-77.288717,-8.589769],[-77.293643,-8.637025],[-77.260596,-8.648521],[-77.261152,-8.667197],[-77.246189,-8.702732],[-77.248168,-8.727309],[-77.22749,-8.742826],[-77.225812,-8.766937],[-77.206537,-8.781625],[-77.195734,-8.814992],[-77.174264,-8.834494],[-77.172662,-8.876025],[-77.164836,-8.889098],[-77.15516,-8.900379],[-77.147418,-8.895754],[-77.131023,-8.916285],[-77.122629,-8.946258],[-77.105728,-8.949191],[-77.10249,-8.960947],[-77.110037,-8.969967],[-77.092098,-8.971566],[-77.066019,-8.990916],[-77.035709,-8.999959],[-77.032629,-9.014234],[-77.002787,-9.032619],[-76.980173,-9.062988],[-76.966453,-9.060412],[-76.945399,-9.074831],[-76.929283,-9.070569],[-76.870069,-9.114087],[-76.78996,-9.135893],[-76.734607,-9.20879],[-76.72597,-9.256154],[-76.74062,-9.274515],[-76.740562,-9.33001],[-76.757937,-9.362209],[-76.765898,-9.367197],[-76.782875,-9.342903],[-76.815482,-9.326462],[-76.833965,-9.266008],[-76.845945,-9.263475],[-76.854557,-9.288521],[-76.868727,-9.29275],[-76.870264,-9.314428],[-76.892916,-9.331961],[-76.900603,-9.359066],[-76.9179,-9.369508],[-76.924133,-9.391531],[-76.935236,-9.398549],[-76.930305,-9.433186],[-76.953295,-9.467478],[-76.938619,-9.491699],[-76.937551,-9.525367],[-76.955096,-9.542689],[-76.954578,-9.559314],[-76.980244,-9.564031],[-76.99516,-9.603332],[-77.015297,-9.614269],[-77.029236,-9.612996],[-77.045678,-9.629152],[-77.048658,-9.649506],[-77.020611,-9.711314],[-76.974277,-9.760236],[-76.969482,-9.757809],[-76.981043,-9.724568],[-76.97184,-9.711812],[-76.941365,-9.705912],[-76.93425,-9.729475],[-76.901584,-9.769701],[-76.897758,-9.809289],[-76.841988,-9.910893],[-76.841861,-9.930621],[-76.813758,-9.960146],[-76.825615,-9.989293],[-76.825027,-10.009232],[-76.814965,-10.023432],[-76.807189,-10.084478],[-76.843238,-10.086785],[-76.85358,-10.101779],[-76.871338,-10.094301],[-76.879887,-10.116553],[-76.901943,-10.113342],[-76.915465,-10.119914],[-76.908535,-10.176783],[-76.9161,-10.224588],[-76.904842,-10.237697],[-76.906217,-10.274881],[-76.891023,-10.294744],[-76.894508,-10.304328],[-76.881367,-10.308508],[-76.873018,-10.325789],[-76.869172,-10.338137],[-76.875455,-10.345303],[-76.863002,-10.366186],[-76.865852,-10.374844],[-76.856394,-10.377266],[-76.840771,-10.363197],[-76.831672,-10.393074],[-76.805676,-10.392299],[-76.799853,-10.439558],[-76.787387,-10.438652],[-76.77235,-10.464152],[-76.739615,-10.467061],[-76.727395,-10.478973],[-76.715664,-10.462465],[-76.700876,-10.461009],[-76.69682,-10.442486],[-76.665248,-10.438557],[-76.648976,-10.415836],[-76.620394,-10.415248],[-76.593359,-10.401494],[-76.59338,-10.38724],[-76.578103,-10.375504],[-76.558244,-10.39343],[-76.55188,-10.384644],[-76.531895,-10.386873],[-76.52384,-10.377216],[-76.490941,-10.378896],[-76.486582,-10.352436],[-76.472804,-10.337768],[-76.493976,-10.310531],[-76.42494,-10.31922],[-76.40068,-10.30843],[-76.38722,-10.28929],[-76.3645,-10.29947],[-76.34208,-10.28584],[-76.32576,-10.30553],[-76.33068,-10.31612],[-76.31685,-10.34099],[-76.32341,-10.35958],[-76.305517,-10.412545],[-76.285287,-10.41642],[-76.274705,-10.402465],[-76.269477,-10.368988],[-76.22633,-10.39693],[-76.230889,-10.371791],[-76.205396,-10.376562],[-76.20717,-10.38871],[-76.185397,-10.395463],[-76.166685,-10.413556],[-76.142553,-10.408594],[-76.129631,-10.430801],[-76.118805,-10.426373],[-76.104187,-10.435547],[-76.092892,-10.429281],[-76.078269,-10.434154],[-76.078283,-10.451988],[-76.057641,-10.465152],[-76.039223,-10.454578],[-76.02494,-10.467439],[-76.012209,-10.454611],[-76.003113,-10.488807],[-75.976736,-10.479903],[-75.925049,-10.40656],[-75.934539,-10.37498],[-75.924939,-10.356721],[-75.893539,-10.324281],[-75.8564,-10.301711],[-75.83968,-10.257391],[-75.812709,-10.24409],[-75.784769,-10.25216],[-75.759529,-10.23768],[-75.72868,-10.232771],[-75.70943,-10.21507],[-75.70073,-10.19734],[-75.703863,-10.1419],[-75.689912,-10.118879],[-75.6914,-10.092258],[-75.676469,-10.054275],[-75.64518,-10.026928],[-75.602079,-10.024775],[-75.595221,-10.00962],[-75.596433,-9.953708],[-75.560382,-9.964136],[-75.548379,-9.984415],[-75.508584,-9.976916],[-75.467776,-9.989059],[-75.462309,-9.957284],[-75.453696,-9.955768],[-75.449552,-9.941552],[-75.441741,-9.936258],[-75.421442,-9.943435],[-75.404784,-9.930212],[-75.395547,-9.912777],[-75.4096,-9.902008],[-75.411182,-9.888426],[-75.399596,-9.878456],[-75.369356,-9.870833],[-75.321221,-9.876909],[-75.282408,-9.864731],[-75.275737,-9.85207],[-75.279219,-9.83824],[-75.310639,-9.774672],[-75.25465,-9.779002],[-75.160125,-9.839975],[-75.094468,-9.844478],[-75.057789,-9.818919],[-74.993616,-9.839797],[-74.985553,-9.864064],[-74.951624,-9.859909],[-74.903392,-9.838888],[-74.882351,-9.819738],[-74.859458,-9.844518],[-74.835003,-9.847106],[-74.830399,-9.833808],[-74.836239,-9.820048],[-74.826153,-9.819686],[-74.8156,-9.795428],[-74.821366,-9.78492],[-74.842523,-9.787459],[-74.847071,-9.780477],[-74.839296,-9.764927],[-74.843799,-9.749148],[-74.816844,-9.736434],[-74.828768,-9.703963],[-74.817752,-9.691264],[-74.821883,-9.677188],[-74.787478,-9.66577],[-74.764815,-9.635716],[-74.772486,-9.612379],[-74.755739,-9.606545],[-74.755849,-9.584049],[-74.735594,-9.574445],[-74.750523,-9.524607],[-74.741355,-9.516236],[-74.728821,-9.472412],[-74.694777,-9.447674],[-74.675961,-9.446914],[-74.70942,-9.42221],[-74.684744,-9.408871],[-74.672751,-9.388883],[-74.657834,-9.382013],[-74.654317,-9.368774],[-74.627374,-9.364775],[-74.625375,-9.350209],[-74.589439,-9.303176],[-74.589904,-9.267172],[-74.615295,-9.237984],[-74.63609,-9.172962],[-74.636539,-9.125511],[-74.671865,-9.110542],[-74.678094,-9.094039],[-74.6584,-9.071404],[-74.651366,-9.048768],[-74.669164,-9.020257],[-74.66171,-9.00383],[-74.647875,-8.995768],[-74.65274,-8.979582],[-74.644311,-8.918783],[-74.624215,-8.888727],[-74.618309,-8.832027],[-74.58809,-8.812646],[-74.572875,-8.792646],[-74.532178,-8.776133],[-74.525351,-8.749316],[-74.547135,-8.584567],[-74.577571,-8.553792],[-74.617816,-8.548719],[-74.664148,-8.561909],[-74.847284,-8.661645],[-74.840776,-8.679069],[-74.847978,-8.69198],[-74.852199,-8.763094],[-74.940712,-8.857893],[-74.978981,-8.871653],[-75.005002,-8.869731],[-75.022404,-8.858527],[-75.064715,-8.882277],[-75.072939,-8.87312],[-75.122592,-8.880954],[-75.119428,-8.907176],[-75.108413,-8.922291],[-75.134845,-8.945969],[-75.120105,-8.960699],[-75.119721,-8.983477],[-75.13756,-8.988363],[-75.139215,-8.999503],[-75.154346,-8.999126],[-75.156811,-9.010309],[-75.173864,-9.011575],[-75.175709,-9.024735],[-75.162401,-9.033953],[-75.201215,-9.063838],[-75.194674,-9.073127],[-75.204902,-9.080287],[-75.206455,-9.101339],[-75.241902,-9.102125],[-75.211932,-9.176427],[-75.220911,-9.180077],[-75.242203,-9.220934],[-75.256686,-9.232476],[-75.27192,-9.233415],[-75.268531,-9.252732],[-75.279698,-9.276942],[-75.313929,-9.302089],[-75.334057,-9.288765],[-75.349491,-9.304544],[-75.372154,-9.31023],[-75.418494,-9.292606],[-75.451968,-9.296344],[-75.456255,-9.325],[-75.493644,-9.377012],[-75.600659,-9.413813],[-75.611378,-9.406141],[-75.61666,-9.414076],[-75.670451,-9.417936],[-75.671128,-9.385869],[-75.695012,-9.363927],[-75.688623,-9.349366],[-75.705691,-9.336267],[-75.720242,-9.277228],[-75.763963,-9.237848],[-75.76379,-9.217098],[-75.775067,-9.21973],[-75.796127,-9.20267],[-75.802452,-9.151776],[-75.82152,-9.118965],[-75.825017,-9.090051],[-75.837874,-9.084893],[-75.837876,-9.061944],[-75.860036,-9.050056],[-75.891861,-9.002018],[-75.894504,-8.983714],[-75.883767,-8.972733],[-75.903121,-8.915495],[-75.901273,-8.898151],[-75.910511,-8.896328],[-75.927883,-8.844538],[-75.921647,-8.780808],[-75.946465,-8.713551],[-75.964096,-8.697357],[-75.979174,-8.654012],[-75.965023,-8.579975],[-75.970727,-8.5124],[-75.954531,-8.499486],[-75.967555,-8.459926],[-75.947166,-8.422399],[-75.946337,-8.399123],[-75.967589,-8.34581],[-75.99015,-8.321715],[-75.991996,-8.321078]]]}},{"type":"Feature","id":"11","properties":{"ubigeo":"11","nombre_departamento":"ica","nombre_provincia":"","nombre_distrito":"","capital":"ica"},"geometry":{"type":"Polygon","coordinates":[[[-75.611359,-12.966486],[-75.627652,-12.966776],[-75.638179,-12.974274],[-75.635171,-12.98658],[-75.667049,-12.996556],[-75.665728,-13.016489],[-75.686072,-13.025318],[-75.690549,-13.035105],[-75.72323,-13.038745],[-75.764588,-13.018236],[-75.772484,-13.037861],[-75.802062,-13.06043],[-75.807747,-13.05157],[-75.817923,-13.052149],[-75.824294,-13.030513],[-75.849653,-13.036181],[-75.878781,-13.015994],[-75.942897,-12.992233],[-75.961402,-13.001379],[-75.968614,-13.040836],[-76.011937,-13.085499],[-76.155253,-13.192201],[-76.16268,-13.22607],[-76.20288,-13.30168],[-76.244793,-13.323514],[-76.20984,-13.378072],[-76.193265,-13.42344],[-76.185066,-13.526836],[-76.199535,-13.631477],[-76.219834,-13.68162],[-76.222906,-13.727807],[-76.250518,-13.814657],[-76.247424,-13.830341],[-76.258148,-13.838729],[-76.250746,-13.85393],[-76.263016,-13.868991],[-76.297637,-13.838037],[-76.311648,-13.847074],[-76.288885,-13.797863],[-76.296418,-13.793277],[-76.365439,-13.803281],[-76.371291,-13.808881],[-76.36791,-13.828633],[-76.385947,-13.843853],[-76.396475,-13.908764],[-76.362264,-13.91382],[-76.356006,-13.922805],[-76.339129,-13.915322],[-76.328078,-13.924883],[-76.316326,-13.915445],[-76.314271,-13.894178],[-76.306154,-13.892168],[-76.282873,-13.909043],[-76.282516,-13.918049],[-76.295361,-13.928367],[-76.273037,-13.951873],[-76.270234,-13.980869],[-76.285783,-13.996789],[-76.262625,-14.020232],[-76.270514,-14.036146],[-76.260633,-14.055768],[-76.276365,-14.061873],[-76.276131,-14.08249],[-76.29216,-14.089004],[-76.284443,-14.100014],[-76.279891,-14.127537],[-76.285764,-14.138221],[-76.278725,-14.15243],[-76.293381,-14.163252],[-76.275486,-14.182898],[-76.272146,-14.200199],[-76.253213,-14.160457],[-76.254934,-14.154912],[-76.256578,-14.167486],[-76.270926,-14.142156],[-76.259914,-14.142162],[-76.251982,-14.154394],[-76.225801,-14.150475],[-76.216437,-14.157635],[-76.217855,-14.167916],[-76.198043,-14.172766],[-76.19048,-14.198258],[-76.138021,-14.234207],[-76.105305,-14.314059],[-76.110955,-14.329221],[-76.14524,-14.330156],[-76.136518,-14.348811],[-76.066195,-14.386943],[-76.039109,-14.424527],[-75.972279,-14.470498],[-75.964783,-14.505893],[-75.974732,-14.524605],[-75.930455,-14.571275],[-75.927764,-14.642025],[-75.916766,-14.658906],[-75.855756,-14.694443],[-75.848906,-14.708441],[-75.855566,-14.716281],[-75.760309,-14.76141],[-75.682025,-14.817709],[-75.574521,-14.867797],[-75.509791,-14.910771],[-75.491648,-14.934203],[-75.501863,-14.941809],[-75.503143,-14.962383],[-75.486322,-14.979082],[-75.442693,-15.000592],[-75.433164,-15.026576],[-75.413574,-15.043123],[-75.409215,-15.06799],[-75.394785,-15.08067],[-75.384135,-15.116406],[-75.37134,-15.128148],[-75.371744,-15.151545],[-75.357924,-15.139947],[-75.348125,-15.148416],[-75.349496,-15.158332],[-75.336223,-15.146219],[-75.316869,-15.149932],[-75.275633,-15.167736],[-75.23417,-15.200518],[-75.216625,-15.231416],[-75.21841,-15.24934],[-75.227107,-15.259273],[-75.263812,-15.251184],[-75.248648,-15.255295],[-75.229135,-15.28574],[-75.195926,-15.291152],[-75.169156,-15.307084],[-75.151779,-15.335451],[-75.156659,-15.356023],[-75.18583,-15.35508],[-75.194527,-15.368146],[-75.16151,-15.378129],[-75.15857,-15.392873],[-75.144684,-15.39381],[-75.140404,-15.407166],[-75.122191,-15.405861],[-75.099644,-15.423484],[-75.081912,-15.42401],[-75.071078,-15.435635],[-75.074516,-15.443375],[-75.045547,-15.43033],[-75.018486,-15.382414],[-75.016556,-15.351096],[-75.00388,-15.33023],[-74.968201,-15.299422],[-74.963638,-15.253899],[-74.929306,-15.192402],[-74.87735,-15.15368],[-74.855209,-15.15383],[-74.81592,-15.1395],[-74.758,-15.09284],[-74.72961,-15.0854],[-74.6653,-15.049906],[-74.665694,-14.997902],[-74.646241,-14.977178],[-74.659385,-14.970336],[-74.685484,-14.92947],[-74.662486,-14.898443],[-74.681066,-14.873083],[-74.67633,-14.860717],[-74.69384,-14.838155],[-74.720795,-14.836728],[-74.73251,-14.84666],[-74.733404,-14.837916],[-74.74624,-14.84355],[-74.75458,-14.83529],[-74.751504,-14.827554],[-74.714397,-14.817801],[-74.747755,-14.813104],[-74.764702,-14.790456],[-74.755763,-14.783092],[-74.752692,-14.764041],[-74.738527,-14.753734],[-74.73434,-14.729791],[-74.715697,-14.709777],[-74.750807,-14.729389],[-74.77738,-14.729389],[-74.8027,-14.75215],[-74.825298,-14.736445],[-74.8311,-14.718299],[-74.845742,-14.707979],[-74.837798,-14.695791],[-74.848573,-14.672184],[-74.788166,-14.615563],[-74.859029,-14.60838],[-74.883965,-14.576223],[-74.875343,-14.555267],[-74.882947,-14.546198],[-74.902758,-14.546673],[-74.913392,-14.565616],[-74.946628,-14.580835],[-74.95892,-14.606451],[-74.978661,-14.602414],[-74.996197,-14.6119],[-75.010033,-14.606156],[-75.034161,-14.611288],[-75.053223,-14.627207],[-75.0599,-14.622618],[-75.065858,-14.574483],[-75.08009,-14.56901],[-75.080822,-14.55143],[-75.067144,-14.528571],[-75.086675,-14.530206],[-75.098138,-14.485097],[-75.068459,-14.458358],[-75.070191,-14.449158],[-75.052994,-14.43115],[-75.088969,-14.426409],[-75.105842,-14.434044],[-75.121943,-14.427276],[-75.119138,-14.421131],[-75.139826,-14.415908],[-75.105087,-14.358778],[-75.107912,-14.347016],[-75.093927,-14.312424],[-75.082211,-14.297282],[-75.049704,-14.286539],[-75.032198,-14.265679],[-75.039512,-14.254167],[-75.066043,-14.251611],[-75.073668,-14.235612],[-75.088722,-14.229822],[-75.07638,-14.165905],[-75.057433,-14.123954],[-75.063532,-14.088407],[-75.0696,-14.079846],[-75.088502,-14.08157],[-75.108842,-14.032885],[-75.16568,-14.07253],[-75.186592,-14.054113],[-75.260125,-14.041961],[-75.233443,-14.003285],[-75.251677,-13.997846],[-75.270425,-14.010594],[-75.329011,-14.018023],[-75.35568,-13.99577],[-75.35922,-13.9715],[-75.38169,-13.96276],[-75.43352,-13.91407],[-75.45722,-13.90546],[-75.4819,-13.9106],[-75.52206,-13.885115],[-75.54639,-13.8894],[-75.559905,-13.871306],[-75.56338,-13.84086],[-75.54366,-13.83544],[-75.524878,-13.817899],[-75.527522,-13.796958],[-75.538359,-13.792822],[-75.541758,-13.781889],[-75.53759,-13.762396],[-75.554582,-13.749571],[-75.531201,-13.742711],[-75.51591,-13.696393],[-75.501055,-13.686733],[-75.496209,-13.67333],[-75.488197,-13.675902],[-75.484562,-13.654708],[-75.519575,-13.603515],[-75.5107,-13.59018],[-75.50969,-13.56541],[-75.495822,-13.567054],[-75.47731,-13.525484],[-75.49499,-13.52428],[-75.47016,-13.48384],[-75.47344,-13.46326],[-75.46571,-13.43414],[-75.49981,-13.38908],[-75.492189,-13.377532],[-75.500854,-13.354744],[-75.50523,-13.371848],[-75.522349,-13.391338],[-75.53117,-13.389381],[-75.538064,-13.404756],[-75.585122,-13.402668],[-75.598971,-13.389988],[-75.614945,-13.416796],[-75.633422,-13.411183],[-75.651198,-13.426846],[-75.677413,-13.429969],[-75.689281,-13.43967],[-75.71883,-13.412576],[-75.744938,-13.404794],[-75.762523,-13.413766],[-75.809389,-13.396846],[-75.78764,-13.33479],[-75.754159,-13.308939],[-75.730928,-13.310307],[-75.706481,-13.288287],[-75.702441,-13.226887],[-75.688949,-13.214274],[-75.70629,-13.187651],[-75.693993,-13.146628],[-75.70785,-13.142723],[-75.718768,-13.109765],[-75.705515,-13.080437],[-75.694962,-13.074792],[-75.686618,-13.043072],[-75.675636,-13.043747],[-75.68058,-13.070361],[-75.657995,-13.082328],[-75.65324,-13.07091],[-75.628608,-13.057067],[-75.639268,-13.032014],[-75.608643,-13.004055],[-75.602608,-12.980183],[-75.611026,-12.966789],[-75.611359,-12.966486]]]}},{"type":"Feature","id":"12","properties":{"ubigeo":"12","nombre_departamento":"junin","nombre_provincia":"","nombre_distrito":"","capital":"huancayo"},"geometry":{"type":"Polygon","coordinates":[[[-75.035639,-10.682318],[-75.065073,-10.652894],[-75.074316,-10.66581],[-75.071623,-10.67785],[-75.088447,-10.683537],[-75.10964,-10.723993],[-75.14233,-10.74125],[-75.15708,-10.76198],[-75.176646,-10.749902],[-75.189949,-10.780402],[-75.204184,-10.764676],[-75.2439,-10.763881],[-75.247959,-10.803101],[-75.26425,-10.828051],[-75.283891,-10.841451],[-75.304275,-10.838236],[-75.337816,-10.801276],[-75.347891,-10.800291],[-75.361879,-10.81917],[-75.354728,-10.82854],[-75.362738,-10.850112],[-75.385727,-10.864937],[-75.396292,-10.85323],[-75.410722,-10.861701],[-75.40934,-10.845209],[-75.39076,-10.83226],[-75.386939,-10.799451],[-75.39481,-10.759141],[-75.43591,-10.747461],[-75.460789,-10.749771],[-75.477891,-10.780961],[-75.49025,-10.75683],[-75.514469,-10.756371],[-75.54248,-10.740971],[-75.55692,-10.74407],[-75.567771,-10.72712],[-75.584096,-10.801567],[-75.606622,-10.823116],[-75.649769,-10.82338],[-75.678549,-10.84018],[-75.692963,-10.835139],[-75.693253,-10.817219],[-75.732807,-10.809264],[-75.75857,-10.83009],[-75.789141,-10.825271],[-75.815447,-10.846982],[-75.815579,-10.872493],[-75.836968,-10.886037],[-75.858259,-10.867857],[-75.864782,-10.876586],[-75.87607,-10.867495],[-75.91316,-10.872001],[-75.935924,-10.889723],[-75.937146,-10.871508],[-75.994761,-10.820957],[-76.04551,-10.88074],[-76.08214,-10.89514],[-76.1229,-10.96211],[-76.122525,-10.967596],[-76.110588,-10.962059],[-76.10917,-10.971459],[-76.073082,-10.974338],[-76.048965,-10.998484],[-76.044578,-11.024732],[-76.017609,-11.025736],[-76.011383,-11.032494],[-76.009406,-11.048209],[-76.028908,-11.065459],[-76.027947,-11.085275],[-76.064422,-11.095439],[-76.066955,-11.114473],[-76.096396,-11.108381],[-76.096367,-11.120787],[-76.122025,-11.101207],[-76.121887,-11.085644],[-76.147506,-11.078723],[-76.156699,-11.055818],[-76.191445,-11.029152],[-76.248016,-10.933182],[-76.25915,-10.921763],[-76.276275,-10.918859],[-76.27672,-10.950351],[-76.265482,-10.959578],[-76.272948,-10.971019],[-76.263746,-10.998587],[-76.255671,-11.002395],[-76.259951,-11.015006],[-76.253443,-11.022878],[-76.259668,-11.027402],[-76.23957,-11.049199],[-76.25015,-11.1052],[-76.21463,-11.15031],[-76.22745,-11.15576],[-76.24459,-11.14294],[-76.25777,-11.15175],[-76.3079,-11.132664],[-76.31907,-11.090562],[-76.336738,-11.082482],[-76.350959,-11.094193],[-76.39235,-11.070422],[-76.433662,-11.080094],[-76.446807,-11.071247],[-76.461197,-11.084129],[-76.490956,-11.089097],[-76.495659,-11.109553],[-76.518998,-11.116754],[-76.505175,-11.143788],[-76.505563,-11.173665],[-76.492077,-11.189314],[-76.494209,-11.20974],[-76.483199,-11.236943],[-76.490715,-11.246596],[-76.477091,-11.263913],[-76.456932,-11.272521],[-76.463422,-11.270661],[-76.47847,-11.292046],[-76.450973,-11.343904],[-76.430352,-11.345864],[-76.422684,-11.354855],[-76.420057,-11.375093],[-76.401418,-11.402852],[-76.411648,-11.415885],[-76.396148,-11.442295],[-76.377408,-11.444221],[-76.371485,-11.47648],[-76.38099,-11.486045],[-76.376839,-11.501489],[-76.359399,-11.522867],[-76.350646,-11.520414],[-76.350002,-11.542298],[-76.32786,-11.544323],[-76.317514,-11.5627],[-76.30437,-11.567528],[-76.29765,-11.596174],[-76.273086,-11.582006],[-76.264729,-11.567194],[-76.237414,-11.569009],[-76.228744,-11.553811],[-76.199394,-11.588431],[-76.189418,-11.590401],[-76.179551,-11.612873],[-76.198906,-11.625938],[-76.188292,-11.642387],[-76.204883,-11.659531],[-76.193297,-11.673487],[-76.196686,-11.692565],[-76.207503,-11.699786],[-76.202328,-11.728049],[-76.17538,-11.750375],[-76.154381,-11.781389],[-76.137328,-11.780511],[-76.094435,-11.848468],[-76.058179,-11.879958],[-76.049768,-11.901087],[-76.058221,-11.912809],[-76.052585,-11.948236],[-75.99318,-11.99468],[-75.975305,-11.983941],[-75.95426,-11.986176],[-75.948584,-11.994402],[-75.923337,-11.984252],[-75.904147,-11.998397],[-75.886299,-11.993169],[-75.842549,-12.006453],[-75.832367,-12.025053],[-75.818937,-12.013737],[-75.765663,-12.059627],[-75.751123,-12.054857],[-75.742039,-12.036547],[-75.716734,-12.046519],[-75.694305,-12.042691],[-75.67389,-12.05792],[-75.688222,-12.082133],[-75.66176,-12.092033],[-75.634471,-12.114785],[-75.638703,-12.121532],[-75.627523,-12.14174],[-75.641422,-12.149222],[-75.648466,-12.174208],[-75.6687,-12.183418],[-75.671262,-12.192455],[-75.652727,-12.20567],[-75.642136,-12.229623],[-75.5867,-12.299253],[-75.588596,-12.325003],[-75.568216,-12.331639],[-75.548701,-12.364244],[-75.56694,-12.4122],[-75.558869,-12.412102],[-75.557408,-12.45659],[-75.535974,-12.518548],[-75.571841,-12.564068],[-75.566212,-12.572462],[-75.579379,-12.595081],[-75.579613,-12.641484],[-75.551537,-12.623475],[-75.52539,-12.618367],[-75.490854,-12.647937],[-75.483301,-12.677087],[-75.467201,-12.683331],[-75.452561,-12.657194],[-75.460794,-12.631386],[-75.442645,-12.617741],[-75.415383,-12.628417],[-75.409447,-12.58473],[-75.391908,-12.576213],[-75.367038,-12.542949],[-75.319339,-12.514503],[-75.32474,-12.485502],[-75.309487,-12.479127],[-75.297664,-12.485248],[-75.277441,-12.466797],[-75.251877,-12.46288],[-75.229649,-12.475572],[-75.215515,-12.463421],[-75.223488,-12.439077],[-75.213933,-12.413891],[-75.220085,-12.390455],[-75.18237,-12.36028],[-75.154141,-12.395699],[-75.13101,-12.3785],[-75.14014,-12.34141],[-75.098928,-12.285318],[-75.105221,-12.271142],[-75.100447,-12.251101],[-75.08551,-12.236728],[-75.071628,-12.235203],[-75.059053,-12.205473],[-75.049357,-12.201343],[-75.048921,-12.167548],[-75.072621,-12.1578],[-75.076945,-12.147146],[-75.06292,-12.134716],[-75.070947,-12.112933],[-75.065164,-12.091917],[-75.07383,-12.061311],[-75.086401,-12.053256],[-75.047053,-12.011564],[-75.047542,-11.998559],[-75.026815,-12.002196],[-75.021942,-12.013072],[-74.997754,-12.02108],[-74.939016,-12.018356],[-74.870774,-12.065992],[-74.837374,-12.070818],[-74.81875,-12.05353],[-74.79428,-12.05829],[-74.74451,-12.0409],[-74.7169,-12.05942],[-74.68336,-12.03814],[-74.6792,-12.01826],[-74.66143,-12.00561],[-74.657573,-11.992684],[-74.624165,-11.985182],[-74.602547,-11.999512],[-74.59275,-11.995496],[-74.594113,-11.986975],[-74.571707,-11.984809],[-74.566959,-11.997464],[-74.543563,-11.999013],[-74.528186,-12.015236],[-74.501124,-12.020806],[-74.487616,-12.033713],[-74.480682,-12.026587],[-74.454376,-12.033946],[-74.453068,-12.048621],[-74.442478,-12.045037],[-74.433122,-12.069891],[-74.421371,-12.067526],[-74.414221,-12.076463],[-74.41952,-12.093776],[-74.41031,-12.106485],[-74.398816,-12.103611],[-74.363484,-12.137843],[-74.351716,-12.13698],[-74.361305,-12.155223],[-74.343299,-12.169089],[-74.351701,-12.178],[-74.344239,-12.195327],[-74.334185,-12.194464],[-74.329734,-12.211239],[-74.336521,-12.214933],[-74.330358,-12.221926],[-74.316831,-12.231319],[-74.311585,-12.223787],[-74.29085,-12.223405],[-74.284072,-12.240643],[-74.26983,-12.239348],[-74.257539,-12.256442],[-74.247756,-12.258043],[-74.24551,-12.269479],[-74.232632,-12.267506],[-74.218043,-12.27808],[-74.218702,-12.301736],[-74.188263,-12.303056],[-74.183747,-12.316641],[-74.166228,-12.312397],[-74.146156,-12.324383],[-74.13116,-12.314605],[-74.129783,-12.331222],[-74.121439,-12.333601],[-74.104121,-12.313243],[-74.097354,-12.283709],[-74.059282,-12.276551],[-74.039787,-12.261409],[-74.021875,-12.277364],[-73.99985,-12.283577],[-73.987497,-12.271665],[-73.980452,-12.242588],[-73.972229,-12.294335],[-73.95251,-12.281184],[-73.924929,-12.283185],[-73.883336,-12.262246],[-73.871819,-12.245399],[-73.834224,-12.242949],[-73.795624,-12.262284],[-73.761759,-12.252921],[-73.736941,-12.266787],[-73.704538,-12.269446],[-73.689067,-12.299406],[-73.659916,-12.328748],[-73.657694,-12.359539],[-73.636501,-12.378785],[-73.628351,-12.373702],[-73.598284,-12.385328],[-73.586069,-12.366176],[-73.592053,-12.334235],[-73.574326,-12.276842],[-73.558947,-12.274888],[-73.548121,-12.26093],[-73.521704,-12.249981],[-73.497834,-12.252375],[-73.469865,-12.236894],[-73.469648,-12.219966],[-73.441412,-12.15405],[-73.364833,-12.137597],[-73.355129,-12.112801],[-73.401015,-12.090834],[-73.39123,-12.075711],[-73.40845,-12.064205],[-73.397885,-12.020943],[-73.405314,-12.005494],[-73.421446,-12.015442],[-73.435507,-11.996725],[-73.430101,-11.982101],[-73.445185,-11.961039],[-73.44157,-11.941253],[-73.462659,-11.929808],[-73.490532,-11.87817],[-73.51113,-11.862412],[-73.555258,-11.852362],[-73.577505,-11.836485],[-73.581327,-11.789063],[-73.579914,-11.769388],[-73.570523,-11.76289],[-73.571937,-11.742627],[-73.612511,-11.677915],[-73.582032,-11.615576],[-73.559651,-11.592051],[-73.502332,-11.563162],[-73.487126,-11.534916],[-73.450402,-11.533068],[-73.453813,-11.505327],[-73.479831,-11.469905],[-73.469046,-11.445225],[-73.456763,-11.442116],[-73.443303,-11.409679],[-73.419749,-11.383938],[-73.449759,-11.368083],[-73.467869,-11.343651],[-73.479534,-11.353973],[-73.484561,-11.350264],[-73.484129,-11.318531],[-73.459194,-11.300924],[-73.463231,-11.284409],[-73.449812,-11.236768],[-73.475186,-11.128356],[-73.466781,-11.119072],[-73.471081,-11.088493],[-73.482603,-11.065242],[-73.542579,-11.047424],[-73.540993,-11.022098],[-73.553012,-11.014052],[-73.558779,-10.974963],[-73.572577,-10.9545],[-73.564259,-10.934033],[-73.560898,-10.859256],[-73.610396,-10.846574],[-73.666568,-10.80264],[-73.668029,-10.791113],[-73.731742,-10.753818],[-73.742116,-10.734008],[-73.781986,-10.750625],[-73.781808,-10.786179],[-73.790704,-10.796361],[-73.813605,-10.799219],[-73.817773,-10.813806],[-73.820774,-10.879014],[-73.812936,-10.888887],[-73.826749,-10.911354],[-73.823407,-10.921073],[-73.855748,-10.956966],[-73.861892,-10.976781],[-73.865647,-11.09868],[-73.852707,-11.164326],[-73.888748,-11.170082],[-73.916487,-11.143102],[-73.954551,-11.150399],[-73.975927,-11.125498],[-73.983718,-11.092441],[-73.978838,-11.069038],[-74.007202,-10.991308],[-74.061358,-10.995745],[-74.102906,-10.986404],[-74.137384,-10.988694],[-74.155653,-10.998761],[-74.19087,-10.985997],[-74.202767,-11.021013],[-74.256436,-11.018223],[-74.281507,-11.033126],[-74.31645,-11.036713],[-74.341634,-11.054773],[-74.373655,-11.056522],[-74.45031,-11.001867],[-74.496472,-11.000239],[-74.508384,-10.9503],[-74.562363,-10.913682],[-74.614102,-10.904625],[-74.640183,-10.869121],[-74.679181,-10.879071],[-74.681347,-10.889157],[-74.690846,-10.886795],[-74.733169,-10.833918],[-74.760363,-10.825142],[-74.794827,-10.829872],[-74.831311,-10.780536],[-74.851135,-10.73297],[-74.878571,-10.700463],[-74.887539,-10.710736],[-74.865936,-10.758972],[-74.88563,-10.770615],[-74.913285,-10.748385],[-74.91801,-10.75513],[-74.93829,-10.749602],[-74.956482,-10.732824],[-74.982818,-10.749787],[-74.987342,-10.734157],[-75.00649,-10.718802],[-75.011729,-10.679526],[-75.020701,-10.673694],[-75.034356,-10.682508],[-75.035639,-10.682318]]]}},{"type":"Feature","id":"13","properties":{"ubigeo":"13","nombre_departamento":"la libertad","nombre_provincia":"","nombre_distrito":"","capital":"trujillo"},"geometry":{"type":"Polygon","coordinates":[[[-77.757534,-6.965793],[-77.7793,-6.941453],[-77.801932,-6.966144],[-77.834346,-6.957206],[-77.842195,-6.976885],[-77.880342,-6.962504],[-77.898665,-6.980124],[-77.92865,-6.986759],[-77.93982,-6.97614],[-77.96186,-6.97664],[-77.98606,-6.96297],[-77.99874,-6.96768],[-77.988555,-6.976623],[-78.001074,-6.986611],[-77.985298,-7.000935],[-77.987195,-7.012598],[-77.971122,-7.025887],[-77.965921,-7.050774],[-77.948365,-7.066805],[-77.949287,-7.078425],[-77.92974,-7.105547],[-77.925612,-7.154573],[-77.897869,-7.166807],[-77.89778,-7.182487],[-77.881069,-7.194616],[-77.88201,-7.22055],[-77.84924,-7.235571],[-77.859428,-7.254023],[-77.856811,-7.282621],[-77.841489,-7.28877],[-77.832828,-7.304551],[-77.838372,-7.341119],[-77.828925,-7.344413],[-77.820798,-7.368649],[-77.824996,-7.378664],[-77.771631,-7.418814],[-77.768012,-7.440147],[-77.755421,-7.441046],[-77.741372,-7.466695],[-77.745983,-7.47916],[-77.764867,-7.479448],[-77.791867,-7.500391],[-77.85686,-7.52353],[-77.86794,-7.58303],[-77.92242,-7.59974],[-77.913138,-7.625866],[-77.940503,-7.640627],[-77.931952,-7.652493],[-77.936584,-7.657477],[-77.960139,-7.655261],[-77.962802,-7.674314],[-77.973846,-7.667037],[-77.998642,-7.679074],[-78.04957,-7.67856],[-78.081221,-7.696169],[-78.116053,-7.654007],[-78.128384,-7.653224],[-78.142304,-7.664832],[-78.141004,-7.682721],[-78.158863,-7.693351],[-78.171345,-7.713394],[-78.190287,-7.717504],[-78.198087,-7.729086],[-78.219351,-7.724458],[-78.211263,-7.742507],[-78.212786,-7.756864],[-78.22182,-7.763461],[-78.281156,-7.747278],[-78.276207,-7.719558],[-78.302803,-7.696463],[-78.312351,-7.702871],[-78.330139,-7.699628],[-78.347965,-7.685716],[-78.359463,-7.668005],[-78.360236,-7.64489],[-78.371863,-7.644602],[-78.382819,-7.630107],[-78.376892,-7.624651],[-78.378166,-7.594035],[-78.366151,-7.590236],[-78.356792,-7.574006],[-78.360827,-7.529961],[-78.349002,-7.511246],[-78.32575,-7.509904],[-78.327787,-7.497469],[-78.36817,-7.50032],[-78.403084,-7.483493],[-78.41563,-7.48507],[-78.49139,-7.55487],[-78.62457,-7.54856],[-78.650242,-7.527799],[-78.627317,-7.478857],[-78.627795,-7.452642],[-78.639109,-7.432537],[-78.654935,-7.426033],[-78.663994,-7.403621],[-78.68864,-7.41408],[-78.71333,-7.40964],[-78.73372,-7.42068],[-78.76012,-7.40198],[-78.781287,-7.423669],[-78.78518,-7.399606],[-78.794355,-7.397225],[-78.80369,-7.419378],[-78.841619,-7.437617],[-78.847756,-7.452769],[-78.886685,-7.484102],[-78.861058,-7.497857],[-78.851088,-7.522117],[-78.861497,-7.531858],[-78.895908,-7.537437],[-78.912774,-7.551087],[-78.944344,-7.598418],[-78.94219,-7.6272],[-78.95354,-7.6498],[-78.962392,-7.658795],[-78.993399,-7.66054],[-79.041232,-7.599887],[-79.038604,-7.562062],[-79.059847,-7.546675],[-79.057006,-7.527702],[-79.071552,-7.505346],[-79.065428,-7.472709],[-79.122762,-7.441644],[-79.154492,-7.439135],[-79.16177,-7.418381],[-79.18779,-7.396876],[-79.186498,-7.377347],[-79.194443,-7.373374],[-79.231472,-7.39093],[-79.260875,-7.378995],[-79.282902,-7.348743],[-79.315798,-7.359554],[-79.366484,-7.331439],[-79.36928,-7.32412],[-79.32753,-7.30894],[-79.30685,-7.28371],[-79.28263,-7.27506],[-79.26892,-7.27841],[-79.279322,-7.247702],[-79.269025,-7.228055],[-79.275553,-7.215539],[-79.251804,-7.198349],[-79.274549,-7.182783],[-79.280956,-7.157079],[-79.305301,-7.147146],[-79.29619,-7.12962],[-79.313704,-7.120663],[-79.312916,-7.090386],[-79.330488,-7.075973],[-79.322586,-7.025684],[-79.359606,-7.004966],[-79.400762,-6.956928],[-79.455005,-6.946314],[-79.468787,-6.966505],[-79.508016,-6.970436],[-79.528768,-7.005285],[-79.690621,-7.177127],[-79.621344,-7.250273],[-79.599185,-7.286631],[-79.587621,-7.318383],[-79.588541,-7.350932],[-79.569759,-7.390007],[-79.588637,-7.414902],[-79.576611,-7.46151],[-79.437719,-7.67135],[-79.437701,-7.698314],[-79.465455,-7.716572],[-79.389568,-7.791215],[-79.374484,-7.844436],[-79.3111,-7.912394],[-79.307855,-7.925432],[-79.130078,-8.05985],[-79.115566,-8.096662],[-78.984235,-8.212592],[-78.981137,-8.22748],[-78.990711,-8.225552],[-78.986472,-8.229555],[-78.9936,-8.235759],[-78.988722,-8.232396],[-78.962566,-8.261866],[-78.957243,-8.292527],[-78.895408,-8.382889],[-78.905227,-8.420719],[-78.914021,-8.429531],[-78.934519,-8.427961],[-78.93448,-8.437045],[-78.914254,-8.460785],[-78.813264,-8.533322],[-78.761086,-8.594847],[-78.741551,-8.642312],[-78.737998,-8.666939],[-78.746725,-8.684273],[-78.737359,-8.711523],[-78.742771,-8.740324],[-78.761016,-8.757],[-78.761158,-8.773957],[-78.651662,-8.914355],[-78.643693,-8.935082],[-78.644924,-8.969228],[-78.619511,-8.96653],[-78.589944,-8.942622],[-78.576485,-8.889047],[-78.588281,-8.858677],[-78.565343,-8.792599],[-78.551606,-8.775038],[-78.518139,-8.752981],[-78.487242,-8.751163],[-78.438414,-8.732747],[-78.35481,-8.67328],[-78.33768,-8.67586],[-78.33425,-8.66645],[-78.31095,-8.66721],[-78.29626,-8.65872],[-78.24613,-8.65836],[-78.20501,-8.63059],[-78.19353,-8.60011],[-78.2019,-8.57389],[-78.21689,-8.55726],[-78.2026,-8.52607],[-78.18787,-8.5081],[-78.17366,-8.50354],[-78.15739,-8.47885],[-78.13927,-8.42715],[-78.1375,-8.36867],[-78.10839,-8.33811],[-78.11943,-8.31365],[-78.10223,-8.30538],[-78.08198,-8.281086],[-78.0368,-8.25595],[-78.01863,-8.22432],[-77.93321,-8.19701],[-77.895626,-8.061949],[-77.867911,-8.05589],[-77.852208,-8.074779],[-77.810441,-8.067735],[-77.785785,-8.079199],[-77.751272,-8.077439],[-77.743388,-8.070185],[-77.718392,-8.073472],[-77.647411,-8.049707],[-77.64391,-8.06662],[-77.61883,-8.07983],[-77.636663,-8.108586],[-77.61704,-8.13095],[-77.602138,-8.135939],[-77.604741,-8.155704],[-77.57541,-8.168151],[-77.557,-8.19425],[-77.57226,-8.209892],[-77.57498,-8.23094],[-77.53117,-8.24334],[-77.52769,-8.26708],[-77.491368,-8.282553],[-77.48763,-8.303546],[-77.473638,-8.320501],[-77.478285,-8.326065],[-77.458896,-8.335656],[-77.459332,-8.35556],[-77.446956,-8.369374],[-77.437538,-8.401149],[-77.438355,-8.422328],[-77.405461,-8.441483],[-77.399534,-8.483407],[-77.368232,-8.500306],[-77.334344,-8.533184],[-77.29338,-8.51712],[-77.26384,-8.46742],[-77.20463,-8.48568],[-77.18554,-8.48019],[-77.133844,-8.440021],[-77.11978,-8.447651],[-77.104589,-8.444763],[-77.093196,-8.43447],[-77.086639,-8.407139],[-77.069877,-8.397496],[-77.034012,-8.404707],[-77.000429,-8.382403],[-76.991685,-8.396296],[-76.976899,-8.396139],[-76.968373,-8.371241],[-76.951247,-8.375705],[-76.942679,-8.359945],[-76.927005,-8.359257],[-76.93193,-8.342595],[-76.913745,-8.32609],[-76.910515,-8.295074],[-76.901243,-8.283466],[-76.913079,-8.236988],[-76.925597,-8.218497],[-76.907276,-8.169444],[-76.930211,-8.138457],[-76.947034,-8.139919],[-76.984915,-8.113853],[-76.99487,-8.085211],[-77.024459,-8.04915],[-77.110527,-8.025227],[-77.150535,-8.032043],[-77.166228,-8.021637],[-77.231865,-8.011748],[-77.251313,-8.028004],[-77.260078,-8.048439],[-77.281342,-8.048783],[-77.296664,-8.062566],[-77.349299,-8.054384],[-77.372444,-8.064926],[-77.385473,-8.055387],[-77.374936,-8.031527],[-77.40713,-7.991986],[-77.387445,-7.962888],[-77.390522,-7.947313],[-77.375367,-7.920064],[-77.376909,-7.908821],[-77.410784,-7.900525],[-77.438385,-7.85015],[-77.431573,-7.841736],[-77.442861,-7.813642],[-77.47859,-7.80424],[-77.50655,-7.770381],[-77.525469,-7.768342],[-77.526182,-7.753889],[-77.49736,-7.738974],[-77.483276,-7.720247],[-77.483406,-7.697656],[-77.459237,-7.686904],[-77.467168,-7.674678],[-77.49789,-7.686355],[-77.509475,-7.676536],[-77.511602,-7.657405],[-77.538391,-7.650228],[-77.522704,-7.633407],[-77.528389,-7.61595],[-77.495247,-7.614135],[-77.485764,-7.603992],[-77.496945,-7.582741],[-77.540067,-7.577414],[-77.529128,-7.516192],[-77.521389,-7.509553],[-77.539077,-7.507385],[-77.55966,-7.464187],[-77.591867,-7.443507],[-77.598968,-7.44851],[-77.61365,-7.419949],[-77.630918,-7.413875],[-77.621678,-7.396994],[-77.639212,-7.343701],[-77.628419,-7.320809],[-77.64692,-7.27005],[-77.6372,-7.25351],[-77.645125,-7.253455],[-77.647351,-7.241514],[-77.638139,-7.243403],[-77.633812,-7.233098],[-77.60553,-7.219162],[-77.621049,-7.191631],[-77.615504,-7.177997],[-77.634266,-7.169415],[-77.642429,-7.149756],[-77.713379,-7.107887],[-77.718047,-7.087553],[-77.707006,-7.068525],[-77.723831,-7.059599],[-77.73998,-7.035422],[-77.756384,-6.967809],[-77.757534,-6.965793]]]}},{"type":"Feature","id":"14","properties":{"ubigeo":"14","nombre_departamento":"lambayeque","nombre_provincia":"","nombre_distrito":"","capital":"chiclayo"},"geometry":{"type":"Polygon","coordinates":[[[-79.883727,-5.492834],[-79.901543,-5.481018],[-79.904846,-5.493414],[-79.945873,-5.514996],[-79.960523,-5.581623],[-80.001004,-5.585342],[-80.052837,-5.563573],[-80.056975,-5.618486],[-80.069959,-5.646171],[-80.071053,-5.673254],[-80.061067,-5.6844],[-80.066372,-5.698211],[-80.095171,-5.702608],[-80.091147,-5.726861],[-80.102935,-5.761498],[-80.092369,-5.795091],[-80.052984,-5.811244],[-80.056,-5.816352],[-80.106072,-5.867449],[-80.120102,-5.872219],[-80.123848,-5.891311],[-80.196178,-5.892088],[-80.278752,-5.919992],[-80.334713,-5.953904],[-80.627133,-6.37208],[-80.190394,-6.598215],[-80.074887,-6.675523],[-79.995935,-6.739051],[-79.942498,-6.820184],[-79.931846,-6.873306],[-79.872785,-6.923475],[-79.866119,-6.948602],[-79.753644,-7.043406],[-79.686195,-7.120455],[-79.681912,-7.152141],[-79.690621,-7.177127],[-79.528768,-7.005285],[-79.508016,-6.970436],[-79.468787,-6.966505],[-79.455005,-6.946314],[-79.400762,-6.956928],[-79.359606,-7.004966],[-79.320907,-7.025194],[-79.296652,-7.000738],[-79.307293,-6.968616],[-79.29923,-6.940722],[-79.310141,-6.925396],[-79.311009,-6.901342],[-79.295642,-6.883502],[-79.273076,-6.876654],[-79.26274,-6.859156],[-79.224794,-6.858376],[-79.20709,-6.82144],[-79.120884,-6.777675],[-79.138747,-6.739242],[-79.142727,-6.699895],[-79.171047,-6.701703],[-79.18843,-6.71654],[-79.196447,-6.69517],[-79.218449,-6.692679],[-79.22906,-6.671406],[-79.271872,-6.680266],[-79.29559,-6.676136],[-79.304023,-6.651605],[-79.32589,-6.6405],[-79.34475,-6.64646],[-79.362496,-6.634765],[-79.335736,-6.602429],[-79.347927,-6.573688],[-79.36066,-6.56884],[-79.369613,-6.520803],[-79.404426,-6.541321],[-79.421944,-6.533363],[-79.417136,-6.505321],[-79.433889,-6.48116],[-79.422695,-6.467489],[-79.422888,-6.451882],[-79.453156,-6.399086],[-79.446672,-6.376718],[-79.458571,-6.372099],[-79.443164,-6.359855],[-79.422658,-6.31043],[-79.405621,-6.312072],[-79.386181,-6.298128],[-79.352773,-6.303982],[-79.344821,-6.281345],[-79.329035,-6.26627],[-79.300487,-6.26747],[-79.276996,-6.241554],[-79.279048,-6.229258],[-79.249103,-6.224439],[-79.273953,-6.164866],[-79.273384,-6.147728],[-79.260203,-6.142091],[-79.235093,-6.093723],[-79.201334,-6.100412],[-79.181917,-6.089339],[-79.188936,-6.058924],[-79.1756,-6.041377],[-79.190004,-6.024766],[-79.20396,-6.02406],[-79.216238,-6.05182],[-79.224939,-6.054706],[-79.240874,-6.028634],[-79.266012,-6.025023],[-79.263301,-6.003263],[-79.300405,-5.985154],[-79.322141,-5.999126],[-79.311088,-6.034649],[-79.31701,-6.042896],[-79.345419,-6.005973],[-79.349018,-5.979688],[-79.395918,-5.977193],[-79.417211,-6.005238],[-79.418609,-5.9701],[-79.46251,-5.94485],[-79.470051,-5.92808],[-79.497641,-5.915289],[-79.51396,-5.92098],[-79.52763,-5.91287],[-79.5538,-5.93831],[-79.59583,-5.93362],[-79.60132,-5.93954],[-79.611107,-5.923463],[-79.61324,-5.89554],[-79.62622,-5.88812],[-79.62994,-5.86302],[-79.63741,-5.85942],[-79.62875,-5.85161],[-79.63225,-5.82993],[-79.62321,-5.8214],[-79.622584,-5.797572],[-79.630973,-5.796381],[-79.635367,-5.809002],[-79.68271,-5.84645],[-79.736877,-5.838197],[-79.739316,-5.799588],[-79.726885,-5.781113],[-79.716937,-5.740006],[-79.748193,-5.710182],[-79.766416,-5.708252],[-79.744738,-5.684894],[-79.745355,-5.675848],[-79.77931,-5.65809],[-79.786934,-5.646588],[-79.80501,-5.646414],[-79.818625,-5.664885],[-79.833459,-5.645221],[-79.86442,-5.56342],[-79.853996,-5.530744],[-79.877506,-5.509637],[-79.88265,-5.494082],[-79.883727,-5.492834]]]}},{"type":"Feature","id":"15","properties":{"ubigeo":"15","nombre_departamento":"lima","nombre_provincia":"","nombre_distrito":"","capital":"lima"},"geometry":{"type":"MultiPolygon","coordinates":[[[[-76.904826,-10.27726],[-76.936009,-10.278506],[-76.965451,-10.305379],[-76.998154,-10.291393],[-77.003625,-10.282123],[-77.009101,-10.307767],[-77.024711,-10.327527],[-77.051715,-10.33994],[-77.071611,-10.338104],[-77.0902,-10.37263],[-77.110885,-10.39209],[-77.112134,-10.404845],[-77.138245,-10.426469],[-77.150018,-10.451094],[-77.174625,-10.464602],[-77.16731,-10.50814],[-77.19099,-10.55213],[-77.2093,-10.55539],[-77.22577,-10.54601],[-77.25224,-10.54527],[-77.26726,-10.55054],[-77.26943,-10.56023],[-77.29102,-10.55611],[-77.31063,-10.56769],[-77.32051,-10.58792],[-77.33835,-10.59605],[-77.367305,-10.638301],[-77.380112,-10.639444],[-77.39531,-10.66154],[-77.403794,-10.690968],[-77.385658,-10.707793],[-77.41543,-10.72998],[-77.436139,-10.72364],[-77.491475,-10.746038],[-77.506797,-10.734619],[-77.523947,-10.734982],[-77.591192,-10.78645],[-77.57844,-10.722718],[-77.563144,-10.709428],[-77.574537,-10.694308],[-77.575354,-10.658866],[-77.590581,-10.645564],[-77.574115,-10.614662],[-77.574251,-10.588413],[-77.584621,-10.583833],[-77.60494,-10.590129],[-77.61931,-10.602294],[-77.619508,-10.614246],[-77.638163,-10.602902],[-77.645337,-10.582856],[-77.638209,-10.563026],[-77.614584,-10.546393],[-77.616333,-10.524672],[-77.600919,-10.518774],[-77.601323,-10.509304],[-77.624742,-10.502035],[-77.669243,-10.540568],[-77.694001,-10.539502],[-77.708821,-10.548064],[-77.710083,-10.56017],[-77.727557,-10.552705],[-77.735741,-10.568483],[-77.744795,-10.560781],[-77.743139,-10.528972],[-77.720636,-10.503028],[-77.710594,-10.503849],[-77.712407,-10.491654],[-77.688181,-10.453772],[-77.686736,-10.434021],[-77.665777,-10.427119],[-77.645299,-10.40866],[-77.634556,-10.412266],[-77.597758,-10.381049],[-77.600363,-10.360014],[-77.619427,-10.327825],[-77.630629,-10.32207],[-77.651254,-10.344611],[-77.692391,-10.320902],[-77.752507,-10.321895],[-77.757195,-10.345363],[-77.749872,-10.406796],[-77.760022,-10.43008],[-77.767862,-10.42879],[-77.764603,-10.439481],[-77.787566,-10.457098],[-77.798841,-10.477335],[-77.77067,-10.515672],[-77.771376,-10.571615],[-77.784996,-10.572039],[-77.799683,-10.585323],[-77.839688,-10.567919],[-77.886277,-10.612549],[-77.808689,-10.702568],[-77.804027,-10.725945],[-77.762422,-10.762816],[-77.764953,-10.771811],[-77.744035,-10.794537],[-77.754582,-10.803721],[-77.750826,-10.818807],[-77.705957,-10.85358],[-77.701516,-10.886117],[-77.657828,-10.946506],[-77.664633,-10.95898],[-77.646824,-10.998193],[-77.661875,-11.013477],[-77.633416,-11.054508],[-77.637381,-11.071297],[-77.628066,-11.089277],[-77.633858,-11.093609],[-77.613102,-11.112164],[-77.620129,-11.126904],[-77.602336,-11.150533],[-77.59235,-11.18208],[-77.601713,-11.214019],[-77.625496,-11.217769],[-77.630988,-11.21183],[-77.647148,-11.221734],[-77.6499,-11.244641],[-77.640088,-11.275609],[-77.643291,-11.290523],[-77.654227,-11.291238],[-77.645871,-11.2964],[-77.648346,-11.302738],[-77.496711,-11.377934],[-77.360496,-11.460234],[-77.342693,-11.474393],[-77.342312,-11.486957],[-77.300721,-11.517961],[-77.295957,-11.537246],[-77.271398,-11.572012],[-77.271768,-11.584406],[-77.282793,-11.586818],[-77.207842,-11.648088],[-77.192885,-11.68064],[-77.200023,-11.693317],[-77.169791,-11.738686],[-77.176564,-11.773754],[-77.198267,-11.768205],[-77.198148,-11.783482],[-77.177977,-11.802115],[-77.176709,-11.815781],[-77.188156,-11.828426],[-77.126844,-11.818484],[-77.107169,-11.866533],[-77.092434,-11.883082],[-77.089467,-11.900094],[-77.104024,-11.935711],[-77.095244,-11.949659],[-77.128592,-11.938066],[-77.10971,-11.976156],[-77.118047,-11.994862],[-77.103344,-11.997586],[-77.089307,-12.011723],[-77.096295,-12.033644],[-77.083029,-12.03632],[-77.077947,-12.046621],[-77.087656,-12.05173],[-77.087109,-12.061519],[-77.104656,-12.063262],[-77.111492,-12.079514],[-77.065963,-12.104231],[-77.029865,-12.13522],[-77.024827,-12.150985],[-77.027977,-12.165239],[-77.0384,-12.16842],[-77.037844,-12.205646],[-76.948947,-12.243357],[-76.855291,-12.300186],[-76.836611,-12.31617],[-76.826872,-12.34276],[-76.818074,-12.340488],[-76.817498,-12.351959],[-76.800451,-12.360904],[-76.789551,-12.385705],[-76.778524,-12.391715],[-76.783445,-12.397954],[-76.775685,-12.4045],[-76.781714,-12.409626],[-76.775041,-12.437871],[-76.785187,-12.443707],[-76.79093,-12.477635],[-76.803107,-12.48034],[-76.797803,-12.489464],[-76.805364,-12.49427],[-76.7985,-12.4998],[-76.803921,-12.50898],[-76.734379,-12.548223],[-76.735268,-12.556018],[-76.705531,-12.580137],[-76.704717,-12.59634],[-76.67259,-12.627547],[-76.672492,-12.660715],[-76.654061,-12.686166],[-76.656381,-12.699078],[-76.630098,-12.721035],[-76.637857,-12.74516],[-76.618463,-12.759436],[-76.609184,-12.777742],[-76.567848,-12.802951],[-76.559258,-12.821643],[-76.519478,-12.850451],[-76.505787,-12.925814],[-76.506627,-12.947314],[-76.516463,-12.955402],[-76.482894,-13.01593],[-76.482764,-13.026486],[-76.490391,-13.030224],[-76.242799,-13.3231],[-76.20288,-13.30168],[-76.16268,-13.22607],[-76.155253,-13.192201],[-76.011937,-13.085499],[-75.968614,-13.040836],[-75.95753,-12.999129],[-75.937683,-12.991325],[-75.913866,-13.006866],[-75.878781,-13.015994],[-75.852218,-13.035312],[-75.826889,-13.02941],[-75.817923,-13.052149],[-75.800842,-13.060334],[-75.772484,-13.037861],[-75.764588,-13.018236],[-75.72323,-13.038745],[-75.690549,-13.035105],[-75.686072,-13.025318],[-75.665728,-13.016489],[-75.667049,-12.996556],[-75.636506,-12.987576],[-75.637501,-12.973236],[-75.614075,-12.964552],[-75.622662,-12.949373],[-75.617888,-12.942736],[-75.636336,-12.915031],[-75.612714,-12.859152],[-75.570411,-12.842859],[-75.560332,-12.8174],[-75.530229,-12.821619],[-75.520224,-12.788729],[-75.5075,-12.777155],[-75.577117,-12.715701],[-75.553654,-12.704243],[-75.551455,-12.683993],[-75.563259,-12.675728],[-75.561331,-12.663084],[-75.578027,-12.653549],[-75.579379,-12.595081],[-75.566512,-12.574225],[-75.571841,-12.564068],[-75.566439,-12.552694],[-75.55199,-12.54493],[-75.535974,-12.518548],[-75.557408,-12.45659],[-75.558869,-12.412102],[-75.56694,-12.4122],[-75.548701,-12.364244],[-75.568216,-12.331639],[-75.588596,-12.325003],[-75.5867,-12.299253],[-75.642136,-12.229623],[-75.652727,-12.20567],[-75.671262,-12.192455],[-75.6687,-12.183418],[-75.648466,-12.174208],[-75.641924,-12.149953],[-75.627015,-12.134828],[-75.638703,-12.121532],[-75.634563,-12.114639],[-75.663582,-12.090927],[-75.688222,-12.082133],[-75.67389,-12.05792],[-75.694305,-12.042691],[-75.716734,-12.046519],[-75.742039,-12.036547],[-75.751123,-12.054857],[-75.765663,-12.059627],[-75.818937,-12.013737],[-75.83356,-12.024702],[-75.842549,-12.006453],[-75.884288,-11.993631],[-75.904147,-11.998397],[-75.924053,-11.984252],[-75.948584,-11.994402],[-75.95426,-11.986176],[-75.975305,-11.983941],[-75.99318,-11.99468],[-76.000711,-11.985081],[-76.014254,-11.98433],[-76.052585,-11.948236],[-76.058221,-11.912809],[-76.049768,-11.901087],[-76.058587,-11.879406],[-76.094435,-11.848468],[-76.137328,-11.780511],[-76.154381,-11.781389],[-76.185063,-11.739909],[-76.198949,-11.736477],[-76.207503,-11.699786],[-76.196686,-11.692565],[-76.193297,-11.673487],[-76.204883,-11.659531],[-76.188374,-11.643062],[-76.197264,-11.622313],[-76.179551,-11.612873],[-76.189418,-11.590401],[-76.199394,-11.588431],[-76.228744,-11.553811],[-76.237414,-11.569009],[-76.264729,-11.567194],[-76.273086,-11.582006],[-76.29765,-11.596174],[-76.30437,-11.567528],[-76.317514,-11.5627],[-76.32786,-11.544323],[-76.350002,-11.542298],[-76.350646,-11.520414],[-76.359399,-11.522867],[-76.376839,-11.501489],[-76.38099,-11.486045],[-76.371485,-11.47648],[-76.377408,-11.444221],[-76.396148,-11.442295],[-76.411648,-11.415885],[-76.401418,-11.402852],[-76.420057,-11.375093],[-76.422684,-11.354855],[-76.430352,-11.345864],[-76.450973,-11.343904],[-76.47847,-11.292046],[-76.463422,-11.270661],[-76.456932,-11.272521],[-76.477091,-11.263913],[-76.490715,-11.246596],[-76.483199,-11.236943],[-76.494209,-11.20974],[-76.492077,-11.189314],[-76.505563,-11.173665],[-76.505175,-11.143788],[-76.519227,-11.11809],[-76.495659,-11.109553],[-76.491213,-11.089441],[-76.51468,-11.068713],[-76.53299,-11.034127],[-76.578946,-11.014777],[-76.581603,-10.984984],[-76.565021,-10.963932],[-76.583878,-10.853609],[-76.601577,-10.815868],[-76.617724,-10.814592],[-76.633486,-10.784528],[-76.627849,-10.76596],[-76.642241,-10.746398],[-76.659433,-10.687925],[-76.670954,-10.677814],[-76.655655,-10.646782],[-76.675574,-10.621372],[-76.672703,-10.60989],[-76.685862,-10.581457],[-76.70372,-10.588594],[-76.710188,-10.540741],[-76.730241,-10.508403],[-76.728783,-10.476463],[-76.739615,-10.467061],[-76.77235,-10.464152],[-76.787387,-10.438652],[-76.799853,-10.439558],[-76.805676,-10.392299],[-76.831672,-10.393074],[-76.840498,-10.363332],[-76.856394,-10.377266],[-76.865852,-10.374844],[-76.87467,-10.320861],[-76.881367,-10.308508],[-76.894508,-10.304328],[-76.891023,-10.294744],[-76.904506,-10.278244],[-76.904826,-10.27726]]],[[[-76.799239,-12.471475],[-76.799931,-12.479289],[-76.799157,-12.471542],[-76.799239,-12.471475]]]]}},{"type":"Feature","id":"16","properties":{"ubigeo":"16","nombre_departamento":"loreto","nombre_provincia":"","nombre_distrito":"","capital":"iquitos"},"geometry":{"type":"Polygon","coordinates":[[[-75.100042,-0.080964],[-75.141371,-0.066323],[-75.183596,-0.038606],[-75.215488,-0.048686],[-75.225759,-0.086029],[-75.255455,-0.111488],[-75.258796,-0.127163],[-75.28397,-0.141598],[-75.287949,-0.153964],[-75.295779,-0.148073],[-75.312141,-0.16034],[-75.339569,-0.15539],[-75.352172,-0.163816],[-75.359124,-0.157992],[-75.352843,-0.147314],[-75.364022,-0.14611],[-75.368213,-0.163233],[-75.405129,-0.170268],[-75.431084,-0.153795],[-75.460676,-0.151671],[-75.467022,-0.140784],[-75.485063,-0.130184],[-75.496802,-0.132025],[-75.516071,-0.114475],[-75.534895,-0.115037],[-75.53709,-0.12127],[-75.54244,-0.11568],[-75.55265,-0.13068],[-75.56361,-0.1312],[-75.57814,-0.12038],[-75.59539,-0.12043],[-75.60172,-0.10989],[-75.610496,-0.113355],[-75.610619,-0.192449],[-75.59052,-0.19063],[-75.5788,-0.17835],[-75.56871,-0.18527],[-75.53077,-0.1809],[-75.51417,-0.19738],[-75.51082,-0.21202],[-75.48222,-0.23696],[-75.47371,-0.29675],[-75.46436,-0.29859],[-75.46273,-0.31843],[-75.41501,-0.39622],[-75.40098,-0.39966],[-75.38971,-0.41516],[-75.38785,-0.43412],[-75.35646,-0.44678],[-75.3491,-0.46354],[-75.32485,-0.45314],[-75.32645,-0.46065],[-75.31095,-0.47442],[-75.312758,-0.494241],[-75.300729,-0.49278],[-75.294696,-0.505767],[-75.286124,-0.497328],[-75.269653,-0.502591],[-75.267593,-0.530017],[-75.261935,-0.533201],[-75.246924,-0.518913],[-75.237957,-0.539001],[-75.24408,-0.54695],[-75.22749,-0.55076],[-75.22449,-0.57109],[-75.23895,-0.5789],[-75.23993,-0.60105],[-75.22597,-0.60572],[-75.23223,-0.6144],[-75.2231,-0.6285],[-75.23336,-0.63397],[-75.23131,-0.64694],[-75.24473,-0.63937],[-75.24791,-0.64746],[-75.25647,-0.6435],[-75.257912,-0.655063],[-75.271384,-0.663613],[-75.269547,-0.674943],[-75.248332,-0.696337],[-75.272184,-0.713924],[-75.27344,-0.728943],[-75.266223,-0.752309],[-75.25094,-0.762522],[-75.26399,-0.787545],[-75.240782,-0.802435],[-75.24982,-0.834703],[-75.222808,-0.870898],[-75.221145,-0.90149],[-75.2335,-0.922014],[-75.22891,-0.941493],[-75.188331,-0.9702],[-75.203223,-0.975662],[-75.211447,-0.969568],[-75.274367,-0.969597],[-75.288527,-0.985656],[-75.300061,-0.987148],[-75.369807,-0.929006],[-75.37948,-0.923747],[-75.3867,-0.929739],[-75.538047,-1.480769],[-75.550361,-1.501986],[-75.557625,-1.559507],[-75.563566,-1.562767],[-75.582671,-1.547461],[-76.043426,-2.127093],[-76.631865,-2.589689],[-77.808616,-2.986125],[-77.817251,-3.000792],[-77.793147,-3.043981],[-77.787664,-3.074775],[-77.794452,-3.089259],[-77.785828,-3.106283],[-77.790936,-3.11763],[-77.777855,-3.191861],[-77.772543,-3.428809],[-77.745642,-3.482229],[-77.715131,-3.514854],[-77.71646,-3.542305],[-77.666673,-3.571872],[-77.64301,-3.619346],[-77.619967,-3.622408],[-77.615623,-3.707719],[-77.651914,-3.780562],[-77.628221,-3.817051],[-77.609236,-3.825242],[-77.581916,-3.862816],[-77.561494,-3.876166],[-77.569019,-3.893074],[-77.537877,-3.961899],[-77.548405,-4.105405],[-77.585551,-4.251334],[-77.565859,-4.365536],[-77.568275,-4.42092],[-77.589088,-4.480465],[-77.61102,-4.494266],[-77.640631,-4.496516],[-77.641353,-4.510061],[-77.655457,-4.518545],[-77.649016,-4.546416],[-77.659653,-4.557974],[-77.652613,-4.57457],[-77.672572,-4.63048],[-77.694512,-4.658673],[-77.71597,-4.665088],[-77.731394,-4.68844],[-77.771879,-4.717559],[-77.789725,-4.744544],[-77.794685,-4.760217],[-77.789267,-4.785106],[-77.799113,-4.824593],[-77.791842,-4.832951],[-77.793575,-4.849963],[-77.760152,-4.909345],[-77.766932,-4.921219],[-77.758445,-4.950053],[-77.825958,-5.03505],[-77.813875,-5.039809],[-77.811932,-5.054715],[-77.820255,-5.089396],[-77.808783,-5.092502],[-77.801322,-5.085972],[-77.774287,-5.097178],[-77.745285,-5.133018],[-77.719996,-5.140624],[-77.695281,-5.16474],[-77.708243,-5.190907],[-77.739708,-5.211857],[-77.69909,-5.253976],[-77.684148,-5.295881],[-77.682389,-5.340105],[-77.70301,-5.382112],[-77.697647,-5.409461],[-77.67187,-5.408771],[-77.660006,-5.424745],[-77.606974,-5.448583],[-77.59481,-5.464224],[-77.579491,-5.459806],[-77.558119,-5.425578],[-77.518074,-5.465544],[-77.500432,-5.515341],[-77.492271,-5.519704],[-77.507365,-5.552664],[-77.490189,-5.562461],[-77.472752,-5.554787],[-77.460831,-5.584694],[-77.437344,-5.592435],[-77.432006,-5.583143],[-77.4106,-5.589754],[-77.404241,-5.574366],[-77.37182,-5.567105],[-77.337026,-5.604026],[-77.27991,-5.601085],[-77.265801,-5.613969],[-77.231941,-5.595461],[-77.202161,-5.634464],[-77.178672,-5.641424],[-77.161926,-5.624569],[-77.142352,-5.625439],[-77.137132,-5.644034],[-77.12691,-5.650994],[-77.109946,-5.647949],[-77.062142,-5.667609],[-77.045744,-5.661943],[-77.01393,-5.670747],[-76.995606,-5.667119],[-76.972908,-5.698953],[-76.934435,-5.711488],[-76.892844,-5.747782],[-76.861832,-5.739726],[-76.835451,-5.745555],[-76.824604,-5.757296],[-76.829423,-5.777341],[-76.816329,-5.807566],[-76.826339,-5.817847],[-76.820203,-5.859286],[-76.777744,-5.900555],[-76.764633,-5.946621],[-76.746728,-5.954028],[-76.745585,-5.974896],[-76.754891,-5.993423],[-76.750324,-6.002815],[-76.710769,-6.013666],[-76.640011,-6.002605],[-76.604345,-6.017151],[-76.562959,-6.001566],[-76.548876,-6.012754],[-76.517994,-6.003407],[-76.480923,-6.013963],[-76.430181,-6.002766],[-76.414353,-5.966],[-76.400158,-5.953559],[-76.372787,-5.97376],[-76.334006,-6.042107],[-76.31534,-6.054066],[-76.318297,-6.086095],[-76.247149,-6.126061],[-76.145989,-6.146673],[-76.088483,-6.107567],[-76.042718,-6.100996],[-76.01353,-6.08358],[-76.005753,-6.095218],[-75.958451,-6.09838],[-75.919149,-6.140577],[-75.895875,-6.132025],[-75.84021,-6.14134],[-75.85152,-6.10175],[-75.83472,-6.10701],[-75.82768,-6.09858],[-75.8071,-6.10177],[-75.78309,-6.12334],[-75.77971,-6.11789],[-75.76952,-6.12508],[-75.77049,-6.14773],[-75.71883,-6.14123],[-75.68005,-6.09531],[-75.65269,-6.09813],[-75.63646,-6.08895],[-75.62614,-6.07398],[-75.62107,-6.029381],[-75.56893,-6.000389],[-75.565029,-6.025545],[-75.532794,-6.095599],[-75.526777,-6.162135],[-75.487832,-6.199043],[-75.490311,-6.267036],[-75.550095,-6.347708],[-75.536447,-6.39154],[-75.543418,-6.406865],[-75.53373,-6.416301],[-75.539003,-6.435133],[-75.529849,-6.440098],[-75.520141,-6.464821],[-75.524227,-6.47558],[-75.509597,-6.492141],[-75.502983,-6.552229],[-75.509305,-6.582978],[-75.500228,-6.640322],[-75.506207,-6.697053],[-75.500381,-6.757285],[-75.507998,-6.78038],[-75.572101,-6.807212],[-75.576786,-6.820989],[-75.616888,-6.841189],[-75.633442,-6.843062],[-75.642696,-6.815561],[-75.659672,-6.819332],[-75.672915,-6.844397],[-75.686754,-6.846143],[-75.689986,-6.861268],[-75.700806,-6.869114],[-75.724796,-6.850874],[-75.746057,-6.856547],[-75.780539,-6.848412],[-75.794183,-6.821402],[-75.813972,-6.825478],[-75.813933,-6.817225],[-75.843875,-6.797262],[-75.877516,-6.802298],[-75.915356,-6.790636],[-75.942951,-6.795029],[-75.964951,-6.788407],[-75.980162,-6.800069],[-75.983833,-6.793753],[-76.00058,-6.795063],[-76.011585,-6.806022],[-76.051043,-6.810923],[-76.035004,-6.864986],[-76.010647,-6.890421],[-76.015736,-6.913701],[-76.046402,-6.924932],[-76.051844,-6.937872],[-76.03564,-6.993146],[-76.02049,-6.989657],[-76.008113,-7.002221],[-76.010717,-7.07838],[-76.023301,-7.114307],[-76.046586,-7.12143],[-76.059945,-7.161301],[-76.143525,-7.203962],[-76.145715,-7.217929],[-76.159276,-7.230569],[-76.166661,-7.267596],[-76.213111,-7.310143],[-76.195918,-7.334403],[-76.215408,-7.395333],[-76.204397,-7.431327],[-76.167275,-7.493018],[-76.121911,-7.525992],[-76.115671,-7.562503],[-76.091374,-7.560356],[-76.087254,-7.580748],[-76.079719,-7.584336],[-76.084905,-7.605118],[-76.093871,-7.609726],[-76.082855,-7.619652],[-76.082375,-7.631889],[-76.101332,-7.650456],[-76.101593,-7.722664],[-76.086674,-7.729232],[-76.084435,-7.762561],[-76.06707,-7.76929],[-76.060551,-7.787814],[-76.043803,-7.792344],[-76.037301,-7.816926],[-76.008492,-7.856043],[-76.00604,-7.890587],[-75.988167,-7.892327],[-75.975661,-7.908968],[-75.985855,-7.917144],[-75.99351,-7.953566],[-75.966979,-7.960359],[-75.939456,-7.94612],[-75.927838,-7.957256],[-75.895208,-7.93393],[-75.858793,-7.921125],[-75.829493,-7.973496],[-75.844933,-8.059638],[-75.887306,-8.074877],[-75.920988,-8.073119],[-75.929365,-8.089303],[-75.951803,-8.101295],[-75.940637,-8.110459],[-75.934027,-8.134428],[-75.941165,-8.186184],[-75.926475,-8.206219],[-75.912886,-8.2561],[-75.918584,-8.264069],[-75.914351,-8.282829],[-75.927093,-8.306762],[-75.948658,-8.31828],[-75.96222,-8.314301],[-75.986005,-8.323652],[-75.967589,-8.34581],[-75.946337,-8.399123],[-75.947166,-8.422399],[-75.967555,-8.459926],[-75.954531,-8.499486],[-75.970727,-8.5124],[-75.965023,-8.579975],[-75.97976,-8.636002],[-75.964896,-8.695748],[-75.946007,-8.715191],[-75.911357,-8.678663],[-75.900851,-8.677711],[-75.891321,-8.660217],[-75.853494,-8.649162],[-75.833669,-8.652162],[-75.816801,-8.636021],[-75.817723,-8.617258],[-75.79507,-8.592993],[-75.77826,-8.546411],[-75.78216,-8.52544],[-75.799222,-8.512156],[-75.783369,-8.50524],[-75.784549,-8.494326],[-75.770134,-8.498088],[-75.76069,-8.487385],[-75.716461,-8.486895],[-75.707171,-8.443741],[-75.687319,-8.423294],[-75.64512,-8.408895],[-75.61808,-8.408323],[-75.597749,-8.412949],[-75.583464,-8.441186],[-75.572289,-8.444582],[-75.54642,-8.432394],[-75.527265,-8.439974],[-75.510835,-8.432045],[-75.477002,-8.435367],[-75.457594,-8.449801],[-75.419565,-8.451534],[-75.419406,-8.44321],[-75.449575,-8.420988],[-75.463816,-8.393839],[-75.477181,-8.386369],[-75.482674,-8.345477],[-75.498822,-8.345888],[-75.510054,-8.334817],[-75.493844,-8.328651],[-75.49134,-8.312146],[-75.502877,-8.289412],[-75.488445,-8.264097],[-75.47168,-8.252567],[-75.455559,-8.211322],[-75.437683,-8.194973],[-75.439239,-8.174875],[-75.429781,-8.166523],[-75.398131,-8.168469],[-75.376147,-8.138777],[-75.345538,-8.12941],[-75.323526,-8.13931],[-75.287892,-8.125491],[-75.247284,-8.154772],[-75.235406,-8.150502],[-75.235683,-8.140101],[-75.212405,-8.123932],[-75.212493,-8.100482],[-75.189321,-8.079044],[-75.195903,-8.052686],[-75.185697,-8.018443],[-75.149435,-8.001819],[-75.14411,-7.979092],[-75.092217,-7.973676],[-75.03335,-7.950055],[-75.005531,-7.970152],[-74.98226,-7.968986],[-74.953405,-8.012707],[-74.887928,-8.084199],[-74.840385,-8.058352],[-74.779026,-8.042376],[-74.727944,-7.981009],[-74.711275,-7.979002],[-74.66844,-7.945642],[-74.627984,-7.939828],[-74.610144,-7.913982],[-74.598174,-7.86473],[-74.569745,-7.81598],[-74.51561,-7.777825],[-74.524341,-7.757134],[-74.558935,-7.747465],[-74.582084,-7.706014],[-74.583455,-7.685069],[-74.57082,-7.668488],[-74.576227,-7.63723],[-74.608795,-7.608782],[-74.643144,-7.562285],[-74.642902,-7.500086],[-74.616074,-7.435038],[-74.579521,-7.409929],[-74.566011,-7.359708],[-74.53469,-7.318204],[-74.535523,-7.293769],[-74.500091,-7.262049],[-74.472045,-7.275466],[-74.463521,-7.298597],[-74.444447,-7.307129],[-74.431321,-7.301595],[-74.413827,-7.314897],[-74.370178,-7.317272],[-74.361567,-7.336607],[-74.344313,-7.34473],[-74.284037,-7.354202],[-74.253659,-7.343682],[-74.233727,-7.360016],[-74.180857,-7.358747],[-74.141636,-7.377772],[-74.132937,-7.400802],[-74.039109,-7.448879],[-74.036474,-7.481244],[-74.018373,-7.491445],[-74.012092,-7.513885],[-73.983033,-7.534361],[-73.941711,-7.533434],[-73.918339,-7.503859],[-73.923681,-7.479952],[-73.909759,-7.472988],[-73.925095,-7.428129],[-73.921742,-7.419885],[-73.938768,-7.408177],[-73.95555,-7.370832],[-73.951172,-7.357483],[-73.934966,-7.377258],[-73.921759,-7.36176],[-73.906701,-7.373418],[-73.903866,-7.385698],[-73.887329,-7.378916],[-73.863548,-7.389247],[-73.853662,-7.35431],[-73.829981,-7.351908],[-73.821097,-7.338618],[-73.789023,-7.347742],[-73.781362,-7.338747],[-73.761626,-7.336904],[-73.752903,-7.34039],[-73.75464,-7.353786],[-73.727002,-7.344376],[-73.710933,-7.322712],[-73.700394,-7.322462],[-73.694879,-7.299067],[-73.715997,-7.273711],[-73.709119,-7.24631],[-73.721073,-7.23705],[-73.716619,-7.227558],[-73.742459,-7.219494],[-73.756035,-7.195699],[-73.756106,-7.17413],[-73.769838,-7.169147],[-73.769034,-7.154948],[-73.789324,-7.144487],[-73.782637,-7.130617],[-73.794625,-7.13002],[-73.799862,-7.117095],[-73.78398,-7.10365],[-73.78707,-7.09029],[-73.75997,-7.05757],[-73.76128,-6.97773],[-73.74389,-6.96416],[-73.76155,-6.93867],[-73.74744,-6.90903],[-73.72227,-6.8846],[-73.71046,-6.84019],[-73.69595,-6.83997],[-73.68198,-6.81426],[-73.66637,-6.80555],[-73.63826,-6.75415],[-73.6244,-6.75283],[-73.62416,-6.74516],[-73.587132,-6.723624],[-73.561792,-6.722033],[-73.536393,-6.6834],[-73.501815,-6.671488],[-73.485325,-6.67452],[-73.472136,-6.664341],[-73.464047,-6.669061],[-73.440298,-6.651914],[-73.424854,-6.65502],[-73.415026,-6.642929],[-73.39115,-6.641928],[-73.379574,-6.635185],[-73.382635,-6.621971],[-73.372938,-6.608121],[-73.368471,-6.613468],[-73.352809,-6.593267],[-73.333267,-6.593539],[-73.329574,-6.600411],[-73.315923,-6.590848],[-73.296961,-6.597154],[-73.292379,-6.587682],[-73.275382,-6.58492],[-73.2683,-6.593462],[-73.25072,-6.580997],[-73.237997,-6.592737],[-73.24213,-6.583956],[-73.226974,-6.588585],[-73.229904,-6.572866],[-73.219116,-6.563671],[-73.206692,-6.577113],[-73.196108,-6.562873],[-73.20297,-6.553205],[-73.193349,-6.554235],[-73.199534,-6.546705],[-73.18182,-6.54598],[-73.18726,-6.54074],[-73.175769,-6.535367],[-73.187967,-6.523016],[-73.173039,-6.527779],[-73.170739,-6.517882],[-73.164966,-6.531118],[-73.151711,-6.52709],[-73.145166,-6.508321],[-73.140371,-6.50544],[-73.140804,-6.51501],[-73.134351,-6.508228],[-73.131954,-6.496755],[-73.142532,-6.490766],[-73.12791,-6.476926],[-73.129741,-6.463579],[-73.118556,-6.462005],[-73.119791,-6.467952],[-73.111168,-6.453567],[-73.12119,-6.431741],[-73.105775,-6.419403],[-73.104726,-6.406664],[-73.118577,-6.388656],[-73.12791,-6.393204],[-73.129865,-6.375052],[-73.135576,-6.380259],[-73.132046,-6.362653],[-73.140896,-6.358742],[-73.143006,-6.334838],[-73.150548,-6.338399],[-73.147276,-6.323066],[-73.152534,-6.329343],[-73.157916,-6.322552],[-73.160705,-6.276668],[-73.180606,-6.257291],[-73.186667,-6.262066],[-73.208595,-6.219536],[-73.21283,-6.226094],[-73.220285,-6.219577],[-73.211209,-6.201714],[-73.224226,-6.194366],[-73.215603,-6.192473],[-73.216272,-6.183181],[-73.246751,-6.149285],[-73.248192,-6.108021],[-73.235731,-6.100746],[-73.237645,-6.090559],[-73.231121,-6.091341],[-73.239569,-6.077387],[-73.227468,-6.076698],[-73.2345,-6.063486],[-73.228787,-6.053599],[-73.235381,-6.051327],[-73.227544,-6.043581],[-73.238213,-6.043992],[-73.236295,-6.035694],[-73.217994,-6.027569],[-73.222341,-6.022062],[-73.2094,-6.022103],[-73.218386,-6.019875],[-73.208981,-6.008638],[-73.186802,-6.005125],[-73.194174,-5.990556],[-73.17734,-5.970853],[-73.18695,-5.944716],[-73.179602,-5.926792],[-73.172108,-5.930114],[-73.167657,-5.907645],[-73.161226,-5.907858],[-73.167325,-5.897122],[-73.153612,-5.886864],[-73.156124,-5.880845],[-73.161164,-5.885337],[-73.152068,-5.86796],[-73.134851,-5.869644],[-73.135755,-5.863426],[-73.128207,-5.870574],[-73.122361,-5.857832],[-73.11702,-5.864329],[-73.114216,-5.833184],[-73.101314,-5.825744],[-73.08909,-5.830235],[-73.087668,-5.820243],[-73.095397,-5.821176],[-73.076467,-5.816443],[-73.075484,-5.809799],[-73.084785,-5.811447],[-73.079789,-5.801202],[-73.072999,-5.805149],[-73.07086,-5.796565],[-73.067259,-5.802172],[-73.06229,-5.793615],[-73.053029,-5.79517],[-73.049043,-5.782667],[-73.05465,-5.775638],[-73.042718,-5.775545],[-73.046399,-5.759348],[-73.019187,-5.74052],[-73.027531,-5.733411],[-73.005235,-5.732322],[-73.007906,-5.724336],[-73.000465,-5.728522],[-73.003176,-5.720204],[-72.99511,-5.715833],[-73.003986,-5.708472],[-72.998419,-5.700566],[-72.990673,-5.706213],[-72.992958,-5.69634],[-72.984215,-5.69351],[-72.979937,-5.678496],[-72.989556,-5.67451],[-72.98557,-5.661276],[-72.959116,-5.656891],[-72.973678,-5.612911],[-72.951648,-5.582669],[-72.960763,-5.579892],[-72.952977,-5.577474],[-72.961295,-5.573103],[-72.950147,-5.563576],[-72.957309,-5.558194],[-72.938574,-5.54128],[-72.952857,-5.544867],[-72.954409,-5.523589],[-72.960594,-5.521978],[-72.961599,-5.495301],[-72.949043,-5.479878],[-72.958434,-5.4809],[-72.958885,-5.466129],[-72.945919,-5.453689],[-72.952815,-5.444652],[-72.932107,-5.426872],[-72.93866,-5.418523],[-72.924142,-5.407609],[-72.920283,-5.375953],[-72.907249,-5.370989],[-72.90395,-5.352927],[-72.890292,-5.350845],[-72.896088,-5.332463],[-72.903534,-5.340005],[-72.904161,-5.333809],[-72.888146,-5.323592],[-72.891845,-5.317715],[-72.882526,-5.310622],[-72.888643,-5.306907],[-72.874504,-5.303848],[-72.870452,-5.293776],[-72.876457,-5.289069],[-72.867778,-5.290734],[-72.86789,-5.274449],[-72.860525,-5.271167],[-72.871077,-5.263465],[-72.862238,-5.2475],[-72.873271,-5.248893],[-72.863903,-5.234002],[-72.864896,-5.207677],[-72.875736,-5.203674],[-72.869364,-5.200856],[-72.876729,-5.188414],[-72.869027,-5.179063],[-72.875785,-5.176677],[-72.87999,-5.186891],[-72.877194,-5.174179],[-72.884207,-5.175252],[-72.88757,-5.164011],[-72.850853,-5.136013],[-72.84952,-5.145948],[-72.833556,-5.138491],[-72.823479,-5.144037],[-72.822308,-5.131679],[-72.815362,-5.13914],[-72.818312,-5.102776],[-72.801026,-5.111365],[-72.790525,-5.105843],[-72.785947,-5.113442],[-72.779056,-5.102009],[-72.784189,-5.093313],[-72.768024,-5.099224],[-72.756367,-5.076617],[-72.73986,-5.088593],[-72.73809,-5.075532],[-72.729866,-5.074399],[-72.737604,-5.061228],[-72.72622,-5.061668],[-72.727648,-5.051993],[-72.715188,-5.057456],[-72.709018,-5.048371],[-72.692452,-5.060901],[-72.670828,-5.047255],[-72.665987,-5.059119],[-72.657491,-5.05453],[-72.657373,-5.063627],[-72.642011,-5.044972],[-72.641421,-5.062989],[-72.628412,-5.050877],[-72.628808,-5.038353],[-72.621198,-5.051804],[-72.617115,-5.035958],[-72.606213,-5.030975],[-72.612234,-5.016559],[-72.598506,-4.999989],[-72.609833,-4.996005],[-72.597831,-4.994851],[-72.597999,-4.98386],[-72.584674,-4.997965],[-72.582987,-4.981525],[-72.568,-4.983718],[-72.551936,-4.955561],[-72.536894,-4.953655],[-72.538804,-4.964101],[-72.527251,-4.95341],[-72.522168,-4.960019],[-72.521159,-4.932872],[-72.504941,-4.935812],[-72.50674,-4.94514],[-72.496777,-4.94999],[-72.487731,-4.933385],[-72.487954,-4.950297],[-72.482029,-4.950802],[-72.473733,-4.924554],[-72.458415,-4.924181],[-72.451348,-4.915688],[-72.463219,-4.90267],[-72.46919,-4.905285],[-72.470427,-4.891126],[-72.454513,-4.891494],[-72.454667,-4.900794],[-72.442957,-4.898201],[-72.43383,-4.910687],[-72.428332,-4.901531],[-72.415656,-4.900978],[-72.421856,-4.875994],[-72.412402,-4.876363],[-72.40611,-4.888655],[-72.399159,-4.873815],[-72.381433,-4.871989],[-72.389674,-4.86183],[-72.380252,-4.858515],[-72.38372,-4.849629],[-72.375341,-4.837567],[-72.389061,-4.833285],[-72.372333,-4.832411],[-72.382216,-4.826272],[-72.374973,-4.821944],[-72.358844,-4.823387],[-72.370706,-4.804802],[-72.344839,-4.80671],[-72.338982,-4.79318],[-72.33865,-4.804458],[-72.325264,-4.801737],[-72.322722,-4.811697],[-72.319711,-4.788585],[-72.326881,-4.779993],[-72.310497,-4.774439],[-72.313191,-4.78567],[-72.306504,-4.790423],[-72.301421,-4.775379],[-72.283269,-4.783419],[-72.278047,-4.771027],[-72.276583,-4.788862],[-72.283863,-4.795562],[-72.271153,-4.798352],[-72.265421,-4.786168],[-72.254038,-4.791251],[-72.261428,-4.780753],[-72.255723,-4.76546],[-72.243511,-4.78136],[-72.215081,-4.767035],[-72.212512,-4.759396],[-72.221919,-4.755127],[-72.209279,-4.74746],[-72.192365,-4.762948],[-72.187356,-4.750485],[-72.193227,-4.745816],[-72.171897,-4.733894],[-72.159313,-4.735262],[-72.161509,-4.728797],[-72.146728,-4.723907],[-72.140356,-4.711508],[-72.127262,-4.722514],[-72.133079,-4.7333],[-72.12511,-4.733601],[-72.12467,-4.715762],[-72.101306,-4.705506],[-72.08937,-4.681089],[-72.077421,-4.681172],[-72.080281,-4.66867],[-72.070804,-4.662881],[-72.064988,-4.676144],[-72.05967,-4.673353],[-72.068193,-4.659235],[-72.058105,-4.649365],[-72.046422,-4.65422],[-72.045911,-4.644426],[-72.03794,-4.642823],[-72.042443,-4.622903],[-72.015547,-4.631081],[-72.005987,-4.645282],[-72.002188,-4.62905],[-71.981204,-4.626011],[-71.993734,-4.609019],[-71.983856,-4.603452],[-71.976825,-4.611409],[-71.94653,-4.607831],[-71.950398,-4.599128],[-71.942607,-4.594722],[-71.949998,-4.580286],[-71.93436,-4.5782],[-71.92719,-4.570063],[-71.930478,-4.561733],[-71.919109,-4.563446],[-71.926776,-4.547256],[-71.918183,-4.528855],[-71.884587,-4.537088],[-71.893594,-4.522514],[-71.907808,-4.519779],[-71.905488,-4.51475],[-71.885346,-4.521934],[-71.87935,-4.515265],[-71.864998,-4.526451],[-71.856557,-4.511366],[-71.839137,-4.504528],[-71.830158,-4.514433],[-71.83212,-4.495839],[-71.806535,-4.50439],[-71.810253,-4.492896],[-71.793799,-4.483654],[-71.792417,-4.495162],[-71.783369,-4.496598],[-71.785329,-4.482318],[-71.77135,-4.4886],[-71.767648,-4.503699],[-71.748957,-4.491321],[-71.750726,-4.467422],[-71.736856,-4.495562],[-71.706796,-4.509888],[-71.688216,-4.496957],[-71.67197,-4.505826],[-71.657935,-4.500936],[-71.654039,-4.487578],[-71.660532,-4.474716],[-71.654288,-4.471138],[-71.646593,-4.480574],[-71.647905,-4.502732],[-71.624725,-4.488876],[-71.627211,-4.476029],[-71.616174,-4.46698],[-71.612513,-4.482881],[-71.633456,-4.512333],[-71.618868,-4.527004],[-71.602815,-4.528454],[-71.566926,-4.505757],[-71.550708,-4.485561],[-71.558375,-4.477604],[-71.536244,-4.481693],[-71.537277,-4.463084],[-71.517415,-4.46122],[-71.516186,-4.471608],[-71.493972,-4.485201],[-71.492798,-4.474357],[-71.506578,-4.457656],[-71.506875,-4.437349],[-71.482614,-4.456597],[-71.477685,-4.43355],[-71.461522,-4.439241],[-71.450857,-4.431712],[-71.451188,-4.445514],[-71.438172,-4.449054],[-71.436295,-4.427685],[-71.412252,-4.435391],[-71.430941,-4.44668],[-71.426042,-4.466214],[-71.437869,-4.470847],[-71.43361,-4.475963],[-71.390613,-4.427232],[-71.378549,-4.424186],[-71.360584,-4.433632],[-71.345903,-4.425542],[-71.340264,-4.440224],[-71.313471,-4.442722],[-71.308212,-4.462257],[-71.30086,-4.444435],[-71.31911,-4.417809],[-71.304738,-4.417143],[-71.288486,-4.440151],[-71.274805,-4.438487],[-71.260861,-4.425114],[-71.267785,-4.409005],[-71.260671,-4.394229],[-71.279564,-4.396917],[-71.269206,-4.383757],[-71.245918,-4.390493],[-71.230263,-4.383066],[-71.222409,-4.406173],[-71.21539,-4.378453],[-71.201398,-4.378239],[-71.197972,-4.3864],[-71.206062,-4.39963],[-71.193689,-4.423068],[-71.181887,-4.393895],[-71.157838,-4.391197],[-71.156087,-4.40228],[-71.149782,-4.40225],[-71.14764,-4.380776],[-71.129362,-4.388997],[-71.115042,-4.408139],[-71.106238,-4.399365],[-71.108112,-4.378694],[-71.091031,-4.372503],[-71.077446,-4.374202],[-71.078415,-4.394355],[-71.056953,-4.385773],[-71.050677,-4.36748],[-71.043486,-4.37282],[-71.039999,-4.399187],[-71.017893,-4.379987],[-70.996515,-4.385802],[-70.987949,-4.376552],[-70.994492,-4.344757],[-70.975367,-4.356773],[-70.969032,-4.377593],[-70.948289,-4.376022],[-70.93804,-4.383096],[-70.933519,-4.356059],[-70.915435,-4.360015],[-70.900054,-4.325881],[-70.876382,-4.321646],[-70.87662,-4.291457],[-70.846252,-4.279381],[-70.86389,-4.250649],[-70.850981,-4.246961],[-70.834384,-4.254099],[-70.815943,-4.227449],[-70.826056,-4.219329],[-70.844582,-4.23082],[-70.844705,-4.218467],[-70.82564,-4.211864],[-70.800986,-4.181818],[-70.786736,-4.185422],[-70.760643,-4.159082],[-70.747028,-4.161211],[-70.723948,-4.185987],[-70.690367,-4.188188],[-70.682277,-4.206926],[-70.666781,-4.170223],[-70.669934,-4.144376],[-70.660624,-4.144763],[-70.650184,-4.164126],[-70.648033,-4.130348],[-70.622493,-4.126441],[-70.617258,-4.133907],[-70.634846,-4.171528],[-70.631107,-4.183601],[-70.616243,-4.193481],[-70.566189,-4.17293],[-70.562352,-4.182953],[-70.574964,-4.202911],[-70.571891,-4.211251],[-70.555422,-4.201602],[-70.557742,-4.165345],[-70.541011,-4.154796],[-70.551109,-4.136316],[-70.535602,-4.145406],[-70.523418,-4.136375],[-70.508249,-4.151188],[-70.503639,-4.168766],[-70.514109,-4.190835],[-70.505573,-4.199134],[-70.492694,-4.191579],[-70.485228,-4.160795],[-70.464914,-4.175874],[-70.454236,-4.158921],[-70.434903,-4.162728],[-70.442368,-4.139439],[-70.432821,-4.131289],[-70.376814,-4.135007],[-70.338534,-4.179146],[-70.32863,-4.171472],[-70.329165,-4.147113],[-70.321521,-4.142681],[-70.285651,-4.170402],[-70.279197,-4.232714],[-70.309475,-4.251184],[-70.284342,-4.27251],[-70.290915,-4.287233],[-70.252197,-4.271198],[-70.245825,-4.284616],[-70.268102,-4.295799],[-70.259957,-4.308602],[-70.225421,-4.317036],[-70.213791,-4.298446],[-70.200258,-4.356862],[-70.193651,-4.360867],[-70.180836,-4.355405],[-70.174798,-4.334882],[-70.152609,-4.330034],[-70.152074,-4.321289],[-70.170634,-4.305228],[-70.156387,-4.274741],[-70.145144,-4.272748],[-70.120992,-4.285419],[-70.112099,-4.256717],[-70.101302,-4.263944],[-70.096042,-4.287765],[-70.075082,-4.285287],[-70.061357,-4.294699],[-70.040269,-4.294788],[-70.048597,-4.305079],[-70.073239,-4.303915],[-70.079076,-4.312058],[-70.074094,-4.320646],[-70.042956,-4.332185],[-70.040262,-4.346969],[-70.0514,-4.363501],[-70.039997,-4.37535],[-70.027249,-4.370354],[-70.015139,-4.350519],[-69.980363,-4.340416],[-69.949592,-4.279383],[-69.955689,-4.207643],[-70.034079,-4.134413],[-70.067782,-4.075982],[-70.114404,-4.049548],[-70.174281,-3.970056],[-70.186699,-3.918346],[-70.253519,-3.8845],[-70.276307,-3.837631],[-70.292275,-3.821191],[-70.354064,-3.799287],[-70.387596,-3.828504],[-70.413758,-3.822033],[-70.449812,-3.856678],[-70.510631,-3.875466],[-70.540916,-3.863037],[-70.577275,-3.82801],[-70.61902,-3.84006],[-70.627162,-3.832022],[-70.652517,-3.828879],[-70.685191,-3.79334],[-70.713475,-3.794227],[-70.073609,-2.790662],[-70.06006,-2.758917],[-70.071255,-2.724321],[-70.066039,-2.684096],[-70.084944,-2.649031],[-70.101033,-2.653857],[-70.118432,-2.698633],[-70.140547,-2.700539],[-70.162062,-2.687849],[-70.15421,-2.656876],[-70.16616,-2.636391],[-70.182162,-2.634609],[-70.196305,-2.658982],[-70.216828,-2.648523],[-70.231006,-2.571215],[-70.245311,-2.550416],[-70.267874,-2.543603],[-70.317868,-2.578539],[-70.33458,-2.577889],[-70.356511,-2.564214],[-70.352111,-2.543539],[-70.301797,-2.528221],[-70.295166,-2.515379],[-70.300978,-2.502577],[-70.32404,-2.503283],[-70.362007,-2.489869],[-70.407746,-2.523291],[-70.428619,-2.524875],[-70.446293,-2.510787],[-70.451483,-2.481574],[-70.469281,-2.455885],[-70.510553,-2.471756],[-70.558709,-2.41998],[-70.589924,-2.417891],[-70.59642,-2.425912],[-70.557594,-2.443082],[-70.55435,-2.467748],[-70.599304,-2.484436],[-70.627226,-2.476382],[-70.641365,-2.45551],[-70.628297,-2.421623],[-70.627851,-2.39503],[-70.664877,-2.410406],[-70.678435,-2.402139],[-70.677269,-2.386049],[-70.662734,-2.363773],[-70.665924,-2.353773],[-70.693893,-2.339258],[-70.751236,-2.32827],[-70.777762,-2.29299],[-70.835953,-2.290815],[-70.854965,-2.237012],[-70.879387,-2.220893],[-70.902809,-2.227066],[-70.920662,-2.250139],[-70.937348,-2.254484],[-70.955719,-2.243084],[-70.972701,-2.214223],[-71.004616,-2.208806],[-71.017402,-2.221828],[-71.018437,-2.237441],[-70.990418,-2.287093],[-70.996144,-2.303488],[-71.016907,-2.295532],[-71.030346,-2.277052],[-71.053329,-2.27062],[-71.119928,-2.280504],[-71.136793,-2.287171],[-71.143377,-2.301595],[-71.130322,-2.337495],[-71.137879,-2.343349],[-71.15358,-2.33361],[-71.166837,-2.337767],[-71.17578,-2.379029],[-71.200176,-2.374557],[-71.234769,-2.336748],[-71.248654,-2.339023],[-71.268108,-2.357771],[-71.266341,-2.336476],[-71.272187,-2.333453],[-71.307094,-2.347416],[-71.320743,-2.377773],[-71.357847,-2.382637],[-71.394716,-2.407033],[-71.406562,-2.388252],[-71.396396,-2.347115],[-71.428917,-2.320667],[-71.458255,-2.27415],[-71.477317,-2.269365],[-71.494806,-2.277996],[-71.49615,-2.293344],[-71.479384,-2.340064],[-71.487514,-2.353378],[-71.500463,-2.352209],[-71.519833,-2.302076],[-71.518892,-2.248969],[-71.587163,-2.238282],[-71.647682,-2.200057],[-71.708504,-2.22733],[-71.723,-2.226553],[-71.731224,-2.201453],[-71.718923,-2.159936],[-71.732482,-2.140143],[-71.766932,-2.1585],[-71.799133,-2.204369],[-71.809746,-2.204178],[-71.822838,-2.188141],[-71.832769,-2.190416],[-71.884756,-2.311594],[-71.934914,-2.31235],[-71.938316,-2.328352],[-71.919221,-2.36542],[-71.922437,-2.378152],[-71.934822,-2.37967],[-71.939977,-2.36232],[-71.949782,-2.356359],[-72.010109,-2.368951],[-72.037201,-2.338001],[-72.048741,-2.334936],[-72.082063,-2.367958],[-72.097826,-2.370271],[-72.145281,-2.406249],[-72.137143,-2.449421],[-72.149821,-2.470023],[-72.166353,-2.464412],[-72.169468,-2.431902],[-72.184457,-2.4297],[-72.220362,-2.448351],[-72.248545,-2.430662],[-72.262165,-2.435502],[-72.259552,-2.458523],[-72.286278,-2.454183],[-72.297528,-2.473599],[-72.371767,-2.489189],[-72.380878,-2.478206],[-72.379418,-2.454981],[-72.408659,-2.414493],[-72.428154,-2.437434],[-72.47159,-2.420033],[-72.497974,-2.418257],[-72.516991,-2.426366],[-72.535264,-2.40543],[-72.568787,-2.397582],[-72.595519,-2.366553],[-72.619697,-2.356281],[-72.640799,-2.363263],[-72.637315,-2.388789],[-72.658216,-2.407235],[-72.667092,-2.439951],[-72.681288,-2.451664],[-72.691025,-2.44848],[-72.689141,-2.413834],[-72.707754,-2.389073],[-72.726929,-2.390906],[-72.733779,-2.419615],[-72.745795,-2.426766],[-72.755293,-2.419673],[-72.760086,-2.395848],[-72.776451,-2.384367],[-72.80281,-2.410705],[-72.851799,-2.435783],[-72.895127,-2.433674],[-72.933804,-2.454869],[-72.937416,-2.444406],[-72.922631,-2.419496],[-72.951734,-2.400959],[-72.964499,-2.341154],[-72.978463,-2.33865],[-72.994123,-2.357216],[-73.004885,-2.357609],[-73.024033,-2.318811],[-73.033797,-2.31465],[-73.042412,-2.323262],[-73.044235,-2.35279],[-73.052301,-2.360856],[-73.062355,-2.358969],[-73.070025,-2.345247],[-73.068299,-2.315141],[-73.082154,-2.311152],[-73.099971,-2.324572],[-73.122928,-2.323944],[-73.117676,-2.287006],[-73.151633,-2.260156],[-73.167666,-2.229018],[-73.170462,-2.191608],[-73.130035,-2.181598],[-73.114188,-2.130874],[-73.076728,-2.108193],[-73.069785,-2.087881],[-73.073678,-2.081629],[-73.100631,-2.082584],[-73.10675,-2.074951],[-73.093731,-2.035458],[-73.120315,-2.013164],[-73.123372,-1.981217],[-73.112307,-1.946167],[-73.118417,-1.912083],[-73.107453,-1.886062],[-73.112765,-1.872815],[-73.133256,-1.87241],[-73.150283,-1.861363],[-73.147285,-1.802686],[-73.186029,-1.807918],[-73.203793,-1.763917],[-73.220868,-1.74867],[-73.232071,-1.761057],[-73.234345,-1.801722],[-73.256788,-1.802522],[-73.244167,-1.788416],[-73.249862,-1.780388],[-73.294593,-1.776538],[-73.308837,-1.787927],[-73.30373,-1.818112],[-73.317383,-1.82619],[-73.326973,-1.804863],[-73.383337,-1.774711],[-73.431593,-1.788702],[-73.435657,-1.762485],[-73.459282,-1.736397],[-73.49995,-1.731195],[-73.529531,-1.707267],[-73.53667,-1.685909],[-73.516593,-1.662712],[-73.503662,-1.622577],[-73.465229,-1.591169],[-73.457348,-1.574322],[-73.463744,-1.567298],[-73.47962,-1.575521],[-73.490299,-1.569297],[-73.478414,-1.530425],[-73.478568,-1.522094],[-73.495103,-1.510148],[-73.485654,-1.497776],[-73.489011,-1.483042],[-73.511002,-1.482131],[-73.526307,-1.468004],[-73.534324,-1.432846],[-73.585358,-1.423068],[-73.581405,-1.41392],[-73.553863,-1.416768],[-73.550217,-1.406881],[-73.561482,-1.377175],[-73.579157,-1.359578],[-73.569785,-1.322426],[-73.576531,-1.318062],[-73.595826,-1.328751],[-73.610801,-1.319026],[-73.621094,-1.259596],[-73.647012,-1.267189],[-73.680932,-1.238021],[-73.7084,-1.251769],[-73.732314,-1.245633],[-73.740998,-1.234258],[-73.745125,-1.199662],[-73.753685,-1.20599],[-73.754014,-1.238398],[-73.77433,-1.259092],[-73.78392,-1.257605],[-73.788154,-1.23968],[-73.809615,-1.249115],[-73.823555,-1.236359],[-73.857133,-1.231779],[-73.867523,-1.223162],[-73.871422,-1.197303],[-73.895408,-1.168584],[-73.897069,-1.137182],[-73.90947,-1.121641],[-73.961654,-1.129068],[-73.966562,-1.117776],[-73.950592,-1.097912],[-73.96167,-1.082627],[-73.988037,-1.103162],[-74.010969,-1.092812],[-74.022658,-1.06292],[-74.015185,-1.018239],[-74.022769,-1.00488],[-74.038262,-1.013619],[-74.046201,-1.04482],[-74.063917,-1.052953],[-74.094261,-1.048012],[-74.168358,-1.006329],[-74.218621,-1.009424],[-74.267218,-0.982356],[-74.271349,-0.967114],[-74.263107,-0.94408],[-74.278297,-0.899855],[-74.287422,-0.893539],[-74.312873,-0.895383],[-74.319953,-0.879646],[-74.305465,-0.865168],[-74.269172,-0.879291],[-74.26815,-0.84701],[-74.24533,-0.818402],[-74.284928,-0.824844],[-74.292352,-0.813242],[-74.280258,-0.787277],[-74.283342,-0.777859],[-74.29007,-0.774988],[-74.303509,-0.792301],[-74.316658,-0.793027],[-74.312553,-0.756268],[-74.344283,-0.759029],[-74.37259,-0.734795],[-74.375557,-0.716988],[-74.345375,-0.705438],[-74.337569,-0.682935],[-74.372826,-0.652887],[-74.360933,-0.623823],[-74.387723,-0.59071],[-74.394506,-0.541983],[-74.400566,-0.540045],[-74.414769,-0.55809],[-74.423975,-0.55346],[-74.422952,-0.498924],[-74.465051,-0.487942],[-74.476402,-0.474103],[-74.497564,-0.488339],[-74.498968,-0.461616],[-74.527947,-0.466746],[-74.55318,-0.420809],[-74.573423,-0.410634],[-74.576222,-0.392276],[-74.615053,-0.377506],[-74.609336,-0.351395],[-74.661309,-0.37433],[-74.683865,-0.35926],[-74.681916,-0.330422],[-74.68959,-0.32927],[-74.710648,-0.350244],[-74.72668,-0.343561],[-74.732514,-0.334918],[-74.731475,-0.290063],[-74.748022,-0.250326],[-74.782457,-0.201357],[-74.808982,-0.189021],[-74.831764,-0.206193],[-74.848087,-0.233584],[-74.892288,-0.236896],[-74.910676,-0.203546],[-74.917301,-0.202461],[-74.918197,-0.215297],[-74.928259,-0.220215],[-74.938453,-0.203658],[-74.958616,-0.193842],[-74.969668,-0.180018],[-74.972801,-0.153525],[-75.016891,-0.145686],[-75.077363,-0.084205],[-75.094847,-0.081222],[-75.100042,-0.080964]]]}},{"type":"Feature","id":"17","properties":{"ubigeo":"17","nombre_departamento":"madre de dios","nombre_provincia":"","nombre_distrito":"","capital":"puerto maldonado"},"geometry":{"type":"Polygon","coordinates":[[[-70.613465,-10.129641],[-70.613804,-9.873393],[-70.639539,-9.884376],[-70.633479,-9.898958],[-70.650894,-9.931955],[-70.648521,-9.951576],[-70.667627,-9.970693],[-70.656893,-9.999729],[-70.672318,-10.023135],[-70.652059,-10.04006],[-70.660032,-10.051466],[-70.644542,-10.06874],[-70.6499,-10.079475],[-70.698174,-10.118031],[-70.708231,-10.13684],[-70.706443,-10.161357],[-70.750693,-10.191012],[-70.803201,-10.251154],[-70.866854,-10.253047],[-70.880833,-10.26197],[-70.873993,-10.300696],[-70.889459,-10.335139],[-70.968012,-10.335551],[-70.958415,-10.389577],[-71.004972,-10.430819],[-71.000639,-10.442222],[-71.024533,-10.4782],[-71.078506,-10.501371],[-71.128514,-10.504736],[-71.1468,-10.530984],[-71.164571,-10.531261],[-71.165293,-10.569644],[-71.196213,-10.579861],[-71.220803,-10.636734],[-71.206291,-10.65216],[-71.231313,-10.685239],[-71.227815,-10.702813],[-71.215537,-10.714948],[-71.224603,-10.730653],[-71.218749,-10.760206],[-71.228866,-10.764998],[-71.221564,-10.776698],[-71.245054,-10.776529],[-71.258723,-10.784935],[-71.271474,-10.819047],[-71.272727,-10.852819],[-71.294714,-10.876299],[-71.308337,-10.877814],[-71.317305,-10.909565],[-71.336126,-10.916788],[-71.355218,-10.950617],[-71.393455,-10.947334],[-71.412941,-10.958068],[-71.44823,-10.959054],[-71.472509,-10.953693],[-71.485951,-10.96379],[-71.508132,-10.966092],[-71.527149,-10.961727],[-71.531977,-10.952138],[-71.558854,-10.964803],[-71.661719,-10.983184],[-71.680723,-10.971558],[-71.693556,-10.979741],[-71.701694,-10.973839],[-71.716003,-10.99785],[-71.729283,-10.983676],[-71.751144,-10.993752],[-71.780228,-10.987814],[-71.808953,-10.993828],[-71.828463,-11.011868],[-71.847008,-10.995679],[-71.923332,-10.996097],[-71.938377,-11.003895],[-72.010833,-10.987747],[-72.043699,-10.99692],[-72.054413,-11.011074],[-72.10471,-10.992931],[-72.125035,-10.995624],[-72.12793,-10.979842],[-72.152863,-10.994215],[-72.156493,-11.004502],[-72.173538,-10.995526],[-72.185254,-11.008835],[-72.174432,-11.032357],[-72.193061,-11.049677],[-72.182509,-11.057799],[-72.183299,-11.092592],[-72.178771,-11.097551],[-72.148151,-11.087776],[-72.123246,-11.103592],[-72.120469,-11.11949],[-72.135324,-11.135682],[-72.16928,-11.143741],[-72.17648,-11.159112],[-72.184319,-11.155543],[-72.187935,-11.163729],[-72.193856,-11.156662],[-72.206781,-11.172295],[-72.186523,-11.184889],[-72.199408,-11.197811],[-72.197061,-11.227861],[-72.205179,-11.239896],[-72.199413,-11.264235],[-72.218885,-11.296861],[-72.204623,-11.347433],[-72.239258,-11.345061],[-72.247894,-11.385006],[-72.270821,-11.400189],[-72.292551,-11.433273],[-72.287457,-11.466648],[-72.289628,-11.482852],[-72.304173,-11.497114],[-72.29803,-11.504116],[-72.313025,-11.561518],[-72.307894,-11.587537],[-72.348042,-11.617859],[-72.355623,-11.635025],[-72.375642,-11.633174],[-72.375317,-11.644165],[-72.390302,-11.650684],[-72.38771,-11.660459],[-72.428739,-11.708972],[-72.423327,-11.737818],[-72.385006,-11.761721],[-72.370768,-11.784967],[-72.390999,-11.80661],[-72.390757,-11.827557],[-72.33184,-11.856086],[-72.347514,-11.891267],[-72.336821,-11.937337],[-72.34049,-11.965768],[-72.286222,-11.975316],[-72.281544,-11.995797],[-72.259165,-12.005723],[-72.2696,-12.022836],[-72.268933,-12.054375],[-72.230425,-12.061778],[-72.173733,-12.05981],[-72.094447,-12.085191],[-72.087559,-12.14269],[-72.100436,-12.169419],[-72.092205,-12.194418],[-72.105611,-12.238793],[-72.0753,-12.243264],[-72.056439,-12.257278],[-72.043359,-12.254884],[-72.028936,-12.287234],[-71.94589,-12.330224],[-71.967179,-12.347642],[-71.963302,-12.376903],[-71.976647,-12.399454],[-72.00909,-12.40367],[-72.017477,-12.415179],[-72.047529,-12.423007],[-72.049893,-12.434442],[-72.060558,-12.438361],[-72.064669,-12.470227],[-72.078962,-12.498627],[-72.072638,-12.511066],[-72.057338,-12.507957],[-72.04979,-12.520946],[-72.028832,-12.526372],[-72.000535,-12.569615],[-71.981396,-12.58049],[-71.984213,-12.608167],[-71.965305,-12.614533],[-71.956132,-12.654458],[-71.970085,-12.662139],[-71.978595,-12.683331],[-71.964891,-12.693582],[-71.917782,-12.698914],[-71.918207,-12.720165],[-71.900352,-12.733355],[-71.88162,-12.73044],[-71.81224,-12.74386],[-71.79951,-12.76556],[-71.76466,-12.76746],[-71.76021,-12.78792],[-71.74756,-12.79616],[-71.70809,-12.77292],[-71.69475,-12.75374],[-71.69497,-12.73879],[-71.66054,-12.72892],[-71.63896,-12.70944],[-71.600298,-12.700058],[-71.552701,-12.708705],[-71.546591,-12.735416],[-71.523526,-12.747196],[-71.513136,-12.744387],[-71.495658,-12.78198],[-71.464846,-12.809697],[-71.459428,-12.825183],[-71.446483,-12.827216],[-71.456076,-12.840321],[-71.445074,-12.840732],[-71.448872,-12.863341],[-71.437389,-12.876268],[-71.423981,-12.873254],[-71.42719,-12.881973],[-71.417936,-12.882597],[-71.416367,-12.894062],[-71.396843,-12.882633],[-71.375058,-12.900546],[-71.358989,-12.880754],[-71.31475,-12.93148],[-71.27232,-12.95414],[-71.27101,-12.96249],[-71.23086,-12.97248],[-71.22093,-12.95766],[-71.195946,-12.959581],[-71.17641,-12.970943],[-71.162063,-12.966768],[-71.159001,-12.978679],[-71.171916,-12.981983],[-71.179395,-12.998342],[-71.16653,-13.01767],[-71.173799,-13.055008],[-71.161578,-13.066461],[-71.166932,-13.102147],[-71.161193,-13.120426],[-71.143976,-13.137235],[-71.131537,-13.220017],[-71.118282,-13.235463],[-71.09127,-13.24016],[-71.032036,-13.271046],[-71.010449,-13.262255],[-71.011213,-13.238714],[-70.990851,-13.221546],[-70.994205,-13.202222],[-70.977236,-13.169683],[-70.94219,-13.156499],[-70.94228,-13.135487],[-70.927631,-13.12878],[-70.921393,-13.110831],[-70.887291,-13.103364],[-70.899266,-13.069685],[-70.86311,-13.080324],[-70.829544,-13.067001],[-70.762868,-13.107733],[-70.685209,-13.106781],[-70.682932,-13.097625],[-70.660325,-13.088333],[-70.599492,-13.099146],[-70.586086,-13.104142],[-70.549425,-13.153171],[-70.464248,-13.159691],[-70.395476,-13.183051],[-70.38847,-13.19239],[-70.385577,-13.167039],[-70.401227,-13.15323],[-70.389662,-13.131538],[-70.409041,-13.13886],[-70.417695,-13.13309],[-70.404407,-13.126085],[-70.402868,-13.114413],[-69.64986,-13.34172],[-68.871873,-13.003926],[-68.868379,-12.990252],[-68.876802,-12.987189],[-68.862323,-12.981272],[-68.865038,-12.972014],[-68.87599,-12.978024],[-68.879215,-12.941758],[-68.860212,-12.947768],[-68.873414,-12.939763],[-68.866129,-12.931317],[-68.87663,-12.928677],[-68.861309,-12.926631],[-68.874873,-12.919232],[-68.86611,-12.895515],[-68.872511,-12.887514],[-68.86409,-12.874842],[-68.870544,-12.870093],[-68.858538,-12.858914],[-68.850983,-12.866437],[-68.834799,-12.857839],[-68.841753,-12.843488],[-68.830949,-12.841663],[-68.839305,-12.829632],[-68.829128,-12.828474],[-68.839373,-12.823897],[-68.824351,-12.804832],[-68.807631,-12.808618],[-68.818015,-12.790763],[-68.804733,-12.783571],[-68.803953,-12.756566],[-68.788974,-12.757794],[-68.780454,-12.732082],[-68.766885,-12.742194],[-68.727907,-12.713389],[-68.742371,-12.707992],[-68.725133,-12.697258],[-68.734487,-12.692119],[-68.711928,-12.680112],[-68.719918,-12.667028],[-68.728302,-12.671318],[-68.719547,-12.661225],[-68.733808,-12.667384],[-68.731036,-12.650896],[-68.740586,-12.632759],[-68.731761,-12.609913],[-68.724154,-12.602035],[-68.713841,-12.60412],[-68.701416,-12.579107],[-68.693863,-12.586606],[-68.699304,-12.572096],[-68.691481,-12.557262],[-68.674479,-12.552974],[-68.674085,-12.532464],[-68.681377,-12.525357],[-68.664733,-12.524223],[-68.65552,-12.534593],[-68.660428,-12.519408],[-68.652279,-12.50274],[-68.968272,-11.916314],[-69.103447,-11.681348],[-69.228332,-11.499824],[-69.562928,-10.966836],[-69.568663,-10.947939],[-69.574185,-10.950184],[-69.57881,-10.94073],[-69.5881,-10.940635],[-69.583462,-10.947871],[-69.598723,-10.941778],[-69.610475,-10.946593],[-69.610475,-10.957583],[-69.620337,-10.950061],[-69.633599,-10.957393],[-69.658695,-10.952564],[-69.697311,-10.97245],[-69.700534,-10.965527],[-69.716857,-10.975905],[-69.722257,-10.964724],[-69.737641,-10.974967],[-69.759935,-10.939513],[-69.773088,-10.94003],[-69.769538,-10.929937],[-69.79431,-10.934087],[-69.811067,-10.926002],[-69.83159,-10.93388],[-69.851144,-10.924576],[-69.858272,-10.934337],[-69.862723,-10.926829],[-69.873441,-10.931062],[-69.901222,-10.920561],[-69.920678,-10.933815],[-69.933301,-10.922222],[-69.953976,-10.928566],[-69.957959,-10.940851],[-69.974248,-10.949299],[-69.982024,-10.943134],[-69.984502,-10.955655],[-69.994397,-10.950697],[-69.998824,-10.965168],[-70.007532,-10.96271],[-70.027362,-10.977752],[-70.036854,-10.970973],[-70.037129,-10.980019],[-70.064587,-10.993875],[-70.09285,-10.987117],[-70.107413,-11.007885],[-70.115702,-11.00591],[-70.140529,-11.029672],[-70.156138,-11.033525],[-70.158268,-11.041872],[-70.176085,-11.040129],[-70.199053,-11.054015],[-70.241541,-11.047062],[-70.30843,-11.07059],[-70.37377,-11.06054],[-70.38578,-11.04777],[-70.43776,-11.0388],[-70.45174,-10.99676],[-70.51538,-10.94717],[-70.52167,-10.93421],[-70.613754,-11.000168],[-70.613588,-10.276168],[-70.613465,-10.129641]]]}},{"type":"Feature","id":"18","properties":{"ubigeo":"18","nombre_departamento":"moquegua","nombre_provincia":"","nombre_distrito":"","capital":"moquegua"},"geometry":{"type":"Polygon","coordinates":[[[-70.793877,-15.987212],[-70.79997,-15.975964],[-70.807509,-15.988017],[-70.820198,-15.978468],[-70.829102,-15.99549],[-70.816559,-16.002756],[-70.820946,-16.029751],[-70.807358,-16.040829],[-70.804512,-16.055134],[-70.856735,-16.056337],[-70.866806,-16.080082],[-70.878105,-16.081444],[-70.875061,-16.094578],[-70.895706,-16.106281],[-70.867111,-16.128485],[-70.867828,-16.153866],[-70.878593,-16.166616],[-70.860245,-16.175571],[-70.853889,-16.196688],[-70.866959,-16.224585],[-70.844475,-16.235878],[-70.880806,-16.284544],[-70.901466,-16.277702],[-70.915787,-16.2824],[-70.93911,-16.298933],[-70.943611,-16.314405],[-70.98629,-16.30995],[-70.969399,-16.369608],[-70.975098,-16.391029],[-70.963829,-16.39974],[-70.975616,-16.418322],[-70.953232,-16.459948],[-70.956085,-16.472521],[-70.979523,-16.480574],[-70.993454,-16.496553],[-71.012566,-16.498579],[-71.019241,-16.486891],[-71.037258,-16.485686],[-71.047195,-16.454403],[-71.072655,-16.465755],[-71.08194,-16.456858],[-71.108459,-16.465706],[-71.124725,-16.461073],[-71.139519,-16.474974],[-71.197029,-16.471659],[-71.219139,-16.460566],[-71.242104,-16.463064],[-71.249344,-16.482359],[-71.237495,-16.514591],[-71.2491,-16.5641],[-71.26284,-16.584911],[-71.260406,-16.605202],[-71.279152,-16.615822],[-71.283905,-16.682239],[-71.296013,-16.706266],[-71.285812,-16.716354],[-71.289093,-16.726458],[-71.327171,-16.752445],[-71.346985,-16.742243],[-71.350685,-16.727398],[-71.364449,-16.720344],[-71.422928,-16.737898],[-71.4336,-16.78927],[-71.443711,-16.804678],[-71.4355,-16.83615],[-71.440854,-16.86128],[-71.422141,-16.896395],[-71.424062,-16.919298],[-71.45985,-16.93736],[-71.46402,-16.956465],[-71.404571,-16.956764],[-71.390831,-16.978069],[-71.394882,-16.992849],[-71.385788,-17.020502],[-71.365234,-17.014111],[-71.357315,-17.024355],[-71.339424,-17.021759],[-71.319054,-17.041454],[-71.324692,-17.060308],[-71.302246,-17.093851],[-71.31633,-17.124739],[-71.355316,-17.151274],[-71.40859,-17.209682],[-71.423515,-17.236616],[-71.440956,-17.251717],[-71.46555,-17.254503],[-71.490797,-17.285007],[-71.472537,-17.297158],[-71.476885,-17.32281],[-71.469891,-17.318818],[-71.458107,-17.33242],[-71.444715,-17.332236],[-71.431393,-17.350523],[-71.432791,-17.366648],[-71.424668,-17.363633],[-71.418805,-17.377486],[-71.394355,-17.389412],[-71.381139,-17.449982],[-71.362953,-17.488785],[-71.365547,-17.545363],[-71.3415,-17.636895],[-71.381443,-17.707174],[-71.368183,-17.706162],[-71.363365,-17.692652],[-71.349189,-17.693449],[-71.184884,-17.781207],[-71.168734,-17.809369],[-71.142039,-17.821357],[-71.12628,-17.81283],[-71.10215,-17.741684],[-71.094238,-17.733244],[-71.082955,-17.735803],[-71.082191,-17.716684],[-71.057924,-17.718075],[-71.026916,-17.703875],[-71.017113,-17.709211],[-71.00335,-17.683699],[-70.992996,-17.679119],[-70.983162,-17.684627],[-70.95628,-17.67596],[-70.9125,-17.68737],[-70.90389,-17.62256],[-70.87996,-17.55567],[-70.77998,-17.4506],[-70.75463,-17.437578],[-70.73672,-17.40828],[-70.752404,-17.380573],[-70.746703,-17.351354],[-70.733868,-17.323191],[-70.705652,-17.29118],[-70.715917,-17.273652],[-70.704279,-17.267205],[-70.684091,-17.224265],[-70.651093,-17.209175],[-70.609978,-17.214504],[-70.572508,-17.194109],[-70.55505,-17.197663],[-70.521141,-17.158234],[-70.491314,-17.090208],[-70.448739,-17.080669],[-70.439201,-17.050363],[-70.463158,-17.004367],[-70.443199,-16.964277],[-70.465017,-16.944434],[-70.453658,-16.929746],[-70.459191,-16.922738],[-70.451752,-16.900006],[-70.441574,-16.892404],[-70.450967,-16.861816],[-70.440689,-16.840047],[-70.38523,-16.815871],[-70.372795,-16.79818],[-70.311295,-16.773301],[-70.291857,-16.781345],[-70.266575,-16.770833],[-70.2473,-16.802465],[-70.18256,-16.816507],[-70.184067,-16.834687],[-70.216865,-16.843314],[-70.224745,-16.857066],[-70.241211,-16.856918],[-70.259066,-16.902033],[-70.252453,-16.944712],[-70.227033,-16.959355],[-70.218013,-16.946352],[-70.181289,-16.93212],[-70.173689,-16.912232],[-70.148372,-16.92187],[-70.146625,-16.93873],[-70.11635,-16.922163],[-70.105597,-16.897264],[-70.094279,-16.890925],[-70.090314,-16.810855],[-70.057816,-16.787812],[-70.057125,-16.770164],[-70.032209,-16.752925],[-70.035542,-16.74289],[-70.010214,-16.741339],[-69.995302,-16.728589],[-69.99691,-16.710258],[-70.010453,-16.699896],[-70.011365,-16.68691],[-69.998391,-16.675148],[-70.013236,-16.640343],[-70.048612,-16.627708],[-70.087845,-16.655232],[-70.137832,-16.628575],[-70.148761,-16.615313],[-70.165706,-16.613324],[-70.176244,-16.594153],[-70.175456,-16.561531],[-70.184778,-16.537609],[-70.200495,-16.53959],[-70.228666,-16.506076],[-70.30117,-16.478672],[-70.313402,-16.468153],[-70.306314,-16.447206],[-70.316735,-16.444399],[-70.325052,-16.417525],[-70.360888,-16.410831],[-70.356554,-16.400271],[-70.382257,-16.385924],[-70.370595,-16.36865],[-70.356604,-16.367699],[-70.345611,-16.348139],[-70.338758,-16.322798],[-70.346595,-16.305602],[-70.340281,-16.270093],[-70.345135,-16.256102],[-70.324033,-16.217872],[-70.334597,-16.201568],[-70.362279,-16.206499],[-70.373753,-16.175917],[-70.401942,-16.14903],[-70.408302,-16.120796],[-70.403229,-16.087231],[-70.434282,-16.061878],[-70.441121,-16.035814],[-70.465779,-16.050369],[-70.48256,-16.039475],[-70.507324,-16.038144],[-70.510322,-16.029986],[-70.526075,-16.026723],[-70.56289,-15.9825],[-70.62477,-16.00302],[-70.64082,-15.98764],[-70.66835,-16.01339],[-70.72211,-16.03419],[-70.74124,-16.01618],[-70.77597,-16.0134],[-70.79486,-15.988196],[-70.793877,-15.987212]]]}},{"type":"Feature","id":"19","properties":{"ubigeo":"19","nombre_departamento":"pasco","nombre_provincia":"","nombre_distrito":"","capital":"cerro de pasco"},"geometry":{"type":"Polygon","coordinates":[[[-74.680048,-9.447272],[-74.713101,-9.456674],[-74.728821,-9.472412],[-74.741355,-9.516236],[-74.750523,-9.524607],[-74.735594,-9.574445],[-74.755849,-9.584049],[-74.755739,-9.606545],[-74.772486,-9.612379],[-74.764815,-9.635716],[-74.787478,-9.66577],[-74.821883,-9.677188],[-74.817752,-9.691264],[-74.828768,-9.703963],[-74.816844,-9.736434],[-74.843799,-9.749148],[-74.839296,-9.764927],[-74.847071,-9.780477],[-74.842523,-9.787459],[-74.821366,-9.78492],[-74.8156,-9.795428],[-74.826153,-9.819686],[-74.836239,-9.820048],[-74.830399,-9.833808],[-74.835003,-9.847106],[-74.859458,-9.844518],[-74.882351,-9.819738],[-74.903392,-9.838888],[-74.951624,-9.859909],[-74.985553,-9.864064],[-74.993616,-9.839797],[-75.057789,-9.818919],[-75.094468,-9.844478],[-75.160125,-9.839975],[-75.25465,-9.779002],[-75.310639,-9.774672],[-75.279219,-9.83824],[-75.275737,-9.85207],[-75.282408,-9.864731],[-75.321221,-9.876909],[-75.369356,-9.870833],[-75.399596,-9.878456],[-75.411182,-9.888426],[-75.4096,-9.902008],[-75.395547,-9.912777],[-75.404784,-9.930212],[-75.421442,-9.943435],[-75.441741,-9.936258],[-75.449552,-9.941552],[-75.453696,-9.955768],[-75.462309,-9.957284],[-75.467776,-9.989059],[-75.508584,-9.976916],[-75.548379,-9.984415],[-75.560382,-9.964136],[-75.596433,-9.953708],[-75.595221,-10.00962],[-75.602079,-10.024775],[-75.64518,-10.026928],[-75.676469,-10.054275],[-75.6914,-10.092258],[-75.689912,-10.118879],[-75.703863,-10.1419],[-75.70073,-10.19734],[-75.70943,-10.21507],[-75.72868,-10.232771],[-75.759529,-10.23768],[-75.784769,-10.25216],[-75.812709,-10.24409],[-75.83968,-10.257391],[-75.8564,-10.301711],[-75.893539,-10.324281],[-75.924939,-10.356721],[-75.934539,-10.37498],[-75.925049,-10.40656],[-75.976736,-10.479903],[-76.003113,-10.488807],[-76.012209,-10.454611],[-76.02494,-10.467439],[-76.039223,-10.454578],[-76.057641,-10.465152],[-76.078283,-10.451988],[-76.078269,-10.434154],[-76.092892,-10.429281],[-76.104187,-10.435547],[-76.118805,-10.426373],[-76.129631,-10.430801],[-76.142553,-10.408594],[-76.166685,-10.413556],[-76.185397,-10.395463],[-76.20717,-10.38871],[-76.205396,-10.376562],[-76.230889,-10.371791],[-76.22633,-10.39693],[-76.269477,-10.368988],[-76.274705,-10.402465],[-76.285287,-10.41642],[-76.305517,-10.412545],[-76.32341,-10.35958],[-76.31685,-10.34099],[-76.33068,-10.31612],[-76.32576,-10.30553],[-76.34208,-10.28584],[-76.3645,-10.29947],[-76.38722,-10.28929],[-76.40068,-10.30843],[-76.42494,-10.31922],[-76.493976,-10.310531],[-76.472804,-10.337768],[-76.486582,-10.352436],[-76.490941,-10.378896],[-76.52384,-10.377216],[-76.531895,-10.386873],[-76.55188,-10.384644],[-76.558244,-10.39343],[-76.578103,-10.375504],[-76.59338,-10.38724],[-76.593359,-10.401494],[-76.620394,-10.415248],[-76.648976,-10.415836],[-76.665248,-10.438557],[-76.69682,-10.442486],[-76.700876,-10.461009],[-76.715664,-10.462465],[-76.729151,-10.479066],[-76.730241,-10.508403],[-76.710188,-10.540741],[-76.70372,-10.588594],[-76.685862,-10.581457],[-76.672703,-10.60989],[-76.675574,-10.621372],[-76.655655,-10.646782],[-76.670954,-10.677814],[-76.659433,-10.687925],[-76.642241,-10.746398],[-76.627849,-10.76596],[-76.633486,-10.784528],[-76.617724,-10.814592],[-76.601577,-10.815868],[-76.583878,-10.853609],[-76.565021,-10.963932],[-76.581603,-10.984984],[-76.578946,-11.014777],[-76.53299,-11.034127],[-76.51468,-11.068713],[-76.493523,-11.0886],[-76.461197,-11.084129],[-76.446807,-11.071247],[-76.433662,-11.080094],[-76.389496,-11.070988],[-76.350959,-11.094193],[-76.33551,-11.082533],[-76.31807,-11.091643],[-76.3079,-11.132664],[-76.25777,-11.15175],[-76.24153,-11.1431],[-76.22716,-11.15577],[-76.21463,-11.15031],[-76.25015,-11.1052],[-76.23957,-11.049199],[-76.259668,-11.027402],[-76.253443,-11.022878],[-76.259951,-11.015006],[-76.255671,-11.002395],[-76.263746,-10.998587],[-76.272781,-10.971587],[-76.265526,-10.959014],[-76.276604,-10.950727],[-76.281697,-10.913918],[-76.270035,-10.916535],[-76.262227,-10.908971],[-76.265896,-10.920123],[-76.249465,-10.924531],[-76.229197,-10.91559],[-76.209797,-10.918967],[-76.212844,-10.932373],[-76.190904,-10.96031],[-76.146238,-10.945814],[-76.122525,-10.95234],[-76.12293,-10.96264],[-76.08214,-10.89514],[-76.04551,-10.88074],[-75.994761,-10.820957],[-75.937146,-10.871508],[-75.935924,-10.889723],[-75.91316,-10.872001],[-75.87607,-10.867495],[-75.864782,-10.876586],[-75.858259,-10.867857],[-75.836968,-10.886037],[-75.815579,-10.872493],[-75.815447,-10.846982],[-75.789141,-10.825271],[-75.75857,-10.83009],[-75.732807,-10.809264],[-75.693253,-10.817219],[-75.692963,-10.835139],[-75.678549,-10.84018],[-75.649769,-10.82338],[-75.606622,-10.823116],[-75.584096,-10.801567],[-75.567771,-10.72712],[-75.55692,-10.74407],[-75.54248,-10.740971],[-75.514469,-10.756371],[-75.49025,-10.75683],[-75.477891,-10.780961],[-75.460789,-10.749771],[-75.43591,-10.747461],[-75.39481,-10.759141],[-75.386939,-10.799451],[-75.39076,-10.83226],[-75.40934,-10.845209],[-75.410722,-10.861701],[-75.396292,-10.85323],[-75.385727,-10.864937],[-75.362738,-10.850112],[-75.354728,-10.82854],[-75.361879,-10.81917],[-75.347891,-10.800291],[-75.337816,-10.801276],[-75.304275,-10.838236],[-75.284529,-10.84165],[-75.26425,-10.828051],[-75.247959,-10.803101],[-75.2439,-10.763881],[-75.204184,-10.764676],[-75.189949,-10.780402],[-75.176646,-10.749902],[-75.15708,-10.76198],[-75.14233,-10.74125],[-75.10964,-10.723993],[-75.088447,-10.683537],[-75.071623,-10.67785],[-75.074316,-10.66581],[-75.065073,-10.652894],[-75.035639,-10.682318],[-75.020701,-10.673694],[-75.011729,-10.679526],[-75.00649,-10.718802],[-74.987342,-10.734157],[-74.982818,-10.749787],[-74.956482,-10.732824],[-74.93829,-10.749602],[-74.91801,-10.75513],[-74.913285,-10.748385],[-74.885239,-10.770598],[-74.865936,-10.758972],[-74.887539,-10.710736],[-74.878571,-10.700463],[-74.851135,-10.73297],[-74.831311,-10.780536],[-74.794827,-10.829872],[-74.760363,-10.825142],[-74.733169,-10.833918],[-74.690846,-10.886795],[-74.681347,-10.889157],[-74.679181,-10.879071],[-74.642612,-10.867962],[-74.614102,-10.904625],[-74.571068,-10.915841],[-74.569232,-10.904036],[-74.547996,-10.890997],[-74.506712,-10.899515],[-74.487083,-10.889033],[-74.484542,-10.855873],[-74.491928,-10.84461],[-74.482676,-10.835391],[-74.467302,-10.836659],[-74.431056,-10.812957],[-74.386765,-10.813116],[-74.374396,-10.788568],[-74.385213,-10.764485],[-74.3839,-10.74748],[-74.359716,-10.759412],[-74.350299,-10.754734],[-74.337021,-10.733857],[-74.316443,-10.725931],[-74.317162,-10.7155],[-74.287574,-10.684307],[-74.286881,-10.670412],[-74.25892,-10.680432],[-74.252809,-10.65948],[-74.227578,-10.65184],[-74.229665,-10.634598],[-74.203681,-10.630144],[-74.192755,-10.639176],[-74.159856,-10.640591],[-74.156721,-10.650095],[-74.140454,-10.656766],[-74.135516,-10.671477],[-74.130981,-10.654742],[-74.139557,-10.615057],[-74.132673,-10.604911],[-74.18235,-10.503331],[-74.178719,-10.488645],[-74.225772,-10.443874],[-74.239291,-10.441186],[-74.252884,-10.417137],[-74.244241,-10.410446],[-74.242005,-10.383165],[-74.262742,-10.363661],[-74.236914,-10.321606],[-74.252195,-10.305131],[-74.234371,-10.295435],[-74.227158,-10.27733],[-74.226395,-10.230498],[-74.235171,-10.21826],[-74.230607,-10.186317],[-74.245427,-10.176653],[-74.302873,-10.164838],[-74.315019,-10.113156],[-74.331274,-10.108546],[-74.355229,-10.118777],[-74.366967,-10.112896],[-74.389899,-10.051349],[-74.404322,-10.050601],[-74.418828,-10.02575],[-74.412398,-10.00824],[-74.424587,-9.985331],[-74.411194,-9.957569],[-74.416646,-9.930824],[-74.410989,-9.91467],[-74.433102,-9.876059],[-74.453301,-9.863636],[-74.44724,-9.77715],[-74.455361,-9.745982],[-74.47409,-9.730124],[-74.49014,-9.685196],[-74.494636,-9.656155],[-74.489467,-9.651964],[-74.497291,-9.637598],[-74.490726,-9.618784],[-74.493829,-9.592225],[-74.531654,-9.592103],[-74.57485,-9.572718],[-74.574447,-9.545778],[-74.593494,-9.507362],[-74.583178,-9.498439],[-74.581092,-9.476602],[-74.678721,-9.448056],[-74.680048,-9.447272]]]}},{"type":"Feature","id":"20","properties":{"ubigeo":"20","nombre_departamento":"piura","nombre_provincia":"","nombre_distrito":"","capital":"piura"},"geometry":{"type":"Polygon","coordinates":[[[-81.026209,-4.105939],[-81.041911,-4.082922],[-81.056852,-4.10549],[-81.100053,-4.128184],[-81.130075,-4.175578],[-81.146143,-4.179463],[-81.174334,-4.2155],[-81.23817,-4.25101],[-81.253029,-4.274182],[-81.260816,-4.309687],[-81.249627,-4.347471],[-81.252834,-4.395617],[-81.273445,-4.445783],[-81.300385,-4.458965],[-81.305027,-4.479768],[-81.280637,-4.529605],[-81.274404,-4.571123],[-81.2861,-4.575035],[-81.308855,-4.660453],[-81.328117,-4.671018],[-81.315074,-4.698809],[-81.086506,-4.967062],[-81.062408,-5.020623],[-81.062006,-5.049281],[-81.088449,-5.080605],[-81.112199,-5.084176],[-81.132387,-5.069705],[-81.148797,-5.079363],[-81.159977,-5.072748],[-81.168197,-5.081512],[-81.160467,-5.123408],[-81.179615,-5.132939],[-81.167361,-5.167121],[-81.173303,-5.18399],[-81.188998,-5.194037],[-81.192785,-5.216951],[-81.138121,-5.263617],[-81.107771,-5.315242],[-81.085182,-5.309955],[-81.05298,-5.33099],[-80.938498,-5.446486],[-80.897584,-5.511453],[-80.852195,-5.637316],[-80.859816,-5.745478],[-80.889322,-5.806283],[-80.910789,-5.829156],[-80.944625,-5.845941],[-80.968355,-5.844623],[-80.992016,-5.832846],[-81.004201,-5.835867],[-81.035988,-5.822676],[-81.070734,-5.785836],[-81.083623,-5.79166],[-81.085443,-5.81566],[-81.100125,-5.841078],[-81.123748,-5.843361],[-81.128514,-5.864465],[-81.149426,-5.889592],[-81.149539,-5.979449],[-81.106557,-6.068158],[-80.894539,-6.203346],[-80.783805,-6.298965],[-80.627133,-6.37208],[-80.334713,-5.953904],[-80.278752,-5.919992],[-80.196178,-5.892088],[-80.123848,-5.891311],[-80.120102,-5.872219],[-80.106072,-5.867449],[-80.057793,-5.818807],[-80.052984,-5.811244],[-80.092369,-5.795091],[-80.102935,-5.761498],[-80.091147,-5.726861],[-80.095171,-5.702608],[-80.066372,-5.698211],[-80.061067,-5.6844],[-80.071053,-5.673254],[-80.069959,-5.646171],[-80.056975,-5.618486],[-80.052837,-5.563573],[-80.001004,-5.585342],[-79.960523,-5.581623],[-79.945873,-5.514996],[-79.904846,-5.493414],[-79.898352,-5.480387],[-79.853996,-5.530744],[-79.86442,-5.56342],[-79.85234,-5.603582],[-79.81901,-5.664822],[-79.80501,-5.646414],[-79.79026,-5.645727],[-79.744449,-5.677113],[-79.766416,-5.708252],[-79.748193,-5.710182],[-79.716623,-5.741557],[-79.739316,-5.799588],[-79.736877,-5.838197],[-79.68271,-5.84645],[-79.635367,-5.809002],[-79.630973,-5.796381],[-79.622584,-5.797572],[-79.62321,-5.8214],[-79.63225,-5.82993],[-79.62875,-5.85161],[-79.63741,-5.85942],[-79.62994,-5.86302],[-79.62622,-5.88812],[-79.61324,-5.89554],[-79.611107,-5.923463],[-79.60132,-5.93954],[-79.59583,-5.93362],[-79.5538,-5.93831],[-79.52763,-5.91287],[-79.51396,-5.92098],[-79.4985,-5.915141],[-79.470051,-5.92808],[-79.46251,-5.94485],[-79.418609,-5.9701],[-79.398359,-5.94993],[-79.361891,-5.93276],[-79.359582,-5.919539],[-79.335437,-5.893969],[-79.353642,-5.871119],[-79.350513,-5.855462],[-79.376449,-5.823673],[-79.375996,-5.800533],[-79.389641,-5.793047],[-79.399246,-5.771215],[-79.39926,-5.702543],[-79.384463,-5.680441],[-79.377857,-5.647055],[-79.382758,-5.63593],[-79.371121,-5.602564],[-79.398623,-5.53348],[-79.387262,-5.522393],[-79.330565,-5.53547],[-79.310658,-5.520063],[-79.286807,-5.525865],[-79.275961,-5.51974],[-79.281028,-5.486323],[-79.297615,-5.459947],[-79.294514,-5.440252],[-79.305522,-5.425869],[-79.307857,-5.365277],[-79.319738,-5.362273],[-79.326053,-5.348037],[-79.328072,-5.315914],[-79.359049,-5.288627],[-79.348189,-5.23366],[-79.369043,-5.212361],[-79.378408,-5.189978],[-79.367484,-5.174514],[-79.341857,-5.164],[-79.34207,-5.143149],[-79.330351,-5.124428],[-79.296026,-5.11198],[-79.296193,-5.101222],[-79.273258,-5.072783],[-79.273008,-5.058522],[-79.226248,-5.047857],[-79.212952,-5.001109],[-79.222181,-4.982402],[-79.21004,-4.965854],[-79.265819,-4.967446],[-79.288508,-4.942843],[-79.30702,-4.898383],[-79.320286,-4.90087],[-79.333932,-4.884202],[-79.352397,-4.880268],[-79.368137,-4.835327],[-79.393545,-4.836169],[-79.437103,-4.729728],[-79.457428,-4.702522],[-79.464141,-4.652131],[-79.488709,-4.625315],[-79.494153,-4.581785],[-79.476594,-4.569982],[-79.490114,-4.527963],[-79.512288,-4.517467],[-79.525673,-4.529479],[-79.542985,-4.527142],[-79.550686,-4.51503],[-79.561284,-4.515195],[-79.580824,-4.499197],[-79.581107,-4.484897],[-79.600262,-4.456486],[-79.644615,-4.433762],[-79.682662,-4.448182],[-79.706433,-4.471572],[-79.719734,-4.468098],[-79.764896,-4.487776],[-79.813018,-4.491102],[-79.853004,-4.451312],[-79.854055,-4.434467],[-79.870644,-4.413311],[-79.91928,-4.38543],[-79.93867,-4.396711],[-79.962978,-4.394484],[-80.0345,-4.348746],[-80.061476,-4.310221],[-80.10424,-4.290957],[-80.108633,-4.29815],[-80.134961,-4.296283],[-80.136279,-4.285164],[-80.155414,-4.30434],[-80.165812,-4.300703],[-80.164785,-4.289902],[-80.179164,-4.297508],[-80.186855,-4.335113],[-80.205478,-4.338672],[-80.196371,-4.350574],[-80.208076,-4.351547],[-80.211353,-4.35925],[-80.218289,-4.353467],[-80.220482,-4.378121],[-80.231762,-4.37281],[-80.234689,-4.387012],[-80.247359,-4.391238],[-80.262055,-4.410434],[-80.277084,-4.4041],[-80.295549,-4.423967],[-80.291986,-4.43723],[-80.335873,-4.467396],[-80.361891,-4.480084],[-80.380518,-4.47675],[-80.39034,-4.48598],[-80.416668,-4.460051],[-80.419512,-4.466885],[-80.449135,-4.447611],[-80.453883,-4.407648],[-80.446019,-4.393648],[-80.45331,-4.383436],[-80.423568,-4.330984],[-80.390797,-4.295768],[-80.367176,-4.282051],[-80.36725,-4.26995],[-80.309996,-4.203818],[-80.313865,-4.198553],[-80.329371,-4.214578],[-80.339789,-4.208381],[-80.35268,-4.220701],[-80.367781,-4.197432],[-80.409277,-4.218535],[-80.431139,-4.196064],[-80.449312,-4.209336],[-80.44701,-4.12115],[-80.466963,-4.127859],[-80.463846,-4.115801],[-80.487332,-4.083129],[-80.522769,-4.104857],[-80.52675,-4.12118],[-80.55898,-4.16108],[-80.56126,-4.17658],[-80.58695,-4.19895],[-80.58982,-4.21412],[-80.60442,-4.21074],[-80.62269,-4.23189],[-80.64523,-4.22956],[-80.69932,-4.1878],[-80.71968,-4.19419],[-80.73514,-4.17803],[-80.74475,-4.18429],[-80.76301,-4.17491],[-80.78337,-4.18057],[-80.803307,-4.175967],[-80.837232,-4.189355],[-80.882822,-4.192801],[-80.923676,-4.16948],[-80.935674,-4.17841],[-80.94409,-4.168482],[-80.967094,-4.172764],[-80.96165,-4.148236],[-80.971322,-4.127117],[-81.025568,-4.106217],[-81.026209,-4.105939]]]}},{"type":"Feature","id":"21","properties":{"ubigeo":"21","nombre_departamento":"puno","nombre_provincia":"","nombre_distrito":"","capital":"puno"},"geometry":{"type":"MultiPolygon","coordinates":[[[[-68.867637,-13.010749],[-68.871873,-13.003926],[-69.64986,-13.34172],[-70.402868,-13.114413],[-70.404407,-13.126085],[-70.417695,-13.13309],[-70.409041,-13.13886],[-70.389662,-13.131538],[-70.401227,-13.15323],[-70.385577,-13.167039],[-70.384464,-13.204736],[-70.390626,-13.232108],[-70.416309,-13.242607],[-70.422955,-13.254719],[-70.405352,-13.269408],[-70.370837,-13.276411],[-70.346648,-13.295187],[-70.345847,-13.312746],[-70.368057,-13.307072],[-70.395599,-13.316665],[-70.402503,-13.32941],[-70.392731,-13.344772],[-70.3995,-13.371644],[-70.419825,-13.358554],[-70.451116,-13.36517],[-70.442646,-13.395405],[-70.471827,-13.439928],[-70.452618,-13.447918],[-70.488795,-13.500381],[-70.538874,-13.531257],[-70.546598,-13.549843],[-70.543625,-13.577635],[-70.57787,-13.585841],[-70.588604,-13.598584],[-70.616191,-13.609062],[-70.662807,-13.660567],[-70.68952,-13.652593],[-70.715129,-13.662254],[-70.721235,-13.700156],[-70.735867,-13.71245],[-70.735376,-13.735299],[-70.718702,-13.764902],[-70.722091,-13.770642],[-70.713864,-13.772801],[-70.698858,-13.803168],[-70.70919,-13.84315],[-70.73222,-13.82345],[-70.76773,-13.81438],[-70.8284,-13.82763],[-70.849083,-13.815299],[-70.853926,-13.798605],[-70.879316,-13.815673],[-70.875136,-13.838986],[-70.854161,-13.853548],[-70.83242,-13.856872],[-70.825625,-13.878054],[-70.83086,-13.895075],[-70.814184,-13.901128],[-70.809673,-13.912264],[-70.846276,-13.963541],[-70.852636,-13.998197],[-70.840362,-14.008167],[-70.853535,-14.012859],[-70.860391,-14.030842],[-70.849524,-14.054171],[-70.831666,-14.061521],[-70.829472,-14.076337],[-70.817915,-14.067583],[-70.795883,-14.072119],[-70.790043,-14.080968],[-70.80561,-14.099284],[-70.80613,-14.12032],[-70.821144,-14.141147],[-70.84626,-14.148899],[-70.867338,-14.169561],[-70.88661,-14.172314],[-70.889393,-14.187039],[-70.882144,-14.198786],[-70.89458,-14.209109],[-70.899793,-14.232986],[-70.882165,-14.253465],[-70.879915,-14.270434],[-70.890989,-14.272715],[-70.892823,-14.286672],[-70.913457,-14.303319],[-70.912182,-14.341473],[-70.929773,-14.340878],[-70.962085,-14.361168],[-70.970482,-14.378284],[-70.986036,-14.379762],[-70.978692,-14.394484],[-70.985821,-14.406726],[-70.962353,-14.444539],[-70.987973,-14.45532],[-70.986585,-14.498718],[-70.999349,-14.502638],[-70.966116,-14.568336],[-70.977703,-14.583021],[-70.999543,-14.572301],[-71.01471,-14.577978],[-71.020431,-14.585345],[-71.010053,-14.597542],[-71.031042,-14.593263],[-71.073905,-14.631446],[-71.109118,-14.633951],[-71.118092,-14.64795],[-71.110107,-14.673537],[-71.088043,-14.695701],[-71.08951,-14.713188],[-71.05324,-14.75433],[-71.035694,-14.752117],[-71.027763,-14.760075],[-71.013093,-14.739694],[-70.975059,-14.764982],[-70.983709,-14.786031],[-70.978327,-14.824155],[-70.994675,-14.829899],[-70.996592,-14.843943],[-70.991368,-14.861269],[-70.995973,-14.893905],[-70.98474,-14.946068],[-71.00405,-14.971877],[-71.004206,-14.998657],[-70.993383,-15.035815],[-70.994139,-15.094802],[-70.978642,-15.111368],[-70.98201,-15.149452],[-70.962502,-15.215637],[-70.985281,-15.24903],[-70.950156,-15.301954],[-70.959058,-15.319052],[-70.985113,-15.316677],[-71.006119,-15.335227],[-71.038971,-15.405166],[-71.027122,-15.432039],[-71.005913,-15.441683],[-70.992928,-15.458859],[-71.018364,-15.500022],[-71.008034,-15.51924],[-71.018356,-15.529379],[-71.007194,-15.54295],[-71.006527,-15.565525],[-70.982368,-15.598043],[-70.939163,-15.618024],[-70.917984,-15.643801],[-70.917862,-15.686342],[-70.899925,-15.717627],[-70.90475,-15.73734],[-70.92263,-15.74619],[-70.93322,-15.77067],[-70.942268,-15.774924],[-70.890068,-15.851938],[-70.893822,-15.886908],[-70.88591,-15.893465],[-70.865784,-15.889386],[-70.843277,-15.923256],[-70.832199,-15.949096],[-70.841309,-15.971827],[-70.807509,-15.988017],[-70.79997,-15.975964],[-70.77597,-16.0134],[-70.74124,-16.01618],[-70.72436,-16.03367],[-70.68185,-16.02107],[-70.64082,-15.98764],[-70.62477,-16.00302],[-70.56289,-15.9825],[-70.526075,-16.026723],[-70.510322,-16.029986],[-70.507324,-16.038144],[-70.48256,-16.039475],[-70.465779,-16.050369],[-70.447465,-16.034471],[-70.440125,-16.036751],[-70.434282,-16.061878],[-70.403229,-16.087231],[-70.408302,-16.120796],[-70.401942,-16.14903],[-70.373753,-16.175917],[-70.362279,-16.206499],[-70.334597,-16.201568],[-70.324033,-16.217872],[-70.345135,-16.256102],[-70.340281,-16.270093],[-70.346595,-16.305602],[-70.338758,-16.322798],[-70.345611,-16.348139],[-70.356604,-16.367699],[-70.370595,-16.36865],[-70.382257,-16.385924],[-70.356554,-16.400271],[-70.360888,-16.410831],[-70.325052,-16.417525],[-70.316735,-16.444399],[-70.306314,-16.447206],[-70.313402,-16.468153],[-70.30117,-16.478672],[-70.228666,-16.506076],[-70.200495,-16.53959],[-70.184778,-16.537609],[-70.175456,-16.561531],[-70.176244,-16.594153],[-70.165706,-16.613324],[-70.148761,-16.615313],[-70.137832,-16.628575],[-70.087845,-16.655232],[-70.048612,-16.627708],[-70.02415,-16.631408],[-70.001472,-16.656574],[-69.998391,-16.675148],[-70.011767,-16.688484],[-70.010108,-16.700435],[-69.99691,-16.710258],[-69.995563,-16.729776],[-70.010214,-16.741339],[-70.035542,-16.74289],[-70.032209,-16.752925],[-70.057125,-16.770164],[-70.057816,-16.787812],[-70.090314,-16.810855],[-70.094279,-16.890925],[-70.105597,-16.897264],[-70.11635,-16.922163],[-70.145588,-16.942688],[-70.12926,-16.948623],[-70.118436,-16.971145],[-70.09577,-16.985226],[-70.099638,-17.006009],[-70.04234,-17.05871],[-70.0468,-17.09943],[-70.04033,-17.127679],[-70.025132,-17.122181],[-70.013942,-17.141014],[-69.98763,-17.15142],[-69.981364,-17.168622],[-69.97228,-17.16601],[-69.96796,-17.17852],[-69.9428,-17.19784],[-69.89863,-17.22091],[-69.87554,-17.22232],[-69.85078,-17.24408],[-69.79873,-17.23201],[-69.78825,-17.23644],[-69.76529,-17.26336],[-69.76184,-17.28044],[-69.73107,-17.29547],[-69.69525,-17.27439],[-69.68293,-17.27874],[-69.65544,-17.27075],[-69.64132,-17.28745],[-69.63633,-17.27118],[-69.62829,-17.27354],[-69.615979,-17.261279],[-69.60115,-17.2165],[-69.57976,-17.20813],[-69.568997,-17.193997],[-69.57331,-17.18543],[-69.556902,-17.159275],[-69.511849,-17.146171],[-69.449129,-17.097751],[-69.432917,-17.109864],[-69.406268,-17.100289],[-69.373739,-17.073123],[-69.37309,-17.04831],[-69.39358,-17.02057],[-69.36901,-16.99041],[-69.335429,-16.980265],[-69.320082,-16.960753],[-69.324586,-16.951542],[-69.304675,-16.915841],[-69.253398,-16.860994],[-69.219245,-16.836131],[-69.197533,-16.79924],[-69.186187,-16.797555],[-69.170014,-16.727535],[-69.136436,-16.713541],[-69.104523,-16.712459],[-69.05521,-16.68665],[-69.04346,-16.68784],[-68.996102,-16.656576],[-69.017051,-16.638152],[-69.031303,-16.605809],[-69.036774,-16.559903],[-69.067668,-16.531241],[-69.081331,-16.498675],[-69.097915,-16.497865],[-69.098496,-16.490713],[-69.091828,-16.47016],[-69.066036,-16.452399],[-69.055287,-16.43255],[-69.046614,-16.434652],[-69.036222,-16.409348],[-69.023138,-16.403942],[-69.030823,-16.375777],[-69.021959,-16.331906],[-69.050007,-16.283112],[-69.078127,-16.275927],[-69.076689,-16.25948],[-69.055072,-16.249058],[-69.031365,-16.274708],[-69.026638,-16.263829],[-69.006779,-16.260106],[-68.990489,-16.236321],[-69.006467,-16.271388],[-68.995895,-16.273706],[-68.988131,-16.258439],[-68.983853,-16.265366],[-68.978384,-16.261586],[-68.971913,-16.236075],[-68.965959,-16.239828],[-68.970123,-16.230231],[-68.958744,-16.226797],[-68.965448,-16.218751],[-68.956645,-16.196567],[-68.984336,-16.190107],[-69.006974,-16.205357],[-69.012764,-16.219762],[-69.055259,-16.197362],[-69.081536,-16.221382],[-69.102504,-16.224133],[-69.097311,-16.243818],[-69.114716,-16.237274],[-69.148299,-16.254266],[-69.208869,-16.267492],[-69.23478,-16.261898],[-69.246381,-16.270801],[-69.237514,-16.27326],[-69.245993,-16.284788],[-69.257771,-16.285828],[-69.257484,-16.300094],[-69.282054,-16.286875],[-69.290236,-16.271376],[-69.286667,-16.25932],[-69.295104,-16.260387],[-69.294721,-16.254103],[-69.355226,-16.251062],[-69.375607,-16.235581],[-69.399388,-16.206901],[-69.400397,-16.199367],[-69.38363,-16.191028],[-69.389008,-16.180118],[-69.404011,-16.190398],[-69.433855,-16.180546],[-69.459963,-16.202066],[-69.472714,-16.198214],[-69.494324,-16.208061],[-69.51276,-16.189045],[-69.516592,-16.16065],[-69.510671,-16.157933],[-69.505044,-16.174878],[-69.491935,-16.160308],[-69.505477,-16.143739],[-69.489478,-16.13233],[-69.491762,-16.124247],[-69.469478,-16.112616],[-69.468683,-16.094307],[-69.45612,-16.090682],[-69.450643,-16.077574],[-69.455572,-16.060688],[-69.446871,-16.062657],[-69.438956,-16.054191],[-69.455292,-16.045696],[-69.43462,-16.053157],[-69.431762,-16.080361],[-69.45281,-16.114427],[-69.430752,-16.095051],[-69.42554,-16.077523],[-69.423161,-16.047037],[-69.451735,-15.99361],[-69.483854,-15.993525],[-69.562661,-15.959457],[-69.671739,-15.956605],[-69.685362,-15.936488],[-69.688521,-15.913493],[-69.689261,-15.930195],[-69.672011,-15.959973],[-69.632688,-15.958888],[-69.629269,-15.967908],[-69.623309,-15.959734],[-69.557386,-15.962502],[-69.507078,-15.982658],[-69.462231,-16.017456],[-69.476204,-16.018126],[-69.478907,-16.004099],[-69.496253,-16.01478],[-69.498528,-15.999709],[-69.537063,-15.976087],[-69.545229,-15.981747],[-69.557371,-15.975356],[-69.598333,-15.990226],[-69.610065,-15.983302],[-69.622906,-15.988046],[-69.654853,-15.967089],[-69.66438,-15.969584],[-69.684169,-15.951789],[-69.70079,-15.920158],[-69.725306,-15.914546],[-69.735763,-15.901492],[-69.74062,-15.919185],[-69.756771,-15.900796],[-69.75882,-15.91253],[-69.763178,-15.908365],[-69.779451,-15.856033],[-69.765876,-15.833079],[-69.796249,-15.808282],[-69.805562,-15.78339],[-69.828913,-15.787053],[-69.842834,-15.808185],[-69.84945,-15.861404],[-69.8365,-15.868707],[-69.83451,-15.860075],[-69.826626,-15.859635],[-69.826642,-15.868489],[-69.815433,-15.868271],[-69.822462,-15.877146],[-69.817293,-15.882],[-69.808253,-15.869069],[-69.797828,-15.881421],[-69.804639,-15.885927],[-69.794581,-15.886314],[-69.797737,-15.893674],[-69.782463,-15.892247],[-69.777649,-15.916722],[-69.784142,-15.928112],[-69.787758,-15.921257],[-69.808258,-15.922089],[-69.815611,-15.910693],[-69.833747,-15.910184],[-69.836025,-15.923354],[-69.846241,-15.909532],[-69.845371,-15.933174],[-69.860352,-15.931638],[-69.891797,-15.882221],[-69.919463,-15.879978],[-69.963699,-15.850638],[-69.995014,-15.864001],[-70.015081,-15.850703],[-70.01826,-15.829699],[-69.988664,-15.81906],[-70.005291,-15.789358],[-70.018676,-15.79187],[-70.035152,-15.768676],[-70.035842,-15.753825],[-70.023851,-15.742205],[-70.03418,-15.722628],[-70.011593,-15.686659],[-69.990154,-15.690273],[-69.974894,-15.705277],[-69.964868,-15.701523],[-69.964375,-15.691705],[-69.956016,-15.688287],[-69.963538,-15.687587],[-69.955083,-15.687425],[-69.968138,-15.678085],[-69.961704,-15.679185],[-69.967371,-15.665447],[-69.958555,-15.663716],[-69.94825,-15.675033],[-69.939253,-15.652824],[-69.926271,-15.644544],[-69.92559,-15.630395],[-69.916318,-15.628399],[-69.918295,-15.612551],[-69.931118,-15.617756],[-69.917559,-15.591398],[-69.92716,-15.582887],[-69.933165,-15.588856],[-69.924699,-15.576553],[-69.929554,-15.570905],[-69.915141,-15.56876],[-69.927287,-15.560731],[-69.939133,-15.56599],[-69.942733,-15.556482],[-69.906355,-15.565199],[-69.880884,-15.607547],[-69.854874,-15.625003],[-69.84479,-15.639576],[-69.850539,-15.675705],[-69.820693,-15.707577],[-69.790088,-15.726069],[-69.752836,-15.72974],[-69.743764,-15.722837],[-69.802978,-15.674782],[-69.798037,-15.667228],[-69.775903,-15.682192],[-69.761076,-15.681809],[-69.770901,-15.658185],[-69.780614,-15.653189],[-69.782322,-15.661336],[-69.79254,-15.662866],[-69.804603,-15.653973],[-69.813539,-15.634413],[-69.807365,-15.625122],[-69.816144,-15.619287],[-69.81068,-15.607672],[-69.849257,-15.560813],[-69.860438,-15.557607],[-69.864414,-15.534931],[-69.89583,-15.495499],[-69.893126,-15.478816],[-69.896938,-15.494628],[-69.922283,-15.454388],[-69.917217,-15.439006],[-69.937586,-15.41526],[-69.932189,-15.411513],[-69.942982,-15.396932],[-69.927905,-15.384658],[-69.932855,-15.361116],[-69.927114,-15.37483],[-69.923199,-15.365958],[-69.925527,-15.384262],[-69.914325,-15.370808],[-69.920971,-15.366426],[-69.906492,-15.367422],[-69.904773,-15.35574],[-69.87612,-15.359889],[-69.87386,-15.377162],[-69.860546,-15.361571],[-69.839479,-15.367746],[-69.823677,-15.355419],[-69.799663,-15.358],[-69.791125,-15.351905],[-69.80693,-15.345102],[-69.839432,-15.349612],[-69.846458,-15.344855],[-69.836589,-15.338926],[-69.844868,-15.330262],[-69.838927,-15.339608],[-69.849451,-15.346],[-69.844191,-15.353],[-69.871689,-15.366897],[-69.880081,-15.355732],[-69.873939,-15.351337],[-69.892652,-15.340974],[-69.856928,-15.347444],[-69.868342,-15.340974],[-69.863772,-15.336815],[-69.88957,-15.331593],[-69.889873,-15.321045],[-69.895432,-15.324602],[-69.901224,-15.315451],[-69.895753,-15.307723],[-69.902706,-15.303082],[-69.875644,-15.309051],[-69.894893,-15.295082],[-69.880111,-15.301388],[-69.869223,-15.290209],[-69.867071,-15.302616],[-69.856073,-15.302694],[-69.857331,-15.291885],[-69.84441,-15.293687],[-69.847066,-15.283504],[-69.8386,-15.28558],[-69.836792,-15.278894],[-69.81842,-15.3068],[-69.830579,-15.2821],[-69.814964,-15.274082],[-69.816299,-15.287595],[-69.793969,-15.299013],[-69.781199,-15.319888],[-69.773703,-15.319058],[-69.773869,-15.306072],[-69.751663,-15.302652],[-69.758392,-15.297731],[-69.750943,-15.283204],[-69.72441,-15.296504],[-69.722546,-15.307453],[-69.699169,-15.309944],[-69.714454,-15.277926],[-69.726719,-15.272901],[-69.723977,-15.27807],[-69.740601,-15.279244],[-69.734549,-15.270926],[-69.749006,-15.27166],[-69.746693,-15.260355],[-69.759303,-15.257407],[-69.749768,-15.249797],[-69.740022,-15.257316],[-69.735575,-15.241336],[-69.71813,-15.243871],[-69.70925,-15.233036],[-69.686717,-15.237945],[-69.689333,-15.254662],[-69.677424,-15.243037],[-69.655116,-15.269222],[-69.668703,-15.268199],[-69.668295,-15.2748],[-69.64185,-15.282575],[-69.643944,-15.295898],[-69.63335,-15.312994],[-69.653868,-15.297891],[-69.63013,-15.33072],[-69.630859,-15.336966],[-69.64052,-15.334199],[-69.6298,-15.343708],[-69.634253,-15.35322],[-69.623269,-15.353481],[-69.62939,-15.346292],[-69.622279,-15.344361],[-69.589052,-15.373046],[-69.578622,-15.361889],[-69.568246,-15.362301],[-69.573225,-15.350938],[-69.56659,-15.347565],[-69.553221,-15.376014],[-69.540442,-15.379636],[-69.522111,-15.369968],[-69.516142,-15.378675],[-69.531697,-15.386797],[-69.512387,-15.407396],[-69.497444,-15.404905],[-69.499051,-15.41379],[-69.477371,-15.426185],[-69.45977,-15.45329],[-69.440324,-15.462558],[-69.435724,-15.477271],[-69.441814,-15.491095],[-69.432144,-15.505597],[-69.414989,-15.497977],[-69.432201,-15.486704],[-69.433074,-15.478307],[-69.398157,-15.482724],[-69.37611,-15.471496],[-69.358371,-15.482934],[-69.359099,-15.50275],[-69.35002,-15.510838],[-69.363079,-15.514148],[-69.361847,-15.499209],[-69.372591,-15.502538],[-69.367889,-15.496191],[-69.377085,-15.482022],[-69.374839,-15.491466],[-69.39111,-15.507251],[-69.331464,-15.537979],[-69.30886,-15.50513],[-69.313383,-15.492526],[-69.300583,-15.486347],[-69.311725,-15.472966],[-69.290072,-15.43688],[-69.253511,-15.469193],[-69.240827,-15.460393],[-69.232335,-15.441796],[-69.249847,-15.426719],[-69.260329,-15.374036],[-69.248558,-15.370809],[-69.215642,-15.317158],[-69.206564,-15.324252],[-69.194793,-15.315039],[-69.193488,-15.295821],[-69.17797,-15.279176],[-69.176296,-15.26136],[-69.15216,-15.26889],[-69.13734,-15.25515],[-69.11968,-15.25932],[-69.13182,-15.24587],[-69.13178,-15.23344],[-69.15401,-15.21511],[-69.19076,-15.15857],[-69.22961,-15.13216],[-69.23624,-15.11969],[-69.243935,-15.121849],[-69.243463,-15.112206],[-69.262573,-15.109715],[-69.265611,-15.117241],[-69.26843,-15.10434],[-69.277285,-15.109902],[-69.27269,-15.10348],[-69.28465,-15.09647],[-69.28593,-15.08313],[-69.29245,-15.08374],[-69.29012,-15.07471],[-69.3041,-15.05363],[-69.29952,-15.04737],[-69.31436,-15.04123],[-69.32324,-15.00459],[-69.36057,-14.96106],[-69.364588,-14.93098],[-69.353836,-14.924408],[-69.343871,-14.882727],[-69.35679,-14.85198],[-69.353797,-14.801666],[-69.301204,-14.765299],[-69.270852,-14.76957],[-69.23994,-14.759474],[-69.224871,-14.739025],[-69.258373,-14.683977],[-69.244903,-14.661327],[-69.227901,-14.654161],[-69.231014,-14.608734],[-69.221352,-14.581788],[-69.179248,-14.590522],[-69.15003,-14.580314],[-69.143542,-14.530258],[-69.154032,-14.521618],[-69.118293,-14.507894],[-69.112525,-14.48615],[-69.097483,-14.485722],[-69.081949,-14.444439],[-69.06123,-14.442538],[-69.050382,-14.429128],[-69.028384,-14.424819],[-69.024811,-14.406808],[-69.005264,-14.404344],[-69.004013,-14.391165],[-68.985407,-14.374663],[-69.015243,-14.314709],[-69.005176,-14.290866],[-68.979249,-14.265625],[-68.988395,-14.25043],[-68.985006,-14.237115],[-68.968937,-14.235234],[-68.962406,-14.220055],[-68.82676,-14.21561],[-68.84631,-14.19694],[-68.85618,-14.16267],[-68.84625,-14.15303],[-68.8337,-14.15394],[-68.83329,-14.14487],[-68.84926,-14.1383],[-68.87113,-14.11106],[-68.87528,-14.08679],[-68.88405,-14.08392],[-68.87943,-14.06467],[-68.89032,-14.046605],[-68.909049,-14.04042],[-68.917941,-14.027352],[-68.93634,-14.026346],[-68.946289,-14.004519],[-68.954012,-14.005278],[-68.978893,-13.97653],[-68.963301,-13.94867],[-68.982835,-13.930082],[-68.982528,-13.894712],[-68.972801,-13.882187],[-68.950965,-13.87867],[-68.94105,-13.83954],[-68.92307,-13.82804],[-68.917236,-13.814172],[-68.958592,-13.790498],[-68.974283,-13.796173],[-68.99423,-13.787512],[-68.992388,-13.778047],[-68.98036,-13.78298],[-68.97446,-13.76059],[-69.00776,-13.738501],[-69.025947,-13.739293],[-69.035502,-13.716201],[-69.067242,-13.686752],[-69.063192,-13.659406],[-69.046846,-13.644996],[-69.035594,-13.640482],[-69.033004,-13.653861],[-69.025049,-13.65075],[-69.020329,-13.657633],[-68.995789,-13.652391],[-68.990203,-13.634894],[-69.005045,-13.624119],[-68.972436,-13.611107],[-68.972236,-13.601391],[-68.952473,-13.6044],[-68.958059,-13.589812],[-68.945805,-13.568578],[-68.949516,-13.551533],[-68.93562,-13.534747],[-68.940827,-13.522282],[-68.935169,-13.529089],[-68.922068,-13.517279],[-68.919338,-13.525328],[-68.914543,-13.512543],[-68.921945,-13.510104],[-68.907429,-13.489089],[-68.916758,-13.484271],[-68.905482,-13.475387],[-68.908332,-13.469539],[-68.901443,-13.470449],[-68.90599,-13.456672],[-68.896076,-13.46126],[-68.905998,-13.437068],[-68.898797,-13.446713],[-68.900519,-13.435221],[-68.889486,-13.435396],[-68.89775,-13.413264],[-68.885328,-13.404436],[-68.894697,-13.401709],[-68.884582,-13.393098],[-68.891678,-13.383186],[-68.883156,-13.381406],[-68.888463,-13.371912],[-68.868797,-13.359242],[-68.875367,-13.353883],[-68.867002,-13.350768],[-68.878998,-13.344402],[-68.868025,-13.333502],[-68.878788,-13.329378],[-68.859406,-13.312287],[-68.8684,-13.299826],[-68.856912,-13.293991],[-68.861915,-13.271275],[-68.849019,-13.269614],[-68.859331,-13.267195],[-68.852914,-13.261393],[-68.859516,-13.25596],[-68.845287,-13.246693],[-68.857527,-13.235007],[-68.853796,-13.222091],[-68.862743,-13.225017],[-68.861391,-13.212446],[-68.854667,-13.216882],[-68.852221,-13.210696],[-68.872132,-13.181356],[-68.861132,-13.183484],[-68.856796,-13.169958],[-68.870859,-13.168029],[-68.858089,-13.150525],[-68.869904,-13.148933],[-68.867696,-13.134393],[-68.87802,-13.136203],[-68.865966,-13.119295],[-68.873107,-13.113089],[-68.859242,-13.113288],[-68.866383,-13.110981],[-68.859799,-13.095664],[-68.869108,-13.081502],[-68.85417,-13.05986],[-68.863002,-13.047428],[-68.850112,-13.047985],[-68.851664,-13.03245],[-68.866781,-13.030879],[-68.853534,-13.015204],[-68.870501,-13.018984],[-68.874996,-13.013832],[-68.869168,-13.011186],[-68.867637,-13.010749]],[[-69.99,-15.110422],[-69.976659,-15.126745],[-69.975039,-15.153606],[-69.955538,-15.174811],[-69.949646,-15.151826],[-69.930907,-15.149188],[-69.910695,-15.195921],[-69.887743,-15.206933],[-69.895693,-15.206314],[-69.902742,-15.218053],[-69.911294,-15.210903],[-69.924005,-15.218102],[-69.926603,-15.209658],[-69.932137,-15.222517],[-69.945977,-15.192656],[-69.941978,-15.203721],[-69.94913,-15.209773],[-69.965551,-15.194259],[-69.949352,-15.22061],[-69.973837,-15.204978],[-70.067319,-15.192603],[-70.1164,-15.16759],[-70.117109,-15.147148],[-70.092749,-15.146216],[-70.066898,-15.120678],[-70.044952,-15.110658],[-70.034244,-15.118602],[-70.039166,-15.126778],[-70.026235,-15.158017],[-70.019382,-15.158628],[-70.026218,-15.145421],[-70.016324,-15.144737],[-70.020888,-15.149846],[-69.990263,-15.168452],[-69.997157,-15.140189],[-69.990734,-15.110836],[-69.99,-15.110422]],[[-70.200986,-15.706335],[-70.199334,-15.699658],[-70.192854,-15.703468],[-70.199717,-15.714628],[-70.187399,-15.726419],[-70.150212,-15.712319],[-70.152282,-15.722176],[-70.163702,-15.719283],[-70.147571,-15.730258],[-70.153293,-15.734853],[-70.142096,-15.749279],[-70.170879,-15.752822],[-70.201837,-15.77151],[-70.209474,-15.722343],[-70.200783,-15.706376],[-70.200986,-15.706335]]],[[[-68.814217,-16.347986],[-68.814217,-16.319773],[-68.918399,-16.233295],[-68.918389,-16.403721],[-68.814217,-16.347986]]],[[[-68.938713,-16.23383],[-68.953293,-16.226455],[-68.944939,-16.244832],[-68.93817,-16.234299],[-68.938713,-16.23383]]],[[[-69.694329,-15.892393],[-69.704838,-15.896361],[-69.698288,-15.893059],[-69.700025,-15.907377],[-69.710796,-15.916339],[-69.687686,-15.90829],[-69.666688,-15.915116],[-69.693951,-15.892879],[-69.694329,-15.892393]]],[[[-69.827784,-15.894578],[-69.825216,-15.878328],[-69.833748,-15.888208],[-69.828228,-15.894918],[-69.827784,-15.894578]]],[[[-69.684324,-15.75182],[-69.696232,-15.754215],[-69.682433,-15.798122],[-69.675668,-15.783501],[-69.683979,-15.752483],[-69.684324,-15.75182]]],[[[-69.706549,-15.649303],[-69.727305,-15.662964],[-69.717204,-15.680403],[-69.702176,-15.676306],[-69.692803,-15.662771],[-69.706077,-15.649485],[-69.706549,-15.649303]]]]}},{"type":"Feature","id":"22","properties":{"ubigeo":"22","nombre_departamento":"san martin","nombre_provincia":"","nombre_distrito":"","capital":"moyobamba"},"geometry":{"type":"Polygon","coordinates":[[[-77.716783,-5.415967],[-77.744828,-5.406899],[-77.768451,-5.438049],[-77.748832,-5.459859],[-77.770637,-5.478153],[-77.77157,-5.493921],[-77.757037,-5.513942],[-77.765762,-5.538982],[-77.736384,-5.60929],[-77.752606,-5.637578],[-77.754365,-5.658998],[-77.775091,-5.689679],[-77.775148,-5.710752],[-77.759359,-5.729848],[-77.772419,-5.753351],[-77.76056,-5.770454],[-77.770355,-5.788143],[-77.763929,-5.819709],[-77.746138,-5.83511],[-77.726416,-5.843982],[-77.694813,-5.840233],[-77.681527,-5.849487],[-77.68308,-5.877576],[-77.665512,-5.892205],[-77.663294,-5.91767],[-77.651891,-5.935332],[-77.672009,-5.964745],[-77.669892,-5.979357],[-77.63914,-6.001079],[-77.597708,-6.004416],[-77.596362,-6.033331],[-77.586199,-6.036917],[-77.566803,-6.028122],[-77.554735,-6.050729],[-77.542228,-6.052788],[-77.53659,-6.063705],[-77.518844,-6.055943],[-77.509752,-6.032496],[-77.489021,-6.028511],[-77.487075,-6.010249],[-77.476905,-5.999968],[-77.432116,-6.061916],[-77.419305,-6.032381],[-77.395498,-6.039377],[-77.3805,-6.079986],[-77.358679,-6.07282],[-77.346428,-6.114341],[-77.332411,-6.112182],[-77.280478,-6.142209],[-77.257956,-6.138016],[-77.240654,-6.149762],[-77.222985,-6.146896],[-77.202057,-6.179715],[-77.219191,-6.194313],[-77.211627,-6.21584],[-77.17407,-6.246529],[-77.170791,-6.265199],[-77.132424,-6.304759],[-77.144347,-6.349097],[-77.171732,-6.38117],[-77.208965,-6.375043],[-77.221456,-6.381133],[-77.243653,-6.33812],[-77.26169,-6.327145],[-77.28666,-6.331023],[-77.273159,-6.406531],[-77.297671,-6.42474],[-77.305915,-6.453724],[-77.326357,-6.468027],[-77.344847,-6.547229],[-77.359291,-6.564445],[-77.380512,-6.569228],[-77.39387,-6.602688],[-77.437881,-6.602527],[-77.435654,-6.61807],[-77.423693,-6.638062],[-77.407656,-6.646332],[-77.404986,-6.663054],[-77.381733,-6.697589],[-77.400135,-6.708453],[-77.405557,-6.726214],[-77.456467,-6.680522],[-77.475482,-6.683628],[-77.510656,-6.672339],[-77.521198,-6.679679],[-77.544074,-6.676996],[-77.568765,-6.638218],[-77.612337,-6.612261],[-77.64344,-6.62236],[-77.659118,-6.640954],[-77.662662,-6.6599],[-77.67969,-6.6741],[-77.70169,-6.67689],[-77.738965,-6.646469],[-77.745606,-6.665158],[-77.7395,-6.7111],[-77.748013,-6.745824],[-77.731898,-6.783467],[-77.764749,-6.799758],[-77.723325,-6.893456],[-77.707198,-6.908183],[-77.715761,-6.921202],[-77.733816,-6.928577],[-77.738384,-6.948343],[-77.758934,-6.964508],[-77.747189,-6.986062],[-77.745318,-7.02096],[-77.724318,-7.059064],[-77.707006,-7.068525],[-77.718047,-7.087553],[-77.712845,-7.10855],[-77.642429,-7.149756],[-77.634266,-7.169415],[-77.615504,-7.177997],[-77.621049,-7.191631],[-77.60553,-7.219162],[-77.633812,-7.233098],[-77.638139,-7.243403],[-77.647351,-7.241514],[-77.645125,-7.253455],[-77.6372,-7.25351],[-77.64692,-7.27005],[-77.628419,-7.320809],[-77.639212,-7.343701],[-77.621678,-7.396994],[-77.630918,-7.413875],[-77.61365,-7.419949],[-77.598968,-7.44851],[-77.591867,-7.443507],[-77.55966,-7.464187],[-77.539077,-7.507385],[-77.522468,-7.506862],[-77.540067,-7.577414],[-77.496945,-7.582741],[-77.485764,-7.603992],[-77.495247,-7.614135],[-77.528389,-7.61595],[-77.522704,-7.633407],[-77.538391,-7.650228],[-77.511602,-7.657405],[-77.509475,-7.676536],[-77.49789,-7.686355],[-77.467168,-7.674678],[-77.459237,-7.686904],[-77.483406,-7.697656],[-77.483276,-7.720247],[-77.49736,-7.738974],[-77.526182,-7.753889],[-77.525469,-7.768342],[-77.50655,-7.770381],[-77.47859,-7.80424],[-77.442861,-7.813642],[-77.431573,-7.841736],[-77.438385,-7.85015],[-77.410784,-7.900525],[-77.376909,-7.908821],[-77.375367,-7.920064],[-77.390522,-7.947313],[-77.387445,-7.962888],[-77.407155,-7.992811],[-77.374936,-8.031527],[-77.385746,-8.054715],[-77.373284,-8.064685],[-77.349299,-8.054384],[-77.296664,-8.062566],[-77.281342,-8.048783],[-77.260078,-8.048439],[-77.251313,-8.028004],[-77.231865,-8.011748],[-77.166228,-8.021637],[-77.150535,-8.032043],[-77.110527,-8.025227],[-77.024459,-8.04915],[-76.99487,-8.085211],[-76.984915,-8.113853],[-76.947034,-8.139919],[-76.932237,-8.137143],[-76.911769,-8.158901],[-76.907011,-8.171365],[-76.925597,-8.218497],[-76.913079,-8.236988],[-76.901243,-8.283466],[-76.910515,-8.295074],[-76.913745,-8.32609],[-76.93193,-8.342595],[-76.927005,-8.359257],[-76.942679,-8.359945],[-76.951247,-8.375705],[-76.968373,-8.371241],[-76.976899,-8.396139],[-76.991685,-8.396296],[-77.000429,-8.382403],[-77.034012,-8.404707],[-77.067619,-8.396588],[-77.086639,-8.407139],[-77.093196,-8.43447],[-77.104589,-8.444763],[-77.11978,-8.447651],[-77.133844,-8.440021],[-77.139928,-8.480455],[-77.081938,-8.487256],[-77.091651,-8.516981],[-77.074501,-8.535033],[-77.061002,-8.537782],[-77.056111,-8.549704],[-77.037371,-8.55334],[-77.03142,-8.540883],[-77.011598,-8.537687],[-76.994842,-8.555632],[-76.977301,-8.560599],[-76.954227,-8.54534],[-76.940123,-8.551957],[-76.935972,-8.566967],[-76.897084,-8.568751],[-76.887358,-8.554798],[-76.864702,-8.56635],[-76.86254,-8.552537],[-76.846842,-8.54579],[-76.842659,-8.52523],[-76.80445,-8.510573],[-76.796319,-8.511188],[-76.79015,-8.523641],[-76.768424,-8.526809],[-76.754594,-8.519645],[-76.740989,-8.524647],[-76.728404,-8.515004],[-76.69708,-8.5325],[-76.678351,-8.521267],[-76.64329,-8.52374],[-76.636657,-8.514747],[-76.566293,-8.508146],[-76.547807,-8.497641],[-76.5395,-8.513497],[-76.494838,-8.549588],[-76.495309,-8.575761],[-76.469803,-8.571326],[-76.436059,-8.469881],[-76.417496,-8.443748],[-76.36671,-8.411541],[-76.3561,-8.425074],[-76.332326,-8.431788],[-76.321716,-8.469839],[-76.327427,-8.479908],[-76.312307,-8.500984],[-76.32508,-8.524324],[-76.299675,-8.556854],[-76.305807,-8.573238],[-76.280359,-8.573564],[-76.287329,-8.585435],[-76.264064,-8.6103],[-76.269456,-8.652489],[-76.252736,-8.665431],[-76.24834,-8.683032],[-76.256884,-8.683827],[-76.257403,-8.706642],[-76.228681,-8.745028],[-76.244993,-8.751483],[-76.230904,-8.756482],[-76.240647,-8.769786],[-76.223144,-8.785454],[-76.198587,-8.769735],[-76.203416,-8.75333],[-76.195411,-8.761849],[-76.166946,-8.756501],[-76.16462,-8.731841],[-76.156771,-8.733709],[-76.14527,-8.71144],[-76.15088,-8.70865],[-76.13949,-8.66664],[-76.13003,-8.65529],[-76.1155,-8.65768],[-76.10713,-8.6488],[-76.10762,-8.64046],[-76.12107,-8.63376],[-76.12016,-8.58956],[-76.13468,-8.57256],[-76.1264,-8.54542],[-76.130668,-8.467877],[-76.107787,-8.399014],[-76.109166,-8.379613],[-76.127503,-8.357526],[-76.106974,-8.331772],[-76.056348,-8.329291],[-76.042596,-8.341592],[-76.004448,-8.305613],[-75.984274,-8.322152],[-75.96222,-8.314301],[-75.948658,-8.31828],[-75.920816,-8.299674],[-75.912886,-8.2561],[-75.926475,-8.206219],[-75.941165,-8.186184],[-75.934027,-8.134428],[-75.940637,-8.110459],[-75.951803,-8.101295],[-75.929365,-8.089303],[-75.920988,-8.073119],[-75.887306,-8.074877],[-75.844933,-8.059638],[-75.829493,-7.973496],[-75.858793,-7.921125],[-75.895208,-7.93393],[-75.927838,-7.957256],[-75.939456,-7.94612],[-75.966979,-7.960359],[-75.99351,-7.953566],[-75.985855,-7.917144],[-75.975661,-7.908968],[-75.988167,-7.892327],[-76.00604,-7.890587],[-76.008492,-7.856043],[-76.037301,-7.816926],[-76.043803,-7.792344],[-76.060551,-7.787814],[-76.06707,-7.76929],[-76.084435,-7.762561],[-76.086674,-7.729232],[-76.101593,-7.722664],[-76.101332,-7.650456],[-76.082375,-7.631889],[-76.082855,-7.619652],[-76.093871,-7.609726],[-76.084905,-7.605118],[-76.079719,-7.584336],[-76.087254,-7.580748],[-76.091374,-7.560356],[-76.115671,-7.562503],[-76.121911,-7.525992],[-76.167275,-7.493018],[-76.204397,-7.431327],[-76.215408,-7.395333],[-76.195918,-7.334403],[-76.213111,-7.310143],[-76.166661,-7.267596],[-76.159276,-7.230569],[-76.145715,-7.217929],[-76.143525,-7.203962],[-76.059945,-7.161301],[-76.046586,-7.12143],[-76.023301,-7.114307],[-76.010717,-7.07838],[-76.008113,-7.002221],[-76.02049,-6.989657],[-76.03564,-6.993146],[-76.051844,-6.937872],[-76.046402,-6.924932],[-76.015736,-6.913701],[-76.010647,-6.890421],[-76.035004,-6.864986],[-76.051043,-6.810923],[-76.011585,-6.806022],[-76.00058,-6.795063],[-75.983833,-6.793753],[-75.980162,-6.800069],[-75.964951,-6.788407],[-75.942951,-6.795029],[-75.915356,-6.790636],[-75.877516,-6.802298],[-75.843875,-6.797262],[-75.813933,-6.817225],[-75.813972,-6.825478],[-75.794183,-6.821402],[-75.780539,-6.848412],[-75.746057,-6.856547],[-75.724796,-6.850874],[-75.700806,-6.869114],[-75.689986,-6.861268],[-75.686754,-6.846143],[-75.672915,-6.844397],[-75.659672,-6.819332],[-75.642374,-6.815762],[-75.632847,-6.843395],[-75.610252,-6.8391],[-75.576786,-6.820989],[-75.574167,-6.808826],[-75.56184,-6.801614],[-75.512735,-6.786466],[-75.502348,-6.769566],[-75.506207,-6.697053],[-75.500228,-6.640322],[-75.509305,-6.582978],[-75.502983,-6.552229],[-75.509597,-6.492141],[-75.524227,-6.47558],[-75.520141,-6.464821],[-75.529849,-6.440098],[-75.539003,-6.435133],[-75.53373,-6.416301],[-75.543418,-6.406865],[-75.536447,-6.39154],[-75.550095,-6.347708],[-75.496344,-6.281025],[-75.487285,-6.25426],[-75.487188,-6.203415],[-75.526777,-6.162135],[-75.532794,-6.095599],[-75.565029,-6.025545],[-75.56893,-6.000389],[-75.62107,-6.029381],[-75.62614,-6.07398],[-75.63646,-6.08895],[-75.65269,-6.09813],[-75.68005,-6.09531],[-75.71883,-6.14123],[-75.77049,-6.14773],[-75.76952,-6.12508],[-75.77971,-6.11789],[-75.78309,-6.12334],[-75.8071,-6.10177],[-75.82768,-6.09858],[-75.83472,-6.10701],[-75.85152,-6.10175],[-75.84021,-6.14134],[-75.895875,-6.132025],[-75.919149,-6.140577],[-75.958451,-6.09838],[-76.005753,-6.095218],[-76.01353,-6.08358],[-76.042718,-6.100996],[-76.088483,-6.107567],[-76.145989,-6.146673],[-76.247149,-6.126061],[-76.318297,-6.086095],[-76.31534,-6.054066],[-76.334006,-6.042107],[-76.372787,-5.97376],[-76.400158,-5.953559],[-76.414353,-5.966],[-76.426724,-5.999212],[-76.441147,-6.007015],[-76.489861,-6.014217],[-76.517994,-6.003407],[-76.540723,-6.013562],[-76.565468,-6.001716],[-76.606038,-6.017198],[-76.640011,-6.002605],[-76.669906,-6.01201],[-76.716219,-6.013269],[-76.752979,-6.001046],[-76.746728,-5.954028],[-76.764633,-5.946621],[-76.777744,-5.900555],[-76.820203,-5.859286],[-76.826339,-5.817847],[-76.816329,-5.807566],[-76.829423,-5.777341],[-76.824604,-5.757296],[-76.835451,-5.745555],[-76.861832,-5.739726],[-76.892844,-5.747782],[-76.934435,-5.711488],[-76.972908,-5.698953],[-76.995606,-5.667119],[-77.01393,-5.670747],[-77.045744,-5.661943],[-77.062142,-5.667609],[-77.109946,-5.647949],[-77.12691,-5.650994],[-77.137132,-5.644034],[-77.142352,-5.625439],[-77.161926,-5.624569],[-77.178672,-5.641424],[-77.202161,-5.634464],[-77.231941,-5.595461],[-77.265801,-5.613969],[-77.27991,-5.601085],[-77.337026,-5.604026],[-77.37182,-5.567105],[-77.404241,-5.574366],[-77.4106,-5.589754],[-77.432006,-5.583143],[-77.437344,-5.592435],[-77.460831,-5.584694],[-77.472752,-5.554787],[-77.490189,-5.562461],[-77.507365,-5.552664],[-77.492271,-5.519704],[-77.500432,-5.515341],[-77.518074,-5.465544],[-77.558119,-5.425578],[-77.579491,-5.459806],[-77.59481,-5.464224],[-77.606974,-5.448583],[-77.660006,-5.424745],[-77.67187,-5.408771],[-77.712703,-5.416411],[-77.716783,-5.415967]]]}},{"type":"Feature","id":"23","properties":{"ubigeo":"23","nombre_departamento":"tacna","nombre_provincia":"","nombre_distrito":"","capital":"tacna"},"geometry":{"type":"Polygon","coordinates":[[[-70.266043,-16.779554],[-70.268287,-16.770432],[-70.291857,-16.781345],[-70.317871,-16.775295],[-70.372795,-16.79818],[-70.380867,-16.812592],[-70.40866,-16.829971],[-70.440689,-16.840047],[-70.450967,-16.861816],[-70.441574,-16.892404],[-70.451752,-16.900006],[-70.459191,-16.922738],[-70.453658,-16.929746],[-70.465017,-16.944434],[-70.443199,-16.964277],[-70.463158,-17.004367],[-70.439201,-17.050363],[-70.448739,-17.080669],[-70.491314,-17.090208],[-70.521141,-17.158234],[-70.55505,-17.197663],[-70.572508,-17.194109],[-70.609978,-17.214504],[-70.651093,-17.209175],[-70.684091,-17.224265],[-70.704279,-17.267205],[-70.715917,-17.273652],[-70.705652,-17.29118],[-70.733868,-17.323191],[-70.746703,-17.351354],[-70.752404,-17.380573],[-70.73672,-17.40828],[-70.75463,-17.437578],[-70.77998,-17.4506],[-70.87996,-17.55567],[-70.90389,-17.62256],[-70.9125,-17.68737],[-70.95628,-17.67596],[-70.983162,-17.684627],[-70.992996,-17.679119],[-71.00335,-17.683699],[-71.017113,-17.709211],[-71.026916,-17.703875],[-71.057924,-17.718075],[-71.082191,-17.716684],[-71.082176,-17.734617],[-71.101135,-17.739498],[-71.12149,-17.78563],[-71.12141,-17.80335],[-71.139441,-17.821483],[-71.105453,-17.843402],[-71.096275,-17.868197],[-71.029512,-17.884904],[-71.009135,-17.876896],[-70.959684,-17.910666],[-70.943144,-17.913812],[-70.93543,-17.929307],[-70.92526,-17.926682],[-70.923334,-17.937789],[-70.910492,-17.940068],[-70.912084,-17.952801],[-70.890189,-17.969295],[-70.882586,-17.993359],[-70.887695,-18.009285],[-70.813156,-18.040488],[-70.811674,-18.050246],[-70.760596,-18.078705],[-70.730027,-18.108282],[-70.729564,-18.118657],[-70.679503,-18.161797],[-70.498314,-18.262738],[-70.376711,-18.350928],[-70.353877,-18.326193],[-70.317451,-18.309703],[-70.197168,-18.322187],[-70.149652,-18.318367],[-70.050707,-18.268803],[-69.980233,-18.270264],[-69.960549,-18.262885],[-69.854309,-18.165348],[-69.81308,-18.114478],[-69.751504,-17.98559],[-69.747178,-17.943937],[-69.776719,-17.90816],[-69.795715,-17.862258],[-69.800049,-17.762332],[-69.821678,-17.743812],[-69.821197,-17.686355],[-69.795988,-17.646242],[-69.665412,-17.6599],[-69.468293,-17.50417],[-69.467316,-17.373537],[-69.575219,-17.29259],[-69.64456,-17.28752],[-69.65544,-17.27075],[-69.68293,-17.27874],[-69.69525,-17.27439],[-69.73107,-17.29547],[-69.76184,-17.28044],[-69.76529,-17.26336],[-69.79055,-17.23529],[-69.84991,-17.24421],[-69.87554,-17.22232],[-69.89863,-17.22091],[-69.95795,-17.18659],[-69.97248,-17.16586],[-69.981364,-17.168622],[-69.98763,-17.15142],[-70.013175,-17.14164],[-70.025132,-17.122181],[-70.04033,-17.127679],[-70.0468,-17.09943],[-70.04234,-17.05871],[-70.099638,-17.006009],[-70.095289,-16.985848],[-70.118436,-16.971145],[-70.12926,-16.948623],[-70.145588,-16.942688],[-70.152004,-16.933174],[-70.148372,-16.92187],[-70.173689,-16.912232],[-70.192535,-16.941023],[-70.218013,-16.946352],[-70.227033,-16.959355],[-70.247182,-16.952444],[-70.259365,-16.903654],[-70.243768,-16.860242],[-70.223084,-16.856088],[-70.211715,-16.84081],[-70.184067,-16.834687],[-70.181301,-16.817875],[-70.2473,-16.802465],[-70.264742,-16.781476],[-70.266043,-16.779554]]]}},{"type":"Feature","id":"24","properties":{"ubigeo":"24","nombre_departamento":"tumbes","nombre_provincia":"","nombre_distrito":"","capital":"tumbes"},"geometry":{"type":"Polygon","coordinates":[[[-80.285215,-3.412764],[-80.318478,-3.381773],[-80.313185,-3.404508],[-80.337123,-3.456053],[-80.326271,-3.436314],[-80.371906,-3.485723],[-80.394545,-3.491617],[-80.376719,-3.492139],[-80.397978,-3.504303],[-80.42104,-3.51281],[-80.415959,-3.496389],[-80.431139,-3.498623],[-80.428703,-3.490182],[-80.441133,-3.494767],[-80.39805,-3.487557],[-80.405325,-3.485219],[-80.428533,-3.487875],[-80.460953,-3.505922],[-80.457939,-3.500248],[-80.479701,-3.503621],[-80.469703,-3.505707],[-80.474875,-3.506463],[-80.497715,-3.499187],[-80.544846,-3.589732],[-80.575469,-3.630611],[-80.60304,-3.6362],[-80.626325,-3.662249],[-80.656559,-3.666775],[-80.726566,-3.710797],[-80.7536,-3.71817],[-80.788236,-3.749299],[-80.828691,-3.837297],[-80.833646,-3.875758],[-80.964193,-3.958986],[-80.972795,-3.976592],[-80.986812,-3.984699],[-81.009588,-4.038098],[-81.041911,-4.082922],[-81.019277,-4.112818],[-80.999963,-4.111361],[-80.971322,-4.127117],[-80.96165,-4.148236],[-80.967562,-4.172598],[-80.94409,-4.168482],[-80.935674,-4.17841],[-80.923676,-4.16948],[-80.882822,-4.192801],[-80.837232,-4.189355],[-80.803307,-4.175967],[-80.78337,-4.18057],[-80.76301,-4.17491],[-80.74475,-4.18429],[-80.73514,-4.17803],[-80.71968,-4.19419],[-80.69932,-4.1878],[-80.64523,-4.22956],[-80.62269,-4.23189],[-80.60442,-4.21074],[-80.58982,-4.21412],[-80.58695,-4.19895],[-80.56126,-4.17658],[-80.55898,-4.16108],[-80.517342,-4.098162],[-80.473974,-4.079558],[-80.479883,-4.054871],[-80.467919,-4.035042],[-80.451127,-4.031027],[-80.456227,-4.017362],[-80.445317,-4.015855],[-80.4451,-3.99613],[-80.43024,-3.9895],[-80.42454,-3.996472],[-80.398287,-3.980264],[-80.377111,-3.989635],[-80.365597,-3.98182],[-80.352759,-3.994765],[-80.338645,-3.992172],[-80.323693,-4.011166],[-80.298076,-4.017258],[-80.26233,-3.99945],[-80.236162,-3.962721],[-80.234473,-3.948466],[-80.21678,-3.95698],[-80.18346,-3.92725],[-80.15781,-3.91315],[-80.139777,-3.912549],[-80.127196,-3.888119],[-80.15855,-3.86982],[-80.15144,-3.85483],[-80.16311,-3.82767],[-80.16043,-3.80239],[-80.19271,-3.77473],[-80.19194,-3.74854],[-80.18358,-3.75175],[-80.18845,-3.74331],[-80.18018,-3.73516],[-80.19874,-3.68938],[-80.185594,-3.658996],[-80.18662,-3.62913],[-80.19716,-3.61771],[-80.18819,-3.5984],[-80.21113,-3.59221],[-80.21864,-3.57391],[-80.20499,-3.55221],[-80.21573,-3.5],[-80.22801,-3.50162],[-80.23244,-3.48916],[-80.24502,-3.4858],[-80.24013,-3.46125],[-80.220764,-3.4455],[-80.2211,-3.43774],[-80.256668,-3.413154],[-80.284064,-3.412957],[-80.285215,-3.412764]]]}},{"type":"Feature","id":"25","properties":{"ubigeo":"25","nombre_departamento":"ucayali","nombre_provincia":"","nombre_distrito":"","capital":"pucallpa"},"geometry":{"type":"Polygon","coordinates":[[[-74.471446,-7.276175],[-74.500091,-7.262049],[-74.535523,-7.293769],[-74.53469,-7.318204],[-74.566011,-7.359708],[-74.579521,-7.409929],[-74.616074,-7.435038],[-74.642902,-7.500086],[-74.643144,-7.562285],[-74.608795,-7.608782],[-74.576227,-7.63723],[-74.57082,-7.668488],[-74.583455,-7.685069],[-74.582084,-7.706014],[-74.558935,-7.747465],[-74.524341,-7.757134],[-74.51561,-7.777825],[-74.569745,-7.81598],[-74.598174,-7.86473],[-74.610144,-7.913982],[-74.627984,-7.939828],[-74.66844,-7.945642],[-74.711275,-7.979002],[-74.727944,-7.981009],[-74.779026,-8.042376],[-74.840385,-8.058352],[-74.887928,-8.084199],[-74.953405,-8.012707],[-74.98226,-7.968986],[-75.005531,-7.970152],[-75.03335,-7.950055],[-75.092217,-7.973676],[-75.14411,-7.979092],[-75.149435,-8.001819],[-75.185697,-8.018443],[-75.195903,-8.052686],[-75.189321,-8.079044],[-75.212493,-8.100482],[-75.212405,-8.123932],[-75.235683,-8.140101],[-75.235406,-8.150502],[-75.247284,-8.154772],[-75.287892,-8.125491],[-75.323526,-8.13931],[-75.345538,-8.12941],[-75.376147,-8.138777],[-75.398131,-8.168469],[-75.429781,-8.166523],[-75.439239,-8.174875],[-75.437683,-8.194973],[-75.455559,-8.211322],[-75.47168,-8.252567],[-75.488445,-8.264097],[-75.502877,-8.289412],[-75.49134,-8.312146],[-75.493844,-8.328651],[-75.510054,-8.334817],[-75.498822,-8.345888],[-75.482674,-8.345477],[-75.477181,-8.386369],[-75.463816,-8.393839],[-75.449575,-8.420988],[-75.419406,-8.44321],[-75.419565,-8.451534],[-75.457594,-8.449801],[-75.477002,-8.435367],[-75.510835,-8.432045],[-75.527265,-8.439974],[-75.54642,-8.432394],[-75.572289,-8.444582],[-75.583464,-8.441186],[-75.597749,-8.412949],[-75.61808,-8.408323],[-75.64512,-8.408895],[-75.687319,-8.423294],[-75.707171,-8.443741],[-75.716461,-8.486895],[-75.76069,-8.487385],[-75.770134,-8.498088],[-75.784549,-8.494326],[-75.783369,-8.50524],[-75.799222,-8.512156],[-75.78216,-8.52544],[-75.77826,-8.546411],[-75.79507,-8.592993],[-75.817723,-8.617258],[-75.816801,-8.636021],[-75.833669,-8.652162],[-75.853494,-8.649162],[-75.891321,-8.660217],[-75.900851,-8.677711],[-75.910779,-8.678205],[-75.944333,-8.709824],[-75.947886,-8.722508],[-75.921647,-8.780808],[-75.927883,-8.844538],[-75.910511,-8.896328],[-75.901273,-8.898151],[-75.903121,-8.915495],[-75.883767,-8.972733],[-75.894504,-8.983714],[-75.891861,-9.002018],[-75.860036,-9.050056],[-75.837876,-9.061944],[-75.837874,-9.084893],[-75.825017,-9.090051],[-75.82152,-9.118965],[-75.802452,-9.151776],[-75.796127,-9.20267],[-75.775067,-9.21973],[-75.76379,-9.217098],[-75.763963,-9.237848],[-75.720242,-9.277228],[-75.705691,-9.336267],[-75.688623,-9.349366],[-75.695012,-9.363927],[-75.671128,-9.385869],[-75.670451,-9.417936],[-75.61666,-9.414076],[-75.611378,-9.406141],[-75.600659,-9.413813],[-75.487793,-9.37265],[-75.456255,-9.325],[-75.451968,-9.296344],[-75.418494,-9.292606],[-75.372154,-9.31023],[-75.349491,-9.304544],[-75.334057,-9.288765],[-75.313929,-9.302089],[-75.279023,-9.276272],[-75.268531,-9.252732],[-75.27192,-9.233415],[-75.256686,-9.232476],[-75.242203,-9.220934],[-75.220911,-9.180077],[-75.211932,-9.176427],[-75.241902,-9.102125],[-75.206455,-9.101339],[-75.204902,-9.080287],[-75.194674,-9.073127],[-75.201215,-9.063838],[-75.162401,-9.033953],[-75.175709,-9.024735],[-75.173864,-9.011575],[-75.156811,-9.010309],[-75.154346,-8.999126],[-75.139215,-8.999503],[-75.13756,-8.988363],[-75.119721,-8.983477],[-75.120105,-8.960699],[-75.134845,-8.945969],[-75.108413,-8.922291],[-75.119428,-8.907176],[-75.122592,-8.880954],[-75.072939,-8.87312],[-75.064715,-8.882277],[-75.022404,-8.858527],[-75.005002,-8.869731],[-74.978981,-8.871653],[-74.940712,-8.857893],[-74.852199,-8.763094],[-74.847978,-8.69198],[-74.840776,-8.679069],[-74.847146,-8.661524],[-74.664148,-8.561909],[-74.630329,-8.55041],[-74.582982,-8.551087],[-74.547135,-8.584567],[-74.536123,-8.629865],[-74.526598,-8.754996],[-74.532178,-8.776133],[-74.572875,-8.792646],[-74.58809,-8.812646],[-74.618309,-8.832027],[-74.624215,-8.888727],[-74.644311,-8.918783],[-74.65274,-8.979582],[-74.647875,-8.995768],[-74.66171,-9.00383],[-74.669164,-9.020257],[-74.651366,-9.048768],[-74.6584,-9.071404],[-74.678094,-9.094039],[-74.671865,-9.110542],[-74.636539,-9.125511],[-74.639564,-9.159682],[-74.624467,-9.215562],[-74.589904,-9.267172],[-74.58715,-9.296607],[-74.625375,-9.350209],[-74.627374,-9.364775],[-74.654317,-9.368774],[-74.657834,-9.382013],[-74.672751,-9.388883],[-74.684744,-9.408871],[-74.70942,-9.42221],[-74.662603,-9.454946],[-74.581092,-9.476602],[-74.583178,-9.498439],[-74.593494,-9.507362],[-74.574447,-9.545778],[-74.57485,-9.572718],[-74.531654,-9.592103],[-74.493829,-9.592225],[-74.490726,-9.618784],[-74.497291,-9.637598],[-74.489467,-9.651964],[-74.494636,-9.656155],[-74.49014,-9.685196],[-74.47409,-9.730124],[-74.455361,-9.745982],[-74.44724,-9.77715],[-74.453301,-9.863636],[-74.433102,-9.876059],[-74.410989,-9.91467],[-74.416646,-9.930824],[-74.411194,-9.957569],[-74.424587,-9.985331],[-74.412398,-10.00824],[-74.418828,-10.02575],[-74.404322,-10.050601],[-74.389899,-10.051349],[-74.366967,-10.112896],[-74.355229,-10.118777],[-74.331274,-10.108546],[-74.315019,-10.113156],[-74.302873,-10.164838],[-74.245427,-10.176653],[-74.230607,-10.186317],[-74.235171,-10.21826],[-74.226395,-10.230498],[-74.227158,-10.27733],[-74.234371,-10.295435],[-74.252195,-10.305131],[-74.236914,-10.321606],[-74.262742,-10.363661],[-74.242005,-10.383165],[-74.244241,-10.410446],[-74.252884,-10.417137],[-74.239291,-10.441186],[-74.225772,-10.443874],[-74.178719,-10.488645],[-74.18235,-10.503331],[-74.134104,-10.599108],[-74.139402,-10.625197],[-74.130981,-10.654742],[-74.136224,-10.671691],[-74.140454,-10.656766],[-74.156721,-10.650095],[-74.159856,-10.640591],[-74.192755,-10.639176],[-74.203681,-10.630144],[-74.229665,-10.634598],[-74.227578,-10.65184],[-74.252809,-10.65948],[-74.25892,-10.680432],[-74.286881,-10.670412],[-74.287574,-10.684307],[-74.317162,-10.7155],[-74.316443,-10.725931],[-74.337021,-10.733857],[-74.350299,-10.754734],[-74.359716,-10.759412],[-74.3839,-10.74748],[-74.385213,-10.764485],[-74.374396,-10.788568],[-74.386765,-10.813116],[-74.431056,-10.812957],[-74.467302,-10.836659],[-74.482676,-10.835391],[-74.491928,-10.84461],[-74.484542,-10.855873],[-74.487083,-10.889033],[-74.506712,-10.899515],[-74.547996,-10.890997],[-74.569232,-10.904036],[-74.56996,-10.915208],[-74.562363,-10.913682],[-74.508384,-10.9503],[-74.496472,-11.000239],[-74.45031,-11.001867],[-74.373168,-11.05662],[-74.341634,-11.054773],[-74.31645,-11.036713],[-74.281507,-11.033126],[-74.256436,-11.018223],[-74.202767,-11.021013],[-74.19087,-10.985997],[-74.155653,-10.998761],[-74.137384,-10.988694],[-74.102906,-10.986404],[-74.061358,-10.995745],[-74.007202,-10.991308],[-73.978838,-11.069038],[-73.983718,-11.092441],[-73.975927,-11.125498],[-73.954551,-11.150399],[-73.916487,-11.143102],[-73.890614,-11.169653],[-73.86306,-11.169124],[-73.852696,-11.164262],[-73.865647,-11.09868],[-73.862202,-10.978775],[-73.855748,-10.956966],[-73.82366,-10.921579],[-73.826749,-10.911354],[-73.813005,-10.889241],[-73.820774,-10.879014],[-73.816012,-10.857368],[-73.822158,-10.836072],[-73.814217,-10.799896],[-73.786939,-10.794139],[-73.778368,-10.774529],[-73.781986,-10.750625],[-73.742116,-10.734008],[-73.731742,-10.753818],[-73.668029,-10.791113],[-73.666568,-10.80264],[-73.610396,-10.846574],[-73.560261,-10.860609],[-73.564357,-10.934793],[-73.572577,-10.9545],[-73.558779,-10.974963],[-73.553012,-11.014052],[-73.540993,-11.022098],[-73.542579,-11.047424],[-73.482603,-11.065242],[-73.471081,-11.088493],[-73.466781,-11.119072],[-73.475186,-11.128356],[-73.449812,-11.236768],[-73.463231,-11.284409],[-73.459194,-11.300924],[-73.484129,-11.318531],[-73.482159,-11.353588],[-73.467869,-11.343651],[-73.449759,-11.368083],[-73.408559,-11.385976],[-73.386262,-11.37127],[-73.37866,-11.350741],[-73.352955,-11.334178],[-73.341705,-11.310996],[-73.255999,-11.312535],[-73.237132,-11.299513],[-73.213188,-11.299082],[-73.205995,-11.290196],[-73.193728,-11.293155],[-73.184968,-11.285903],[-73.131662,-11.293927],[-73.082137,-11.273284],[-73.065041,-11.284355],[-73.025551,-11.264161],[-73.015722,-11.231369],[-72.977062,-11.212293],[-72.96618,-11.217324],[-72.975483,-11.224352],[-72.967935,-11.266227],[-72.955879,-11.263381],[-72.956273,-11.272868],[-72.945189,-11.275437],[-72.935632,-11.290825],[-72.952825,-11.293278],[-72.955556,-11.304616],[-72.932462,-11.307347],[-72.940445,-11.322689],[-72.944425,-11.309869],[-72.959512,-11.314196],[-72.950928,-11.324632],[-72.9649,-11.329498],[-72.961675,-11.334855],[-72.949518,-11.3305],[-72.944737,-11.339914],[-72.924353,-11.327405],[-72.920794,-11.333836],[-72.93284,-11.350384],[-72.920924,-11.355443],[-72.926372,-11.348253],[-72.919886,-11.343639],[-72.894684,-11.35826],[-72.890366,-11.343175],[-72.887234,-11.356499],[-72.876181,-11.355289],[-72.877061,-11.364307],[-72.859167,-11.355432],[-72.852862,-11.365283],[-72.844439,-11.363284],[-72.844415,-11.373349],[-72.833969,-11.374301],[-72.842464,-11.38684],[-72.82268,-11.389609],[-72.816198,-11.375084],[-72.799729,-11.38557],[-72.797036,-11.364431],[-72.789458,-11.368602],[-72.794975,-11.384557],[-72.763349,-11.37161],[-72.738238,-11.347429],[-72.723264,-11.350753],[-72.71768,-11.362111],[-72.712378,-11.347353],[-72.709736,-11.378813],[-72.698617,-11.380408],[-72.692302,-11.395698],[-72.665695,-11.385909],[-72.645569,-11.412766],[-72.634218,-11.405055],[-72.631892,-11.415674],[-72.617167,-11.417785],[-72.62433,-11.425613],[-72.607511,-11.429252],[-72.609539,-11.439938],[-72.600315,-11.418533],[-72.591042,-11.432094],[-72.596144,-11.440038],[-72.580821,-11.430798],[-72.581818,-11.439124],[-72.553665,-11.43208],[-72.547732,-11.448342],[-72.548847,-11.436888],[-72.536316,-11.434801],[-72.535066,-11.425396],[-72.533633,-11.439206],[-72.516669,-11.431964],[-72.518054,-11.41802],[-72.507427,-11.421107],[-72.509822,-11.411509],[-72.501215,-11.409019],[-72.498952,-11.395024],[-72.493061,-11.40401],[-72.482212,-11.398119],[-72.487517,-11.393341],[-72.481115,-11.387556],[-72.474338,-11.392349],[-72.469365,-11.385257],[-72.464857,-11.390606],[-72.449034,-11.385768],[-72.449845,-11.371478],[-72.425127,-11.368487],[-72.423594,-11.355174],[-72.403384,-11.357112],[-72.399327,-11.343153],[-72.396502,-11.349764],[-72.393436,-11.342101],[-72.387095,-11.347661],[-72.381164,-11.334023],[-72.361023,-11.333863],[-72.338295,-11.31708],[-72.315002,-11.321775],[-72.307709,-11.307],[-72.283752,-11.316891],[-72.280061,-11.339605],[-72.255043,-11.329861],[-72.246021,-11.346161],[-72.204623,-11.347433],[-72.218885,-11.296861],[-72.199413,-11.264235],[-72.205179,-11.239896],[-72.197061,-11.227861],[-72.199408,-11.197811],[-72.186523,-11.184889],[-72.206781,-11.172295],[-72.193856,-11.156662],[-72.187935,-11.163729],[-72.184319,-11.155543],[-72.17648,-11.159112],[-72.166996,-11.142218],[-72.135324,-11.135682],[-72.120246,-11.118105],[-72.123246,-11.103592],[-72.148151,-11.087776],[-72.178771,-11.097551],[-72.183299,-11.092592],[-72.182509,-11.057799],[-72.193061,-11.049677],[-72.176485,-11.038994],[-72.175324,-11.024832],[-72.185254,-11.008835],[-72.173538,-10.995526],[-72.15825,-11.005288],[-72.152863,-10.994215],[-72.12793,-10.979842],[-72.125035,-10.995624],[-72.10471,-10.992931],[-72.054413,-11.011074],[-72.043699,-10.99692],[-72.010833,-10.987747],[-71.938377,-11.003895],[-71.923332,-10.996097],[-71.847008,-10.995679],[-71.828463,-11.011868],[-71.808953,-10.993828],[-71.780228,-10.987814],[-71.751144,-10.993752],[-71.729283,-10.983676],[-71.716003,-10.99785],[-71.701694,-10.973839],[-71.693556,-10.979741],[-71.680723,-10.971558],[-71.661719,-10.983184],[-71.558854,-10.964803],[-71.531977,-10.952138],[-71.527149,-10.961727],[-71.508132,-10.966092],[-71.485951,-10.96379],[-71.472509,-10.953693],[-71.412941,-10.958068],[-71.393455,-10.947334],[-71.378012,-10.953474],[-71.354014,-10.949791],[-71.336126,-10.916788],[-71.317305,-10.909565],[-71.308337,-10.877814],[-71.294714,-10.876299],[-71.272727,-10.852819],[-71.271474,-10.819047],[-71.258723,-10.784935],[-71.245054,-10.776529],[-71.221564,-10.776698],[-71.228866,-10.764998],[-71.218749,-10.760206],[-71.224603,-10.730653],[-71.215537,-10.714948],[-71.227815,-10.702813],[-71.231313,-10.685239],[-71.206291,-10.65216],[-71.220803,-10.636734],[-71.196213,-10.579861],[-71.165293,-10.569644],[-71.164571,-10.531261],[-71.1468,-10.530984],[-71.128514,-10.504736],[-71.078506,-10.501371],[-71.024533,-10.4782],[-71.000639,-10.442222],[-71.004972,-10.430819],[-70.958415,-10.389577],[-70.968012,-10.335551],[-70.889459,-10.335139],[-70.873993,-10.300696],[-70.880833,-10.26197],[-70.866854,-10.253047],[-70.803201,-10.251154],[-70.750693,-10.191012],[-70.706443,-10.161357],[-70.708231,-10.13684],[-70.698174,-10.118031],[-70.6499,-10.079475],[-70.644542,-10.06874],[-70.660032,-10.051466],[-70.652059,-10.04006],[-70.672318,-10.023135],[-70.656893,-9.999729],[-70.667627,-9.970693],[-70.648521,-9.951576],[-70.650894,-9.931955],[-70.633479,-9.898958],[-70.639539,-9.884376],[-70.613804,-9.873393],[-70.62338,-9.82054],[-70.60816,-9.80114],[-70.5909,-9.80298],[-70.57777,-9.77779],[-70.55963,-9.78947],[-70.54592,-9.7788],[-70.52523,-9.71498],[-70.54256,-9.67994],[-70.55302,-9.66818],[-70.56663,-9.66741],[-70.5847,-9.64084],[-70.59824,-9.60762],[-70.58804,-9.59833],[-70.58565,-9.57558],[-70.600172,-9.560398],[-70.58909,-9.54887],[-70.587548,-9.567258],[-70.576385,-9.563726],[-70.566034,-9.573184],[-70.555318,-9.571885],[-70.556292,-9.560763],[-70.569078,-9.55435],[-70.564004,-9.540711],[-70.570621,-9.532917],[-70.542129,-9.537699],[-70.544334,-9.51409],[-70.530979,-9.515524],[-70.531517,-9.503548],[-70.521921,-9.505467],[-70.513717,-9.492803],[-70.505699,-9.504602],[-70.524902,-9.461199],[-70.504777,-9.463339],[-70.511558,-9.44775],[-70.495874,-9.440883],[-70.495978,-9.425485],[-70.510466,-9.424679],[-70.52602,-9.438308],[-70.526722,-9.428893],[-70.538531,-9.43836],[-70.54649,-9.427878],[-70.549689,-9.435655],[-70.561914,-9.430011],[-70.57081,-9.440389],[-70.595806,-9.442496],[-70.596352,-9.459091],[-70.611542,-9.457426],[-70.61599,-9.476128],[-70.623299,-9.470587],[-70.631903,-9.480191],[-70.635781,-9.501632],[-70.652952,-9.500267],[-70.651379,-9.512372],[-70.663203,-9.526011],[-70.66612,-9.51942],[-70.679719,-9.534459],[-70.714758,-9.547149],[-70.729797,-9.570256],[-70.73832,-9.559005],[-70.750669,-9.560426],[-70.759533,-9.584044],[-70.757241,-9.604253],[-70.767753,-9.600693],[-70.765691,-9.606971],[-70.786147,-9.614269],[-70.793319,-9.638462],[-70.836149,-9.643235],[-70.838245,-9.656367],[-70.868502,-9.664809],[-70.897805,-9.714134],[-70.923827,-9.741298],[-70.963367,-9.748912],[-70.99243,-9.79504],[-70.99391,-9.81721],[-71.05122,-9.81584],[-71.05859,-9.82475],[-71.07692,-9.8277],[-71.10224,-9.85319],[-71.13974,-9.857016],[-71.171182,-9.890527],[-71.178764,-9.918119],[-71.18943,-9.920914],[-71.192574,-9.941764],[-71.205094,-9.946381],[-71.209389,-9.965053],[-71.220519,-9.969678],[-71.253213,-9.962926],[-71.253998,-9.976559],[-71.291055,-9.981928],[-71.29819,-9.992199],[-71.312408,-9.991639],[-71.342764,-9.966773],[-71.350066,-9.985186],[-71.360008,-9.98374],[-71.375045,-10.000144],[-72.180404,-9.999672],[-72.17717,-9.985498],[-72.158847,-9.979176],[-72.149987,-9.966337],[-72.16205,-9.953577],[-72.155827,-9.942233],[-72.174337,-9.930934],[-72.165329,-9.908964],[-72.150712,-9.905742],[-72.135935,-9.874872],[-72.148201,-9.872228],[-72.154305,-9.835258],[-72.162833,-9.830402],[-72.151361,-9.797416],[-72.186912,-9.778207],[-72.214869,-9.778816],[-72.245623,-9.750834],[-72.262955,-9.750855],[-72.24539,-9.65874],[-72.26031,-9.64176],[-72.25282,-9.61633],[-72.26843,-9.62076],[-72.28821,-9.60316],[-72.2829,-9.53995],[-72.30048,-9.53325],[-72.318586,-9.543794],[-72.342476,-9.520527],[-72.340497,-9.506922],[-72.356876,-9.494598],[-72.386404,-9.492347],[-72.407492,-9.477154],[-72.426467,-9.485696],[-72.440784,-9.477033],[-72.454619,-9.489769],[-72.500938,-9.480454],[-72.519535,-9.491281],[-72.542144,-9.467022],[-72.557021,-9.465865],[-72.561323,-9.472513],[-72.567831,-9.459951],[-72.577343,-9.464175],[-72.57678,-9.455868],[-72.619955,-9.453462],[-72.627818,-9.442365],[-72.643323,-9.4422],[-72.65502,-9.452045],[-72.682639,-9.433454],[-72.695146,-9.439365],[-72.698931,-9.429222],[-72.711582,-9.430004],[-72.716295,-9.412242],[-73.200439,-9.411396],[-73.203453,-9.405769],[-73.186324,-9.39694],[-73.18876,-9.363223],[-73.176666,-9.355006],[-73.169379,-9.360389],[-73.148366,-9.354101],[-73.148094,-9.336723],[-73.133797,-9.330564],[-73.131406,-9.318317],[-73.101434,-9.308117],[-73.107328,-9.275348],[-73.094361,-9.269279],[-73.073518,-9.234607],[-73.062597,-9.227099],[-73.036394,-9.234752],[-73.02371,-9.220429],[-73.009298,-9.222365],[-73.003343,-9.195447],[-73.012292,-9.195048],[-73.026124,-9.177857],[-73.011785,-9.174131],[-73.003675,-9.160592],[-72.990159,-9.162032],[-72.958197,-9.143024],[-72.960076,-9.133129],[-72.94648,-9.120346],[-72.939994,-9.093248],[-72.949822,-9.070244],[-72.943057,-9.053529],[-72.946534,-9.032989],[-72.963071,-9.012099],[-72.941138,-8.984486],[-72.96798,-8.981013],[-72.999693,-8.917516],[-73.019276,-8.911298],[-73.037101,-8.91618],[-73.058886,-8.905774],[-73.07108,-8.862425],[-73.080041,-8.860325],[-73.077708,-8.842192],[-73.095794,-8.836404],[-73.112014,-8.819298],[-73.114648,-8.784413],[-73.134633,-8.766723],[-73.140552,-8.749611],[-73.135977,-8.739122],[-73.167241,-8.698298],[-73.204517,-8.687747],[-73.255472,-8.690216],[-73.26569,-8.67133],[-73.284878,-8.664328],[-73.300094,-8.631961],[-73.311875,-8.631906],[-73.319275,-8.610906],[-73.336509,-8.620964],[-73.341042,-8.616784],[-73.335203,-8.533042],[-73.328813,-8.523062],[-73.331831,-8.474035],[-73.371606,-8.472652],[-73.376152,-8.463762],[-73.388115,-8.47024],[-73.406715,-8.431291],[-73.421691,-8.434689],[-73.441311,-8.425401],[-73.485295,-8.384223],[-73.519867,-8.372984],[-73.52182,-8.360135],[-73.54226,-8.34965],[-73.526433,-8.321133],[-73.537613,-8.296773],[-73.526262,-8.270786],[-73.562992,-8.245498],[-73.587386,-8.240861],[-73.571412,-8.22366],[-73.588791,-8.196975],[-73.595695,-8.164561],[-73.584471,-8.128678],[-73.626253,-8.05746],[-73.616851,-8.03425],[-73.639248,-8.006529],[-73.668023,-8.013148],[-73.681664,-7.996752],[-73.6811,-7.983867],[-73.699867,-7.97632],[-73.705635,-7.954703],[-73.726783,-7.965846],[-73.730477,-7.952629],[-73.747887,-7.947373],[-73.740303,-7.929674],[-73.772256,-7.909164],[-73.755225,-7.892328],[-73.765824,-7.866217],[-73.761543,-7.8606],[-73.758268,-7.870672],[-73.735451,-7.878811],[-73.720908,-7.872396],[-73.703574,-7.875957],[-73.67816,-7.857964],[-73.682824,-7.817894],[-73.676188,-7.80053],[-73.68848,-7.767135],[-73.711717,-7.760905],[-73.714799,-7.742386],[-73.734089,-7.744752],[-73.741416,-7.733287],[-73.80176,-7.713721],[-73.817756,-7.71726],[-73.822465,-7.700516],[-73.836061,-7.69223],[-73.83918,-7.666871],[-73.855377,-7.67759],[-73.868064,-7.675297],[-73.900459,-7.640228],[-73.889023,-7.603553],[-73.958404,-7.564437],[-73.978568,-7.561471],[-73.983033,-7.534361],[-74.012092,-7.513885],[-74.018373,-7.491445],[-74.036474,-7.481244],[-74.039109,-7.448879],[-74.132937,-7.400802],[-74.141636,-7.377772],[-74.180857,-7.358747],[-74.233727,-7.360016],[-74.253659,-7.343682],[-74.284037,-7.354202],[-74.344313,-7.34473],[-74.361567,-7.336607],[-74.370178,-7.317272],[-74.413827,-7.314897],[-74.431321,-7.301595],[-74.444447,-7.307129],[-74.463521,-7.298597],[-74.470519,-7.277292],[-74.471446,-7.276175]]]}}]}