{"type":"FeatureCollection","bbox":[-81.3282,-18.3509,-68.6523,-0.0386],"metadata":{"variante":"light","licencia":"CC-BY-4.0","atribucion":"Instituto Nacional de Estadística e Informática (INEI). Límites departamentales, provinciales y distritales: IDE-INEI, actualización 2023. Capitales de provincia: Infraestructura de Datos Espaciales del Perú (IDEP), 2016.","simplificacion_grados":0.006,"precision_decimales":4,"generado_por":"peru-geojson/scripts/build-variants.mjs"},"features":[{"type":"Feature","id":"0101","properties":{"ubigeo":"0101","nombre_departamento":"amazonas","nombre_provincia":"chachapoyas","nombre_distrito":"","capital":"chachapoyas"},"geometry":{"type":"Polygon","coordinates":[[[-77.7261,-5.9435],[-77.7448,-5.9449],[-77.7699,-5.9665],[-77.7881,-6.0281],[-77.8061,-6.0315],[-77.8078,-6.0809],[-77.7894,-6.1229],[-77.8414,-6.1287],[-77.8761,-6.1025],[-77.8912,-6.1029],[-77.9105,-6.1806],[-77.9028,-6.2081],[-77.9224,-6.2454],[-77.9402,-6.2592],[-77.9259,-6.3569],[-77.9195,-6.3687],[-77.9059,-6.3676],[-77.8883,-6.4067],[-77.8744,-6.4106],[-77.8771,-6.428],[-77.8608,-6.45],[-77.8637,-6.4771],[-77.8274,-6.5457],[-77.8303,-6.5679],[-77.8113,-6.6134],[-77.8139,-6.6339],[-77.7979,-6.6568],[-77.8024,-6.7069],[-77.8201,-6.7127],[-77.8349,-6.733],[-77.8928,-6.7341],[-77.9077,-6.7011],[-77.936,-6.6898],[-77.9595,-6.7139],[-78.001,-6.7212],[-78.0089,-6.743],[-78.0378,-6.744],[-78.0216,-6.7693],[-78.0242,-6.7982],[-78.0137,-6.8213],[-78.0309,-6.8477],[-78.0011,-6.865],[-77.9997,-6.9079],[-78.0136,-6.9317],[-77.9997,-6.9402],[-78.0003,-6.9705],[-77.9836,-6.9631],[-77.9286,-6.9868],[-77.8987,-6.9801],[-77.8803,-6.9625],[-77.8422,-6.9769],[-77.8343,-6.9572],[-77.8019,-6.9661],[-77.7793,-6.9415],[-77.7589,-6.9645],[-77.7073,-6.9078],[-77.7233,-6.8935],[-77.7647,-6.7998],[-77.7319,-6.7835],[-77.748,-6.7458],[-77.7395,-6.7111],[-77.7456,-6.6652],[-77.739,-6.6465],[-77.7017,-6.6769],[-77.6797,-6.6741],[-77.6627,-6.6599],[-77.6512,-6.6298],[-77.6267,-6.6127],[-77.6559,-6.6037],[-77.6665,-6.5783],[-77.7062,-6.5816],[-77.7067,-6.5598],[-77.7262,-6.5521],[-77.7391,-6.4648],[-77.7326,-6.4531],[-77.7461,-6.4366],[-77.7518,-6.4017],[-77.7299,-6.3716],[-77.7043,-6.3615],[-77.7061,-6.3389],[-77.67,-6.3398],[-77.6291,-6.3137],[-77.6176,-6.2808],[-77.589,-6.3044],[-77.5679,-6.3095],[-77.5548,-6.3026],[-77.5401,-6.2875],[-77.5153,-6.225],[-77.469,-6.1846],[-77.4997,-6.154],[-77.5065,-6.0893],[-77.5212,-6.0854],[-77.5651,-6.0292],[-77.5964,-6.0333],[-77.5965,-6.0053],[-77.6391,-6.0011],[-77.6717,-5.9741],[-77.6876,-5.9791],[-77.7037,-5.9529],[-77.7249,-5.9437],[-77.7261,-5.9435]]]}},{"type":"Feature","id":"0102","properties":{"ubigeo":"0102","nombre_departamento":"amazonas","nombre_provincia":"bagua","nombre_distrito":"","capital":"bagua"},"geometry":{"type":"Polygon","coordinates":[[[-78.6191,-4.51],[-78.63,-4.4995],[-78.6475,-4.509],[-78.6627,-4.5369],[-78.6558,-4.5849],[-78.6805,-4.595],[-78.706,-4.6229],[-78.6677,-4.6545],[-78.6517,-4.6462],[-78.6379,-4.6564],[-78.6436,-4.6822],[-78.6317,-4.6984],[-78.645,-4.7348],[-78.6283,-4.7397],[-78.6311,-4.7573],[-78.6207,-4.7679],[-78.6419,-4.8024],[-78.6319,-4.8364],[-78.6438,-4.8581],[-78.6451,-4.9075],[-78.6783,-4.9684],[-78.6662,-4.9795],[-78.6514,-4.9786],[-78.6405,-5.0342],[-78.6577,-5.0674],[-78.6806,-5.0725],[-78.7006,-5.1041],[-78.7091,-5.1796],[-78.694,-5.2319],[-78.6841,-5.239],[-78.6842,-5.2675],[-78.6544,-5.2743],[-78.6416,-5.3038],[-78.6045,-5.3099],[-78.5399,-5.3657],[-78.5186,-5.3985],[-78.5228,-5.4169],[-78.5131,-5.4277],[-78.5131,-5.4522],[-78.5421,-5.4704],[-78.5586,-5.4976],[-78.55,-5.5315],[-78.5635,-5.5551],[-78.5525,-5.5623],[-78.5646,-5.5668],[-78.5654,-5.5879],[-78.557,-5.5893],[-78.5668,-5.5943],[-78.5419,-5.6108],[-78.5637,-5.6271],[-78.5607,-5.6452],[-78.5261,-5.6479],[-78.4978,-5.6807],[-78.5033,-5.6916],[-78.4595,-5.7158],[-78.4522,-5.7335],[-78.4056,-5.6903],[-78.4023,-5.672],[-78.3681,-5.6268],[-78.3148,-5.6159],[-78.3234,-5.5499],[-78.3364,-5.5379],[-78.3032,-5.5008],[-78.3118,-5.486],[-78.2742,-5.4706],[-78.2389,-5.4704],[-78.2227,-5.4353],[-78.1634,-5.3868],[-78.1464,-5.3403],[-78.1213,-5.3289],[-78.0968,-5.3413],[-78.0697,-5.2719],[-78.0758,-5.2514],[-78.0569,-5.2086],[-78.0755,-5.1747],[-78.0972,-5.169],[-78.0964,-5.1419],[-78.1056,-5.1455],[-78.158,-5.1164],[-78.154,-5.0965],[-78.1381,-5.084],[-78.1677,-5.0809],[-78.196,-5.0314],[-78.1792,-4.9956],[-78.1454,-4.9896],[-78.1459,-4.9682],[-78.1652,-4.9369],[-78.1278,-4.8833],[-78.1281,-4.8486],[-78.1192,-4.8413],[-78.1429,-4.8015],[-78.1394,-4.78],[-78.1541,-4.7627],[-78.1197,-4.6977],[-78.1332,-4.6649],[-78.1555,-4.6605],[-78.1464,-4.6452],[-78.1618,-4.634],[-78.1864,-4.6561],[-78.2227,-4.6615],[-78.2624,-4.721],[-78.2689,-4.7039],[-78.262,-4.6812],[-78.2763,-4.66],[-78.2851,-4.6731],[-78.3177,-4.6673],[-78.33,-4.6796],[-78.3613,-4.6477],[-78.414,-4.6596],[-78.4411,-4.6471],[-78.4658,-4.6485],[-78.4712,-4.6297],[-78.5224,-4.5857],[-78.5543,-4.5791],[-78.5719,-4.6015],[-78.5814,-4.6015],[-78.5888,-4.5611],[-78.5813,-4.534],[-78.6008,-4.5071],[-78.618,-4.5102],[-78.6191,-4.51]]]}},{"type":"Feature","id":"0103","properties":{"ubigeo":"0103","nombre_departamento":"amazonas","nombre_provincia":"bongara","nombre_distrito":"","capital":"jumbilla"},"geometry":{"type":"Polygon","coordinates":[[[-77.7276,-5.1403],[-77.7453,-5.133],[-77.9555,-5.3997],[-77.9551,-5.4174],[-77.9406,-5.4253],[-77.9308,-5.462],[-77.9326,-5.4909],[-77.991,-5.5115],[-77.9849,-5.5758],[-78.011,-5.601],[-78.1051,-5.7572],[-78.0769,-5.7742],[-78.1022,-5.8246],[-78.0963,-5.8375],[-78.1036,-5.8559],[-78.1224,-5.8911],[-78.1352,-5.8942],[-78.1228,-5.9203],[-78.0766,-5.9168],[-78.0788,-5.9541],[-78.0575,-5.9747],[-78.0056,-5.9779],[-77.9798,-5.9648],[-77.9672,-6.0014],[-77.9117,-6.0683],[-77.9035,-6.0927],[-77.8405,-6.1288],[-77.7891,-6.1224],[-77.8078,-6.0809],[-77.8062,-6.0319],[-77.7881,-6.0281],[-77.7699,-5.9665],[-77.7448,-5.9449],[-77.7188,-5.9438],[-77.6846,-5.9792],[-77.6717,-5.9741],[-77.6519,-5.9353],[-77.6655,-5.8922],[-77.6831,-5.8776],[-77.6815,-5.8495],[-77.6948,-5.8402],[-77.7264,-5.844],[-77.7461,-5.8351],[-77.7639,-5.8197],[-77.7704,-5.7881],[-77.7606,-5.7705],[-77.7724,-5.7534],[-77.7594,-5.7298],[-77.7751,-5.7108],[-77.7751,-5.6897],[-77.7364,-5.6093],[-77.7658,-5.539],[-77.757,-5.5139],[-77.7716,-5.4939],[-77.7706,-5.4782],[-77.7488,-5.4599],[-77.7685,-5.438],[-77.7448,-5.4069],[-77.7127,-5.4164],[-77.696,-5.4116],[-77.7028,-5.3807],[-77.6821,-5.3384],[-77.6963,-5.2588],[-77.7396,-5.2126],[-77.7082,-5.1909],[-77.6951,-5.1671],[-77.7236,-5.1407],[-77.7276,-5.1403]]]}},{"type":"Feature","id":"0104","properties":{"ubigeo":"0104","nombre_departamento":"amazonas","nombre_provincia":"condorcanqui","nombre_distrito":"","capital":"santa maria de nieva"},"geometry":{"type":"Polygon","coordinates":[[[-77.814,-2.9928],[-77.8446,-2.998],[-77.8401,-3.0082],[-77.9408,-3.0655],[-77.9708,-3.1174],[-77.9824,-3.1197],[-78.0091,-3.1581],[-78.0127,-3.1788],[-78.0362,-3.1896],[-78.0648,-3.2244],[-78.0907,-3.2343],[-78.1073,-3.2771],[-78.1414,-3.3202],[-78.1368,-3.3265],[-78.1957,-3.3608],[-78.1777,-3.4101],[-78.1549,-3.4116],[-78.1484,-3.4804],[-78.2173,-3.5089],[-78.2314,-3.4988],[-78.2262,-3.4915],[-78.2462,-3.4023],[-78.3026,-3.3998],[-78.3464,-3.3824],[-78.3562,-3.4036],[-78.3414,-3.4271],[-78.3592,-3.4695],[-78.3554,-3.4944],[-78.3691,-3.5392],[-78.3912,-3.5601],[-78.3862,-3.5737],[-78.3998,-3.6062],[-78.3863,-3.6401],[-78.4008,-3.6504],[-78.3932,-3.6772],[-78.4002,-3.6897],[-78.4158,-3.686],[-78.4234,-3.6932],[-78.4218,-3.7241],[-78.4025,-3.7354],[-78.4161,-3.7654],[-78.4094,-3.7824],[-78.436,-3.8191],[-78.4659,-3.8275],[-78.46,-3.837],[-78.4762,-3.8577],[-78.4868,-3.8937],[-78.4755,-3.9061],[-78.4888,-3.9338],[-78.5245,-3.9373],[-78.5427,-3.9745],[-78.5657,-3.992],[-78.5677,-4.0451],[-78.5372,-4.0616],[-78.5812,-4.1349],[-78.5773,-4.1955],[-78.609,-4.2261],[-78.5985,-4.2579],[-78.6109,-4.2673],[-78.6182,-4.2942],[-78.6406,-4.3061],[-78.6526,-4.3348],[-78.6341,-4.4152],[-78.6026,-4.4114],[-78.6009,-4.4288],[-78.6199,-4.4368],[-78.6345,-4.464],[-78.6385,-4.4958],[-78.6191,-4.51],[-78.6008,-4.5071],[-78.5813,-4.534],[-78.5888,-4.5611],[-78.5814,-4.6015],[-78.5719,-4.6015],[-78.5543,-4.5791],[-78.5224,-4.5857],[-78.4712,-4.6297],[-78.4658,-4.6485],[-78.4411,-4.6471],[-78.414,-4.6596],[-78.3613,-4.6477],[-78.33,-4.6796],[-78.3189,-4.6677],[-78.3002,-4.6752],[-78.273,-4.6612],[-78.262,-4.6812],[-78.2689,-4.7039],[-78.2624,-4.721],[-78.2227,-4.6615],[-78.1864,-4.6561],[-78.1702,-4.637],[-78.1473,-4.6432],[-78.1537,-4.6621],[-78.1332,-4.6649],[-78.1197,-4.6977],[-78.1541,-4.7627],[-78.1394,-4.78],[-78.1429,-4.8015],[-78.1193,-4.8421],[-78.1281,-4.8486],[-78.1278,-4.8833],[-78.1652,-4.9369],[-78.1459,-4.9682],[-78.1457,-4.9908],[-78.1792,-4.9956],[-78.196,-5.0314],[-78.1677,-5.0809],[-78.1381,-5.084],[-78.154,-5.0965],[-78.158,-5.1164],[-78.1056,-5.1455],[-78.0964,-5.1419],[-78.0972,-5.169],[-78.0755,-5.1747],[-78.0569,-5.2086],[-78.0758,-5.2514],[-78.0676,-5.2653],[-78.0745,-5.2867],[-78.0968,-5.3413],[-78.1061,-5.342],[-78.0806,-5.4024],[-78.0554,-5.4138],[-78.0471,-5.4087],[-78.0555,-5.394],[-78.0509,-5.3751],[-78.0218,-5.3658],[-77.9924,-5.3918],[-77.9555,-5.3997],[-77.7453,-5.133],[-77.7743,-5.0972],[-77.8013,-5.086],[-77.8177,-5.0912],[-77.8223,-5.0818],[-77.8118,-5.0563],[-77.8246,-5.0318],[-77.7584,-4.9501],[-77.7669,-4.9212],[-77.7602,-4.9093],[-77.7991,-4.8246],[-77.7893,-4.7851],[-77.7947,-4.7602],[-77.7719,-4.7176],[-77.7314,-4.6884],[-77.716,-4.6651],[-77.6945,-4.6587],[-77.6726,-4.6305],[-77.6526,-4.5746],[-77.6597,-4.558],[-77.649,-4.5464],[-77.6555,-4.5185],[-77.6414,-4.5101],[-77.6406,-4.4965],[-77.611,-4.4943],[-77.5891,-4.4805],[-77.5647,-4.3949],[-77.5856,-4.2513],[-77.5484,-4.1054],[-77.5379,-3.9619],[-77.569,-3.8931],[-77.5615,-3.8762],[-77.6092,-3.8252],[-77.6282,-3.8171],[-77.6519,-3.7806],[-77.6156,-3.7077],[-77.62,-3.6224],[-77.643,-3.6193],[-77.6667,-3.5719],[-77.7165,-3.5423],[-77.7151,-3.5149],[-77.7456,-3.4822],[-77.7725,-3.4288],[-77.7779,-3.1919],[-77.7945,-3.0893],[-77.7877,-3.0748],[-77.8148,-2.9958],[-77.814,-2.9928]]]}},{"type":"Feature","id":"0105","properties":{"ubigeo":"0105","nombre_departamento":"amazonas","nombre_provincia":"luya","nombre_distrito":"","capital":"lamud"},"geometry":{"type":"Polygon","coordinates":[[[-78.1302,-5.9037],[-78.145,-5.9432],[-78.1355,-5.9582],[-78.1544,-5.9638],[-78.1724,-5.9941],[-78.1643,-6.0173],[-78.2028,-6.0353],[-78.2224,-6.0613],[-78.2897,-6.0632],[-78.3038,-6.085],[-78.3176,-6.0795],[-78.3497,-6.0869],[-78.3681,-6.1086],[-78.3724,-6.169],[-78.4194,-6.1881],[-78.419,-6.2057],[-78.4007,-6.2279],[-78.3701,-6.2391],[-78.3693,-6.2733],[-78.3354,-6.3187],[-78.3326,-6.3523],[-78.3032,-6.3741],[-78.2913,-6.3725],[-78.2771,-6.3991],[-78.2683,-6.3911],[-78.2435,-6.4017],[-78.21,-6.458],[-78.19,-6.457],[-78.1738,-6.4937],[-78.1522,-6.4998],[-78.1357,-6.5272],[-78.1376,-6.5632],[-78.1167,-6.578],[-78.1207,-6.5973],[-78.1041,-6.6236],[-78.1072,-6.6434],[-78.0498,-6.6839],[-78.0347,-6.7447],[-78.0089,-6.743],[-78.001,-6.7212],[-77.9595,-6.7139],[-77.936,-6.6898],[-77.9077,-6.7011],[-77.8928,-6.7341],[-77.8349,-6.733],[-77.8201,-6.7127],[-77.8023,-6.7067],[-77.7979,-6.6568],[-77.8139,-6.6339],[-77.8111,-6.6141],[-77.8303,-6.5679],[-77.8323,-6.5321],[-77.8637,-6.4771],[-77.8608,-6.45],[-77.8771,-6.428],[-77.8744,-6.4106],[-77.8888,-6.4061],[-77.9059,-6.3676],[-77.9199,-6.3685],[-77.9414,-6.2829],[-77.9402,-6.2592],[-77.9224,-6.2454],[-77.9028,-6.2081],[-77.9105,-6.1806],[-77.891,-6.101],[-77.9672,-6.0014],[-77.9798,-5.9648],[-78.0056,-5.9779],[-78.0575,-5.9747],[-78.0788,-5.9541],[-78.0766,-5.9168],[-78.1228,-5.9203],[-78.1301,-5.9041],[-78.1302,-5.9037]]]}},{"type":"Feature","id":"0106","properties":{"ubigeo":"0106","nombre_departamento":"amazonas","nombre_provincia":"rodriguez de mendoza","nombre_distrito":"","capital":"san nicolas"},"geometry":{"type":"Polygon","coordinates":[[[-77.4445,-6.05],[-77.4769,-6],[-77.489,-6.0285],[-77.5098,-6.0325],[-77.5179,-6.0549],[-77.5338,-6.0634],[-77.5212,-6.0854],[-77.5065,-6.0893],[-77.4997,-6.154],[-77.469,-6.1846],[-77.521,-6.233],[-77.5438,-6.2921],[-77.5679,-6.3095],[-77.589,-6.3044],[-77.6176,-6.2808],[-77.6291,-6.3137],[-77.67,-6.3398],[-77.7084,-6.3409],[-77.7043,-6.3615],[-77.7299,-6.3716],[-77.7523,-6.4036],[-77.7461,-6.4366],[-77.7326,-6.4531],[-77.7391,-6.4648],[-77.7262,-6.5521],[-77.7067,-6.5598],[-77.7062,-6.5816],[-77.6665,-6.5783],[-77.6559,-6.6037],[-77.6123,-6.6123],[-77.5688,-6.6382],[-77.5441,-6.677],[-77.4565,-6.6805],[-77.4071,-6.7268],[-77.3984,-6.7064],[-77.3817,-6.6976],[-77.4379,-6.6025],[-77.3939,-6.6027],[-77.3805,-6.5692],[-77.3593,-6.5644],[-77.3448,-6.5472],[-77.3264,-6.468],[-77.3059,-6.4537],[-77.2977,-6.4247],[-77.2732,-6.4065],[-77.2867,-6.331],[-77.2617,-6.3271],[-77.2437,-6.3381],[-77.2215,-6.3811],[-77.209,-6.375],[-77.1717,-6.3812],[-77.1443,-6.3491],[-77.1324,-6.3048],[-77.1708,-6.2652],[-77.1741,-6.2465],[-77.2116,-6.2158],[-77.2192,-6.1943],[-77.2021,-6.1797],[-77.2244,-6.1455],[-77.2805,-6.1422],[-77.3324,-6.1122],[-77.3464,-6.1143],[-77.3587,-6.0728],[-77.3805,-6.08],[-77.3942,-6.0411],[-77.4046,-6.0347],[-77.4193,-6.0324],[-77.4301,-6.0616],[-77.4439,-6.0501],[-77.4445,-6.05]]]}},{"type":"Feature","id":"0107","properties":{"ubigeo":"0107","nombre_departamento":"amazonas","nombre_provincia":"utcubamba","nombre_distrito":"","capital":"bagua grande"},"geometry":{"type":"Polygon","coordinates":[[[-78.0929,-5.3626],[-78.1213,-5.3289],[-78.146,-5.3399],[-78.1634,-5.3868],[-78.2227,-5.4353],[-78.2389,-5.4704],[-78.2742,-5.4706],[-78.3118,-5.486],[-78.3032,-5.5008],[-78.3364,-5.5379],[-78.3234,-5.5499],[-78.3148,-5.6159],[-78.3681,-5.6268],[-78.4023,-5.672],[-78.4052,-5.6897],[-78.4497,-5.7325],[-78.4725,-5.7058],[-78.5033,-5.6916],[-78.4978,-5.6807],[-78.5261,-5.6479],[-78.5602,-5.6466],[-78.5637,-5.6271],[-78.5419,-5.6108],[-78.5668,-5.5943],[-78.557,-5.5893],[-78.5652,-5.5883],[-78.5655,-5.5711],[-78.553,-5.5643],[-78.5635,-5.5551],[-78.5547,-5.5381],[-78.583,-5.5507],[-78.6248,-5.6394],[-78.639,-5.6451],[-78.6511,-5.6756],[-78.6863,-5.6989],[-78.6537,-5.7191],[-78.6518,-5.7298],[-78.6913,-5.7497],[-78.7123,-5.8295],[-78.6991,-5.8408],[-78.6959,-5.8885],[-78.6732,-5.9164],[-78.6603,-5.9556],[-78.6112,-6.0166],[-78.608,-6.0556],[-78.5846,-6.0786],[-78.5151,-6.0725],[-78.4986,-6.0893],[-78.4984,-6.1025],[-78.4773,-6.1148],[-78.4758,-6.1326],[-78.4197,-6.1884],[-78.3724,-6.169],[-78.3681,-6.1086],[-78.3497,-6.0869],[-78.3176,-6.0795],[-78.3038,-6.085],[-78.2897,-6.0632],[-78.2224,-6.0613],[-78.2028,-6.0353],[-78.1643,-6.0173],[-78.1724,-5.9941],[-78.1544,-5.9638],[-78.1355,-5.9582],[-78.145,-5.9432],[-78.1352,-5.8942],[-78.1224,-5.8911],[-78.1036,-5.8559],[-78.0963,-5.8375],[-78.1022,-5.8246],[-78.0769,-5.7742],[-78.1051,-5.7572],[-78.011,-5.601],[-77.9849,-5.5758],[-77.991,-5.5115],[-77.9326,-5.4909],[-77.9388,-5.4309],[-77.9547,-5.4184],[-77.9578,-5.3971],[-77.9924,-5.3918],[-78.0218,-5.3658],[-78.0515,-5.376],[-78.0483,-5.4105],[-78.0707,-5.4104],[-78.0929,-5.3644],[-78.0929,-5.3626]]]}},{"type":"Feature","id":"0201","properties":{"ubigeo":"0201","nombre_departamento":"ancash","nombre_provincia":"huaraz","nombre_distrito":"","capital":"huaraz"},"geometry":{"type":"Polygon","coordinates":[[[-77.3987,-9.3556],[-77.3976,-9.3466],[-77.4155,-9.3558],[-77.4434,-9.3509],[-77.465,-9.367],[-77.53,-9.3727],[-77.5423,-9.3866],[-77.5849,-9.3753],[-77.5809,-9.3923],[-77.6039,-9.4036],[-77.613,-9.4221],[-77.6437,-9.4326],[-77.6493,-9.4528],[-77.6814,-9.4177],[-77.6751,-9.3944],[-77.6905,-9.3778],[-77.719,-9.3824],[-77.7442,-9.3707],[-77.7658,-9.4001],[-77.7608,-9.4158],[-77.7789,-9.4251],[-77.8341,-9.4259],[-77.857,-9.4027],[-77.8924,-9.4294],[-77.9157,-9.4692],[-77.9335,-9.4808],[-77.9158,-9.491],[-77.9292,-9.5001],[-77.9464,-9.5397],[-77.9711,-9.531],[-77.9937,-9.5358],[-77.9742,-9.5505],[-77.9747,-9.5699],[-77.9593,-9.5904],[-77.9608,-9.6154],[-77.9899,-9.645],[-78.0081,-9.6831],[-78.0419,-9.6899],[-78.0004,-9.7116],[-77.9676,-9.7061],[-77.9871,-9.7395],[-77.9616,-9.78],[-77.9538,-9.7716],[-77.8658,-9.7638],[-77.7828,-9.8008],[-77.759,-9.7866],[-77.7237,-9.6948],[-77.6617,-9.6866],[-77.6643,-9.6605],[-77.6213,-9.6208],[-77.6091,-9.6299],[-77.6137,-9.649],[-77.5982,-9.6397],[-77.592,-9.6588],[-77.5692,-9.6692],[-77.5416,-9.7059],[-77.5471,-9.7125],[-77.5363,-9.7379],[-77.5209,-9.7103],[-77.5256,-9.6896],[-77.5031,-9.6627],[-77.4244,-9.6797],[-77.3437,-9.6657],[-77.332,-9.6669],[-77.3269,-9.6789],[-77.304,-9.671],[-77.2656,-9.6459],[-77.2918,-9.587],[-77.3098,-9.5724],[-77.3008,-9.555],[-77.3262,-9.4719],[-77.3085,-9.4645],[-77.3006,-9.4402],[-77.3197,-9.4271],[-77.315,-9.3991],[-77.3301,-9.3824],[-77.351,-9.3885],[-77.3985,-9.3561],[-77.3987,-9.3556]]]}},{"type":"Feature","id":"0202","properties":{"ubigeo":"0202","nombre_departamento":"ancash","nombre_provincia":"aija","nombre_distrito":"","capital":"aija"},"geometry":{"type":"Polygon","coordinates":[[[-77.6137,-9.649],[-77.6091,-9.6299],[-77.6261,-9.6225],[-77.6643,-9.6605],[-77.6617,-9.6866],[-77.7237,-9.6948],[-77.759,-9.7866],[-77.7808,-9.8007],[-77.8658,-9.7638],[-77.9538,-9.7716],[-77.9616,-9.78],[-77.9085,-9.8217],[-77.8754,-9.8112],[-77.8539,-9.8171],[-77.8337,-9.8363],[-77.8437,-9.8441],[-77.8269,-9.8781],[-77.8259,-9.9143],[-77.7798,-9.9051],[-77.7637,-9.8724],[-77.712,-9.8371],[-77.6641,-9.8653],[-77.6413,-9.856],[-77.6214,-9.8678],[-77.6059,-9.8604],[-77.566,-9.8733],[-77.5377,-9.8613],[-77.508,-9.8663],[-77.5033,-9.8748],[-77.4789,-9.8738],[-77.4844,-9.8396],[-77.4943,-9.8375],[-77.489,-9.8198],[-77.5218,-9.7916],[-77.5471,-9.7125],[-77.5416,-9.7059],[-77.5692,-9.6692],[-77.592,-9.6588],[-77.5982,-9.6397],[-77.6124,-9.6497],[-77.6137,-9.649]]]}},{"type":"Feature","id":"0203","properties":{"ubigeo":"0203","nombre_departamento":"ancash","nombre_provincia":"antonio raymondi","nombre_distrito":"","capital":"llamellin"},"geometry":{"type":"Polygon","coordinates":[[[-77.0886,-8.975],[-77.1228,-8.9781],[-77.1113,-9.0084],[-77.1524,-9.0337],[-77.1414,-9.0556],[-77.141,-9.0913],[-77.1655,-9.1058],[-77.1683,-9.1221],[-77.1543,-9.1427],[-77.1739,-9.16],[-77.1422,-9.2024],[-77.0844,-9.1825],[-77.0938,-9.2114],[-77.0825,-9.2341],[-77.0864,-9.2644],[-77.0289,-9.3005],[-77.0123,-9.2988],[-76.9601,-9.2072],[-76.9616,-9.1532],[-76.9426,-9.1287],[-76.9453,-9.075],[-76.9665,-9.0604],[-76.9808,-9.0626],[-77.0028,-9.0326],[-77.0326,-9.0142],[-77.0357,-9],[-77.088,-8.9755],[-77.0886,-8.975]]]}},{"type":"Feature","id":"0204","properties":{"ubigeo":"0204","nombre_departamento":"ancash","nombre_provincia":"asuncion","nombre_distrito":"","capital":"chacas"},"geometry":{"type":"Polygon","coordinates":[[[-77.3875,-9.0578],[-77.4359,-9.0583],[-77.4487,-9.0867],[-77.4936,-9.1093],[-77.5285,-9.1576],[-77.5324,-9.1986],[-77.5165,-9.2058],[-77.5108,-9.2543],[-77.4825,-9.2542],[-77.4775,-9.2708],[-77.451,-9.264],[-77.4321,-9.2755],[-77.409,-9.2731],[-77.3889,-9.2889],[-77.3257,-9.31],[-77.3192,-9.3241],[-77.309,-9.2833],[-77.2917,-9.2885],[-77.2753,-9.2783],[-77.2756,-9.2473],[-77.2621,-9.2362],[-77.2628,-9.1987],[-77.2776,-9.1815],[-77.2927,-9.1834],[-77.3193,-9.1372],[-77.366,-9.1139],[-77.362,-9.065],[-77.3869,-9.0584],[-77.3875,-9.0578]]]}},{"type":"Feature","id":"0205","properties":{"ubigeo":"0205","nombre_departamento":"ancash","nombre_provincia":"bolognesi","nombre_distrito":"","capital":"chiquian"},"geometry":{"type":"Polygon","coordinates":[[[-76.9443,-9.7039],[-76.9718,-9.7118],[-76.981,-9.7246],[-76.9738,-9.7602],[-77.0238,-9.7043],[-77.0343,-9.7093],[-77.0255,-9.7286],[-77.0278,-9.7641],[-77.0495,-9.7829],[-77.0477,-9.7952],[-77.099,-9.8062],[-77.0949,-9.8408],[-77.1588,-9.8272],[-77.1871,-9.8362],[-77.1734,-9.912],[-77.1891,-9.9295],[-77.219,-9.9195],[-77.2161,-9.943],[-77.2234,-9.952],[-77.2056,-9.967],[-77.219,-10.0142],[-77.2141,-10.0237],[-77.2244,-10.0379],[-77.2079,-10.0615],[-77.2162,-10.0868],[-77.2016,-10.0922],[-77.2088,-10.1325],[-77.2495,-10.1365],[-77.2804,-10.1603],[-77.3205,-10.127],[-77.3423,-10.1308],[-77.3352,-10.1442],[-77.3459,-10.1604],[-77.4006,-10.1321],[-77.4587,-10.1562],[-77.5168,-10.1479],[-77.5539,-10.1864],[-77.5612,-10.231],[-77.5753,-10.2499],[-77.6744,-10.2067],[-77.6775,-10.2342],[-77.6964,-10.2568],[-77.6988,-10.3221],[-77.6513,-10.3446],[-77.6306,-10.3221],[-77.6004,-10.36],[-77.5994,-10.3833],[-77.5236,-10.3874],[-77.5005,-10.348],[-77.4815,-10.3462],[-77.4782,-10.3072],[-77.4625,-10.2757],[-77.3991,-10.272],[-77.3595,-10.292],[-77.3271,-10.2562],[-77.3011,-10.2848],[-77.2907,-10.2687],[-77.2555,-10.2538],[-77.2438,-10.2672],[-77.2412,-10.305],[-77.2289,-10.331],[-77.2171,-10.3404],[-77.1995,-10.3368],[-77.1582,-10.3619],[-77.1744,-10.405],[-77.1722,-10.444],[-77.1893,-10.4579],[-77.176,-10.4831],[-77.1746,-10.4646],[-77.15,-10.4511],[-77.1382,-10.4265],[-77.1121,-10.4048],[-77.0716,-10.3381],[-77.0474,-10.3388],[-77.0136,-10.3156],[-77.0055,-10.2833],[-76.9655,-10.3054],[-76.936,-10.2785],[-76.9062,-10.2742],[-76.9048,-10.2377],[-76.9161,-10.2246],[-76.9085,-10.1768],[-76.9157,-10.1204],[-76.8799,-10.1166],[-76.8713,-10.0943],[-76.8536,-10.1018],[-76.8432,-10.0868],[-76.8072,-10.0845],[-76.815,-10.0234],[-76.825,-10.0092],[-76.8137,-9.9608],[-76.8419,-9.9306],[-76.842,-9.9109],[-76.8978,-9.8093],[-76.9016,-9.7697],[-76.9431,-9.705],[-76.9443,-9.7039]]]}},{"type":"Feature","id":"0206","properties":{"ubigeo":"0206","nombre_departamento":"ancash","nombre_provincia":"carhuaz","nombre_distrito":"","capital":"carhuaz"},"geometry":{"type":"Polygon","coordinates":[[[-77.5288,-9.0848],[-77.5724,-9.0858],[-77.6013,-9.1089],[-77.5908,-9.1715],[-77.6173,-9.2148],[-77.6441,-9.1973],[-77.6622,-9.2409],[-77.6806,-9.2465],[-77.6893,-9.2242],[-77.7135,-9.2466],[-77.7245,-9.2764],[-77.7665,-9.2926],[-77.7765,-9.3147],[-77.7713,-9.334],[-77.7467,-9.3521],[-77.7442,-9.3707],[-77.7202,-9.3821],[-77.6839,-9.3836],[-77.6745,-9.4021],[-77.6814,-9.4177],[-77.6493,-9.4528],[-77.6437,-9.4326],[-77.613,-9.4221],[-77.6039,-9.4036],[-77.5809,-9.3923],[-77.5849,-9.3753],[-77.5423,-9.3866],[-77.53,-9.3727],[-77.465,-9.367],[-77.4434,-9.3509],[-77.4155,-9.3558],[-77.3976,-9.3466],[-77.3841,-9.37],[-77.3708,-9.368],[-77.351,-9.3885],[-77.3301,-9.3824],[-77.3346,-9.3527],[-77.3181,-9.328],[-77.3257,-9.31],[-77.3889,-9.2889],[-77.409,-9.2731],[-77.4321,-9.2755],[-77.451,-9.264],[-77.479,-9.2705],[-77.4809,-9.255],[-77.5128,-9.2519],[-77.5165,-9.2058],[-77.5324,-9.1986],[-77.5335,-9.1728],[-77.5188,-9.1366],[-77.4905,-9.1067],[-77.5237,-9.0954],[-77.5282,-9.0855],[-77.5288,-9.0848]]]}},{"type":"Feature","id":"0207","properties":{"ubigeo":"0207","nombre_departamento":"ancash","nombre_provincia":"carlos fermin fitzcarrald","nombre_distrito":"","capital":"san luis"},"geometry":{"type":"Polygon","coordinates":[[[-77.1434,-8.9003],[-77.1595,-8.8971],[-77.1751,-8.927],[-77.2323,-8.9252],[-77.2675,-8.9445],[-77.3205,-8.9454],[-77.359,-8.9706],[-77.366,-9.1139],[-77.3193,-9.1372],[-77.3102,-9.1633],[-77.2927,-9.1834],[-77.2776,-9.1815],[-77.2621,-9.2078],[-77.2418,-9.1991],[-77.2216,-9.1676],[-77.1979,-9.1657],[-77.1861,-9.155],[-77.1739,-9.16],[-77.1544,-9.1434],[-77.1684,-9.1216],[-77.1655,-9.1058],[-77.141,-9.0913],[-77.1414,-9.0556],[-77.1524,-9.0337],[-77.1116,-9.0088],[-77.1228,-8.9781],[-77.1031,-8.9724],[-77.1102,-8.9692],[-77.1025,-8.9609],[-77.1061,-8.9489],[-77.1232,-8.9456],[-77.1434,-8.9007],[-77.1434,-8.9003]]]}},{"type":"Feature","id":"0208","properties":{"ubigeo":"0208","nombre_departamento":"ancash","nombre_provincia":"casma","nombre_distrito":"","capital":"casma"},"geometry":{"type":"Polygon","coordinates":[[[-78.2589,-9.2015],[-78.2821,-9.2232],[-78.2994,-9.2163],[-78.3371,-9.2503],[-78.336,-9.2631],[-78.3627,-9.2649],[-78.3858,-9.3053],[-78.3836,-9.3262],[-78.4117,-9.3534],[-78.4289,-9.3494],[-78.4276,-9.3603],[-78.4094,-9.3638],[-78.4283,-9.3716],[-78.4337,-9.3904],[-78.4178,-9.4262],[-78.4067,-9.4248],[-78.4076,-9.4358],[-78.392,-9.4291],[-78.3801,-9.4455],[-78.4047,-9.4751],[-78.3946,-9.4777],[-78.3967,-9.499],[-78.3845,-9.521],[-78.3913,-9.531],[-78.3664,-9.5589],[-78.3669,-9.6297],[-78.3586,-9.624],[-78.3434,-9.6329],[-78.3358,-9.6548],[-78.3188,-9.6667],[-78.3193,-9.6815],[-78.3076,-9.6839],[-78.2943,-9.7054],[-78.2959,-9.7263],[-78.2262,-9.7953],[-78.2216,-9.7787],[-78.1742,-9.7483],[-78.1448,-9.7146],[-78.0874,-9.7205],[-78.0583,-9.6892],[-78.0071,-9.6822],[-77.9589,-9.6054],[-77.9742,-9.5505],[-77.9937,-9.5358],[-77.9711,-9.531],[-77.9464,-9.5397],[-77.9292,-9.5001],[-77.9158,-9.491],[-77.9335,-9.4808],[-77.9157,-9.4692],[-77.901,-9.4422],[-77.9327,-9.3949],[-77.9552,-9.4226],[-77.9959,-9.4462],[-78.0339,-9.41],[-78.0033,-9.381],[-78.0604,-9.3347],[-78.0537,-9.3208],[-78.0623,-9.2924],[-78.0576,-9.272],[-78.1157,-9.2573],[-78.1424,-9.2686],[-78.2113,-9.209],[-78.2559,-9.2025],[-78.2589,-9.2015]]]}},{"type":"Feature","id":"0209","properties":{"ubigeo":"0209","nombre_departamento":"ancash","nombre_provincia":"corongo","nombre_distrito":"","capital":"corongo"},"geometry":{"type":"Polygon","coordinates":[[[-77.7938,-8.387],[-77.8025,-8.379],[-77.8528,-8.4033],[-77.8607,-8.3934],[-77.8765,-8.3978],[-77.8812,-8.4405],[-77.8975,-8.4406],[-77.9163,-8.458],[-77.9339,-8.4493],[-77.949,-8.4808],[-77.9759,-8.4758],[-77.9683,-8.5041],[-77.9919,-8.5317],[-78.0777,-8.5689],[-78.0958,-8.5971],[-78.1218,-8.5962],[-78.1305,-8.6171],[-78.1111,-8.6555],[-78.0465,-8.6625],[-78.0291,-8.676],[-78.0088,-8.667],[-77.9561,-8.6994],[-77.9203,-8.7476],[-77.8799,-8.684],[-77.8121,-8.6628],[-77.7921,-8.6613],[-77.7723,-8.6739],[-77.7487,-8.6592],[-77.7207,-8.6565],[-77.7136,-8.6318],[-77.7018,-8.6275],[-77.7086,-8.6123],[-77.6957,-8.6023],[-77.7092,-8.5863],[-77.6887,-8.5764],[-77.6913,-8.5568],[-77.7142,-8.5404],[-77.703,-8.5109],[-77.7645,-8.4416],[-77.7552,-8.4187],[-77.7592,-8.4034],[-77.774,-8.3958],[-77.7822,-8.4032],[-77.7924,-8.3882],[-77.7938,-8.387]]]}},{"type":"Feature","id":"0210","properties":{"ubigeo":"0210","nombre_departamento":"ancash","nombre_provincia":"huari","nombre_distrito":"","capital":"huari"},"geometry":{"type":"Polygon","coordinates":[[[-76.9249,-9.0733],[-76.9454,-9.0748],[-76.9426,-9.1287],[-76.9616,-9.1532],[-76.9601,-9.2072],[-77.0123,-9.2988],[-77.0289,-9.3005],[-77.0864,-9.2644],[-77.0825,-9.2341],[-77.0938,-9.2114],[-77.0844,-9.1825],[-77.1422,-9.2024],[-77.1582,-9.1718],[-77.1861,-9.155],[-77.1979,-9.1657],[-77.2216,-9.1676],[-77.2418,-9.1991],[-77.2621,-9.2078],[-77.2627,-9.2382],[-77.2756,-9.2473],[-77.2753,-9.2783],[-77.3152,-9.2907],[-77.3115,-9.308],[-77.3346,-9.3527],[-77.33,-9.3891],[-77.3148,-9.4002],[-77.3197,-9.4271],[-77.3006,-9.4402],[-77.3085,-9.4645],[-77.3262,-9.4719],[-77.3008,-9.555],[-77.3094,-9.5746],[-77.2887,-9.5925],[-77.2506,-9.6919],[-77.2277,-9.7132],[-77.2361,-9.7258],[-77.2308,-9.7475],[-77.2455,-9.7732],[-77.2385,-9.7853],[-77.244,-9.8076],[-77.2253,-9.8069],[-77.2169,-9.8239],[-77.2066,-9.8212],[-77.1847,-9.8369],[-77.1588,-9.8272],[-77.0949,-9.8408],[-77.099,-9.8062],[-77.0477,-9.7952],[-77.0495,-9.7829],[-77.0278,-9.7641],[-77.0255,-9.7286],[-77.0357,-9.7189],[-77.0223,-9.7022],[-77.0473,-9.6539],[-77.0471,-9.6325],[-77.0292,-9.613],[-76.9952,-9.6033],[-76.9802,-9.564],[-76.9551,-9.5603],[-76.9551,-9.5427],[-76.9376,-9.5254],[-76.9386,-9.4917],[-76.9533,-9.4675],[-76.9303,-9.4332],[-76.9352,-9.3985],[-76.9179,-9.3695],[-76.9006,-9.3591],[-76.8929,-9.332],[-76.8703,-9.3144],[-76.8687,-9.2927],[-76.8546,-9.2885],[-76.8467,-9.2642],[-76.834,-9.266],[-76.8155,-9.3265],[-76.7829,-9.3429],[-76.7659,-9.3672],[-76.7408,-9.3308],[-76.7455,-9.2967],[-76.726,-9.2562],[-76.7284,-9.2329],[-76.7369,-9.2041],[-76.7689,-9.157],[-76.7958,-9.1331],[-76.8732,-9.1125],[-76.9235,-9.0744],[-76.9249,-9.0733]]]}},{"type":"Feature","id":"0211","properties":{"ubigeo":"0211","nombre_departamento":"ancash","nombre_provincia":"huarmey","nombre_distrito":"","capital":"huarmey"},"geometry":{"type":"Polygon","coordinates":[[[-78.0552,-9.6897],[-78.0874,-9.7205],[-78.1448,-9.7146],[-78.1742,-9.7483],[-78.2216,-9.7787],[-78.2438,-9.8685],[-78.2245,-9.9072],[-78.2315,-9.9106],[-78.2255,-9.9395],[-78.2344,-9.9513],[-78.2081,-9.9668],[-78.1931,-10.0014],[-78.1961,-10.0201],[-78.1758,-10.044],[-78.1657,-10.0919],[-78.185,-10.1094],[-78.1734,-10.1152],[-78.1636,-10.1472],[-78.1016,-10.2011],[-78.0873,-10.2301],[-78.092,-10.242],[-78.081,-10.2483],[-78.0871,-10.2771],[-78.0568,-10.3035],[-78.0552,-10.3454],[-78.0106,-10.3747],[-78.0007,-10.3975],[-78.0144,-10.4112],[-77.9804,-10.4394],[-77.9633,-10.4711],[-77.9656,-10.493],[-77.9082,-10.5443],[-77.9008,-10.5642],[-77.9087,-10.5696],[-77.8863,-10.612],[-77.8397,-10.5679],[-77.7997,-10.5853],[-77.7714,-10.5716],[-77.7707,-10.5157],[-77.7988,-10.477],[-77.7646,-10.4395],[-77.7679,-10.4288],[-77.76,-10.4301],[-77.7499,-10.4068],[-77.7525,-10.3219],[-77.6988,-10.3221],[-77.6964,-10.2568],[-77.6775,-10.2342],[-77.6731,-10.1849],[-77.6563,-10.152],[-77.6707,-10.1399],[-77.6981,-10.1437],[-77.6997,-10.1085],[-77.7219,-10.0787],[-77.71,-10.0524],[-77.7534,-10.0428],[-77.7705,-10.0251],[-77.7734,-9.9976],[-77.7639,-9.9899],[-77.7501,-10.0065],[-77.7275,-10.0138],[-77.6319,-10.0223],[-77.6082,-9.9501],[-77.5503,-9.8785],[-77.5574,-9.8691],[-77.5761,-9.8724],[-77.6059,-9.8604],[-77.6214,-9.8678],[-77.6413,-9.856],[-77.6641,-9.8653],[-77.712,-9.8371],[-77.7637,-9.8724],[-77.7798,-9.9051],[-77.8259,-9.9143],[-77.8269,-9.8781],[-77.8437,-9.8441],[-77.8337,-9.8363],[-77.8539,-9.8171],[-77.8754,-9.8112],[-77.9085,-9.8217],[-77.9575,-9.7878],[-77.9871,-9.7395],[-77.9676,-9.7061],[-77.9996,-9.7117],[-78.0546,-9.6898],[-78.0552,-9.6897]]]}},{"type":"Feature","id":"0212","properties":{"ubigeo":"0212","nombre_departamento":"ancash","nombre_provincia":"huaylas","nombre_distrito":"","capital":"caraz"},"geometry":{"type":"Polygon","coordinates":[[[-77.7179,-8.6611],[-77.7487,-8.6592],[-77.7723,-8.6739],[-77.8008,-8.6611],[-77.8799,-8.684],[-77.9197,-8.7475],[-77.9566,-8.699],[-77.982,-8.6929],[-77.9955,-8.7072],[-78.0153,-8.7557],[-77.9915,-8.7994],[-77.9889,-8.8271],[-78.0006,-8.8428],[-77.986,-8.8484],[-77.9799,-8.8853],[-77.9632,-8.8896],[-77.942,-8.92],[-77.9557,-8.9548],[-77.9424,-8.9786],[-77.9555,-8.9817],[-77.9799,-9.0127],[-77.9972,-9.0172],[-78.024,-9.0603],[-78.0606,-9.0889],[-78.0621,-9.129],[-78.0163,-9.1672],[-78.0476,-9.1769],[-78.0738,-9.1723],[-78.059,-9.2312],[-78.0242,-9.2484],[-77.9765,-9.2432],[-77.9585,-9.254],[-77.9278,-9.2461],[-77.8951,-9.2615],[-77.8613,-9.2512],[-77.8395,-9.2176],[-77.7966,-9.2289],[-77.7823,-9.2172],[-77.7773,-9.186],[-77.7841,-9.12],[-77.773,-9.1017],[-77.7829,-9.0832],[-77.745,-9.0641],[-77.7274,-9.0704],[-77.6998,-9.0569],[-77.6809,-9.033],[-77.6695,-9.0348],[-77.6146,-8.9938],[-77.6207,-8.9757],[-77.6136,-8.9565],[-77.6034,-8.9423],[-77.5879,-8.9408],[-77.5743,-8.9004],[-77.5878,-8.8874],[-77.6046,-8.8867],[-77.6083,-8.8722],[-77.5949,-8.8547],[-77.5976,-8.8338],[-77.5811,-8.8183],[-77.5897,-8.7923],[-77.5812,-8.7711],[-77.6014,-8.745],[-77.615,-8.751],[-77.6557,-8.7235],[-77.6717,-8.693],[-77.7171,-8.6622],[-77.7179,-8.6611]]]}},{"type":"Feature","id":"0213","properties":{"ubigeo":"0213","nombre_departamento":"ancash","nombre_provincia":"mariscal luzuriaga","nombre_distrito":"","capital":"piscobamba"},"geometry":{"type":"Polygon","coordinates":[[[-77.2798,-8.7028],[-77.3087,-8.7269],[-77.3868,-8.7635],[-77.4005,-8.7953],[-77.4379,-8.8135],[-77.4471,-8.8383],[-77.3678,-8.9086],[-77.3923,-8.9045],[-77.4384,-8.9142],[-77.4865,-8.9056],[-77.5148,-8.9234],[-77.5271,-8.9042],[-77.5635,-8.9034],[-77.5443,-8.9287],[-77.5471,-8.9483],[-77.5619,-8.9537],[-77.552,-8.9887],[-77.5179,-9.0052],[-77.4922,-9.0082],[-77.4457,-8.9901],[-77.3896,-8.9957],[-77.3595,-8.9772],[-77.3455,-8.9558],[-77.3205,-8.9454],[-77.2797,-8.9465],[-77.2332,-8.9254],[-77.1693,-8.9215],[-77.1595,-8.8971],[-77.1726,-8.8764],[-77.1743,-8.8345],[-77.1957,-8.815],[-77.2065,-8.7816],[-77.2258,-8.7669],[-77.2271,-8.7437],[-77.2482,-8.7273],[-77.2474,-8.7128],[-77.2618,-8.7147],[-77.2777,-8.7032],[-77.2798,-8.7028]]]}},{"type":"Feature","id":"0214","properties":{"ubigeo":"0214","nombre_departamento":"ancash","nombre_provincia":"ocros","nombre_distrito":"","capital":"ocros"},"geometry":{"type":"Polygon","coordinates":[[[-77.2448,-10.2664],[-77.2621,-10.2527],[-77.3025,-10.2846],[-77.3271,-10.2562],[-77.3595,-10.292],[-77.3991,-10.272],[-77.4625,-10.2757],[-77.4782,-10.3072],[-77.4815,-10.3462],[-77.5002,-10.3478],[-77.5163,-10.3635],[-77.5227,-10.3872],[-77.5981,-10.3829],[-77.6346,-10.4123],[-77.6453,-10.4087],[-77.6867,-10.434],[-77.7106,-10.5038],[-77.7206,-10.503],[-77.7431,-10.529],[-77.7458,-10.5583],[-77.7357,-10.5685],[-77.7276,-10.5527],[-77.7101,-10.5602],[-77.7083,-10.5474],[-77.6878,-10.5373],[-77.6692,-10.5406],[-77.6247,-10.502],[-77.6013,-10.5093],[-77.6009,-10.5188],[-77.6163,-10.5247],[-77.6146,-10.5464],[-77.6382,-10.563],[-77.6453,-10.5829],[-77.6382,-10.6029],[-77.6195,-10.6142],[-77.6193,-10.6023],[-77.6049,-10.5901],[-77.5743,-10.5884],[-77.5741,-10.6147],[-77.5906,-10.6456],[-77.5754,-10.6589],[-77.5745,-10.6943],[-77.5631,-10.7094],[-77.5784,-10.7227],[-77.5912,-10.7864],[-77.5239,-10.735],[-77.4915,-10.746],[-77.4361,-10.7236],[-77.4154,-10.73],[-77.3953,-10.7178],[-77.3857,-10.7078],[-77.4038,-10.691],[-77.3953,-10.6615],[-77.2923,-10.5566],[-77.2718,-10.5611],[-77.2519,-10.5452],[-77.191,-10.5521],[-77.1673,-10.5081],[-77.171,-10.4871],[-77.19,-10.4641],[-77.1722,-10.444],[-77.1744,-10.405],[-77.1582,-10.3619],[-77.1995,-10.3368],[-77.2171,-10.3404],[-77.2289,-10.331],[-77.2412,-10.305],[-77.2438,-10.2672],[-77.2448,-10.2664]]]}},{"type":"Feature","id":"0215","properties":{"ubigeo":"0215","nombre_departamento":"ancash","nombre_provincia":"pallasca","nombre_distrito":"","capital":"cabana"},"geometry":{"type":"Polygon","coordinates":[[[-77.647,-8.0509],[-77.7184,-8.0735],[-77.7858,-8.0792],[-77.8104,-8.0677],[-77.8522,-8.0748],[-77.8679,-8.0559],[-77.8969,-8.0632],[-77.9332,-8.197],[-78.0186,-8.2243],[-78.0368,-8.2559],[-78.1194,-8.3137],[-78.1084,-8.3381],[-78.1375,-8.3687],[-78.1393,-8.4271],[-78.1574,-8.4788],[-78.2026,-8.5261],[-78.2169,-8.5573],[-78.2019,-8.5739],[-78.1944,-8.6042],[-78.2036,-8.6288],[-78.2353,-8.6509],[-78.2041,-8.66],[-78.1938,-8.6888],[-78.1656,-8.695],[-78.1519,-8.6696],[-78.1343,-8.6733],[-78.1058,-8.6598],[-78.1305,-8.6171],[-78.1259,-8.6005],[-78.0958,-8.5971],[-78.0777,-8.5689],[-77.9919,-8.5317],[-77.9683,-8.5041],[-77.9759,-8.4758],[-77.949,-8.4808],[-77.9339,-8.4493],[-77.9163,-8.458],[-77.8975,-8.4406],[-77.8812,-8.4405],[-77.8765,-8.3978],[-77.8607,-8.3934],[-77.8528,-8.4033],[-77.7442,-8.3626],[-77.7032,-8.3076],[-77.6663,-8.312],[-77.6356,-8.2692],[-77.5703,-8.2552],[-77.5733,-8.2125],[-77.557,-8.1942],[-77.5754,-8.1682],[-77.6047,-8.1557],[-77.6021,-8.1359],[-77.6367,-8.1086],[-77.6188,-8.0798],[-77.6439,-8.0666],[-77.6469,-8.0514],[-77.647,-8.0509]]]}},{"type":"Feature","id":"0216","properties":{"ubigeo":"0216","nombre_departamento":"ancash","nombre_provincia":"pomabamba","nombre_distrito":"","capital":"pomabamba"},"geometry":{"type":"Polygon","coordinates":[[[-77.3394,-8.5277],[-77.366,-8.5071],[-77.4312,-8.5487],[-77.446,-8.5708],[-77.4649,-8.5808],[-77.4757,-8.5762],[-77.4899,-8.5907],[-77.5051,-8.6512],[-77.486,-8.6834],[-77.4975,-8.6979],[-77.5404,-8.7024],[-77.586,-8.7406],[-77.5828,-8.7497],[-77.5927,-8.7577],[-77.5812,-8.7711],[-77.5897,-8.7933],[-77.5804,-8.8146],[-77.5976,-8.8338],[-77.6046,-8.8867],[-77.5635,-8.9034],[-77.5271,-8.9042],[-77.5148,-8.9234],[-77.4865,-8.9056],[-77.4384,-8.9142],[-77.3923,-8.9045],[-77.3678,-8.9086],[-77.4471,-8.8383],[-77.4379,-8.8135],[-77.401,-8.7958],[-77.3896,-8.7762],[-77.395,-8.7701],[-77.3663,-8.7497],[-77.3087,-8.7269],[-77.2804,-8.7029],[-77.2611,-8.7148],[-77.2478,-8.7132],[-77.2462,-8.7032],[-77.2606,-8.6485],[-77.2936,-8.637],[-77.2887,-8.5898],[-77.3154,-8.5452],[-77.312,-8.5311],[-77.3387,-8.5285],[-77.3394,-8.5277]]]}},{"type":"Feature","id":"0217","properties":{"ubigeo":"0217","nombre_departamento":"ancash","nombre_provincia":"recuay","nombre_distrito":"","capital":"recuay"},"geometry":{"type":"Polygon","coordinates":[[[-77.2653,-9.6531],[-77.2931,-9.6573],[-77.3269,-9.6789],[-77.335,-9.6655],[-77.4244,-9.6797],[-77.5041,-9.6633],[-77.5256,-9.6896],[-77.5209,-9.7103],[-77.5363,-9.7379],[-77.5215,-9.7923],[-77.489,-9.8198],[-77.4943,-9.8375],[-77.4844,-9.8396],[-77.4789,-9.8738],[-77.5033,-9.8748],[-77.508,-9.8663],[-77.5377,-9.8613],[-77.5525,-9.8722],[-77.5581,-9.8936],[-77.6082,-9.9501],[-77.6319,-10.0223],[-77.7275,-10.0138],[-77.7694,-9.9909],[-77.7749,-10.0117],[-77.7534,-10.0428],[-77.71,-10.0524],[-77.7219,-10.0787],[-77.6997,-10.1085],[-77.6981,-10.1437],[-77.6574,-10.1469],[-77.6765,-10.2001],[-77.6671,-10.2164],[-77.608,-10.2405],[-77.5925,-10.2367],[-77.5753,-10.2499],[-77.5612,-10.231],[-77.5539,-10.1864],[-77.5168,-10.1479],[-77.4587,-10.1562],[-77.4006,-10.1321],[-77.3459,-10.1604],[-77.3352,-10.1442],[-77.3423,-10.1308],[-77.3205,-10.127],[-77.2804,-10.1603],[-77.2495,-10.1365],[-77.2078,-10.1312],[-77.2016,-10.0922],[-77.2162,-10.0868],[-77.2079,-10.0615],[-77.2244,-10.0379],[-77.2141,-10.0237],[-77.219,-10.0142],[-77.2056,-9.967],[-77.2234,-9.9525],[-77.2161,-9.943],[-77.2202,-9.9245],[-77.1891,-9.9295],[-77.1733,-9.9105],[-77.1874,-9.8351],[-77.2069,-9.8211],[-77.2169,-9.8239],[-77.2257,-9.8066],[-77.244,-9.8076],[-77.2385,-9.7853],[-77.2455,-9.7732],[-77.2308,-9.7475],[-77.2361,-9.7258],[-77.2277,-9.7132],[-77.2506,-9.6919],[-77.2643,-9.6547],[-77.2653,-9.6531]]]}},{"type":"Feature","id":"0218","properties":{"ubigeo":"0218","nombre_departamento":"ancash","nombre_provincia":"santa","nombre_distrito":"","capital":"chimbote"},"geometry":{"type":"Polygon","coordinates":[[[-78.2316,-8.6583],[-78.2963,-8.6587],[-78.3342,-8.6664],[-78.3377,-8.6759],[-78.3548,-8.6733],[-78.4384,-8.7327],[-78.5181,-8.753],[-78.5516,-8.775],[-78.5883,-8.8587],[-78.5765,-8.889],[-78.5899,-8.9426],[-78.6195,-8.9665],[-78.6449,-8.9692],[-78.6495,-8.9905],[-78.6585,-8.9863],[-78.6579,-8.9959],[-78.6224,-9.017],[-78.6386,-9.0475],[-78.6299,-9.0736],[-78.5888,-9.0796],[-78.5616,-9.1191],[-78.5584,-9.1455],[-78.5678,-9.1678],[-78.6099,-9.1601],[-78.6102,-9.1762],[-78.59,-9.1957],[-78.577,-9.1947],[-78.5838,-9.2034],[-78.5539,-9.2351],[-78.5622,-9.1817],[-78.5332,-9.1746],[-78.4963,-9.1895],[-78.485,-9.2079],[-78.4918,-9.2509],[-78.5255,-9.2746],[-78.4989,-9.2869],[-78.4983,-9.312],[-78.4795,-9.3219],[-78.4813,-9.3333],[-78.4722,-9.3288],[-78.4746,-9.3179],[-78.4609,-9.3162],[-78.4184,-9.3551],[-78.3836,-9.3262],[-78.3858,-9.3053],[-78.3619,-9.2641],[-78.336,-9.2631],[-78.3371,-9.2503],[-78.2994,-9.2163],[-78.2811,-9.2228],[-78.2608,-9.2009],[-78.2328,-9.2119],[-78.2113,-9.209],[-78.1424,-9.2686],[-78.1157,-9.2573],[-78.0561,-9.2747],[-78.0372,-9.2437],[-78.0678,-9.2148],[-78.0738,-9.1723],[-78.0476,-9.1769],[-78.0163,-9.1672],[-78.0621,-9.129],[-78.0606,-9.0889],[-78.024,-9.0603],[-77.9972,-9.0172],[-77.9799,-9.0127],[-77.9555,-8.9817],[-77.9424,-8.9786],[-77.9557,-8.9548],[-77.9417,-8.9208],[-77.9621,-8.8907],[-77.9834,-8.8804],[-77.986,-8.8484],[-78.0008,-8.8419],[-77.9889,-8.8271],[-77.9915,-8.7994],[-78.0153,-8.7617],[-77.9955,-8.7072],[-77.9725,-8.6876],[-78.0088,-8.667],[-78.03,-8.6759],[-78.0738,-8.6568],[-78.1343,-8.6733],[-78.1519,-8.6696],[-78.1637,-8.6945],[-78.1838,-8.6943],[-78.2041,-8.66],[-78.2311,-8.6583],[-78.2316,-8.6583]]]}},{"type":"Feature","id":"0219","properties":{"ubigeo":"0219","nombre_departamento":"ancash","nombre_provincia":"sihuas","nombre_distrito":"","capital":"sihuas"},"geometry":{"type":"Polygon","coordinates":[[[-77.5445,-8.2382],[-77.5657,-8.2374],[-77.579,-8.2617],[-77.6349,-8.2688],[-77.6597,-8.308],[-77.7032,-8.3076],[-77.7442,-8.3626],[-77.7989,-8.3812],[-77.7822,-8.4032],[-77.774,-8.3958],[-77.7592,-8.4034],[-77.7552,-8.4187],[-77.7645,-8.4416],[-77.703,-8.5109],[-77.7142,-8.5404],[-77.6913,-8.5568],[-77.6887,-8.5764],[-77.7092,-8.5863],[-77.6957,-8.6023],[-77.7086,-8.6123],[-77.7018,-8.6275],[-77.7136,-8.6318],[-77.7207,-8.6565],[-77.6717,-8.693],[-77.6557,-8.7235],[-77.615,-8.751],[-77.6014,-8.745],[-77.5927,-8.7577],[-77.5828,-8.7497],[-77.586,-8.7406],[-77.5417,-8.7032],[-77.4975,-8.6979],[-77.486,-8.6834],[-77.5051,-8.6512],[-77.5016,-8.6144],[-77.4877,-8.5881],[-77.4757,-8.5762],[-77.4649,-8.5808],[-77.446,-8.5708],[-77.4312,-8.5487],[-77.366,-8.5071],[-77.4,-8.4826],[-77.4059,-8.4409],[-77.4384,-8.4223],[-77.4589,-8.3357],[-77.4783,-8.3261],[-77.4736,-8.3205],[-77.4914,-8.2826],[-77.5271,-8.2676],[-77.5278,-8.2472],[-77.5435,-8.2391],[-77.5445,-8.2382]]]}},{"type":"Feature","id":"0220","properties":{"ubigeo":"0220","nombre_departamento":"ancash","nombre_provincia":"yungay","nombre_distrito":"","capital":"yungay"},"geometry":{"type":"Polygon","coordinates":[[[-77.5734,-8.9009],[-77.5879,-8.9408],[-77.6034,-8.9423],[-77.6136,-8.9565],[-77.6207,-8.9757],[-77.6146,-8.9938],[-77.6324,-9.0098],[-77.6695,-9.0348],[-77.6809,-9.033],[-77.7196,-9.0671],[-77.7431,-9.0635],[-77.7829,-9.0832],[-77.773,-9.1017],[-77.784,-9.1186],[-77.7773,-9.186],[-77.7898,-9.2246],[-77.8395,-9.2176],[-77.8613,-9.2512],[-77.8951,-9.2615],[-77.9278,-9.2461],[-77.9585,-9.254],[-77.9765,-9.2432],[-78.0443,-9.2457],[-78.0623,-9.2924],[-78.0537,-9.3104],[-78.0606,-9.3342],[-78.0033,-9.381],[-78.0332,-9.4087],[-77.9929,-9.4466],[-77.9552,-9.4226],[-77.9327,-9.3949],[-77.901,-9.4422],[-77.857,-9.4027],[-77.8341,-9.4259],[-77.7665,-9.4221],[-77.7658,-9.4001],[-77.7427,-9.3594],[-77.7755,-9.3233],[-77.7671,-9.2933],[-77.7251,-9.277],[-77.7135,-9.2466],[-77.6893,-9.2242],[-77.6806,-9.2465],[-77.6648,-9.243],[-77.6441,-9.1973],[-77.6173,-9.2148],[-77.5908,-9.1715],[-77.5932,-9.1344],[-77.6041,-9.1191],[-77.596,-9.1032],[-77.5724,-9.0858],[-77.5351,-9.0819],[-77.5237,-9.0954],[-77.4823,-9.1069],[-77.4487,-9.0867],[-77.4349,-9.0579],[-77.362,-9.065],[-77.3595,-8.9772],[-77.3896,-8.9957],[-77.4457,-8.9901],[-77.4877,-9.0077],[-77.5179,-9.0052],[-77.554,-8.9858],[-77.5619,-8.9537],[-77.5471,-8.9483],[-77.5443,-8.9287],[-77.5724,-8.9013],[-77.5734,-8.9009]]]}},{"type":"Feature","id":"0301","properties":{"ubigeo":"0301","nombre_departamento":"apurimac","nombre_provincia":"abancay","nombre_distrito":"","capital":"abancay"},"geometry":{"type":"Polygon","coordinates":[[[-72.9156,-13.3857],[-72.9771,-13.3882],[-73.0072,-13.4231],[-73.0169,-13.4267],[-73.0441,-13.412],[-73.0604,-13.438],[-73.0973,-13.4489],[-73.1107,-13.4345],[-73.1261,-13.44],[-73.1431,-13.4191],[-73.1503,-13.4239],[-73.1482,-13.4345],[-73.1602,-13.4433],[-73.1416,-13.4496],[-73.127,-13.4858],[-73.0485,-13.5311],[-73.042,-13.5625],[-73.016,-13.5648],[-72.9866,-13.6176],[-72.9446,-13.6521],[-72.9777,-13.7003],[-73.0605,-13.7204],[-73.0779,-13.733],[-73.0767,-13.7492],[-73.0918,-13.7434],[-73.101,-13.763],[-73.1189,-13.7528],[-73.1603,-13.7768],[-73.1719,-13.8036],[-73.1433,-13.8223],[-73.0737,-13.897],[-73.0369,-13.9062],[-73.0197,-14.1126],[-72.9803,-14.1183],[-72.9436,-14.1513],[-72.9293,-14.1363],[-72.9137,-14.1473],[-72.9078,-14.1673],[-72.8924,-14.1704],[-72.8763,-14.1239],[-72.8573,-14.1126],[-72.858,-14.0967],[-72.8172,-14.0955],[-72.7985,-14.0713],[-72.7944,-14.0547],[-72.8061,-14.0311],[-72.791,-14.003],[-72.791,-13.9829],[-72.7632,-13.979],[-72.758,-13.9634],[-72.7474,-13.9665],[-72.7269,-13.9473],[-72.7409,-13.925],[-72.7358,-13.9145],[-72.6836,-13.888],[-72.6625,-13.8649],[-72.6472,-13.8571],[-72.6379,-13.8622],[-72.6401,-13.8189],[-72.6559,-13.8112],[-72.6789,-13.776],[-72.6444,-13.7708],[-72.6406,-13.7567],[-72.5759,-13.7299],[-72.5771,-13.7433],[-72.554,-13.7507],[-72.4918,-13.7506],[-72.4604,-13.7902],[-72.4471,-13.7581],[-72.4372,-13.6808],[-72.4225,-13.6512],[-72.3988,-13.6393],[-72.4218,-13.6059],[-72.4659,-13.5878],[-72.489,-13.5918],[-72.4948,-13.5793],[-72.5232,-13.5666],[-72.5362,-13.5721],[-72.5435,-13.558],[-72.5605,-13.5518],[-72.5743,-13.5625],[-72.5934,-13.5622],[-72.6014,-13.5443],[-72.6408,-13.5396],[-72.6559,-13.5135],[-72.6721,-13.5221],[-72.7163,-13.4904],[-72.7485,-13.4811],[-72.7709,-13.4493],[-72.7927,-13.4565],[-72.7975,-13.4222],[-72.8383,-13.4271],[-72.8841,-13.417],[-72.8941,-13.3901],[-72.9152,-13.3857],[-72.9156,-13.3857]]]}},{"type":"Feature","id":"0302","properties":{"ubigeo":"0302","nombre_departamento":"apurimac","nombre_provincia":"andahuaylas","nombre_distrito":"","capital":"andahuaylas"},"geometry":{"type":"Polygon","coordinates":[[[-73.1964,-13.4151],[-73.2119,-13.4191],[-73.2206,-13.4651],[-73.2353,-13.4767],[-73.2454,-13.4653],[-73.2605,-13.4679],[-73.3117,-13.4466],[-73.3318,-13.4564],[-73.3332,-13.444],[-73.3472,-13.4348],[-73.404,-13.4448],[-73.4105,-13.4359],[-73.4454,-13.4304],[-73.4768,-13.4742],[-73.4701,-13.4855],[-73.4837,-13.5066],[-73.4608,-13.5462],[-73.4511,-13.593],[-73.4921,-13.5773],[-73.5005,-13.5962],[-73.5304,-13.6168],[-73.5704,-13.5963],[-73.6044,-13.6099],[-73.5927,-13.6502],[-73.6149,-13.7017],[-73.6062,-13.7288],[-73.6324,-13.7366],[-73.6666,-13.7288],[-73.6874,-13.7472],[-73.7479,-13.7634],[-73.7287,-13.8161],[-73.6978,-13.8474],[-73.6851,-13.9059],[-73.6565,-13.9299],[-73.6428,-13.9785],[-73.6259,-13.9949],[-73.618,-14.0255],[-73.6258,-14.049],[-73.6111,-14.0899],[-73.5866,-14.1103],[-73.5773,-14.1472],[-73.5192,-14.2408],[-73.5122,-14.2682],[-73.5172,-14.3094],[-73.5355,-14.3578],[-73.5535,-14.3775],[-73.5539,-14.4012],[-73.5817,-14.4195],[-73.5706,-14.4566],[-73.5514,-14.465],[-73.5546,-14.4807],[-73.5351,-14.4915],[-73.5208,-14.5335],[-73.507,-14.5443],[-73.4855,-14.5338],[-73.4902,-14.4911],[-73.472,-14.4754],[-73.473,-14.4465],[-73.4495,-14.4214],[-73.4531,-14.4025],[-73.4272,-14.3763],[-73.4213,-14.346],[-73.37,-14.319],[-73.3799,-14.2318],[-73.3959,-14.2112],[-73.3949,-14.189],[-73.4155,-14.1792],[-73.3965,-14.1594],[-73.4108,-14.1092],[-73.3814,-14.0962],[-73.3707,-14.0649],[-73.3784,-14.0307],[-73.3543,-13.991],[-73.3595,-13.9647],[-73.3451,-13.9399],[-73.3545,-13.9266],[-73.3319,-13.9066],[-73.2844,-13.8932],[-73.2799,-13.8677],[-73.245,-13.8151],[-73.2235,-13.8283],[-73.2101,-13.8239],[-73.1867,-13.8023],[-73.1716,-13.8035],[-73.1603,-13.7768],[-73.1189,-13.7528],[-73.1022,-13.7632],[-73.0918,-13.7434],[-73.0767,-13.7492],[-73.0779,-13.733],[-73.0605,-13.7204],[-72.9777,-13.7003],[-72.9446,-13.6521],[-72.9866,-13.6176],[-73.016,-13.5648],[-73.042,-13.5625],[-73.0485,-13.5311],[-73.1264,-13.4865],[-73.1429,-13.4485],[-73.1574,-13.4429],[-73.1762,-13.4512],[-73.1861,-13.4411],[-73.1865,-13.417],[-73.1954,-13.4154],[-73.1964,-13.4151]]]}},{"type":"Feature","id":"0303","properties":{"ubigeo":"0303","nombre_departamento":"apurimac","nombre_provincia":"antabamba","nombre_distrito":"","capital":"antambamba"},"geometry":{"type":"Polygon","coordinates":[[[-73.028,-14.1095],[-73.0499,-14.1221],[-73.0532,-14.136],[-73.0791,-14.1462],[-73.0685,-14.1624],[-73.0765,-14.2063],[-73.0566,-14.2232],[-73.0417,-14.2547],[-73.0698,-14.2739],[-73.0698,-14.3093],[-73.0826,-14.3288],[-73.0475,-14.345],[-73.0381,-14.3902],[-73.0228,-14.3973],[-73.0132,-14.4219],[-72.9805,-14.4411],[-72.9979,-14.4838],[-72.9964,-14.5336],[-72.9843,-14.5434],[-72.9954,-14.5511],[-72.997,-14.5809],[-73.0144,-14.5864],[-73.0174,-14.6307],[-72.9985,-14.6625],[-72.9746,-14.6518],[-72.9553,-14.6827],[-72.9357,-14.6953],[-72.9178,-14.6853],[-72.9104,-14.6976],[-72.868,-14.7076],[-72.8464,-14.7599],[-72.8282,-14.7016],[-72.7897,-14.6502],[-72.7704,-14.6647],[-72.7412,-14.6445],[-72.7254,-14.6439],[-72.7244,-14.6767],[-72.6976,-14.6791],[-72.6906,-14.6887],[-72.6448,-14.6673],[-72.611,-14.6761],[-72.5944,-14.7137],[-72.5788,-14.6879],[-72.5608,-14.6784],[-72.4714,-14.6613],[-72.4617,-14.6059],[-72.503,-14.5518],[-72.4444,-14.497],[-72.4405,-14.4817],[-72.3949,-14.483],[-72.3639,-14.4598],[-72.3571,-14.4381],[-72.3693,-14.4276],[-72.3685,-14.3509],[-72.3535,-14.3299],[-72.3386,-14.3263],[-72.3638,-14.287],[-72.3713,-14.2846],[-72.3771,-14.2992],[-72.401,-14.2919],[-72.4278,-14.2683],[-72.4434,-14.2264],[-72.4854,-14.2003],[-72.5461,-14.2309],[-72.5699,-14.2546],[-72.6008,-14.2385],[-72.6138,-14.2815],[-72.6262,-14.2828],[-72.6233,-14.3073],[-72.6365,-14.3195],[-72.6272,-14.344],[-72.6362,-14.3562],[-72.6643,-14.3539],[-72.6753,-14.3617],[-72.7097,-14.3422],[-72.6955,-14.3195],[-72.7089,-14.3075],[-72.7084,-14.2764],[-72.7291,-14.2612],[-72.7592,-14.2616],[-72.7685,-14.2778],[-72.7953,-14.2924],[-72.7993,-14.2703],[-72.813,-14.2652],[-72.8315,-14.2791],[-72.8633,-14.2776],[-72.8729,-14.269],[-72.873,-14.2498],[-72.902,-14.2241],[-72.8868,-14.1999],[-72.8924,-14.1704],[-72.9078,-14.1673],[-72.9144,-14.1465],[-72.9293,-14.1363],[-72.9436,-14.1513],[-72.9803,-14.1183],[-73.0047,-14.1205],[-73.0264,-14.1106],[-73.028,-14.1095]]]}},{"type":"Feature","id":"0304","properties":{"ubigeo":"0304","nombre_departamento":"apurimac","nombre_provincia":"aymaraes","nombre_distrito":"","capital":"chalhuanca"},"geometry":{"type":"Polygon","coordinates":[[[-73.1599,-13.8166],[-73.1788,-13.7999],[-73.221,-13.8281],[-73.245,-13.8151],[-73.2799,-13.8677],[-73.2844,-13.8932],[-73.3319,-13.9066],[-73.3545,-13.9266],[-73.3451,-13.9399],[-73.3595,-13.9647],[-73.3543,-13.991],[-73.3784,-14.0307],[-73.3707,-14.0649],[-73.3814,-14.0962],[-73.4108,-14.1092],[-73.3965,-14.1594],[-73.4155,-14.1792],[-73.3949,-14.189],[-73.3959,-14.2112],[-73.3799,-14.2318],[-73.37,-14.319],[-73.4213,-14.346],[-73.4272,-14.3763],[-73.4531,-14.4025],[-73.4495,-14.4214],[-73.473,-14.4465],[-73.472,-14.4754],[-73.4902,-14.4911],[-73.4855,-14.5338],[-73.5088,-14.5458],[-73.5123,-14.5659],[-73.533,-14.5798],[-73.5102,-14.6463],[-73.5179,-14.667],[-73.5621,-14.6801],[-73.5755,-14.6951],[-73.5769,-14.7155],[-73.5629,-14.7393],[-73.5634,-14.7794],[-73.5496,-14.8014],[-73.5286,-14.8013],[-73.5145,-14.8255],[-73.485,-14.8426],[-73.4645,-14.8398],[-73.4399,-14.787],[-73.4068,-14.7689],[-73.3904,-14.7161],[-73.3644,-14.6816],[-73.3508,-14.704],[-73.3283,-14.7174],[-73.3086,-14.7165],[-73.2875,-14.734],[-73.2636,-14.7098],[-73.1904,-14.7058],[-73.1784,-14.6857],[-73.1532,-14.6743],[-73.1235,-14.6819],[-73.1134,-14.6935],[-73.0981,-14.6508],[-73.0631,-14.6658],[-73.0433,-14.6572],[-73.0433,-14.6237],[-73.0174,-14.6307],[-73.0143,-14.5854],[-72.9923,-14.5714],[-72.9954,-14.5511],[-72.9843,-14.5434],[-72.9964,-14.5336],[-72.9978,-14.4821],[-72.9805,-14.4411],[-73.0132,-14.4219],[-73.0228,-14.3973],[-73.0381,-14.3902],[-73.0475,-14.345],[-73.0826,-14.3288],[-73.0698,-14.3093],[-73.0698,-14.2739],[-73.0417,-14.2547],[-73.0566,-14.2232],[-73.0765,-14.2063],[-73.0685,-14.1624],[-73.0791,-14.1462],[-73.0532,-14.136],[-73.0321,-14.1073],[-73.0197,-14.1126],[-73.0171,-14.1018],[-73.0289,-14.0679],[-73.0218,-14.0227],[-73.0358,-13.9714],[-73.0369,-13.9062],[-73.0737,-13.897],[-73.1571,-13.8173],[-73.1599,-13.8166]]]}},{"type":"Feature","id":"0305","properties":{"ubigeo":"0305","nombre_departamento":"apurimac","nombre_provincia":"cotabambas","nombre_distrito":"","capital":"tambobamba"},"geometry":{"type":"Polygon","coordinates":[[[-72.3996,-13.6434],[-72.4219,-13.6506],[-72.4373,-13.6811],[-72.454,-13.7832],[-72.4767,-13.8164],[-72.4706,-13.8493],[-72.4809,-13.8795],[-72.4507,-13.9193],[-72.4564,-13.9695],[-72.4413,-14.0023],[-72.4458,-14.015],[-72.4195,-14.0297],[-72.4223,-14.067],[-72.4114,-14.0793],[-72.3965,-14.0705],[-72.3686,-14.0797],[-72.376,-14.1131],[-72.3498,-14.1431],[-72.3817,-14.1682],[-72.3885,-14.2087],[-72.4166,-14.2104],[-72.4625,-14.1831],[-72.4798,-14.2017],[-72.4611,-14.2222],[-72.4434,-14.2264],[-72.4185,-14.2786],[-72.3871,-14.299],[-72.3674,-14.2849],[-72.3572,-14.3029],[-72.3447,-14.306],[-72.3386,-14.3263],[-72.3535,-14.3299],[-72.3685,-14.3509],[-72.3693,-14.4276],[-72.3576,-14.436],[-72.3388,-14.4283],[-72.3172,-14.4407],[-72.2899,-14.4239],[-72.2948,-14.4108],[-72.2495,-14.4029],[-72.2395,-14.3485],[-72.2248,-14.3493],[-72.2056,-14.3202],[-72.1871,-14.3132],[-72.1612,-14.2638],[-72.1259,-14.254],[-72.0765,-14.2074],[-72.0952,-14.1734],[-72.0567,-14.1293],[-72.0679,-14.0765],[-72.0512,-14.0267],[-72.0602,-13.9651],[-72.0555,-13.9307],[-72.0912,-13.8854],[-72.1308,-13.7882],[-72.1476,-13.7792],[-72.1659,-13.7476],[-72.1894,-13.7454],[-72.2064,-13.7281],[-72.2309,-13.7225],[-72.2309,-13.7053],[-72.2608,-13.6823],[-72.2903,-13.6901],[-72.3123,-13.7085],[-72.315,-13.6983],[-72.3546,-13.6816],[-72.3694,-13.6657],[-72.4025,-13.6591],[-72.3987,-13.6447],[-72.3996,-13.6434]]]}},{"type":"Feature","id":"0306","properties":{"ubigeo":"0306","nombre_departamento":"apurimac","nombre_provincia":"chincheros","nombre_distrito":"","capital":"chincheros"},"geometry":{"type":"Polygon","coordinates":[[[-73.7465,-13.1744],[-73.7719,-13.1746],[-73.7739,-13.1851],[-73.7933,-13.1939],[-73.8006,-13.2154],[-73.8088,-13.2151],[-73.8128,-13.2422],[-73.824,-13.2484],[-73.823,-13.2846],[-73.8059,-13.313],[-73.8321,-13.3302],[-73.8287,-13.3473],[-73.8473,-13.3999],[-73.8274,-13.4337],[-73.839,-13.4564],[-73.8038,-13.5549],[-73.7958,-13.6043],[-73.8059,-13.6138],[-73.7919,-13.641],[-73.7283,-13.6684],[-73.7297,-13.681],[-73.7142,-13.6897],[-73.7115,-13.7077],[-73.7019,-13.7053],[-73.6737,-13.7307],[-73.6285,-13.7365],[-73.6062,-13.7288],[-73.6149,-13.7017],[-73.5927,-13.6502],[-73.6044,-13.6099],[-73.5704,-13.5963],[-73.5304,-13.6168],[-73.5005,-13.5962],[-73.4921,-13.5773],[-73.4511,-13.593],[-73.4608,-13.5462],[-73.4837,-13.5066],[-73.4701,-13.4855],[-73.4768,-13.4742],[-73.4454,-13.4304],[-73.4815,-13.431],[-73.5071,-13.3841],[-73.5216,-13.3877],[-73.5434,-13.3643],[-73.5709,-13.3631],[-73.5736,-13.3389],[-73.6252,-13.3211],[-73.6633,-13.2819],[-73.687,-13.2821],[-73.6987,-13.2653],[-73.7276,-13.2683],[-73.7364,-13.2574],[-73.7309,-13.2426],[-73.7401,-13.2115],[-73.729,-13.1879],[-73.7457,-13.175],[-73.7465,-13.1744]]]}},{"type":"Feature","id":"0307","properties":{"ubigeo":"0307","nombre_departamento":"apurimac","nombre_provincia":"grau","nombre_distrito":"","capital":"chuquibambilla"},"geometry":{"type":"Polygon","coordinates":[[[-72.5866,-13.7305],[-72.6086,-13.7487],[-72.6406,-13.7567],[-72.6444,-13.7708],[-72.6789,-13.776],[-72.6559,-13.8112],[-72.6401,-13.8189],[-72.6379,-13.8622],[-72.6479,-13.8573],[-72.6836,-13.888],[-72.7275,-13.9078],[-72.7409,-13.925],[-72.7269,-13.9473],[-72.7474,-13.9665],[-72.758,-13.9634],[-72.7632,-13.979],[-72.7895,-13.9807],[-72.806,-14.0294],[-72.7944,-14.0547],[-72.7985,-14.0713],[-72.8172,-14.0955],[-72.858,-14.0967],[-72.8573,-14.1126],[-72.8756,-14.1229],[-72.8748,-14.1349],[-72.887,-14.1463],[-72.8954,-14.1771],[-72.8869,-14.2015],[-72.902,-14.2238],[-72.873,-14.2498],[-72.8729,-14.269],[-72.8633,-14.2776],[-72.8315,-14.2791],[-72.813,-14.2652],[-72.7993,-14.2703],[-72.796,-14.2923],[-72.7685,-14.2778],[-72.7592,-14.2616],[-72.7291,-14.2612],[-72.7084,-14.2764],[-72.7089,-14.3075],[-72.6955,-14.3195],[-72.7097,-14.3422],[-72.6731,-14.362],[-72.6643,-14.3539],[-72.6362,-14.3562],[-72.6272,-14.344],[-72.6365,-14.3195],[-72.6233,-14.3073],[-72.6262,-14.2828],[-72.6138,-14.2815],[-72.6008,-14.2385],[-72.5699,-14.2546],[-72.5461,-14.2309],[-72.5189,-14.2224],[-72.5077,-14.2072],[-72.4798,-14.2017],[-72.4625,-14.1831],[-72.4166,-14.2104],[-72.3901,-14.2093],[-72.3817,-14.1682],[-72.3498,-14.1431],[-72.376,-14.1131],[-72.3686,-14.0797],[-72.3965,-14.0705],[-72.4128,-14.0787],[-72.4224,-14.0661],[-72.4195,-14.0297],[-72.4458,-14.015],[-72.4413,-14.0023],[-72.4565,-13.9689],[-72.4507,-13.9193],[-72.4809,-13.8795],[-72.4706,-13.8493],[-72.4767,-13.8164],[-72.4604,-13.7902],[-72.4676,-13.7731],[-72.5014,-13.7469],[-72.5535,-13.7508],[-72.5771,-13.7433],[-72.5736,-13.7318],[-72.5853,-13.7309],[-72.5866,-13.7305]]]}},{"type":"Feature","id":"0401","properties":{"ubigeo":"0401","nombre_departamento":"arequipa","nombre_provincia":"arequipa","nombre_distrito":"","capital":"arequipa"},"geometry":{"type":"Polygon","coordinates":[[[-70.8433,-15.9233],[-70.8652,-15.9284],[-70.878,-15.948],[-70.9062,-15.9433],[-70.9613,-15.9696],[-71.0308,-15.9753],[-71.0677,-16.0042],[-71.0869,-15.9973],[-71.0871,-15.9809],[-71.1159,-15.9882],[-71.1435,-15.9832],[-71.1526,-16.0019],[-71.1878,-16.012],[-71.2017,-16.0256],[-71.2688,-15.9816],[-71.2742,-15.9544],[-71.3086,-15.9549],[-71.3248,-15.9399],[-71.3705,-15.9269],[-71.442,-15.926],[-71.4514,-15.9351],[-71.4683,-15.9265],[-71.5292,-15.93],[-71.5316,-15.9441],[-71.5776,-15.9909],[-71.6273,-15.9791],[-71.6506,-15.9884],[-71.6647,-15.9596],[-71.692,-15.9334],[-71.7043,-15.9337],[-71.7116,-15.9472],[-71.7076,-15.9845],[-71.7248,-15.9893],[-71.7554,-16.0304],[-71.8152,-16.0508],[-71.8183,-16.0623],[-71.827,-16.0588],[-71.8408,-16.0864],[-71.8641,-16.1032],[-71.8699,-16.1302],[-71.9069,-16.1582],[-71.9641,-16.1371],[-71.9947,-16.1383],[-72.0572,-16.2081],[-72.0913,-16.1893],[-72.0735,-16.2095],[-72.0747,-16.2221],[-72.1818,-16.4112],[-72.1992,-16.4524],[-72.1977,-16.4915],[-72.2793,-16.6109],[-72.2806,-16.6442],[-72.2551,-16.6666],[-72.229,-16.6666],[-72.1956,-16.6868],[-72.1959,-16.7026],[-72.173,-16.7116],[-72.1458,-16.7436],[-72.1322,-16.7441],[-72.1324,-16.7655],[-72.1219,-16.7792],[-72.0938,-16.7678],[-72.0676,-16.7846],[-72.0484,-16.7795],[-72.0383,-16.7922],[-71.9967,-16.7995],[-71.91,-16.675],[-71.8707,-16.7134],[-71.8695,-16.786],[-71.7548,-16.701],[-71.6709,-16.7057],[-71.6493,-16.6949],[-71.6406,-16.7059],[-71.622,-16.6819],[-71.5726,-16.6999],[-71.5546,-16.6843],[-71.5451,-16.6893],[-71.5293,-16.734],[-71.5154,-16.7406],[-71.5006,-16.7666],[-71.4558,-16.7579],[-71.4517,-16.7327],[-71.4259,-16.7414],[-71.3694,-16.7197],[-71.3261,-16.7522],[-71.2858,-16.7164],[-71.296,-16.7063],[-71.2839,-16.6822],[-71.2792,-16.6158],[-71.2604,-16.6052],[-71.2628,-16.5849],[-71.2375,-16.5146],[-71.2493,-16.4824],[-71.2421,-16.4631],[-71.1395,-16.475],[-71.1247,-16.4611],[-71.1085,-16.4657],[-71.0819,-16.4569],[-71.0727,-16.4658],[-71.0472,-16.4544],[-71.0373,-16.4857],[-71.0192,-16.4869],[-71.0126,-16.4986],[-70.9935,-16.4966],[-70.9554,-16.4716],[-70.9532,-16.4599],[-70.9756,-16.4183],[-70.9638,-16.3997],[-70.9751,-16.391],[-70.9694,-16.3696],[-70.9863,-16.3099],[-70.9436,-16.3144],[-70.9391,-16.2989],[-70.9174,-16.2832],[-70.8765,-16.2816],[-70.8445,-16.2347],[-70.867,-16.2246],[-70.8539,-16.1967],[-70.8602,-16.1756],[-70.8786,-16.1666],[-70.8678,-16.1539],[-70.8671,-16.1285],[-70.8955,-16.1052],[-70.8751,-16.0946],[-70.8781,-16.0814],[-70.8668,-16.0801],[-70.8567,-16.0563],[-70.8041,-16.0538],[-70.8209,-16.0298],[-70.8166,-16.0028],[-70.8286,-15.9992],[-70.8202,-15.9785],[-70.8425,-15.9693],[-70.8322,-15.9491],[-70.8431,-15.9239],[-70.8433,-15.9233]],[[-71.1386,-16.3406],[-71.1485,-16.332],[-71.1438,-16.3233],[-71.1016,-16.3414],[-71.0876,-16.3811],[-71.0929,-16.4075],[-71.1377,-16.399],[-71.1716,-16.3769],[-71.1963,-16.3831],[-71.2034,-16.3689],[-71.1967,-16.3562],[-71.1439,-16.3518],[-71.1383,-16.3409],[-71.1386,-16.3406]]]}},{"type":"Feature","id":"0402","properties":{"ubigeo":"0402","nombre_departamento":"arequipa","nombre_provincia":"camana","nombre_distrito":"","capital":"camana"},"geometry":{"type":"Polygon","coordinates":[[[-73.2282,-15.8766],[-73.2354,-15.9079],[-73.2252,-15.9267],[-73.2299,-15.9531],[-73.2209,-15.9912],[-73.2406,-16],[-73.2235,-16.065],[-73.222,-16.1192],[-73.2032,-16.153],[-73.1951,-16.2781],[-73.2181,-16.2872],[-73.2397,-16.3541],[-73.2747,-16.3711],[-73.2915,-16.4058],[-73.2722,-16.3982],[-73.235,-16.4153],[-73.2084,-16.4004],[-73.1893,-16.4154],[-73.1592,-16.4199],[-73.1486,-16.4388],[-73.1034,-16.4548],[-73.0488,-16.4999],[-72.9868,-16.5174],[-72.9201,-16.5185],[-72.7742,-16.6273],[-72.7246,-16.6483],[-72.5937,-16.6673],[-72.4479,-16.7024],[-72.4007,-16.7511],[-72.3731,-16.7525],[-72.3743,-16.7608],[-72.3541,-16.766],[-72.3291,-16.7892],[-72.3265,-16.8029],[-72.3101,-16.8076],[-72.2887,-16.837],[-72.2968,-16.849],[-72.2885,-16.8751],[-72.2478,-16.8857],[-72.2325,-16.9006],[-72.2274,-16.8944],[-72.2003,-16.9125],[-72.1957,-16.9268],[-72.1834,-16.924],[-72.1672,-16.8923],[-72.1465,-16.8755],[-72.172,-16.8499],[-72.2232,-16.8355],[-72.2105,-16.8176],[-72.2155,-16.8086],[-72.1847,-16.7939],[-72.1533,-16.795],[-72.1276,-16.7566],[-72.1743,-16.7106],[-72.1959,-16.7026],[-72.1956,-16.6868],[-72.229,-16.6666],[-72.2738,-16.6566],[-72.2835,-16.6364],[-72.2741,-16.6008],[-72.1977,-16.4915],[-72.1995,-16.4587],[-72.1993,-16.4838],[-72.2186,-16.5127],[-72.2395,-16.5342],[-72.2542,-16.5334],[-72.2887,-16.5862],[-72.3093,-16.5839],[-72.3203,-16.6071],[-72.3303,-16.5932],[-72.3557,-16.5891],[-72.3924,-16.6118],[-72.4513,-16.5997],[-72.4551,-16.5565],[-72.4804,-16.5651],[-72.4927,-16.5576],[-72.4984,-16.5716],[-72.5229,-16.5754],[-72.5274,-16.5638],[-72.5659,-16.573],[-72.5683,-16.5631],[-72.583,-16.5595],[-72.5867,-16.541],[-72.6047,-16.5372],[-72.5716,-16.5121],[-72.5462,-16.5128],[-72.5334,-16.4932],[-72.512,-16.4914],[-72.5009,-16.4791],[-72.4664,-16.3832],[-72.4815,-16.3574],[-72.523,-16.4101],[-72.5597,-16.3975],[-72.5734,-16.421],[-72.5936,-16.4305],[-72.6033,-16.4618],[-72.6409,-16.4476],[-72.752,-16.3268],[-72.7979,-16.3085],[-72.8092,-16.2713],[-72.8101,-16.2214],[-72.8412,-16.1745],[-72.844,-16.1227],[-72.8804,-16.0498],[-72.9121,-16.0302],[-72.9404,-16.0369],[-72.9941,-16.0198],[-73.0664,-16.0182],[-73.1068,-15.9885],[-73.1237,-16.0131],[-73.1395,-16.0056],[-73.1645,-16.0201],[-73.1763,-16.0005],[-73.1512,-15.9797],[-73.1715,-15.9155],[-73.1992,-15.8837],[-73.2266,-15.8769],[-73.2282,-15.8766]]]}},{"type":"Feature","id":"0403","properties":{"ubigeo":"0403","nombre_departamento":"arequipa","nombre_provincia":"caraveli","nombre_distrito":"","capital":"caraveli"},"geometry":{"type":"Polygon","coordinates":[[[-74.7388,-15.1234],[-74.7623,-15.0981],[-74.815,-15.1391],[-74.8737,-15.1518],[-74.9293,-15.1924],[-74.9636,-15.2539],[-74.9682,-15.2994],[-75.0166,-15.3511],[-75.0185,-15.3824],[-75.0455,-15.4303],[-75.0733,-15.4429],[-75.0446,-15.4585],[-75.0005,-15.4621],[-74.9845,-15.4702],[-74.9736,-15.4906],[-74.8875,-15.5241],[-74.8478,-15.5545],[-74.8534,-15.5732],[-74.8395,-15.5651],[-74.8033,-15.5768],[-74.6803,-15.6451],[-74.4725,-15.7195],[-74.4629,-15.726],[-74.4627,-15.7554],[-74.4391,-15.7949],[-74.3955,-15.8294],[-74.3268,-15.842],[-74.3267,-15.8497],[-74.3132,-15.8399],[-74.3044,-15.8465],[-74.279,-15.8388],[-74.2518,-15.8551],[-74.2416,-15.8787],[-74.175,-15.897],[-74.0545,-15.9545],[-74.0256,-15.9925],[-74.0332,-16.0176],[-74.0178,-16.0369],[-73.9896,-16.0391],[-73.953,-16.0751],[-73.8873,-16.1105],[-73.8701,-16.1349],[-73.8348,-16.1546],[-73.7279,-16.1952],[-73.6997,-16.2199],[-73.7003,-16.2416],[-73.6762,-16.2236],[-73.6492,-16.2343],[-73.6199,-16.2301],[-73.5674,-16.2495],[-73.5593,-16.2445],[-73.4844,-16.283],[-73.4604,-16.2787],[-73.3717,-16.312],[-73.3026,-16.3494],[-73.3059,-16.3753],[-73.2916,-16.4054],[-73.2747,-16.3711],[-73.2404,-16.355],[-73.2181,-16.2872],[-73.1952,-16.2789],[-73.2032,-16.153],[-73.222,-16.1192],[-73.2235,-16.065],[-73.2406,-16],[-73.2209,-15.9912],[-73.2299,-15.9531],[-73.2252,-15.9267],[-73.2354,-15.9079],[-73.2293,-15.884],[-73.2502,-15.8693],[-73.2624,-15.8255],[-73.2409,-15.6862],[-73.2173,-15.6464],[-73.2263,-15.5703],[-73.2037,-15.519],[-73.2479,-15.4503],[-73.2676,-15.3985],[-73.2945,-15.3923],[-73.3363,-15.4051],[-73.366,-15.3874],[-73.3912,-15.3991],[-73.4169,-15.3758],[-73.4304,-15.3791],[-73.4271,-15.3632],[-73.4417,-15.3558],[-73.4781,-15.3796],[-73.5296,-15.3921],[-73.5559,-15.4082],[-73.5941,-15.4037],[-73.6129,-15.4192],[-73.653,-15.4165],[-73.6858,-15.4377],[-73.7589,-15.3853],[-73.7763,-15.3387],[-73.7931,-15.3398],[-73.8059,-15.3244],[-73.8651,-15.324],[-73.8841,-15.3375],[-73.8708,-15.3799],[-73.8771,-15.3892],[-73.8697,-15.4002],[-73.8721,-15.433],[-73.9177,-15.4607],[-73.9692,-15.5329],[-74.0103,-15.5594],[-74.0197,-15.5999],[-74.0679,-15.6301],[-74.0847,-15.6189],[-74.0765,-15.5522],[-74.0673,-15.5393],[-74.0792,-15.5157],[-74.0734,-15.5019],[-74.0434,-15.491],[-74.0373,-15.4561],[-74.0654,-15.4022],[-74.0945,-15.392],[-74.1505,-15.4276],[-74.1484,-15.4494],[-74.1665,-15.484],[-74.1937,-15.4917],[-74.2646,-15.4748],[-74.3012,-15.4781],[-74.3111,-15.4639],[-74.302,-15.4521],[-74.3183,-15.4393],[-74.329,-15.3938],[-74.3087,-15.3597],[-74.3336,-15.3533],[-74.3458,-15.3363],[-74.3778,-15.3319],[-74.4153,-15.2993],[-74.3879,-15.2518],[-74.4008,-15.2209],[-74.3896,-15.2054],[-74.4015,-15.1785],[-74.423,-15.1678],[-74.4658,-15.1735],[-74.5034,-15.1617],[-74.5138,-15.1483],[-74.5525,-15.1399],[-74.6057,-15.1486],[-74.6287,-15.1241],[-74.652,-15.1391],[-74.679,-15.1322],[-74.7051,-15.1397],[-74.7238,-15.1231],[-74.7385,-15.1234],[-74.7388,-15.1234]]]}},{"type":"Feature","id":"0404","properties":{"ubigeo":"0404","nombre_departamento":"arequipa","nombre_provincia":"castilla","nombre_distrito":"","capital":"aplao"},"geometry":{"type":"Polygon","coordinates":[[[-71.9441,-14.8758],[-71.9534,-14.866],[-71.9519,-14.8373],[-71.9759,-14.8695],[-72.0018,-14.8856],[-72.0281,-14.8769],[-72.034,-14.8987],[-72.0465,-14.9068],[-72.0457,-14.9415],[-72.0719,-14.9374],[-72.1022,-14.9549],[-72.1095,-14.918],[-72.0993,-14.8912],[-72.1494,-14.8813],[-72.1658,-14.8962],[-72.2106,-14.9089],[-72.2534,-14.9463],[-72.2655,-15.0432],[-72.317,-15.0944],[-72.3529,-15.0961],[-72.3719,-15.1217],[-72.3575,-15.1532],[-72.3769,-15.1978],[-72.3647,-15.2423],[-72.4196,-15.2705],[-72.4374,-15.2989],[-72.4269,-15.3688],[-72.4407,-15.3982],[-72.4605,-15.388],[-72.519,-15.4056],[-72.5234,-15.4389],[-72.5076,-15.4783],[-72.5504,-15.5401],[-72.5707,-15.5387],[-72.6075,-15.5596],[-72.6607,-15.5459],[-72.6904,-15.5584],[-72.7187,-15.5884],[-72.7235,-15.603],[-72.702,-15.6338],[-72.7038,-15.6554],[-72.6838,-15.6699],[-72.6708,-15.7029],[-72.6592,-15.7112],[-72.6247,-15.7025],[-72.5747,-15.7854],[-72.5444,-15.8101],[-72.5284,-15.8626],[-72.5075,-15.8909],[-72.519,-15.9092],[-72.5437,-15.9225],[-72.592,-15.9364],[-72.59,-15.9625],[-72.6067,-15.973],[-72.5847,-15.9975],[-72.5758,-16.0275],[-72.6171,-16.0124],[-72.6653,-16.0176],[-72.6821,-15.9816],[-72.7016,-16.0084],[-72.7131,-16.0538],[-72.7079,-16.0918],[-72.6871,-16.1206],[-72.6939,-16.164],[-72.6874,-16.2185],[-72.6648,-16.2469],[-72.6511,-16.2478],[-72.6561,-16.2921],[-72.6201,-16.3549],[-72.5936,-16.4305],[-72.5734,-16.421],[-72.5597,-16.3975],[-72.523,-16.4101],[-72.4835,-16.3573],[-72.4664,-16.3832],[-72.4438,-16.3655],[-72.4372,-16.3196],[-72.4013,-16.3124],[-72.381,-16.2891],[-72.3675,-16.2929],[-72.375,-16.2821],[-72.3693,-16.2115],[-72.3586,-16.2016],[-72.3561,-16.1756],[-72.3688,-16.1613],[-72.317,-16.1366],[-72.2746,-16.1389],[-72.2651,-16.1296],[-72.2528,-16.0957],[-72.2582,-16.0644],[-72.2292,-16.0315],[-72.2507,-16.0033],[-72.2254,-15.9615],[-72.2962,-15.9235],[-72.2819,-15.8825],[-72.2978,-15.8726],[-72.2967,-15.8283],[-72.3124,-15.8123],[-72.2932,-15.794],[-72.2751,-15.8024],[-72.271,-15.7728],[-72.2091,-15.6815],[-72.1623,-15.6591],[-72.1069,-15.6056],[-72.0824,-15.608],[-72.04,-15.5943],[-72.0326,-15.58],[-72.0031,-15.5818],[-71.9949,-15.5683],[-71.9905,-15.5491],[-72.0043,-15.5294],[-71.9954,-15.5005],[-72.0011,-15.4615],[-71.9942,-15.4011],[-71.9802,-15.3696],[-71.9853,-15.3415],[-71.9739,-15.3155],[-71.9625,-15.3112],[-71.9597,-15.2686],[-71.9434,-15.2469],[-71.946,-15.227],[-71.9223,-15.2198],[-71.9189,-15.1961],[-71.9014,-15.1708],[-71.9683,-15.1407],[-71.947,-15.1103],[-71.9589,-15.0828],[-71.9753,-15.079],[-71.9822,-15.0656],[-71.9569,-15.0338],[-71.9464,-14.9783],[-71.9138,-14.9573],[-71.9205,-14.935],[-71.9416,-14.9166],[-71.9432,-14.8774],[-71.9441,-14.8758]]]}},{"type":"Feature","id":"0405","properties":{"ubigeo":"0405","nombre_departamento":"arequipa","nombre_provincia":"caylloma","nombre_distrito":"","capital":"chivay"},"geometry":{"type":"Polygon","coordinates":[[[-71.8688,-14.8321],[-71.8761,-14.8013],[-71.8939,-14.7896],[-71.9077,-14.8051],[-71.9142,-14.8344],[-71.94,-14.8228],[-71.9519,-14.8373],[-71.9416,-14.9166],[-71.9205,-14.935],[-71.9138,-14.9573],[-71.9464,-14.9783],[-71.9569,-15.0338],[-71.9822,-15.0656],[-71.9753,-15.079],[-71.9589,-15.0828],[-71.947,-15.1103],[-71.9683,-15.1407],[-71.9014,-15.1708],[-71.9189,-15.1961],[-71.9223,-15.2198],[-71.946,-15.227],[-71.9434,-15.2469],[-71.9597,-15.2686],[-71.9625,-15.3112],[-71.9739,-15.3155],[-71.9853,-15.3415],[-71.9802,-15.3696],[-71.9942,-15.4011],[-72.0011,-15.4615],[-71.9954,-15.5005],[-72.0043,-15.5294],[-71.9905,-15.5491],[-71.9949,-15.5683],[-72.0031,-15.5818],[-72.0326,-15.58],[-72.04,-15.5943],[-72.0824,-15.608],[-72.1069,-15.6056],[-72.1623,-15.6591],[-72.2091,-15.6815],[-72.271,-15.7728],[-72.2751,-15.8024],[-72.2932,-15.794],[-72.3124,-15.8123],[-72.2967,-15.8283],[-72.2978,-15.8726],[-72.2819,-15.8825],[-72.2962,-15.9235],[-72.2254,-15.9615],[-72.2516,-16.0076],[-72.2292,-16.0315],[-72.2582,-16.0644],[-72.2528,-16.0957],[-72.2698,-16.1364],[-72.317,-16.1366],[-72.3688,-16.1613],[-72.3561,-16.1756],[-72.3586,-16.2016],[-72.3693,-16.2115],[-72.375,-16.2821],[-72.3675,-16.2929],[-72.381,-16.2891],[-72.4013,-16.3124],[-72.4378,-16.3203],[-72.4438,-16.3655],[-72.4698,-16.3861],[-72.4847,-16.4511],[-72.512,-16.4914],[-72.5334,-16.4932],[-72.5462,-16.5128],[-72.5716,-16.5121],[-72.6047,-16.5372],[-72.5867,-16.541],[-72.583,-16.5595],[-72.5683,-16.5631],[-72.565,-16.5734],[-72.5274,-16.5638],[-72.5229,-16.5754],[-72.4984,-16.5716],[-72.4927,-16.5576],[-72.4804,-16.5651],[-72.4551,-16.5565],[-72.4519,-16.5991],[-72.4313,-16.6066],[-72.4076,-16.6034],[-72.3953,-16.6118],[-72.3735,-16.6066],[-72.3618,-16.5899],[-72.3309,-16.5929],[-72.3236,-16.6078],[-72.3085,-16.5831],[-72.2887,-16.5862],[-72.2542,-16.5334],[-72.2316,-16.5283],[-72.1993,-16.4838],[-72.1992,-16.4524],[-72.1818,-16.4112],[-72.0747,-16.2221],[-72.0735,-16.2095],[-72.0913,-16.1893],[-72.0572,-16.2081],[-71.9947,-16.1383],[-71.9641,-16.1371],[-71.9069,-16.1582],[-71.8699,-16.1302],[-71.8641,-16.1032],[-71.8408,-16.0864],[-71.827,-16.0588],[-71.8183,-16.0623],[-71.8152,-16.0508],[-71.7554,-16.0304],[-71.7248,-15.9893],[-71.7076,-15.9845],[-71.7116,-15.9472],[-71.7043,-15.9337],[-71.692,-15.9334],[-71.6647,-15.9596],[-71.6506,-15.9884],[-71.6273,-15.9791],[-71.5776,-15.9909],[-71.5316,-15.9441],[-71.5292,-15.93],[-71.4683,-15.9265],[-71.4514,-15.9351],[-71.442,-15.926],[-71.3705,-15.9269],[-71.3248,-15.9399],[-71.3086,-15.9549],[-71.2742,-15.9544],[-71.2688,-15.9816],[-71.2017,-16.0256],[-71.1878,-16.012],[-71.1526,-16.0019],[-71.1435,-15.9832],[-71.1159,-15.9882],[-71.0871,-15.9809],[-71.0869,-15.9973],[-71.0677,-16.0042],[-71.0308,-15.9753],[-70.9613,-15.9696],[-70.9062,-15.9433],[-70.878,-15.948],[-70.8652,-15.9284],[-70.8453,-15.9219],[-70.8658,-15.8894],[-70.8929,-15.8884],[-70.8901,-15.8519],[-70.9423,-15.7749],[-70.9226,-15.7462],[-70.9048,-15.7373],[-70.8997,-15.7134],[-70.9176,-15.6874],[-70.924,-15.633],[-70.9824,-15.598],[-71.0071,-15.5641],[-71.0072,-15.5429],[-71.0184,-15.5294],[-71.008,-15.5192],[-71.0184,-15.5],[-70.9955,-15.4723],[-70.994,-15.4548],[-71.0271,-15.432],[-71.039,-15.4052],[-71.0854,-15.458],[-71.1038,-15.4533],[-71.1201,-15.4271],[-71.1503,-15.4406],[-71.1743,-15.4245],[-71.1695,-15.3823],[-71.1505,-15.3559],[-71.1662,-15.3209],[-71.1642,-15.2909],[-71.1946,-15.2709],[-71.2021,-15.2451],[-71.1603,-15.2078],[-71.1849,-15.1698],[-71.149,-15.1377],[-71.1433,-15.1216],[-71.1656,-15.0968],[-71.1967,-15.0889],[-71.2071,-15.0508],[-71.216,-15.0493],[-71.2265,-15.0696],[-71.2436,-15.0568],[-71.2655,-15.063],[-71.2606,-15.0783],[-71.3191,-15.1197],[-71.3299,-15.0995],[-71.3717,-15.0802],[-71.3969,-15.0452],[-71.4174,-15.0337],[-71.4267,-15.0021],[-71.443,-14.9956],[-71.4475,-14.9798],[-71.5052,-14.9756],[-71.5102,-15.0046],[-71.5037,-15.0273],[-71.4846,-15.0393],[-71.4859,-15.0591],[-71.5134,-15.0798],[-71.5723,-15.0619],[-71.5883,-15.1278],[-71.6146,-15.1459],[-71.636,-15.1391],[-71.6737,-15.0891],[-71.7725,-15.0824],[-71.8015,-15.0673],[-71.8155,-15.0782],[-71.8345,-15.0767],[-71.8493,-15.0451],[-71.766,-15.0096],[-71.7702,-14.9822],[-71.746,-14.9399],[-71.7852,-14.9126],[-71.793,-14.8962],[-71.8263,-14.9066],[-71.8273,-14.8888],[-71.8596,-14.8836],[-71.855,-14.8546],[-71.869,-14.8347],[-71.8688,-14.8321]]]}},{"type":"Feature","id":"0406","properties":{"ubigeo":"0406","nombre_departamento":"arequipa","nombre_provincia":"condesuyos","nombre_distrito":"","capital":"chuquibamba"},"geometry":{"type":"Polygon","coordinates":[[[-71.9811,-14.6406],[-71.9886,-14.6327],[-72.0083,-14.6407],[-72.0406,-14.6885],[-72.0478,-14.7388],[-72.037,-14.7675],[-72.0406,-14.81],[-72.0252,-14.8291],[-72.0403,-14.8392],[-72.0466,-14.8873],[-72.0766,-14.8837],[-72.0902,-14.8568],[-72.1312,-14.8283],[-72.1386,-14.8122],[-72.1317,-14.7894],[-72.1457,-14.7774],[-72.1597,-14.7863],[-72.1893,-14.7782],[-72.2122,-14.8032],[-72.2416,-14.8125],[-72.2526,-14.8037],[-72.2925,-14.8185],[-72.3154,-14.8339],[-72.302,-14.8978],[-72.322,-14.93],[-72.3667,-14.9476],[-72.3733,-14.9583],[-72.3986,-14.957],[-72.4103,-14.9933],[-72.4667,-15.0096],[-72.4724,-15.017],[-72.4618,-15.0228],[-72.4645,-15.0301],[-72.5246,-15.0511],[-72.5264,-15.06],[-72.4982,-15.0798],[-72.485,-15.1089],[-72.5063,-15.1539],[-72.4968,-15.1687],[-72.5294,-15.1992],[-72.5738,-15.2006],[-72.6007,-15.2246],[-72.6198,-15.2205],[-72.6463,-15.2395],[-72.6641,-15.2333],[-72.7396,-15.2532],[-72.783,-15.2443],[-72.7896,-15.2776],[-72.8136,-15.3058],[-72.8372,-15.3179],[-72.8422,-15.3549],[-72.8616,-15.3975],[-72.8932,-15.41],[-72.9338,-15.3945],[-72.9654,-15.3978],[-72.9776,-15.4191],[-72.9896,-15.4941],[-73.035,-15.5188],[-73.0869,-15.5637],[-73.1257,-15.5704],[-73.2054,-15.5106],[-73.2263,-15.5703],[-73.2173,-15.6464],[-73.2409,-15.6862],[-73.2624,-15.8255],[-73.2491,-15.8705],[-73.1992,-15.8837],[-73.1715,-15.9155],[-73.1512,-15.9797],[-73.1755,-15.9996],[-73.1645,-16.0201],[-73.1395,-16.0056],[-73.1237,-16.0131],[-73.1068,-15.9885],[-73.0664,-16.0182],[-72.9941,-16.0198],[-72.9404,-16.0369],[-72.9121,-16.0302],[-72.8804,-16.0498],[-72.844,-16.1227],[-72.8412,-16.1745],[-72.8101,-16.2214],[-72.8092,-16.2713],[-72.7972,-16.3096],[-72.752,-16.3268],[-72.7132,-16.3631],[-72.6702,-16.4241],[-72.625,-16.4566],[-72.6033,-16.4618],[-72.5936,-16.4305],[-72.6201,-16.3549],[-72.6561,-16.2921],[-72.6511,-16.2478],[-72.6648,-16.2469],[-72.6874,-16.2185],[-72.6939,-16.164],[-72.6871,-16.1206],[-72.7079,-16.0918],[-72.7131,-16.0538],[-72.7016,-16.0084],[-72.6821,-15.9816],[-72.6653,-16.0176],[-72.6171,-16.0124],[-72.5758,-16.0275],[-72.5847,-15.9975],[-72.6067,-15.973],[-72.59,-15.9625],[-72.592,-15.9364],[-72.5437,-15.9225],[-72.519,-15.9092],[-72.5075,-15.8909],[-72.5284,-15.8626],[-72.5444,-15.8101],[-72.5747,-15.7854],[-72.6247,-15.7025],[-72.6592,-15.7112],[-72.6708,-15.7029],[-72.6838,-15.6699],[-72.7038,-15.6554],[-72.702,-15.6338],[-72.7235,-15.603],[-72.7187,-15.5884],[-72.6904,-15.5584],[-72.6607,-15.5459],[-72.6075,-15.5596],[-72.5707,-15.5387],[-72.5504,-15.5401],[-72.5076,-15.4783],[-72.5234,-15.4389],[-72.519,-15.4056],[-72.4605,-15.388],[-72.4407,-15.3982],[-72.4269,-15.3688],[-72.4374,-15.2989],[-72.4196,-15.2705],[-72.3647,-15.2423],[-72.3769,-15.1978],[-72.3575,-15.1532],[-72.3719,-15.1217],[-72.3529,-15.0961],[-72.317,-15.0944],[-72.2655,-15.0432],[-72.2534,-14.9463],[-72.2106,-14.9089],[-72.1658,-14.8962],[-72.1494,-14.8813],[-72.0993,-14.8912],[-72.1095,-14.918],[-72.1022,-14.9549],[-72.0719,-14.9374],[-72.0457,-14.9415],[-72.0465,-14.9068],[-72.034,-14.8987],[-72.0281,-14.8769],[-72.0033,-14.8862],[-71.9759,-14.8695],[-71.943,-14.8236],[-71.9146,-14.8345],[-71.9065,-14.8263],[-71.9092,-14.8086],[-71.8939,-14.7896],[-71.924,-14.7898],[-71.9328,-14.7565],[-71.959,-14.7326],[-71.946,-14.7111],[-71.9522,-14.7038],[-71.9293,-14.6893],[-71.9736,-14.658],[-71.9809,-14.6419],[-71.9811,-14.6406]]]}},{"type":"Feature","id":"0407","properties":{"ubigeo":"0407","nombre_departamento":"arequipa","nombre_provincia":"islay","nombre_distrito":"","capital":"mollendo"},"geometry":{"type":"Polygon","coordinates":[[[-71.8695,-16.7848],[-71.8707,-16.7134],[-71.91,-16.675],[-71.9967,-16.7995],[-72.0383,-16.7922],[-72.0484,-16.7795],[-72.0676,-16.7846],[-72.0938,-16.7678],[-72.1213,-16.7794],[-72.1319,-16.7667],[-72.1533,-16.795],[-72.2056,-16.799],[-72.2238,-16.8345],[-72.172,-16.8499],[-72.1465,-16.8755],[-72.1672,-16.8923],[-72.1863,-16.9292],[-72.1649,-16.9381],[-72.1651,-16.9482],[-72.1439,-16.9658],[-72.1193,-16.9699],[-72.1225,-16.9782],[-72.1038,-16.9963],[-72.1122,-17.0158],[-72.023,-17.0224],[-71.9302,-17.0807],[-71.85,-17.1649],[-71.8011,-17.1883],[-71.6904,-17.212],[-71.564,-17.2616],[-71.5379,-17.254],[-71.5287,-17.2711],[-71.5159,-17.2659],[-71.4908,-17.285],[-71.4655,-17.2545],[-71.441,-17.2517],[-71.4235,-17.2366],[-71.3553,-17.1513],[-71.3153,-17.1235],[-71.3022,-17.0939],[-71.3247,-17.0603],[-71.3191,-17.0415],[-71.3394,-17.0218],[-71.3573,-17.0244],[-71.3652,-17.0141],[-71.3854,-17.0209],[-71.3908,-16.9781],[-71.4058,-16.9558],[-71.459,-16.9609],[-71.4655,-16.9529],[-71.456,-16.9342],[-71.4241,-16.9193],[-71.4221,-16.8964],[-71.4409,-16.8613],[-71.4355,-16.8361],[-71.4437,-16.8047],[-71.4259,-16.7414],[-71.4385,-16.7311],[-71.4528,-16.7336],[-71.4564,-16.7583],[-71.5006,-16.7666],[-71.5154,-16.7406],[-71.5293,-16.734],[-71.5451,-16.6893],[-71.5546,-16.6843],[-71.5726,-16.6999],[-71.622,-16.6819],[-71.6406,-16.7059],[-71.6493,-16.6949],[-71.6709,-16.7057],[-71.7548,-16.701],[-71.8695,-16.786],[-71.8695,-16.7848]]]}},{"type":"Feature","id":"0408","properties":{"ubigeo":"0408","nombre_departamento":"arequipa","nombre_provincia":"la union","nombre_distrito":"","capital":"cotahuasi"},"geometry":{"type":"Polygon","coordinates":[[[-72.7254,-14.6463],[-72.7412,-14.6445],[-72.7704,-14.6647],[-72.7897,-14.6502],[-72.8282,-14.7016],[-72.8426,-14.7577],[-72.8724,-14.7615],[-72.8853,-14.7722],[-72.9299,-14.7582],[-72.9793,-14.8061],[-72.9923,-14.8037],[-73.0028,-14.815],[-73.0038,-14.8396],[-73.0319,-14.8971],[-72.9867,-14.9561],[-72.9827,-14.9824],[-73.0051,-15.0077],[-73.0042,-15.0641],[-73.0245,-15.0918],[-73.0218,-15.1318],[-73.0476,-15.1343],[-73.1008,-15.1876],[-73.1117,-15.1865],[-73.1206,-15.2308],[-73.1499,-15.2598],[-73.153,-15.2831],[-73.1721,-15.3061],[-73.2459,-15.2861],[-73.2849,-15.2949],[-73.2777,-15.3182],[-73.2901,-15.3352],[-73.2906,-15.3713],[-73.2622,-15.4034],[-73.22,-15.5],[-73.1257,-15.5704],[-73.0839,-15.5622],[-73.035,-15.5188],[-72.9975,-15.5034],[-72.981,-15.4786],[-72.9776,-15.4191],[-72.9654,-15.3978],[-72.9338,-15.3945],[-72.8932,-15.41],[-72.8624,-15.3982],[-72.8422,-15.3549],[-72.8372,-15.3179],[-72.8136,-15.3058],[-72.7896,-15.2776],[-72.783,-15.2443],[-72.7396,-15.2532],[-72.6641,-15.2333],[-72.6463,-15.2395],[-72.6198,-15.2205],[-72.6007,-15.2246],[-72.5738,-15.2006],[-72.5294,-15.1992],[-72.4968,-15.1687],[-72.5063,-15.1539],[-72.485,-15.1089],[-72.4982,-15.0798],[-72.5264,-15.06],[-72.5246,-15.0511],[-72.4645,-15.0301],[-72.4618,-15.0228],[-72.4724,-15.017],[-72.4667,-15.0096],[-72.4097,-14.9928],[-72.3986,-14.957],[-72.3733,-14.9583],[-72.3667,-14.9476],[-72.3231,-14.9309],[-72.3022,-14.8912],[-72.3152,-14.834],[-72.4065,-14.8271],[-72.4346,-14.7901],[-72.4692,-14.787],[-72.4686,-14.7625],[-72.4864,-14.7425],[-72.4885,-14.7235],[-72.4601,-14.6758],[-72.4734,-14.66],[-72.5608,-14.6784],[-72.5788,-14.6879],[-72.5944,-14.7137],[-72.611,-14.6761],[-72.6448,-14.6673],[-72.6906,-14.6887],[-72.6976,-14.6791],[-72.7244,-14.6767],[-72.7255,-14.6475],[-72.7254,-14.6463]]]}},{"type":"Feature","id":"0501","properties":{"ubigeo":"0501","nombre_departamento":"ayacucho","nombre_provincia":"huamanga","nombre_distrito":"","capital":"ayacucho"},"geometry":{"type":"Polygon","coordinates":[[[-74.077,-12.9864],[-74.1876,-13.0512],[-74.2803,-13.002],[-74.2713,-13.0254],[-74.2781,-13.0742],[-74.3114,-13.0589],[-74.3459,-13.0258],[-74.3799,-13.0245],[-74.4113,-13.0794],[-74.4109,-13.1197],[-74.3887,-13.1297],[-74.396,-13.1688],[-74.4204,-13.1595],[-74.4584,-13.19],[-74.4942,-13.1866],[-74.5171,-13.1967],[-74.5256,-13.1896],[-74.5422,-13.2005],[-74.5578,-13.1856],[-74.5723,-13.1847],[-74.6447,-13.2741],[-74.6635,-13.2715],[-74.6861,-13.2864],[-74.6676,-13.3266],[-74.6328,-13.3448],[-74.6008,-13.3322],[-74.5661,-13.3414],[-74.5764,-13.3619],[-74.5717,-13.3871],[-74.5328,-13.4025],[-74.5264,-13.4242],[-74.4757,-13.4531],[-74.417,-13.4464],[-74.4031,-13.4342],[-74.3946,-13.4448],[-74.3783,-13.4189],[-74.3672,-13.4361],[-74.336,-13.4387],[-74.3303,-13.4248],[-74.313,-13.4255],[-74.2794,-13.4083],[-74.2741,-13.3918],[-74.2472,-13.4203],[-74.1964,-13.4031],[-74.1936,-13.4338],[-74.1721,-13.4537],[-74.1594,-13.4984],[-74.1101,-13.5351],[-74.0509,-13.5346],[-74.0677,-13.5075],[-74.0659,-13.482],[-74.0805,-13.4506],[-74.0727,-13.4203],[-74.0589,-13.4089],[-74.0475,-13.4168],[-74.0448,-13.4409],[-73.9925,-13.4413],[-73.9944,-13.4552],[-73.9836,-13.4626],[-73.9924,-13.4784],[-73.966,-13.5003],[-73.9261,-13.4994],[-73.865,-13.4652],[-73.8348,-13.4702],[-73.8386,-13.4542],[-73.8274,-13.4337],[-73.847,-13.3974],[-73.8287,-13.3473],[-73.8321,-13.3302],[-73.807,-13.3148],[-73.8299,-13.3037],[-73.8682,-13.3038],[-73.8465,-13.259],[-73.9238,-13.2849],[-73.9359,-13.2778],[-73.945,-13.2662],[-73.9459,-13.2291],[-73.9638,-13.2069],[-73.9614,-13.1873],[-73.9688,-13.1729],[-73.9946,-13.161],[-73.9924,-13.1499],[-74.018,-13.1172],[-74.0215,-13.0975],[-74.0363,-13.0985],[-74.0465,-13.086],[-74.0499,-13.0661],[-74.0613,-13.0571],[-74.052,-13.0401],[-74.0671,-13.0305],[-74.0773,-12.9883],[-74.077,-12.9864]]]}},{"type":"Feature","id":"0502","properties":{"ubigeo":"0502","nombre_departamento":"ayacucho","nombre_provincia":"cangallo","nombre_distrito":"","capital":"cangallo"},"geometry":{"type":"Polygon","coordinates":[[[-74.7367,-13.3448],[-74.7596,-13.3251],[-74.7701,-13.3463],[-74.8089,-13.3574],[-74.8578,-13.3552],[-74.8977,-13.3953],[-74.8927,-13.4145],[-74.904,-13.4305],[-74.9021,-13.4664],[-74.8622,-13.4818],[-74.8319,-13.5322],[-74.7996,-13.5475],[-74.7823,-13.5786],[-74.7531,-13.5894],[-74.7398,-13.5802],[-74.7095,-13.5852],[-74.6552,-13.5566],[-74.6301,-13.5558],[-74.5216,-13.6154],[-74.5142,-13.6135],[-74.5162,-13.6021],[-74.4437,-13.5855],[-74.3699,-13.6023],[-74.3002,-13.6331],[-74.2233,-13.6283],[-74.1823,-13.6399],[-74.1389,-13.633],[-74.099,-13.6602],[-74.0995,-13.6705],[-74.05,-13.6825],[-74.0518,-13.644],[-74.0358,-13.6136],[-74.0596,-13.5934],[-74.0556,-13.5357],[-74.1101,-13.5351],[-74.151,-13.5109],[-74.1721,-13.4537],[-74.1936,-13.4338],[-74.1964,-13.4031],[-74.2472,-13.4203],[-74.2741,-13.3918],[-74.2794,-13.4083],[-74.313,-13.4255],[-74.3303,-13.4248],[-74.336,-13.4387],[-74.3672,-13.4361],[-74.3783,-13.4189],[-74.3946,-13.4448],[-74.4031,-13.4342],[-74.417,-13.4464],[-74.4757,-13.4531],[-74.5264,-13.4242],[-74.5328,-13.4025],[-74.5717,-13.3871],[-74.5764,-13.3619],[-74.5661,-13.3414],[-74.5726,-13.3388],[-74.6092,-13.3333],[-74.7045,-13.3642],[-74.7283,-13.3622],[-74.7379,-13.3488],[-74.7367,-13.3448]]]}},{"type":"Feature","id":"0503","properties":{"ubigeo":"0503","nombre_departamento":"ayacucho","nombre_provincia":"huanca sancos","nombre_distrito":"","capital":"sancos (huanca)"},"geometry":{"type":"Polygon","coordinates":[[[-74.6072,-13.6955],[-74.6213,-13.6977],[-74.6167,-13.7103],[-74.636,-13.7406],[-74.7074,-13.7453],[-74.7535,-13.7614],[-74.7668,-13.7725],[-74.7638,-13.7838],[-74.7789,-13.7846],[-74.7604,-13.8315],[-74.7674,-13.8666],[-74.7852,-13.8883],[-74.777,-13.8975],[-74.7859,-13.9288],[-74.768,-13.9786],[-74.7848,-13.9887],[-74.7839,-14.0169],[-74.7587,-14.0786],[-74.7727,-14.0911],[-74.7587,-14.1219],[-74.7205,-14.1143],[-74.7168,-14.0962],[-74.6984,-14.0947],[-74.6983,-14.0786],[-74.6771,-14.0681],[-74.6727,-14.08],[-74.6395,-14.0951],[-74.6214,-14.0911],[-74.6357,-14.1183],[-74.6232,-14.1371],[-74.5726,-14.1353],[-74.5706,-14.1497],[-74.5413,-14.1641],[-74.5276,-14.1461],[-74.4961,-14.1463],[-74.4197,-14.1511],[-74.3923,-14.167],[-74.3361,-14.1481],[-74.3294,-14.1286],[-74.2614,-14.1349],[-74.208,-14.1269],[-74.1891,-14.1034],[-74.1744,-14.1047],[-74.103,-14.0172],[-74.1024,-13.9913],[-74.1189,-13.9893],[-74.101,-13.955],[-74.1121,-13.8984],[-74.1552,-13.8729],[-74.1598,-13.8414],[-74.189,-13.8139],[-74.2274,-13.8062],[-74.2295,-13.7897],[-74.2541,-13.759],[-74.2981,-13.756],[-74.3156,-13.7336],[-74.3227,-13.7628],[-74.3314,-13.7637],[-74.3696,-13.7363],[-74.3625,-13.7594],[-74.4259,-13.7976],[-74.4912,-13.7588],[-74.4971,-13.7412],[-74.5207,-13.7359],[-74.5306,-13.7096],[-74.5665,-13.7183],[-74.5917,-13.6968],[-74.607,-13.6955],[-74.6072,-13.6955]]]}},{"type":"Feature","id":"0504","properties":{"ubigeo":"0504","nombre_departamento":"ayacucho","nombre_provincia":"huanta","nombre_distrito":"","capital":"huanta"},"geometry":{"type":"Polygon","coordinates":[[[-74.3484,-12.175],[-74.3493,-12.1679],[-74.3788,-12.176],[-74.3874,-12.188],[-74.3761,-12.2292],[-74.3937,-12.2525],[-74.3848,-12.2715],[-74.4163,-12.3048],[-74.452,-12.27],[-74.4918,-12.2816],[-74.5071,-12.3125],[-74.5554,-12.2881],[-74.5809,-12.3244],[-74.576,-12.3732],[-74.5646,-12.3609],[-74.5494,-12.3738],[-74.5349,-12.41],[-74.5206,-12.4096],[-74.5217,-12.4368],[-74.506,-12.4489],[-74.4539,-12.4439],[-74.4092,-12.4519],[-74.4016,-12.4675],[-74.4152,-12.4917],[-74.3987,-12.5027],[-74.4,-12.5246],[-74.3843,-12.5448],[-74.3869,-12.5668],[-74.3663,-12.5758],[-74.3633,-12.5943],[-74.324,-12.6045],[-74.3421,-12.6238],[-74.3272,-12.6802],[-74.3408,-12.6902],[-74.3491,-12.7182],[-74.3284,-12.7442],[-74.3124,-12.7373],[-74.2886,-12.7599],[-74.2855,-12.7997],[-74.2971,-12.801],[-74.2946,-12.8298],[-74.3252,-12.833],[-74.3327,-12.8481],[-74.3192,-12.8858],[-74.3277,-12.9284],[-74.2966,-12.935],[-74.2975,-12.9679],[-74.2803,-13.002],[-74.1876,-13.0512],[-74.1402,-13.0254],[-74.104,-12.9821],[-74.1122,-12.9614],[-74.1066,-12.9487],[-74.1484,-12.8718],[-74.1277,-12.8546],[-74.1081,-12.852],[-74.0971,-12.8666],[-74.0815,-12.8606],[-74.0706,-12.8752],[-74.0148,-12.8394],[-73.9962,-12.8392],[-73.9877,-12.7966],[-73.9965,-12.7742],[-73.9917,-12.754],[-73.951,-12.7279],[-73.8881,-12.711],[-73.8692,-12.6768],[-73.8691,-12.6567],[-73.8535,-12.645],[-73.8594,-12.6222],[-73.8327,-12.5751],[-73.8309,-12.5308],[-73.8442,-12.5395],[-73.8544,-12.5322],[-73.8543,-12.4891],[-73.8859,-12.4061],[-73.928,-12.3788],[-73.9478,-12.3507],[-73.9701,-12.3478],[-73.9706,-12.2756],[-73.9805,-12.2426],[-73.9875,-12.2717],[-73.9998,-12.2836],[-74.0398,-12.2614],[-74.0593,-12.2766],[-74.0974,-12.2837],[-74.1041,-12.3132],[-74.1252,-12.3339],[-74.1312,-12.3146],[-74.1473,-12.3244],[-74.1662,-12.3124],[-74.1849,-12.3162],[-74.1901,-12.3024],[-74.2187,-12.3017],[-74.218,-12.2781],[-74.2455,-12.2695],[-74.2698,-12.2393],[-74.2841,-12.2406],[-74.2915,-12.223],[-74.3213,-12.2302],[-74.3362,-12.2156],[-74.3335,-12.1961],[-74.3447,-12.1948],[-74.35,-12.1758],[-74.3484,-12.175]]]}},{"type":"Feature","id":"0505","properties":{"ubigeo":"0505","nombre_departamento":"ayacucho","nombre_provincia":"la mar","nombre_distrito":"","capital":"san miguel"},"geometry":{"type":"Polygon","coordinates":[[[-73.7534,-12.6523],[-73.8006,-12.6146],[-73.8048,-12.576],[-73.8309,-12.5308],[-73.8327,-12.5751],[-73.8594,-12.6222],[-73.8535,-12.645],[-73.8691,-12.6567],[-73.8692,-12.6768],[-73.8881,-12.711],[-73.951,-12.7279],[-73.9917,-12.754],[-73.9965,-12.7742],[-73.9877,-12.7966],[-73.9962,-12.8392],[-74.0148,-12.8394],[-74.0706,-12.8752],[-74.0815,-12.8606],[-74.0971,-12.8666],[-74.1081,-12.852],[-74.1277,-12.8546],[-74.1484,-12.8718],[-74.1064,-12.9494],[-74.1122,-12.9614],[-74.104,-12.9821],[-74.116,-12.9888],[-74.1187,-13.0066],[-74.0774,-12.9849],[-74.0671,-13.0305],[-74.052,-13.0401],[-74.0613,-13.0571],[-74.0366,-13.0982],[-74.0215,-13.0975],[-74.018,-13.1172],[-73.9924,-13.1499],[-73.9939,-13.1619],[-73.9688,-13.1729],[-73.9628,-13.2101],[-73.9459,-13.2291],[-73.945,-13.2662],[-73.9305,-13.2834],[-73.8465,-13.259],[-73.8682,-13.3038],[-73.8299,-13.3037],[-73.8068,-13.3148],[-73.823,-13.2846],[-73.824,-13.2484],[-73.8128,-13.2422],[-73.8088,-13.2151],[-73.8006,-13.2154],[-73.7933,-13.1939],[-73.7739,-13.1851],[-73.7719,-13.1746],[-73.7527,-13.1712],[-73.729,-13.1874],[-73.7401,-13.2115],[-73.7309,-13.2426],[-73.7364,-13.2574],[-73.7276,-13.2683],[-73.6981,-13.2655],[-73.687,-13.2821],[-73.6633,-13.2819],[-73.6081,-13.3316],[-73.5736,-13.3389],[-73.5713,-13.3628],[-73.5434,-13.3643],[-73.5216,-13.3877],[-73.5071,-13.3841],[-73.4815,-13.431],[-73.4361,-13.43],[-73.404,-13.4448],[-73.3472,-13.4348],[-73.3332,-13.444],[-73.3318,-13.4564],[-73.3117,-13.4466],[-73.231,-13.4752],[-73.2204,-13.4644],[-73.2119,-13.4191],[-73.2412,-13.4085],[-73.2601,-13.3842],[-73.2869,-13.3726],[-73.2896,-13.355],[-73.3121,-13.3378],[-73.3114,-13.3259],[-73.3297,-13.3086],[-73.3413,-13.3117],[-73.3488,-13.3005],[-73.3411,-13.2913],[-73.3527,-13.2907],[-73.3462,-13.2784],[-73.3643,-13.2694],[-73.3823,-13.2249],[-73.4096,-13.2119],[-73.415,-13.1955],[-73.4022,-13.1817],[-73.4197,-13.1358],[-73.4259,-13.1303],[-73.4348,-13.14],[-73.4549,-13.1214],[-73.4435,-13.1048],[-73.4554,-13.0934],[-73.4493,-13.0796],[-73.4619,-13.08],[-73.4782,-13.0559],[-73.4901,-13.067],[-73.4925,-13.047],[-73.4785,-13.0343],[-73.4766,-13.0011],[-73.5047,-13.0111],[-73.5199,-13.0047],[-73.53,-12.9853],[-73.508,-12.9719],[-73.5102,-12.9515],[-73.4959,-12.9335],[-73.5203,-12.9392],[-73.5298,-12.932],[-73.5237,-12.8995],[-73.5819,-12.8587],[-73.59,-12.8242],[-73.6155,-12.808],[-73.6267,-12.7877],[-73.6257,-12.765],[-73.6599,-12.7344],[-73.6561,-12.7235],[-73.7121,-12.666],[-73.725,-12.6367],[-73.7515,-12.6525],[-73.7534,-12.6523]]]}},{"type":"Feature","id":"0506","properties":{"ubigeo":"0506","nombre_departamento":"ayacucho","nombre_provincia":"lucanas","nombre_distrito":"","capital":"puquio"},"geometry":{"type":"Polygon","coordinates":[[[-74.0665,-14.0299],[-74.0857,-14.0192],[-74.116,-14.0289],[-74.1744,-14.1047],[-74.1891,-14.1034],[-74.208,-14.1269],[-74.2614,-14.1349],[-74.3294,-14.1286],[-74.3361,-14.1481],[-74.3923,-14.167],[-74.4197,-14.1511],[-74.4961,-14.1463],[-74.5276,-14.1461],[-74.5413,-14.1641],[-74.5706,-14.1497],[-74.5726,-14.1353],[-74.6232,-14.1371],[-74.6357,-14.1183],[-74.6214,-14.0911],[-74.6395,-14.0951],[-74.6727,-14.08],[-74.6771,-14.0681],[-74.6983,-14.0786],[-74.6984,-14.0947],[-74.7168,-14.0962],[-74.7205,-14.1143],[-74.7517,-14.1234],[-74.7609,-14.1204],[-74.7736,-14.0895],[-74.8252,-14.0923],[-74.8418,-14.0713],[-74.8527,-14.0762],[-74.8608,-14.0672],[-74.8781,-14.0763],[-74.8962,-14.1039],[-74.9079,-14.0922],[-74.9242,-14.0995],[-74.9436,-14.0949],[-74.9751,-14.0743],[-75.0291,-14.0719],[-75.0646,-14.138],[-75.0908,-14.2152],[-75.0882,-14.2309],[-75.0737,-14.2356],[-75.066,-14.2516],[-75.0395,-14.2542],[-75.0322,-14.2657],[-75.0497,-14.2865],[-75.0822,-14.2973],[-75.0939,-14.3124],[-75.1051,-14.3588],[-75.1398,-14.4159],[-75.1058,-14.434],[-75.089,-14.4264],[-75.053,-14.4311],[-75.0981,-14.4851],[-75.0867,-14.5302],[-75.0673,-14.5279],[-75.0801,-14.569],[-75.0659,-14.5745],[-75.056,-14.6269],[-75.0318,-14.6107],[-74.9589,-14.6065],[-74.9466,-14.5808],[-74.9134,-14.5656],[-74.8972,-14.5449],[-74.8762,-14.5534],[-74.884,-14.5762],[-74.859,-14.6084],[-74.7882,-14.6156],[-74.8466,-14.6661],[-74.8465,-14.688],[-74.8378,-14.6958],[-74.8453,-14.7091],[-74.8311,-14.7183],[-74.8265,-14.7353],[-74.8027,-14.7521],[-74.7774,-14.7294],[-74.7498,-14.7291],[-74.7159,-14.7095],[-74.7647,-14.7905],[-74.7478,-14.8131],[-74.7144,-14.8178],[-74.7546,-14.8353],[-74.7462,-14.8435],[-74.7334,-14.8379],[-74.7325,-14.8467],[-74.7208,-14.8367],[-74.6938,-14.8382],[-74.681,-14.8543],[-74.6811,-14.8731],[-74.6624,-14.9001],[-74.6853,-14.9302],[-74.6462,-14.9772],[-74.6657,-14.9979],[-74.666,-15.0508],[-74.7623,-15.0981],[-74.7137,-15.1385],[-74.679,-15.1322],[-74.652,-15.1391],[-74.6287,-15.1241],[-74.6057,-15.1486],[-74.5525,-15.1399],[-74.5138,-15.1483],[-74.5034,-15.1617],[-74.4658,-15.1735],[-74.423,-15.1678],[-74.4015,-15.1785],[-74.3896,-15.2054],[-74.4008,-15.2209],[-74.3879,-15.2518],[-74.4153,-15.2993],[-74.3778,-15.3319],[-74.3458,-15.3363],[-74.3336,-15.3533],[-74.3087,-15.3597],[-74.329,-15.3938],[-74.3183,-15.4393],[-74.302,-15.4521],[-74.3111,-15.4639],[-74.3001,-15.4784],[-74.2412,-15.481],[-74.2572,-15.4033],[-74.1914,-15.3152],[-74.208,-15.2921],[-74.2242,-15.236],[-74.1962,-15.2369],[-74.1763,-15.2229],[-74.1109,-15.2396],[-74.0793,-15.2325],[-73.9984,-15.1609],[-73.9245,-15.1313],[-73.8413,-15.1333],[-73.8305,-15.1048],[-73.8014,-15.0853],[-73.7956,-15.0674],[-73.8095,-15.0357],[-73.8134,-14.9772],[-73.841,-14.9513],[-73.8425,-14.9211],[-73.8792,-14.8927],[-73.879,-14.8759],[-73.9003,-14.8435],[-73.8935,-14.8109],[-73.8708,-14.8001],[-73.8706,-14.7671],[-73.8561,-14.7651],[-73.8257,-14.7259],[-73.8366,-14.7111],[-73.8211,-14.6778],[-73.8232,-14.6476],[-73.8111,-14.6385],[-73.7934,-14.6459],[-73.7811,-14.6383],[-73.7629,-14.6508],[-73.7556,-14.6361],[-73.7208,-14.6424],[-73.6907,-14.6294],[-73.6359,-14.5922],[-73.6059,-14.5423],[-73.5872,-14.5489],[-73.5645,-14.5209],[-73.5325,-14.5072],[-73.5351,-14.4915],[-73.5546,-14.4807],[-73.5514,-14.465],[-73.5706,-14.4566],[-73.5857,-14.4073],[-73.6098,-14.3979],[-73.6037,-14.3838],[-73.6124,-14.3709],[-73.6547,-14.3735],[-73.6589,-14.3545],[-73.6904,-14.3263],[-73.7392,-14.3382],[-73.7833,-14.3229],[-73.7968,-14.2958],[-73.8137,-14.2945],[-73.8262,-14.2789],[-73.8601,-14.2764],[-73.878,-14.2892],[-73.8966,-14.2628],[-73.8949,-14.2294],[-73.8793,-14.2167],[-73.9071,-14.1917],[-73.9425,-14.1988],[-73.95,-14.1857],[-73.999,-14.1593],[-74.0379,-14.0985],[-74.0706,-14.1166],[-74.0812,-14.1127],[-74.0875,-14.0942],[-74.0728,-14.0732],[-74.0658,-14.0319],[-74.0665,-14.0299]]]}},{"type":"Feature","id":"0507","properties":{"ubigeo":"0507","nombre_departamento":"ayacucho","nombre_provincia":"parinacochas","nombre_distrito":"","capital":"coracora"},"geometry":{"type":"Polygon","coordinates":[[[-73.5282,-14.5103],[-73.5645,-14.5209],[-73.5872,-14.5489],[-73.6059,-14.5423],[-73.6359,-14.5922],[-73.6907,-14.6294],[-73.7208,-14.6424],[-73.7556,-14.6361],[-73.7629,-14.6508],[-73.7811,-14.6383],[-73.7934,-14.6459],[-73.8111,-14.6385],[-73.8232,-14.6476],[-73.8211,-14.6778],[-73.8366,-14.7111],[-73.8257,-14.7259],[-73.8561,-14.7651],[-73.8706,-14.7671],[-73.8708,-14.8001],[-73.8935,-14.8109],[-73.9003,-14.8435],[-73.879,-14.8759],[-73.8792,-14.8927],[-73.8425,-14.9211],[-73.841,-14.9513],[-73.8134,-14.9772],[-73.818,-14.9928],[-73.7955,-15.0723],[-73.8305,-15.1048],[-73.8372,-15.1305],[-73.9048,-15.1285],[-73.9682,-15.146],[-73.9984,-15.1609],[-74.0793,-15.2325],[-74.1109,-15.2396],[-74.1763,-15.2229],[-74.1962,-15.2369],[-74.2242,-15.236],[-74.208,-15.2921],[-74.1914,-15.3152],[-74.2572,-15.4033],[-74.2412,-15.481],[-74.1937,-15.4917],[-74.1665,-15.484],[-74.1484,-15.4494],[-74.1505,-15.4276],[-74.0945,-15.392],[-74.0654,-15.4022],[-74.0373,-15.4561],[-74.0434,-15.491],[-74.0734,-15.5019],[-74.0792,-15.5157],[-74.0673,-15.5393],[-74.0765,-15.5522],[-74.0847,-15.6189],[-74.0686,-15.6299],[-74.0197,-15.5999],[-74.0103,-15.5594],[-73.9692,-15.5329],[-73.9177,-15.4607],[-73.8721,-15.433],[-73.8697,-15.4002],[-73.8771,-15.3892],[-73.8708,-15.3799],[-73.8841,-15.3375],[-73.8657,-15.3242],[-73.8059,-15.3244],[-73.7931,-15.3398],[-73.7763,-15.3387],[-73.7589,-15.3853],[-73.6858,-15.4377],[-73.653,-15.4165],[-73.6129,-15.4192],[-73.5941,-15.4037],[-73.5559,-15.4082],[-73.5296,-15.3921],[-73.4781,-15.3796],[-73.4411,-15.3557],[-73.4485,-15.3189],[-73.5034,-15.2716],[-73.5208,-15.2236],[-73.537,-15.2156],[-73.5376,-15.188],[-73.555,-15.1548],[-73.5443,-15.1283],[-73.5524,-15.113],[-73.5361,-15.0812],[-73.5453,-15.0557],[-73.4856,-15.0606],[-73.4625,-15.0382],[-73.4481,-15.0614],[-73.4204,-15.0649],[-73.381,-15.0433],[-73.3443,-15.0373],[-73.3316,-15.0296],[-73.342,-15.0032],[-73.3134,-14.9867],[-73.2639,-14.976],[-73.2726,-14.9508],[-73.2562,-14.9295],[-73.2656,-14.9119],[-73.255,-14.8998],[-73.1953,-14.923],[-73.1915,-14.9102],[-73.1644,-14.9122],[-73.1377,-14.8974],[-73.1167,-14.8725],[-73.1292,-14.8561],[-73.1187,-14.8426],[-73.0962,-14.844],[-73.0851,-14.8304],[-73.0612,-14.8255],[-73.0142,-14.8557],[-73.0028,-14.815],[-72.9923,-14.8037],[-72.9793,-14.8061],[-72.9308,-14.7585],[-72.8853,-14.7722],[-72.8724,-14.7615],[-72.8468,-14.7598],[-72.8669,-14.7083],[-72.9104,-14.6976],[-72.9178,-14.6853],[-72.9357,-14.6953],[-72.9553,-14.6827],[-72.9746,-14.6518],[-72.9978,-14.6628],[-73.0147,-14.6309],[-73.0426,-14.6231],[-73.0433,-14.6572],[-73.0631,-14.6658],[-73.0981,-14.6508],[-73.1101,-14.6699],[-73.1099,-14.6923],[-73.1532,-14.6743],[-73.1784,-14.6857],[-73.1904,-14.7058],[-73.2636,-14.7098],[-73.2842,-14.7341],[-73.3086,-14.7165],[-73.3283,-14.7174],[-73.3508,-14.704],[-73.3644,-14.6816],[-73.3904,-14.7161],[-73.4068,-14.7689],[-73.4399,-14.787],[-73.4645,-14.8398],[-73.485,-14.8426],[-73.5145,-14.8255],[-73.5286,-14.8013],[-73.5496,-14.8014],[-73.5653,-14.7758],[-73.5629,-14.7393],[-73.5771,-14.7144],[-73.5711,-14.6873],[-73.5231,-14.673],[-73.5101,-14.6501],[-73.5336,-14.5841],[-73.5123,-14.5659],[-73.507,-14.5443],[-73.5208,-14.5335],[-73.5274,-14.5105],[-73.5282,-14.5103]],[[-73.7201,-15.259],[-73.7014,-15.2471],[-73.6873,-15.276],[-73.6659,-15.271],[-73.6438,-15.2792],[-73.6394,-15.2902],[-73.6596,-15.3187],[-73.6823,-15.3334],[-73.7392,-15.3086],[-73.7475,-15.2596],[-73.7402,-15.266],[-73.7204,-15.2592],[-73.7201,-15.259]]]}},{"type":"Feature","id":"0508","properties":{"ubigeo":"0508","nombre_departamento":"ayacucho","nombre_provincia":"paucar del sara sara","nombre_distrito":"","capital":"pausa"},"geometry":{"type":"Polygon","coordinates":[[[-73.0403,-14.8422],[-73.0658,-14.8254],[-73.0962,-14.844],[-73.1187,-14.8426],[-73.1292,-14.8561],[-73.1167,-14.8725],[-73.1377,-14.8974],[-73.1644,-14.9122],[-73.1915,-14.9102],[-73.1953,-14.923],[-73.2123,-14.9101],[-73.2542,-14.8995],[-73.2635,-14.9046],[-73.2562,-14.9295],[-73.2726,-14.9508],[-73.2639,-14.976],[-73.3134,-14.9867],[-73.342,-15.0032],[-73.3316,-15.0296],[-73.3443,-15.0373],[-73.381,-15.0433],[-73.4204,-15.0649],[-73.4481,-15.0614],[-73.4625,-15.0382],[-73.4856,-15.0606],[-73.5455,-15.0558],[-73.5361,-15.0812],[-73.5524,-15.113],[-73.5443,-15.1283],[-73.555,-15.1548],[-73.5376,-15.188],[-73.537,-15.2156],[-73.5208,-15.2236],[-73.5034,-15.2716],[-73.4485,-15.3189],[-73.4411,-15.3557],[-73.4269,-15.3636],[-73.4304,-15.3791],[-73.4169,-15.3758],[-73.3912,-15.3991],[-73.3611,-15.3879],[-73.3363,-15.4051],[-73.2773,-15.3946],[-73.2938,-15.3594],[-73.2777,-15.3182],[-73.2849,-15.2949],[-73.2459,-15.2861],[-73.1721,-15.3061],[-73.153,-15.2831],[-73.1499,-15.2598],[-73.1206,-15.2308],[-73.1117,-15.1865],[-73.1008,-15.1876],[-73.0476,-15.1343],[-73.0218,-15.1318],[-73.0245,-15.0918],[-73.0042,-15.0641],[-73.0051,-15.0077],[-72.983,-14.9837],[-72.983,-14.9721],[-72.9952,-14.943],[-73.0315,-14.9001],[-73.0142,-14.8557],[-73.0386,-14.8441],[-73.0403,-14.8422]]]}},{"type":"Feature","id":"0509","properties":{"ubigeo":"0509","nombre_departamento":"ayacucho","nombre_provincia":"sucre","nombre_distrito":"","capital":"querobamba"},"geometry":{"type":"Polygon","coordinates":[[[-73.7433,-13.7698],[-73.7479,-13.7634],[-73.7598,-13.7799],[-73.803,-13.7951],[-73.7977,-13.8286],[-73.8045,-13.8645],[-73.826,-13.9145],[-73.8898,-13.9566],[-73.8826,-14.0166],[-73.912,-14.1196],[-73.972,-14.1099],[-73.9861,-14.0898],[-73.9887,-14.1117],[-73.9667,-14.1355],[-73.9589,-14.174],[-73.9425,-14.1988],[-73.9071,-14.1917],[-73.8793,-14.2167],[-73.8949,-14.2294],[-73.8966,-14.2628],[-73.8786,-14.2887],[-73.8601,-14.2764],[-73.8262,-14.2789],[-73.8137,-14.2945],[-73.7968,-14.2958],[-73.7841,-14.3225],[-73.7392,-14.3382],[-73.6904,-14.3263],[-73.6589,-14.3545],[-73.6547,-14.3735],[-73.6124,-14.3709],[-73.6037,-14.3838],[-73.6098,-14.3979],[-73.573,-14.4159],[-73.5539,-14.4012],[-73.5535,-14.3775],[-73.5355,-14.3578],[-73.5172,-14.3094],[-73.5187,-14.2422],[-73.5773,-14.1472],[-73.5866,-14.1103],[-73.6111,-14.0899],[-73.6258,-14.049],[-73.618,-14.0255],[-73.6259,-13.9949],[-73.6428,-13.9785],[-73.6565,-13.9299],[-73.6851,-13.9059],[-73.6978,-13.8474],[-73.7287,-13.8161],[-73.743,-13.7717],[-73.7433,-13.7698]]]}},{"type":"Feature","id":"0510","properties":{"ubigeo":"0510","nombre_departamento":"ayacucho","nombre_provincia":"victor fajardo","nombre_distrito":"","capital":"huancapi"},"geometry":{"type":"Polygon","coordinates":[[[-74.64,-13.5554],[-74.7095,-13.5852],[-74.7398,-13.5802],[-74.7531,-13.5894],[-74.7824,-13.5785],[-74.7711,-13.6101],[-74.7812,-13.6482],[-74.7754,-13.7105],[-74.7539,-13.737],[-74.7665,-13.7722],[-74.7073,-13.7453],[-74.636,-13.7406],[-74.6167,-13.7103],[-74.6213,-13.6977],[-74.61,-13.6953],[-74.5917,-13.6968],[-74.5665,-13.7183],[-74.5306,-13.7096],[-74.5207,-13.7359],[-74.4971,-13.7412],[-74.4912,-13.7588],[-74.4259,-13.7976],[-74.3625,-13.7594],[-74.3696,-13.7363],[-74.3314,-13.7637],[-74.3227,-13.7628],[-74.3156,-13.7336],[-74.2981,-13.756],[-74.2541,-13.759],[-74.2295,-13.7897],[-74.2274,-13.8062],[-74.189,-13.8139],[-74.1598,-13.8414],[-74.1552,-13.8729],[-74.1121,-13.8984],[-74.101,-13.955],[-74.1189,-13.9893],[-74.1024,-13.9913],[-74.0992,-14.0063],[-74.116,-14.0289],[-74.0816,-14.0197],[-74.063,-14.0389],[-74.0875,-14.0942],[-74.0821,-14.1115],[-74.0706,-14.1166],[-74.0379,-14.0985],[-73.9992,-14.1592],[-73.9504,-14.1864],[-73.9667,-14.1355],[-73.9863,-14.1185],[-73.9885,-14.0935],[-73.972,-14.1099],[-73.912,-14.1196],[-73.8826,-14.0166],[-73.8812,-13.9819],[-73.8904,-13.9586],[-73.8631,-13.9377],[-73.8854,-13.9161],[-73.9077,-13.8643],[-73.9118,-13.8285],[-73.958,-13.7888],[-73.9996,-13.7226],[-74.0051,-13.6966],[-74.0987,-13.6709],[-74.099,-13.6602],[-74.1389,-13.633],[-74.1823,-13.6399],[-74.2233,-13.6283],[-74.3002,-13.6331],[-74.3699,-13.6023],[-74.4437,-13.5855],[-74.5162,-13.6021],[-74.5211,-13.6155],[-74.6396,-13.5554],[-74.64,-13.5554]]]}},{"type":"Feature","id":"0511","properties":{"ubigeo":"0511","nombre_departamento":"ayacucho","nombre_provincia":"vilcas huaman","nombre_distrito":"","capital":"vilcas huaman"},"geometry":{"type":"Polygon","coordinates":[[[-74.0452,-13.44],[-74.0475,-13.4168],[-74.0589,-13.4089],[-74.0727,-13.4203],[-74.0805,-13.4506],[-74.0659,-13.482],[-74.0677,-13.5075],[-74.0503,-13.532],[-74.0637,-13.5745],[-74.0596,-13.5934],[-74.0358,-13.6136],[-74.0518,-13.644],[-74.0501,-13.6826],[-74.004,-13.6978],[-73.9996,-13.7226],[-73.958,-13.7888],[-73.9118,-13.8285],[-73.9077,-13.8643],[-73.8854,-13.9161],[-73.866,-13.9277],[-73.871,-13.9374],[-73.8294,-13.9189],[-73.7977,-13.8293],[-73.803,-13.7951],[-73.7598,-13.7799],[-73.7393,-13.7558],[-73.6933,-13.7496],[-73.6697,-13.7343],[-73.7019,-13.7053],[-73.7151,-13.7045],[-73.7142,-13.6897],[-73.7285,-13.6831],[-73.7278,-13.6691],[-73.7436,-13.6556],[-73.7956,-13.6355],[-73.8059,-13.6138],[-73.7958,-13.6043],[-73.8108,-13.5218],[-73.8348,-13.4702],[-73.865,-13.4652],[-73.9261,-13.4994],[-73.966,-13.5003],[-73.9924,-13.4784],[-73.9836,-13.4626],[-73.9944,-13.4552],[-73.9925,-13.4413],[-74.0448,-13.4409],[-74.0452,-13.44]]]}},{"type":"Feature","id":"0601","properties":{"ubigeo":"0601","nombre_departamento":"cajamarca","nombre_provincia":"cajamarca","nombre_distrito":"","capital":"cajamarca"},"geometry":{"type":"Polygon","coordinates":[[[-78.5127,-6.8189],[-78.5298,-6.7981],[-78.5509,-6.8281],[-78.5904,-6.8501],[-78.6014,-6.8676],[-78.5989,-6.8858],[-78.6135,-6.9207],[-78.6052,-6.9976],[-78.6279,-7.0164],[-78.637,-7.0575],[-78.6623,-7.1041],[-78.72,-7.1708],[-78.7309,-7.2121],[-78.746,-7.2193],[-78.6089,-7.278],[-78.6298,-7.2987],[-78.6365,-7.3179],[-78.6278,-7.3292],[-78.6391,-7.3482],[-78.6524,-7.3513],[-78.6962,-7.4134],[-78.664,-7.4036],[-78.6549,-7.426],[-78.6298,-7.4455],[-78.6273,-7.4789],[-78.6502,-7.5278],[-78.6246,-7.5486],[-78.4914,-7.5549],[-78.4156,-7.4851],[-78.3682,-7.5003],[-78.3358,-7.4952],[-78.3505,-7.4748],[-78.3535,-7.4441],[-78.3437,-7.4174],[-78.3549,-7.4124],[-78.3568,-7.3996],[-78.328,-7.3994],[-78.2774,-7.3734],[-78.2766,-7.3589],[-78.308,-7.3411],[-78.3256,-7.3429],[-78.2879,-7.3282],[-78.2717,-7.2936],[-78.2356,-7.3194],[-78.2217,-7.3068],[-78.2162,-7.2965],[-78.2508,-7.2307],[-78.2396,-7.2065],[-78.2005,-7.1762],[-78.1837,-7.1491],[-78.1896,-7.1207],[-78.2195,-7.0878],[-78.2195,-7.0716],[-78.2658,-7.0327],[-78.2943,-7.0303],[-78.2872,-7.0209],[-78.3094,-7.0127],[-78.3115,-6.9877],[-78.3392,-6.9553],[-78.3827,-6.9236],[-78.4076,-6.9316],[-78.4115,-6.9424],[-78.4279,-6.9304],[-78.4286,-6.8922],[-78.4429,-6.8791],[-78.466,-6.8068],[-78.4927,-6.8012],[-78.5125,-6.8189],[-78.5127,-6.8189]]]}},{"type":"Feature","id":"0602","properties":{"ubigeo":"0602","nombre_departamento":"cajamarca","nombre_provincia":"cajabamba","nombre_distrito":"","capital":"cajabamba"},"geometry":{"type":"Polygon","coordinates":[[[-77.9196,-7.3438],[-77.9462,-7.3475],[-77.9609,-7.3703],[-77.9736,-7.374],[-78.0133,-7.4622],[-78.0412,-7.4565],[-78.0536,-7.4653],[-78.0864,-7.4541],[-78.1194,-7.4656],[-78.1259,-7.4802],[-78.1684,-7.4655],[-78.2177,-7.4102],[-78.2201,-7.3874],[-78.2774,-7.3734],[-78.328,-7.3994],[-78.3568,-7.3996],[-78.3549,-7.4124],[-78.3437,-7.4174],[-78.3535,-7.4441],[-78.3505,-7.4748],[-78.3221,-7.5038],[-78.3542,-7.516],[-78.3641,-7.5438],[-78.3568,-7.574],[-78.3782,-7.594],[-78.3828,-7.6301],[-78.3719,-7.6446],[-78.3602,-7.6449],[-78.3485,-7.6851],[-78.3301,-7.6996],[-78.3045,-7.6959],[-78.2757,-7.7202],[-78.2832,-7.7421],[-78.2724,-7.7535],[-78.2218,-7.7635],[-78.2113,-7.7425],[-78.2194,-7.7245],[-78.1981,-7.7291],[-78.1903,-7.7175],[-78.1713,-7.7134],[-78.141,-7.6827],[-78.1423,-7.6648],[-78.1284,-7.6532],[-78.1161,-7.654],[-78.0812,-7.6962],[-78.0496,-7.6786],[-77.9986,-7.6791],[-77.9738,-7.667],[-77.9641,-7.6749],[-77.9594,-7.6548],[-77.9366,-7.6575],[-77.9405,-7.6406],[-77.9129,-7.6254],[-77.9224,-7.5997],[-77.8679,-7.583],[-77.8569,-7.5235],[-77.7919,-7.5004],[-77.7649,-7.4794],[-77.7473,-7.4803],[-77.7413,-7.4674],[-77.7554,-7.441],[-77.768,-7.4401],[-77.7716,-7.4188],[-77.825,-7.3787],[-77.8296,-7.3476],[-77.8826,-7.3642],[-77.9189,-7.3444],[-77.9196,-7.3438]]]}},{"type":"Feature","id":"0603","properties":{"ubigeo":"0603","nombre_departamento":"cajamarca","nombre_provincia":"celendin","nombre_distrito":"","capital":"celendin"},"geometry":{"type":"Polygon","coordinates":[[[-78.2758,-6.3996],[-78.2779,-6.389],[-78.2971,-6.401],[-78.3213,-6.45],[-78.3431,-6.4518],[-78.3655,-6.4721],[-78.3538,-6.5614],[-78.3398,-6.5814],[-78.3708,-6.574],[-78.413,-6.5959],[-78.3842,-6.6787],[-78.4067,-6.7156],[-78.3942,-6.7915],[-78.4051,-6.8035],[-78.402,-6.8151],[-78.4264,-6.8143],[-78.433,-6.8347],[-78.4544,-6.8365],[-78.4429,-6.8791],[-78.4286,-6.8922],[-78.4314,-6.9243],[-78.4115,-6.9424],[-78.4076,-6.9316],[-78.3827,-6.9236],[-78.3392,-6.9553],[-78.3115,-6.9877],[-78.3094,-7.0127],[-78.2872,-7.0209],[-78.2943,-7.0303],[-78.2658,-7.0327],[-78.2195,-7.0716],[-78.2195,-7.0878],[-78.1896,-7.1207],[-78.1837,-7.1491],[-78.1145,-7.1463],[-78.1026,-7.1278],[-78.0563,-7.1349],[-78.0159,-7.0968],[-77.9511,-7.0646],[-77.9872,-7.0126],[-77.9853,-7.0009],[-78.0008,-6.9885],[-77.9885,-6.9753],[-78.0016,-6.9695],[-77.9994,-6.941],[-78.0136,-6.9317],[-77.9997,-6.9079],[-78.0016,-6.8623],[-78.0311,-6.8471],[-78.0138,-6.8229],[-78.0464,-6.6887],[-78.0779,-6.6689],[-78.0802,-6.6553],[-78.0946,-6.6573],[-78.1072,-6.6434],[-78.1041,-6.6236],[-78.1207,-6.5973],[-78.1167,-6.578],[-78.1376,-6.5632],[-78.1357,-6.5272],[-78.1522,-6.4998],[-78.1738,-6.4937],[-78.19,-6.457],[-78.21,-6.458],[-78.2435,-6.4017],[-78.2683,-6.3911],[-78.2753,-6.3997],[-78.2758,-6.3996]]]}},{"type":"Feature","id":"0604","properties":{"ubigeo":"0604","nombre_departamento":"cajamarca","nombre_provincia":"chota","nombre_distrito":"","capital":"chota"},"geometry":{"type":"Polygon","coordinates":[[[-78.5054,-6.0874],[-78.518,-6.1098],[-78.5182,-6.1616],[-78.5335,-6.1825],[-78.5299,-6.2143],[-78.5093,-6.2458],[-78.5099,-6.2849],[-78.583,-6.3064],[-78.6677,-6.315],[-78.6916,-6.3556],[-78.7141,-6.3685],[-78.7133,-6.3953],[-78.7472,-6.4198],[-78.7463,-6.4415],[-78.7322,-6.4599],[-78.7478,-6.4755],[-78.7667,-6.5504],[-78.7873,-6.5387],[-78.8056,-6.506],[-78.844,-6.489],[-78.819,-6.476],[-78.796,-6.441],[-78.8336,-6.4282],[-78.8648,-6.4387],[-78.8974,-6.432],[-78.9319,-6.3465],[-78.957,-6.3318],[-78.9881,-6.2917],[-79.0537,-6.3294],[-79.0694,-6.3085],[-79.0856,-6.32],[-79.1193,-6.2913],[-79.1411,-6.2908],[-79.1623,-6.273],[-79.1988,-6.2706],[-79.2108,-6.2778],[-79.2059,-6.2499],[-79.2167,-6.247],[-79.2228,-6.2116],[-79.279,-6.2293],[-79.2847,-6.2545],[-79.3063,-6.2703],[-79.329,-6.2663],[-79.3528,-6.304],[-79.3879,-6.2983],[-79.4277,-6.3174],[-79.4432,-6.3599],[-79.4586,-6.3721],[-79.4467,-6.3767],[-79.4532,-6.3991],[-79.4229,-6.4519],[-79.4339,-6.4812],[-79.4171,-6.5053],[-79.4219,-6.5334],[-79.4044,-6.5413],[-79.3696,-6.5208],[-79.3607,-6.5688],[-79.3479,-6.5737],[-79.3357,-6.6024],[-79.3625,-6.6348],[-79.3023,-6.6531],[-79.2964,-6.6757],[-79.2719,-6.6803],[-79.2291,-6.6714],[-79.2393,-6.6192],[-79.2529,-6.6095],[-79.2214,-6.6125],[-79.1937,-6.6284],[-79.1263,-6.632],[-79.0943,-6.6017],[-79.0875,-6.5581],[-79.0559,-6.5164],[-79.0478,-6.5248],[-79.0238,-6.5128],[-78.9885,-6.5117],[-78.9659,-6.5318],[-78.9286,-6.5035],[-78.9061,-6.5278],[-78.8233,-6.5257],[-78.8096,-6.5543],[-78.7766,-6.5631],[-78.7864,-6.5812],[-78.7729,-6.58],[-78.76,-6.5961],[-78.758,-6.6321],[-78.7216,-6.6292],[-78.6585,-6.6638],[-78.6526,-6.6806],[-78.6365,-6.6545],[-78.5914,-6.6329],[-78.5604,-6.5978],[-78.5297,-6.6091],[-78.506,-6.6025],[-78.4989,-6.5875],[-78.4583,-6.5605],[-78.4422,-6.5719],[-78.4371,-6.56],[-78.4359,-6.5735],[-78.413,-6.5959],[-78.3633,-6.5726],[-78.3413,-6.5833],[-78.365,-6.5136],[-78.3655,-6.4721],[-78.3431,-6.4518],[-78.3218,-6.4504],[-78.2971,-6.401],[-78.2779,-6.389],[-78.2913,-6.3725],[-78.3032,-6.3741],[-78.3337,-6.351],[-78.3354,-6.3187],[-78.3693,-6.2733],[-78.3701,-6.2391],[-78.4154,-6.2126],[-78.4178,-6.1905],[-78.4758,-6.1326],[-78.4773,-6.1148],[-78.4984,-6.1025],[-78.5045,-6.0877],[-78.5054,-6.0874]]]}},{"type":"Feature","id":"0605","properties":{"ubigeo":"0605","nombre_departamento":"cajamarca","nombre_provincia":"contumaza","nombre_distrito":"","capital":"contumaza"},"geometry":{"type":"Polygon","coordinates":[[[-79.0133,-7.1795],[-79.0441,-7.1952],[-79.058,-7.2396],[-79.0757,-7.2527],[-79.0845,-7.2494],[-79.0872,-7.2217],[-79.105,-7.1934],[-79.1244,-7.1806],[-79.1432,-7.1937],[-79.1985,-7.1854],[-79.2132,-7.1954],[-79.2498,-7.1962],[-79.2756,-7.2155],[-79.269,-7.2281],[-79.2793,-7.2477],[-79.2689,-7.2784],[-79.3068,-7.2837],[-79.3275,-7.3089],[-79.3693,-7.3241],[-79.3158,-7.3596],[-79.2829,-7.3487],[-79.2609,-7.379],[-79.2325,-7.3907],[-79.1944,-7.3734],[-79.1865,-7.3773],[-79.1878,-7.3969],[-79.1618,-7.4184],[-79.1545,-7.4391],[-79.1228,-7.4416],[-79.0654,-7.4727],[-79.0716,-7.5053],[-79.057,-7.5277],[-79.0598,-7.5467],[-79.0386,-7.5621],[-79.0412,-7.5999],[-78.9954,-7.6589],[-78.9726,-7.6603],[-78.9518,-7.6469],[-78.9422,-7.6272],[-78.9443,-7.5984],[-78.9128,-7.5511],[-78.8511,-7.5221],[-78.8611,-7.4979],[-78.8867,-7.4843],[-78.8777,-7.4714],[-78.8478,-7.4528],[-78.8411,-7.4372],[-78.8037,-7.4194],[-78.7899,-7.3952],[-78.7813,-7.4237],[-78.7601,-7.402],[-78.7382,-7.4201],[-78.7133,-7.4096],[-78.6966,-7.4137],[-78.6524,-7.3513],[-78.6391,-7.3482],[-78.6278,-7.3292],[-78.6365,-7.3179],[-78.6298,-7.2987],[-78.6087,-7.2787],[-78.7592,-7.215],[-78.8969,-7.2287],[-78.9292,-7.2042],[-78.9437,-7.2049],[-78.9557,-7.1877],[-78.9861,-7.1918],[-79.0124,-7.1795],[-79.0133,-7.1795]]]}},{"type":"Feature","id":"0606","properties":{"ubigeo":"0606","nombre_departamento":"cajamarca","nombre_provincia":"cutervo","nombre_distrito":"","capital":"cutervo"},"geometry":{"type":"Polygon","coordinates":[[[-78.7038,-5.7819],[-78.7339,-5.8015],[-78.7416,-5.8362],[-78.7595,-5.8398],[-78.7854,-5.8761],[-78.8028,-5.8746],[-78.833,-5.892],[-78.8623,-6.0168],[-78.8752,-6.0328],[-78.9009,-6.045],[-78.9647,-6.0122],[-78.9754,-6.0235],[-79.0153,-6.0221],[-79.0433,-6.0507],[-79.0795,-6.0652],[-79.0861,-6.1093],[-79.1201,-6.1124],[-79.1723,-6.1343],[-79.2298,-6.0919],[-79.2747,-6.1585],[-79.2504,-6.2209],[-79.2223,-6.212],[-79.2167,-6.247],[-79.2059,-6.2499],[-79.2108,-6.2778],[-79.1988,-6.2706],[-79.1623,-6.273],[-79.1411,-6.2908],[-79.1193,-6.2913],[-79.0856,-6.32],[-79.0694,-6.3085],[-79.0537,-6.3294],[-78.9881,-6.2917],[-78.957,-6.3318],[-78.9319,-6.3465],[-78.8974,-6.432],[-78.8648,-6.4387],[-78.8336,-6.4282],[-78.796,-6.441],[-78.819,-6.476],[-78.844,-6.489],[-78.8056,-6.506],[-78.7873,-6.5387],[-78.7667,-6.5504],[-78.7478,-6.4755],[-78.7322,-6.4599],[-78.7463,-6.4415],[-78.7472,-6.4198],[-78.7133,-6.3953],[-78.7141,-6.3685],[-78.6916,-6.3556],[-78.6677,-6.315],[-78.583,-6.3064],[-78.5406,-6.288],[-78.5157,-6.2906],[-78.5087,-6.2799],[-78.5093,-6.2458],[-78.5337,-6.1914],[-78.518,-6.161],[-78.5151,-6.0987],[-78.5051,-6.0892],[-78.5159,-6.0721],[-78.5846,-6.0786],[-78.6074,-6.0566],[-78.6112,-6.0166],[-78.6603,-5.9556],[-78.6732,-5.9164],[-78.6959,-5.8885],[-78.6991,-5.8408],[-78.7123,-5.8295],[-78.7036,-5.7823],[-78.7038,-5.7819]]]}},{"type":"Feature","id":"0607","properties":{"ubigeo":"0607","nombre_departamento":"cajamarca","nombre_provincia":"hualgayoc","nombre_distrito":"","capital":"bambamarca"},"geometry":{"type":"Polygon","coordinates":[[[-78.4361,-6.5716],[-78.4371,-6.56],[-78.4422,-6.5719],[-78.4583,-6.5605],[-78.4989,-6.5875],[-78.506,-6.6025],[-78.5265,-6.6091],[-78.5604,-6.5978],[-78.5914,-6.6329],[-78.6365,-6.6545],[-78.6497,-6.6808],[-78.6585,-6.6638],[-78.7216,-6.6292],[-78.758,-6.6321],[-78.7695,-6.6511],[-78.74,-6.7044],[-78.7254,-6.7147],[-78.7184,-6.7397],[-78.705,-6.7512],[-78.6918,-6.7432],[-78.6779,-6.7609],[-78.6384,-6.7778],[-78.6269,-6.7934],[-78.6281,-6.8272],[-78.6116,-6.8343],[-78.6157,-6.8502],[-78.6014,-6.8676],[-78.5904,-6.8501],[-78.5509,-6.8281],[-78.5298,-6.7981],[-78.5125,-6.8189],[-78.4927,-6.8012],[-78.4679,-6.8058],[-78.4535,-6.8342],[-78.4342,-6.8352],[-78.4264,-6.8143],[-78.402,-6.8151],[-78.4051,-6.8035],[-78.3943,-6.7928],[-78.4067,-6.7156],[-78.3842,-6.6787],[-78.4027,-6.6376],[-78.4017,-6.6158],[-78.4359,-6.572],[-78.4361,-6.5716]]]}},{"type":"Feature","id":"0608","properties":{"ubigeo":"0608","nombre_departamento":"cajamarca","nombre_provincia":"jaen","nombre_distrito":"","capital":"jaen"},"geometry":{"type":"Polygon","coordinates":[[[-78.5516,-5.36],[-78.5898,-5.3249],[-78.5957,-5.3394],[-78.6378,-5.3657],[-78.6776,-5.4089],[-78.6973,-5.4076],[-78.7238,-5.3887],[-78.7274,-5.3955],[-78.7476,-5.3926],[-78.7461,-5.3821],[-78.7608,-5.3741],[-78.7779,-5.3915],[-78.7867,-5.4285],[-78.834,-5.4439],[-78.8665,-5.4697],[-78.9362,-5.4772],[-78.9967,-5.4638],[-79.0103,-5.4455],[-79.0362,-5.4526],[-79.0609,-5.4456],[-79.0795,-5.423],[-79.099,-5.3661],[-79.1224,-5.3877],[-79.1551,-5.3974],[-79.1529,-5.4221],[-79.1891,-5.4545],[-79.1901,-5.4903],[-79.2026,-5.5063],[-79.2591,-5.5017],[-79.2819,-5.5252],[-79.3107,-5.5201],[-79.3299,-5.5354],[-79.3905,-5.5235],[-79.3995,-5.5387],[-79.3711,-5.6026],[-79.3845,-5.6804],[-79.3993,-5.7025],[-79.3992,-5.7712],[-79.3896,-5.793],[-79.376,-5.8005],[-79.3764,-5.8237],[-79.3505,-5.8555],[-79.3536,-5.8711],[-79.3354,-5.894],[-79.3619,-5.9328],[-79.3984,-5.9499],[-79.4205,-5.9721],[-79.4172,-6.0052],[-79.3959,-5.9772],[-79.3647,-5.9764],[-79.349,-5.9797],[-79.3454,-6.006],[-79.3191,-6.0425],[-79.3111,-6.0346],[-79.3221,-5.9991],[-79.3046,-5.9854],[-79.2633,-6.0033],[-79.266,-6.025],[-79.2409,-6.0286],[-79.2249,-6.0547],[-79.204,-6.0241],[-79.19,-6.0248],[-79.176,-6.0384],[-79.1889,-6.0589],[-79.1813,-6.0882],[-79.2132,-6.0989],[-79.1723,-6.1343],[-79.1201,-6.1124],[-79.0867,-6.11],[-79.0795,-6.0652],[-79.0433,-6.0507],[-79.0153,-6.0221],[-78.9754,-6.0235],[-78.9647,-6.0122],[-78.9009,-6.045],[-78.8752,-6.0328],[-78.8623,-6.0168],[-78.833,-5.892],[-78.8028,-5.8746],[-78.7854,-5.8761],[-78.7595,-5.8398],[-78.7416,-5.8362],[-78.7343,-5.8023],[-78.7243,-5.8019],[-78.7201,-5.786],[-78.7006,-5.7852],[-78.6886,-5.7464],[-78.6537,-5.7352],[-78.6537,-5.7191],[-78.6838,-5.7071],[-78.6852,-5.6967],[-78.6511,-5.6756],[-78.639,-5.6451],[-78.6248,-5.6394],[-78.583,-5.5507],[-78.5502,-5.5331],[-78.5582,-5.4964],[-78.5113,-5.4434],[-78.5228,-5.4169],[-78.5196,-5.3964],[-78.5513,-5.3603],[-78.5516,-5.36]]]}},{"type":"Feature","id":"0609","properties":{"ubigeo":"0609","nombre_departamento":"cajamarca","nombre_provincia":"san ignacio","nombre_distrito":"","capital":"san ignacio"},"geometry":{"type":"Polygon","coordinates":[[[-78.7003,-4.6277],[-78.7621,-4.6291],[-78.7743,-4.6421],[-78.8048,-4.6379],[-78.8562,-4.6677],[-78.8632,-4.6906],[-78.8905,-4.7173],[-78.8896,-4.7639],[-78.9154,-4.7809],[-78.8917,-4.808],[-78.9119,-4.8516],[-78.8895,-4.873],[-78.8917,-4.8873],[-78.9724,-4.895],[-79.0145,-5.015],[-79.0344,-5.0133],[-79.0565,-4.989],[-79.0714,-4.9909],[-79.0762,-4.971],[-79.1107,-4.9794],[-79.1494,-4.9648],[-79.2083,-4.9643],[-79.2222,-4.9824],[-79.213,-5.0011],[-79.2262,-5.0479],[-79.273,-5.0585],[-79.296,-5.112],[-79.3304,-5.1244],[-79.3421,-5.1431],[-79.3419,-5.164],[-79.3761,-5.1859],[-79.369,-5.2124],[-79.348,-5.2344],[-79.359,-5.2886],[-79.3281,-5.3159],[-79.3261,-5.348],[-79.3079,-5.3653],[-79.3055,-5.4259],[-79.2945,-5.4403],[-79.2976,-5.4599],[-79.281,-5.4863],[-79.276,-5.5197],[-79.2591,-5.5017],[-79.201,-5.5052],[-79.1901,-5.4903],[-79.1891,-5.4545],[-79.1529,-5.4221],[-79.1551,-5.3974],[-79.1224,-5.3877],[-79.0996,-5.3663],[-79.0795,-5.423],[-79.0609,-5.4456],[-79.0362,-5.4526],[-79.0103,-5.4455],[-78.9967,-5.4638],[-78.9362,-5.4772],[-78.8665,-5.4697],[-78.834,-5.4439],[-78.7867,-5.4285],[-78.7779,-5.3915],[-78.7608,-5.3741],[-78.7461,-5.3821],[-78.7476,-5.3926],[-78.7274,-5.3955],[-78.7238,-5.3887],[-78.6973,-5.4076],[-78.6772,-5.4088],[-78.6378,-5.3657],[-78.5936,-5.3368],[-78.5898,-5.3249],[-78.6045,-5.3099],[-78.6416,-5.3038],[-78.6544,-5.2743],[-78.6842,-5.2675],[-78.6841,-5.239],[-78.694,-5.2319],[-78.7091,-5.1796],[-78.7006,-5.1041],[-78.6806,-5.0725],[-78.6577,-5.0674],[-78.6405,-5.0342],[-78.6514,-4.9786],[-78.6662,-4.9795],[-78.6783,-4.9684],[-78.6451,-4.9075],[-78.6438,-4.8581],[-78.6319,-4.8364],[-78.6419,-4.8024],[-78.6207,-4.7679],[-78.6311,-4.7573],[-78.6283,-4.7397],[-78.645,-4.7348],[-78.6317,-4.6984],[-78.6436,-4.6822],[-78.6379,-4.6564],[-78.6517,-4.6462],[-78.665,-4.6558],[-78.6982,-4.6296],[-78.7003,-4.6277]]]}},{"type":"Feature","id":"0610","properties":{"ubigeo":"0610","nombre_departamento":"cajamarca","nombre_provincia":"san marcos","nombre_distrito":"","capital":"san marcos"},"geometry":{"type":"Polygon","coordinates":[[[-77.9466,-7.0815],[-77.9511,-7.0646],[-78.0023,-7.0879],[-78.0563,-7.1349],[-78.1026,-7.1278],[-78.1145,-7.1463],[-78.185,-7.15],[-78.2005,-7.1762],[-78.2396,-7.2065],[-78.2508,-7.2307],[-78.2162,-7.2965],[-78.2217,-7.3068],[-78.2356,-7.3194],[-78.2717,-7.2936],[-78.2879,-7.3282],[-78.3251,-7.3443],[-78.3061,-7.3418],[-78.2751,-7.36],[-78.2774,-7.3734],[-78.2198,-7.3876],[-78.2177,-7.4102],[-78.1684,-7.4655],[-78.1311,-7.4805],[-78.1194,-7.4656],[-78.0864,-7.4541],[-78.0536,-7.4653],[-78.0412,-7.4565],[-78.0133,-7.4622],[-77.9822,-7.3859],[-77.9426,-7.3457],[-77.9196,-7.3438],[-77.8826,-7.3642],[-77.8324,-7.3506],[-77.8294,-7.3436],[-77.8384,-7.3411],[-77.831,-7.31],[-77.84,-7.2902],[-77.8566,-7.2832],[-77.8594,-7.266],[-77.8492,-7.2356],[-77.882,-7.2205],[-77.8811,-7.1946],[-77.8978,-7.1825],[-77.8979,-7.1668],[-77.9256,-7.1546],[-77.9295,-7.1064],[-77.9451,-7.0828],[-77.9466,-7.0815]]]}},{"type":"Feature","id":"0611","properties":{"ubigeo":"0611","nombre_departamento":"cajamarca","nombre_provincia":"san miguel","nombre_distrito":"","capital":"san miguel de pallaques"},"geometry":{"type":"Polygon","coordinates":[[[-78.811,-6.7003],[-78.8176,-6.6932],[-78.8518,-6.7087],[-78.8495,-6.7387],[-78.8869,-6.7972],[-78.886,-6.8451],[-78.9364,-6.8396],[-78.9805,-6.8626],[-79.0229,-6.8397],[-79.0514,-6.8364],[-79.0829,-6.8738],[-79.1463,-6.8656],[-79.151,-6.854],[-79.1598,-6.8565],[-79.2071,-6.8214],[-79.2248,-6.8584],[-79.2627,-6.8592],[-79.2731,-6.8767],[-79.2956,-6.8835],[-79.3114,-6.9024],[-79.2992,-6.9407],[-79.3073,-6.9686],[-79.2971,-7.0031],[-79.323,-7.0265],[-79.3305,-7.0756],[-79.3129,-7.0904],[-79.3137,-7.1207],[-79.2962,-7.1296],[-79.3053,-7.1471],[-79.281,-7.1571],[-79.2664,-7.1935],[-79.2132,-7.1954],[-79.1985,-7.1854],[-79.1432,-7.1937],[-79.1244,-7.1806],[-79.0876,-7.2209],[-79.0822,-7.2528],[-79.058,-7.2396],[-79.0441,-7.1952],[-79.0166,-7.1788],[-78.9861,-7.1918],[-78.9557,-7.1877],[-78.9437,-7.2049],[-78.9167,-7.2112],[-78.8856,-7.1704],[-78.8782,-7.1418],[-78.8829,-7.0913],[-78.8732,-7.0832],[-78.8654,-7.0428],[-78.8251,-7.021],[-78.7864,-7.0237],[-78.7601,-6.9998],[-78.7406,-6.9993],[-78.7369,-6.9749],[-78.6966,-6.942],[-78.6866,-6.9114],[-78.655,-6.9071],[-78.6339,-6.89],[-78.6115,-6.8353],[-78.6281,-6.8272],[-78.6269,-6.7934],[-78.639,-6.7774],[-78.6779,-6.7609],[-78.6933,-6.7427],[-78.705,-6.7512],[-78.7184,-6.7397],[-78.7462,-6.7446],[-78.8099,-6.7007],[-78.811,-6.7003]]]}},{"type":"Feature","id":"0612","properties":{"ubigeo":"0612","nombre_departamento":"cajamarca","nombre_provincia":"san pablo","nombre_distrito":"","capital":"san pablo"},"geometry":{"type":"Polygon","coordinates":[[[-78.6109,-6.8536],[-78.6255,-6.8563],[-78.6277,-6.8783],[-78.6497,-6.9045],[-78.6897,-6.9147],[-78.6966,-6.942],[-78.7369,-6.9749],[-78.7406,-6.9993],[-78.7601,-6.9998],[-78.7864,-7.0237],[-78.8251,-7.021],[-78.8654,-7.0428],[-78.8732,-7.0832],[-78.8829,-7.0913],[-78.8814,-7.1558],[-78.9195,-7.2109],[-78.8955,-7.2288],[-78.8671,-7.2203],[-78.8064,-7.2242],[-78.7798,-7.2142],[-78.7485,-7.2201],[-78.7309,-7.2121],[-78.72,-7.1708],[-78.6623,-7.1041],[-78.637,-7.0575],[-78.6279,-7.0164],[-78.6052,-6.9976],[-78.6135,-6.9198],[-78.5986,-6.8815],[-78.6096,-6.8538],[-78.6109,-6.8536]]]}},{"type":"Feature","id":"0613","properties":{"ubigeo":"0613","nombre_departamento":"cajamarca","nombre_provincia":"santa cruz","nombre_distrito":"","capital":"santa cruz"},"geometry":{"type":"Polygon","coordinates":[[[-78.914,-6.5217],[-78.9286,-6.5035],[-78.9659,-6.5318],[-78.9885,-6.5117],[-79.0238,-6.5128],[-79.0478,-6.5248],[-79.06,-6.5182],[-79.0875,-6.5581],[-79.0943,-6.6017],[-79.1268,-6.6322],[-79.1937,-6.6284],[-79.2214,-6.6125],[-79.2529,-6.6095],[-79.2393,-6.6192],[-79.2184,-6.6927],[-79.1964,-6.6952],[-79.1884,-6.7165],[-79.171,-6.7017],[-79.142,-6.7004],[-79.1387,-6.7392],[-79.1217,-6.7725],[-79.1267,-6.7846],[-79.2071,-6.8214],[-79.1337,-6.8691],[-79.0819,-6.8735],[-79.0497,-6.8362],[-78.9785,-6.8624],[-78.9364,-6.8396],[-78.8832,-6.8435],[-78.8869,-6.7972],[-78.8495,-6.7387],[-78.8525,-6.7106],[-78.8176,-6.6932],[-78.7462,-6.7446],[-78.7196,-6.7426],[-78.7254,-6.7147],[-78.74,-6.7044],[-78.7695,-6.6511],[-78.7575,-6.6306],[-78.7597,-6.5969],[-78.7729,-6.58],[-78.786,-6.5825],[-78.7766,-6.5631],[-78.8096,-6.5543],[-78.8233,-6.5257],[-78.9127,-6.5222],[-78.914,-6.5217]]]}},{"type":"Feature","id":"0701","properties":{"ubigeo":"0701","nombre_departamento":"callao","nombre_provincia":"callao","nombre_distrito":"","capital":"callao"},"geometry":{"type":"Polygon","coordinates":[[[-77.135,-11.8182],[-77.188,-11.8286],[-77.1578,-11.8719],[-77.1334,-11.9691],[-77.1555,-12.0462],[-77.143,-12.0374],[-77.1408,-12.0457],[-77.1471,-12.0554],[-77.155,-12.0493],[-77.1486,-12.0586],[-77.1709,-12.0722],[-77.1457,-12.0675],[-77.1115,-12.0795],[-77.1047,-12.0633],[-77.0871,-12.0615],[-77.0779,-12.0466],[-77.0963,-12.0336],[-77.0893,-12.0117],[-77.118,-11.9949],[-77.1097,-11.9762],[-77.1286,-11.9381],[-77.0952,-11.9497],[-77.104,-11.9357],[-77.0893,-11.8992],[-77.0953,-11.8732],[-77.1162,-11.8486],[-77.1164,-11.8312],[-77.1348,-11.8183],[-77.135,-11.8182]]]}},{"type":"Feature","id":"0801","properties":{"ubigeo":"0801","nombre_departamento":"cusco","nombre_provincia":"cusco","nombre_distrito":"","capital":"cusco"},"geometry":{"type":"Polygon","coordinates":[[[-71.9619,-13.4397],[-71.9802,-13.4295],[-72.0006,-13.444],[-72.0182,-13.4748],[-72.0514,-13.4898],[-72.0615,-13.5279],[-72.0782,-13.5284],[-72.1031,-13.5533],[-72.139,-13.5381],[-72.1587,-13.5438],[-72.1637,-13.6079],[-72.1354,-13.6246],[-72.1322,-13.6393],[-72.1147,-13.6284],[-72.0917,-13.6492],[-72.0461,-13.6387],[-72.0221,-13.6134],[-71.9284,-13.6154],[-71.9156,-13.5936],[-71.8432,-13.6308],[-71.8198,-13.6078],[-71.8356,-13.5908],[-71.8143,-13.5681],[-71.8208,-13.5201],[-71.8046,-13.5083],[-71.8465,-13.4866],[-71.8552,-13.4959],[-71.8838,-13.4978],[-71.9317,-13.4676],[-71.9245,-13.4593],[-71.9292,-13.4361],[-71.9607,-13.4399],[-71.9619,-13.4397]]]}},{"type":"Feature","id":"0802","properties":{"ubigeo":"0802","nombre_departamento":"cusco","nombre_provincia":"acomayo","nombre_distrito":"","capital":"acomayo"},"geometry":{"type":"Polygon","coordinates":[[[-71.7533,-13.7107],[-71.7898,-13.6984],[-71.8296,-13.78],[-71.8344,-13.8114],[-71.8072,-13.8281],[-71.7989,-13.868],[-71.808,-13.8714],[-71.8091,-13.8945],[-71.7799,-13.9066],[-71.777,-13.9397],[-71.7287,-13.9765],[-71.7185,-14.0593],[-71.7005,-14.1154],[-71.6249,-14.1367],[-71.6058,-14.1542],[-71.5949,-14.1494],[-71.5843,-14.1018],[-71.5574,-14.0835],[-71.4952,-14.1379],[-71.4672,-14.1288],[-71.4609,-14.1087],[-71.441,-14.1059],[-71.4392,-14.0739],[-71.4485,-14.0544],[-71.4799,-14.0334],[-71.4916,-13.9875],[-71.5142,-13.9828],[-71.5373,-13.9411],[-71.5477,-13.945],[-71.5641,-13.9333],[-71.5672,-13.9233],[-71.558,-13.9217],[-71.5654,-13.9033],[-71.6009,-13.9063],[-71.6215,-13.896],[-71.6465,-13.8238],[-71.7125,-13.8203],[-71.696,-13.7957],[-71.7035,-13.7589],[-71.714,-13.7418],[-71.7375,-13.7358],[-71.7527,-13.7108],[-71.7533,-13.7107]]]}},{"type":"Feature","id":"0803","properties":{"ubigeo":"0803","nombre_departamento":"cusco","nombre_provincia":"anta","nombre_distrito":"","capital":"anta"},"geometry":{"type":"Polygon","coordinates":[[[-72.3471,-13.3003],[-72.3635,-13.2848],[-72.3858,-13.3045],[-72.3813,-13.3424],[-72.3735,-13.3425],[-72.3691,-13.3583],[-72.3753,-13.3637],[-72.409,-13.3449],[-72.4406,-13.344],[-72.4518,-13.3628],[-72.5327,-13.373],[-72.541,-13.3666],[-72.5355,-13.3491],[-72.5522,-13.3336],[-72.6144,-13.3836],[-72.6297,-13.3747],[-72.6525,-13.3966],[-72.6853,-13.4067],[-72.6938,-13.4209],[-72.7212,-13.4048],[-72.7459,-13.4156],[-72.7729,-13.4489],[-72.7485,-13.4811],[-72.7163,-13.4904],[-72.6721,-13.5221],[-72.6559,-13.5135],[-72.6408,-13.5396],[-72.6014,-13.5443],[-72.5934,-13.5622],[-72.5743,-13.5625],[-72.5605,-13.5518],[-72.5435,-13.558],[-72.5362,-13.5721],[-72.5232,-13.5666],[-72.4948,-13.5793],[-72.489,-13.5918],[-72.4659,-13.5878],[-72.4214,-13.6061],[-72.3998,-13.6337],[-72.403,-13.6586],[-72.3694,-13.6657],[-72.3546,-13.6816],[-72.315,-13.6983],[-72.3123,-13.7085],[-72.2903,-13.6901],[-72.2614,-13.6822],[-72.2506,-13.6929],[-72.2444,-13.6877],[-72.2284,-13.714],[-72.1672,-13.649],[-72.1322,-13.6393],[-72.1354,-13.6246],[-72.1646,-13.6063],[-72.1587,-13.5438],[-72.139,-13.5381],[-72.1057,-13.554],[-72.0782,-13.5284],[-72.0615,-13.5279],[-72.0514,-13.4898],[-72.0182,-13.4748],[-72,-13.4454],[-72.0173,-13.4387],[-72.0417,-13.4527],[-72.0594,-13.4518],[-72.0726,-13.4364],[-72.1083,-13.4229],[-72.1177,-13.3965],[-72.1331,-13.3892],[-72.1702,-13.3923],[-72.21,-13.3668],[-72.2183,-13.3268],[-72.2663,-13.3305],[-72.2854,-13.3117],[-72.3357,-13.3147],[-72.3469,-13.301],[-72.3471,-13.3003]]]}},{"type":"Feature","id":"0804","properties":{"ubigeo":"0804","nombre_departamento":"cusco","nombre_provincia":"calca","nombre_distrito":"","capital":"calca"},"geometry":{"type":"Polygon","coordinates":[[[-72.0516,-12.5172],[-72.0643,-12.5066],[-72.0754,-12.5176],[-72.0886,-12.5151],[-72.1245,-12.5485],[-72.1214,-12.5788],[-72.1373,-12.621],[-72.1858,-12.6571],[-72.2246,-12.6651],[-72.3668,-12.6317],[-72.3644,-12.6456],[-72.3217,-12.6694],[-72.353,-12.6866],[-72.3629,-12.7186],[-72.3651,-12.7802],[-72.3552,-12.7888],[-72.3616,-12.8272],[-72.3339,-12.8647],[-72.3381,-12.8786],[-72.3119,-12.9236],[-72.2262,-12.9531],[-72.2137,-12.9956],[-72.1823,-13.0067],[-72.1693,-13.0242],[-72.1911,-13.0954],[-72.1661,-13.1131],[-72.1524,-13.1386],[-72.1501,-13.175],[-72.1377,-13.1883],[-72.0983,-13.189],[-72.0596,-13.215],[-72.0399,-13.3162],[-72.0344,-13.3245],[-72.0254,-13.3158],[-72.0176,-13.3203],[-71.9848,-13.3786],[-71.9741,-13.3828],[-71.9689,-13.4005],[-71.9802,-13.4295],[-71.9554,-13.4407],[-71.9292,-13.4361],[-71.9245,-13.4593],[-71.9317,-13.4676],[-71.8838,-13.4978],[-71.8552,-13.4959],[-71.8465,-13.4866],[-71.8023,-13.5086],[-71.7446,-13.5752],[-71.7195,-13.5525],[-71.7264,-13.4939],[-71.738,-13.4769],[-71.7284,-13.4732],[-71.7362,-13.4627],[-71.7257,-13.4568],[-71.7548,-13.4313],[-71.7437,-13.4195],[-71.7251,-13.4208],[-71.7277,-13.4065],[-71.7548,-13.3656],[-71.7833,-13.3428],[-71.7945,-13.3174],[-71.8213,-13.3196],[-71.838,-13.3013],[-71.83,-13.2788],[-71.8642,-13.2271],[-71.8548,-13.2066],[-71.8715,-13.1874],[-71.8801,-13.1531],[-71.8624,-13.1368],[-71.8632,-13.1256],[-71.8859,-13.1096],[-71.8785,-13.0984],[-71.8894,-13.0862],[-71.8889,-13.0535],[-71.9107,-13.0321],[-71.8806,-12.9928],[-71.8501,-12.986],[-71.8452,-12.9626],[-71.8294,-12.9564],[-71.8239,-12.9302],[-71.8647,-12.8888],[-71.8657,-12.8728],[-71.877,-12.8639],[-71.8763,-12.8413],[-71.8943,-12.8296],[-71.8948,-12.8111],[-71.8775,-12.7958],[-71.9212,-12.7528],[-71.8997,-12.737],[-71.9182,-12.7202],[-71.9174,-12.6993],[-71.9649,-12.6936],[-71.9786,-12.6833],[-71.9701,-12.6621],[-71.9561,-12.6545],[-71.9653,-12.6145],[-71.9842,-12.6082],[-71.9814,-12.5805],[-72.0005,-12.5696],[-72.0288,-12.5264],[-72.0518,-12.5187],[-72.0516,-12.5172]]]}},{"type":"Feature","id":"0805","properties":{"ubigeo":"0805","nombre_departamento":"cusco","nombre_provincia":"canas","nombre_distrito":"","capital":"yanaoca"},"geometry":{"type":"Polygon","coordinates":[[[-71.5112,-14.121],[-71.5574,-14.0835],[-71.5843,-14.1018],[-71.5953,-14.1344],[-71.5957,-14.1499],[-71.5499,-14.1752],[-71.515,-14.2525],[-71.5259,-14.2657],[-71.5491,-14.2624],[-71.5602,-14.3414],[-71.5549,-14.3618],[-71.5686,-14.375],[-71.5534,-14.3848],[-71.5497,-14.4055],[-71.6091,-14.4451],[-71.605,-14.4776],[-71.6253,-14.4985],[-71.6463,-14.5024],[-71.6478,-14.5322],[-71.6154,-14.5333],[-71.6085,-14.5441],[-71.5812,-14.5479],[-71.5436,-14.538],[-71.5308,-14.5706],[-71.4888,-14.5787],[-71.4282,-14.6222],[-71.4172,-14.6021],[-71.3831,-14.6091],[-71.3743,-14.6204],[-71.3385,-14.6148],[-71.308,-14.6602],[-71.2959,-14.6414],[-71.2592,-14.653],[-71.2478,-14.6406],[-71.2144,-14.6481],[-71.1822,-14.6144],[-71.1489,-14.6402],[-71.1179,-14.6489],[-71.1091,-14.634],[-71.0739,-14.6314],[-71.031,-14.5933],[-71.0101,-14.5975],[-71.0203,-14.5847],[-71.0041,-14.5728],[-70.9765,-14.5823],[-70.9662,-14.5678],[-70.9993,-14.5026],[-70.9866,-14.4987],[-70.988,-14.4553],[-70.9624,-14.4445],[-70.9736,-14.4183],[-70.99,-14.4297],[-71.0261,-14.4297],[-71.0369,-14.452],[-71.0731,-14.4502],[-71.0867,-14.473],[-71.0982,-14.4581],[-71.1358,-14.4636],[-71.14,-14.4413],[-71.1679,-14.446],[-71.191,-14.4294],[-71.2099,-14.4291],[-71.2587,-14.3776],[-71.2458,-14.3678],[-71.2488,-14.3313],[-71.2942,-14.3132],[-71.3353,-14.3314],[-71.3263,-14.3082],[-71.3297,-14.2816],[-71.3532,-14.287],[-71.3718,-14.2782],[-71.3667,-14.2299],[-71.3925,-14.2148],[-71.3971,-14.2004],[-71.416,-14.2099],[-71.4411,-14.1536],[-71.4167,-14.1155],[-71.4243,-14.1065],[-71.4574,-14.1066],[-71.4672,-14.1288],[-71.4918,-14.1383],[-71.5102,-14.1213],[-71.5112,-14.121]],[[-71.2803,-14.4347],[-71.2482,-14.4389],[-71.1963,-14.4766],[-71.1664,-14.4842],[-71.1563,-14.4976],[-71.168,-14.5214],[-71.2281,-14.5004],[-71.2737,-14.4594],[-71.2804,-14.4347],[-71.2803,-14.4347]]]}},{"type":"Feature","id":"0806","properties":{"ubigeo":"0806","nombre_departamento":"cusco","nombre_provincia":"canchis","nombre_distrito":"","capital":"sicuani"},"geometry":{"type":"Polygon","coordinates":[[[-71.0353,-13.7533],[-71.081,-13.7255],[-71.1035,-13.7604],[-71.1222,-13.7616],[-71.1369,-13.7444],[-71.1638,-13.7432],[-71.1832,-13.7887],[-71.1931,-13.7932],[-71.2232,-13.7801],[-71.2414,-13.8189],[-71.2904,-13.8284],[-71.3046,-13.8569],[-71.3008,-13.873],[-71.3114,-13.8759],[-71.3078,-13.89],[-71.3198,-13.9058],[-71.3522,-13.9012],[-71.3741,-13.9206],[-71.3926,-13.8964],[-71.4075,-13.8965],[-71.4227,-13.9258],[-71.441,-13.926],[-71.4428,-13.9378],[-71.474,-13.9259],[-71.5136,-13.9608],[-71.518,-13.9749],[-71.4916,-13.9875],[-71.4799,-14.0334],[-71.4485,-14.0544],[-71.4394,-14.0735],[-71.4412,-14.1028],[-71.4167,-14.1153],[-71.4411,-14.1536],[-71.416,-14.2099],[-71.3971,-14.2004],[-71.3925,-14.2148],[-71.3667,-14.2299],[-71.3709,-14.2795],[-71.3281,-14.2845],[-71.3263,-14.3082],[-71.3366,-14.3307],[-71.2942,-14.3132],[-71.256,-14.3254],[-71.2458,-14.3678],[-71.2587,-14.3776],[-71.2322,-14.4004],[-71.2263,-14.418],[-71.1682,-14.4459],[-71.14,-14.4413],[-71.1358,-14.4636],[-71.0982,-14.4581],[-71.0867,-14.473],[-71.0731,-14.4502],[-71.0369,-14.452],[-71.0252,-14.4293],[-70.9877,-14.4285],[-70.9787,-14.4167],[-70.986,-14.3798],[-70.9705,-14.3783],[-70.9621,-14.3612],[-70.9298,-14.3409],[-70.9122,-14.3415],[-70.9135,-14.3033],[-70.8928,-14.2867],[-70.891,-14.2727],[-70.8799,-14.2704],[-70.8998,-14.233],[-70.8946,-14.2091],[-70.8821,-14.1988],[-70.8866,-14.1723],[-70.8211,-14.1411],[-70.7898,-14.0788],[-70.8179,-14.0676],[-70.8295,-14.0763],[-70.8317,-14.0615],[-70.8495,-14.0542],[-70.8618,-14.0262],[-70.8407,-14.009],[-70.8526,-13.9982],[-70.8468,-13.9651],[-70.8097,-13.9123],[-70.8309,-13.8951],[-70.8256,-13.8781],[-70.8334,-13.8558],[-70.8542,-13.8535],[-70.8812,-13.8328],[-70.8644,-13.7932],[-70.8883,-13.7779],[-70.9131,-13.8142],[-70.935,-13.8006],[-70.9572,-13.8046],[-70.9887,-13.7629],[-71.0341,-13.7534],[-71.0353,-13.7533]]]}},{"type":"Feature","id":"0807","properties":{"ubigeo":"0807","nombre_departamento":"cusco","nombre_provincia":"chumbivilcas","nombre_distrito":"","capital":"santo tomas"},"geometry":{"type":"Polygon","coordinates":[[[-72.0391,-13.9412],[-72.0557,-13.9348],[-72.0602,-13.9651],[-72.0512,-14.0267],[-72.0679,-14.0765],[-72.0567,-14.1293],[-72.0952,-14.1734],[-72.0765,-14.2074],[-72.1259,-14.254],[-72.1612,-14.2638],[-72.1871,-14.3132],[-72.2056,-14.3202],[-72.2248,-14.3493],[-72.2395,-14.3485],[-72.2495,-14.4029],[-72.2948,-14.4108],[-72.2899,-14.4239],[-72.3172,-14.4407],[-72.3409,-14.4278],[-72.3576,-14.436],[-72.3655,-14.4618],[-72.3949,-14.483],[-72.4405,-14.4817],[-72.4444,-14.497],[-72.503,-14.5518],[-72.4617,-14.6059],[-72.4718,-14.6614],[-72.4601,-14.6758],[-72.4719,-14.7058],[-72.4872,-14.7139],[-72.4867,-14.742],[-72.4686,-14.7625],[-72.4692,-14.787],[-72.4346,-14.7901],[-72.4104,-14.8257],[-72.3154,-14.8339],[-72.2526,-14.8037],[-72.2416,-14.8125],[-72.2122,-14.8032],[-72.1893,-14.7782],[-72.1597,-14.7863],[-72.1457,-14.7774],[-72.1317,-14.7894],[-72.1386,-14.8122],[-72.1312,-14.8283],[-72.0902,-14.8568],[-72.0766,-14.8837],[-72.0468,-14.8874],[-72.0403,-14.8392],[-72.0252,-14.8291],[-72.0405,-14.8105],[-72.0345,-14.7929],[-72.0478,-14.7388],[-72.0444,-14.7028],[-72.0083,-14.6407],[-71.9879,-14.6329],[-71.9736,-14.658],[-71.9297,-14.6886],[-71.9522,-14.7038],[-71.946,-14.7111],[-71.959,-14.7326],[-71.9328,-14.7565],[-71.924,-14.7898],[-71.8939,-14.7896],[-71.9021,-14.7668],[-71.8791,-14.7573],[-71.8927,-14.7465],[-71.8806,-14.7104],[-71.8675,-14.7105],[-71.8499,-14.6891],[-71.8224,-14.7059],[-71.8003,-14.71],[-71.784,-14.7018],[-71.7777,-14.6825],[-71.7603,-14.6793],[-71.7371,-14.6581],[-71.7538,-14.6249],[-71.7128,-14.6104],[-71.7124,-14.5823],[-71.7036,-14.573],[-71.6497,-14.5545],[-71.6463,-14.5024],[-71.6253,-14.4985],[-71.605,-14.4776],[-71.6091,-14.4451],[-71.5497,-14.4055],[-71.5534,-14.3848],[-71.5686,-14.375],[-71.5549,-14.3618],[-71.5602,-14.3414],[-71.5491,-14.2624],[-71.5259,-14.2657],[-71.515,-14.2525],[-71.5222,-14.2222],[-71.5603,-14.1638],[-71.588,-14.1491],[-71.6092,-14.1539],[-71.6249,-14.1367],[-71.6997,-14.1163],[-71.6823,-14.146],[-71.6734,-14.1962],[-71.6877,-14.2408],[-71.6797,-14.2649],[-71.693,-14.2788],[-71.7289,-14.2658],[-71.7461,-14.2749],[-71.7597,-14.2597],[-71.7403,-14.2538],[-71.7407,-14.24],[-71.7637,-14.1924],[-71.802,-14.1797],[-71.8102,-14.2001],[-71.8321,-14.204],[-71.8661,-14.2043],[-71.886,-14.1937],[-71.9173,-14.155],[-71.9019,-14.1369],[-71.9033,-14.1083],[-71.9104,-14.0577],[-71.9436,-14.0063],[-71.9374,-13.9805],[-71.9579,-13.993],[-71.968,-13.9603],[-71.9855,-13.9468],[-72.0383,-13.9413],[-72.0391,-13.9412]]]}},{"type":"Feature","id":"0808","properties":{"ubigeo":"0808","nombre_departamento":"cusco","nombre_provincia":"espinar","nombre_distrito":"","capital":"espinar (yauri)"},"geometry":{"type":"Polygon","coordinates":[[[-71.6303,-14.5301],[-71.6474,-14.5317],[-71.6588,-14.5629],[-71.7041,-14.5733],[-71.7124,-14.5823],[-71.7128,-14.6104],[-71.7538,-14.6249],[-71.7371,-14.6581],[-71.7603,-14.6793],[-71.7777,-14.6825],[-71.784,-14.7018],[-71.8003,-14.71],[-71.8224,-14.7059],[-71.8499,-14.6891],[-71.8675,-14.7105],[-71.8806,-14.7104],[-71.8915,-14.735],[-71.8923,-14.7475],[-71.8791,-14.7573],[-71.9024,-14.7703],[-71.8939,-14.7896],[-71.8761,-14.8013],[-71.8691,-14.836],[-71.855,-14.8546],[-71.8612,-14.8814],[-71.8273,-14.8888],[-71.8263,-14.9066],[-71.793,-14.8962],[-71.7852,-14.9126],[-71.746,-14.9399],[-71.7702,-14.9822],[-71.766,-15.0096],[-71.8493,-15.0451],[-71.8376,-15.0748],[-71.8155,-15.0782],[-71.8015,-15.0673],[-71.7725,-15.0824],[-71.6737,-15.0891],[-71.636,-15.1391],[-71.6146,-15.1459],[-71.5883,-15.1278],[-71.5723,-15.0619],[-71.5134,-15.0798],[-71.4859,-15.0591],[-71.4846,-15.0393],[-71.5037,-15.0273],[-71.5102,-15.0046],[-71.5052,-14.9756],[-71.4475,-14.9798],[-71.443,-14.9956],[-71.4267,-15.0021],[-71.4174,-15.0337],[-71.3969,-15.0452],[-71.3717,-15.0802],[-71.3299,-15.0995],[-71.3191,-15.1197],[-71.2606,-15.0783],[-71.2655,-15.063],[-71.2436,-15.0568],[-71.2265,-15.0696],[-71.216,-15.0493],[-71.2073,-15.0506],[-71.1967,-15.0889],[-71.1656,-15.0968],[-71.1433,-15.1216],[-71.149,-15.1377],[-71.1849,-15.1698],[-71.1603,-15.2078],[-71.2021,-15.2451],[-71.1946,-15.2709],[-71.1642,-15.2909],[-71.1662,-15.3209],[-71.1505,-15.3559],[-71.1695,-15.3823],[-71.1743,-15.4245],[-71.1503,-15.4406],[-71.1201,-15.4271],[-71.1018,-15.4548],[-71.073,-15.4521],[-71.0755,-15.4383],[-71.0441,-15.4181],[-71.0061,-15.3352],[-70.9851,-15.3167],[-70.9591,-15.3191],[-70.9502,-15.302],[-70.9853,-15.249],[-70.9625,-15.2156],[-70.982,-15.1495],[-70.9786,-15.1114],[-70.9941,-15.0948],[-70.9934,-15.0358],[-71.0042,-14.9987],[-71.0041,-14.9719],[-70.9847,-14.9461],[-70.9966,-14.8439],[-70.9947,-14.8299],[-70.9783,-14.8242],[-70.9837,-14.786],[-70.9755,-14.7641],[-71.0131,-14.7397],[-71.0278,-14.7601],[-71.0357,-14.7521],[-71.0532,-14.7543],[-71.0895,-14.7132],[-71.088,-14.6957],[-71.1101,-14.6735],[-71.1179,-14.6489],[-71.1489,-14.6402],[-71.1803,-14.6145],[-71.2144,-14.6481],[-71.2478,-14.6406],[-71.2592,-14.653],[-71.2959,-14.6414],[-71.308,-14.6602],[-71.3365,-14.6156],[-71.3743,-14.6204],[-71.3831,-14.6091],[-71.4172,-14.6021],[-71.4282,-14.6222],[-71.4888,-14.5787],[-71.5308,-14.5706],[-71.5436,-14.538],[-71.5831,-14.5478],[-71.6294,-14.5306],[-71.6303,-14.5301]]]}},{"type":"Feature","id":"0809","properties":{"ubigeo":"0809","nombre_departamento":"cusco","nombre_provincia":"la convencion","nombre_distrito":"","capital":"quillabamba"},"geometry":{"type":"Polygon","coordinates":[[[-72.9728,-11.2519],[-72.9755,-11.2244],[-72.9662,-11.2173],[-72.9771,-11.2123],[-73.0157,-11.2314],[-73.0256,-11.2642],[-73.065,-11.2844],[-73.0821,-11.2733],[-73.1317,-11.2939],[-73.1865,-11.286],[-73.256,-11.3125],[-73.3462,-11.3135],[-73.3517,-11.3323],[-73.3787,-11.3507],[-73.3863,-11.3713],[-73.4197,-11.3839],[-73.4766,-11.4584],[-73.4797,-11.4714],[-73.4538,-11.5053],[-73.4504,-11.5331],[-73.4871,-11.5349],[-73.5023,-11.5632],[-73.566,-11.5982],[-73.6044,-11.6524],[-73.6121,-11.6798],[-73.5719,-11.7426],[-73.5813,-11.7891],[-73.5775,-11.8365],[-73.4905,-11.8782],[-73.4627,-11.9298],[-73.4416,-11.9413],[-73.4452,-11.961],[-73.4301,-11.9821],[-73.4355,-11.9967],[-73.4214,-12.0154],[-73.4053,-12.0055],[-73.3979,-12.0209],[-73.4084,-12.0642],[-73.3912,-12.0757],[-73.401,-12.0908],[-73.3551,-12.1128],[-73.3648,-12.1376],[-73.4414,-12.154],[-73.4699,-12.2369],[-73.4978,-12.2524],[-73.5217,-12.25],[-73.5743,-12.2768],[-73.5921,-12.3342],[-73.5861,-12.3662],[-73.5979,-12.385],[-73.6284,-12.3737],[-73.6365,-12.3788],[-73.6577,-12.3595],[-73.6599,-12.3287],[-73.7031,-12.2705],[-73.7375,-12.2666],[-73.7618,-12.2529],[-73.7956,-12.2623],[-73.8251,-12.2442],[-73.8678,-12.2441],[-73.8833,-12.2622],[-73.9249,-12.2832],[-73.9547,-12.2819],[-73.974,-12.3058],[-73.9701,-12.3478],[-73.9478,-12.3507],[-73.928,-12.3788],[-73.8859,-12.4061],[-73.8543,-12.4891],[-73.8544,-12.5322],[-73.8442,-12.5395],[-73.824,-12.5335],[-73.8048,-12.576],[-73.8001,-12.6155],[-73.7566,-12.6515],[-73.725,-12.6367],[-73.7121,-12.666],[-73.6561,-12.7235],[-73.6599,-12.7344],[-73.6257,-12.765],[-73.6267,-12.7877],[-73.6155,-12.808],[-73.59,-12.8242],[-73.5819,-12.8587],[-73.5237,-12.8995],[-73.5298,-12.932],[-73.5203,-12.9392],[-73.4959,-12.9335],[-73.5102,-12.9515],[-73.508,-12.9719],[-73.53,-12.9853],[-73.5199,-13.0047],[-73.5047,-13.0111],[-73.4766,-13.0011],[-73.4785,-13.0343],[-73.4925,-13.047],[-73.4901,-13.067],[-73.4782,-13.0559],[-73.4619,-13.08],[-73.4493,-13.0796],[-73.4554,-13.0934],[-73.4435,-13.1048],[-73.4552,-13.1207],[-73.4348,-13.14],[-73.4241,-13.1304],[-73.4147,-13.1451],[-73.4022,-13.1817],[-73.415,-13.1955],[-73.4096,-13.2119],[-73.3823,-13.2249],[-73.3643,-13.2694],[-73.3462,-13.2784],[-73.3527,-13.2907],[-73.341,-13.2919],[-73.3482,-13.3023],[-73.3114,-13.3259],[-73.3121,-13.3378],[-73.2896,-13.355],[-73.2869,-13.3726],[-73.2601,-13.3842],[-73.2496,-13.403],[-73.2119,-13.4191],[-73.2048,-13.4117],[-73.1871,-13.4164],[-73.1861,-13.4411],[-73.1751,-13.4516],[-73.1486,-13.4352],[-73.1441,-13.4191],[-73.1261,-13.44],[-73.1107,-13.4345],[-73.0973,-13.4489],[-73.0604,-13.438],[-73.0441,-13.412],[-73.0151,-13.4267],[-72.9771,-13.3882],[-72.925,-13.383],[-72.8948,-13.3895],[-72.8841,-13.417],[-72.8383,-13.4271],[-72.7975,-13.4222],[-72.797,-13.4512],[-72.7858,-13.4581],[-72.7459,-13.4156],[-72.7212,-13.4048],[-72.6938,-13.4209],[-72.6853,-13.4067],[-72.6525,-13.3966],[-72.6297,-13.3747],[-72.6144,-13.3836],[-72.5467,-13.3326],[-72.5443,-13.3046],[-72.5556,-13.2735],[-72.5517,-13.2189],[-72.5644,-13.2123],[-72.5666,-13.1753],[-72.5794,-13.1726],[-72.58,-13.1453],[-72.6007,-13.1067],[-72.5702,-13.0929],[-72.5528,-13.0951],[-72.5397,-13.083],[-72.4858,-13.1018],[-72.4698,-13.1234],[-72.4488,-13.1279],[-72.4367,-13.1515],[-72.3922,-13.1742],[-72.3662,-13.1606],[-72.3217,-13.1617],[-72.3007,-13.1357],[-72.3056,-13.1172],[-72.2886,-13.1054],[-72.2768,-13.1226],[-72.2527,-13.1235],[-72.2462,-13.1388],[-72.2306,-13.1433],[-72.2228,-13.0999],[-72.1964,-13.1047],[-72.1693,-13.0242],[-72.1823,-13.0067],[-72.2137,-12.9956],[-72.2262,-12.9531],[-72.3119,-12.9236],[-72.3381,-12.8786],[-72.3339,-12.8647],[-72.3552,-12.8451],[-72.3623,-12.8244],[-72.3552,-12.7888],[-72.3662,-12.7675],[-72.3629,-12.7186],[-72.353,-12.6866],[-72.3217,-12.6694],[-72.3699,-12.6386],[-72.3658,-12.631],[-72.3359,-12.6329],[-72.314,-12.65],[-72.2246,-12.6651],[-72.1858,-12.6571],[-72.1516,-12.6344],[-72.136,-12.6187],[-72.1214,-12.5788],[-72.1245,-12.5485],[-72.0907,-12.5162],[-72.0707,-12.5123],[-72.079,-12.4986],[-72.0606,-12.4384],[-72.0091,-12.4037],[-71.9766,-12.3995],[-71.9633,-12.3769],[-71.9672,-12.3476],[-71.9457,-12.3312],[-72.0289,-12.2872],[-72.0434,-12.2549],[-72.1056,-12.2388],[-72.0922,-12.1944],[-72.1004,-12.1694],[-72.0876,-12.1427],[-72.0944,-12.0852],[-72.1737,-12.0598],[-72.2689,-12.0544],[-72.2696,-12.0228],[-72.2592,-12.0057],[-72.2815,-11.9958],[-72.2862,-11.9753],[-72.3405,-11.9658],[-72.3368,-11.9373],[-72.3475,-11.8913],[-72.3318,-11.8561],[-72.3908,-11.8276],[-72.391,-11.8066],[-72.3708,-11.785],[-72.385,-11.7617],[-72.4251,-11.7332],[-72.4282,-11.7052],[-72.4101,-11.693],[-72.4053,-11.6748],[-72.3877,-11.6605],[-72.3903,-11.6507],[-72.3782,-11.6472],[-72.371,-11.6308],[-72.3556,-11.635],[-72.348,-11.6179],[-72.3079,-11.5875],[-72.313,-11.5615],[-72.298,-11.5041],[-72.3042,-11.4971],[-72.2875,-11.4666],[-72.2926,-11.4333],[-72.2708,-11.4002],[-72.2479,-11.385],[-72.2392,-11.346],[-72.2478,-11.3448],[-72.2489,-11.3333],[-72.2801,-11.3396],[-72.2838,-11.3169],[-72.3077,-11.307],[-72.3228,-11.3247],[-72.3229,-11.3168],[-72.334,-11.3158],[-72.361,-11.3339],[-72.3788,-11.3326],[-72.3871,-11.3477],[-72.3996,-11.3434],[-72.4034,-11.3571],[-72.4129,-11.3516],[-72.4245,-11.356],[-72.4251,-11.3685],[-72.4492,-11.3708],[-72.449,-11.3858],[-72.4811,-11.3876],[-72.4931,-11.404],[-72.499,-11.395],[-72.5074,-11.4211],[-72.5181,-11.418],[-72.5167,-11.432],[-72.5336,-11.4392],[-72.5351,-11.4254],[-72.5363,-11.4348],[-72.5488,-11.4369],[-72.5477,-11.4483],[-72.5537,-11.4321],[-72.5818,-11.4391],[-72.5808,-11.4308],[-72.5961,-11.44],[-72.591,-11.4321],[-72.6003,-11.4185],[-72.6095,-11.4399],[-72.6075,-11.4293],[-72.6243,-11.4256],[-72.6172,-11.4178],[-72.6319,-11.4157],[-72.6342,-11.4051],[-72.6456,-11.4128],[-72.6657,-11.3859],[-72.6923,-11.3957],[-72.6986,-11.3804],[-72.7097,-11.3788],[-72.7128,-11.3472],[-72.7177,-11.3621],[-72.7382,-11.3474],[-72.7633,-11.3716],[-72.795,-11.3846],[-72.7895,-11.3686],[-72.797,-11.3644],[-72.7997,-11.3856],[-72.8162,-11.3751],[-72.8218,-11.3896],[-72.8425,-11.3868],[-72.834,-11.3743],[-72.8592,-11.3554],[-72.8771,-11.3643],[-72.8904,-11.3432],[-72.8947,-11.3583],[-72.9215,-11.3434],[-72.9232,-11.3551],[-72.9347,-11.3471],[-72.9213,-11.3352],[-72.9244,-11.3274],[-72.9447,-11.3399],[-72.9495,-11.3305],[-72.965,-11.3316],[-72.9519,-11.3275],[-72.9588,-11.3137],[-72.9444,-11.3099],[-72.9404,-11.3227],[-72.9323,-11.3095],[-72.9556,-11.3046],[-72.9528,-11.2933],[-72.9356,-11.2908],[-72.9559,-11.2634],[-72.9674,-11.2668],[-72.9713,-11.252],[-72.9728,-11.2519]]]}},{"type":"Feature","id":"0810","properties":{"ubigeo":"0810","nombre_departamento":"cusco","nombre_provincia":"paruro","nombre_distrito":"","capital":"paruro"},"geometry":{"type":"Polygon","coordinates":[[[-71.9112,-13.5944],[-71.9292,-13.6156],[-72.0231,-13.6137],[-72.0455,-13.6384],[-72.0715,-13.6475],[-72.1005,-13.6457],[-72.1147,-13.6284],[-72.1222,-13.6382],[-72.1657,-13.6481],[-72.2326,-13.7207],[-72.2064,-13.7281],[-72.1894,-13.7454],[-72.1659,-13.7476],[-72.1476,-13.7792],[-72.1317,-13.7869],[-72.0917,-13.8845],[-72.0557,-13.9349],[-72.0166,-13.9482],[-71.9855,-13.9468],[-71.968,-13.9603],[-71.9579,-13.993],[-71.9382,-13.9794],[-71.9436,-14.0063],[-71.9104,-14.0577],[-71.9033,-14.1083],[-71.9019,-14.1369],[-71.9173,-14.155],[-71.886,-14.1937],[-71.8661,-14.2043],[-71.8321,-14.204],[-71.8102,-14.2001],[-71.802,-14.1797],[-71.7637,-14.1924],[-71.7558,-14.2149],[-71.746,-14.2184],[-71.7398,-14.2527],[-71.7595,-14.2601],[-71.7449,-14.2753],[-71.7304,-14.2657],[-71.6927,-14.2787],[-71.6797,-14.2649],[-71.6877,-14.2408],[-71.6734,-14.1962],[-71.6823,-14.146],[-71.7015,-14.1244],[-71.7185,-14.0593],[-71.7287,-13.9765],[-71.777,-13.9397],[-71.7799,-13.9066],[-71.8091,-13.8945],[-71.808,-13.8714],[-71.7989,-13.868],[-71.8072,-13.8281],[-71.8344,-13.8114],[-71.8296,-13.78],[-71.7898,-13.6984],[-71.8269,-13.6727],[-71.8432,-13.6308],[-71.91,-13.5945],[-71.9112,-13.5944]]]}},{"type":"Feature","id":"0811","properties":{"ubigeo":"0811","nombre_departamento":"cusco","nombre_provincia":"paucartambo","nombre_distrito":"","capital":"paucartambo"},"geometry":{"type":"Polygon","coordinates":[[[-71.5984,-12.7004],[-71.639,-12.7094],[-71.6605,-12.7289],[-71.695,-12.7388],[-71.7081,-12.7729],[-71.7471,-12.7962],[-71.7602,-12.7879],[-71.7647,-12.7675],[-71.7995,-12.7656],[-71.8211,-12.7405],[-71.8861,-12.7307],[-71.9212,-12.7523],[-71.8775,-12.7958],[-71.8948,-12.8111],[-71.8943,-12.8296],[-71.8763,-12.8413],[-71.877,-12.8639],[-71.8657,-12.8728],[-71.8647,-12.8888],[-71.8239,-12.9302],[-71.8294,-12.9564],[-71.8452,-12.9626],[-71.8501,-12.986],[-71.8806,-12.9928],[-71.9107,-13.0321],[-71.8889,-13.0535],[-71.8894,-13.0862],[-71.8785,-13.0984],[-71.8859,-13.1096],[-71.8632,-13.1256],[-71.8624,-13.1368],[-71.8801,-13.1531],[-71.8715,-13.1874],[-71.8548,-13.2066],[-71.8642,-13.2271],[-71.83,-13.2788],[-71.838,-13.3013],[-71.8213,-13.3196],[-71.7945,-13.3174],[-71.7833,-13.3428],[-71.7548,-13.3656],[-71.7282,-13.4053],[-71.7251,-13.4208],[-71.7437,-13.4195],[-71.7548,-13.4313],[-71.7257,-13.4568],[-71.7362,-13.4627],[-71.7284,-13.4732],[-71.738,-13.4769],[-71.7264,-13.4939],[-71.7162,-13.5598],[-71.7243,-13.5724],[-71.7039,-13.5869],[-71.6808,-13.6295],[-71.6557,-13.64],[-71.6199,-13.5999],[-71.6247,-13.5652],[-71.574,-13.5696],[-71.5691,-13.5622],[-71.5459,-13.5992],[-71.512,-13.5756],[-71.5134,-13.5025],[-71.5266,-13.4698],[-71.5023,-13.4549],[-71.4688,-13.4942],[-71.4315,-13.5205],[-71.4042,-13.5048],[-71.3718,-13.4461],[-71.342,-13.4604],[-71.2984,-13.4543],[-71.2811,-13.4667],[-71.2665,-13.4652],[-71.2654,-13.481],[-71.2512,-13.4822],[-71.2189,-13.5178],[-71.1901,-13.5264],[-71.1802,-13.5005],[-71.1603,-13.4976],[-71.1433,-13.4765],[-71.1452,-13.4417],[-71.1615,-13.4095],[-71.1501,-13.3914],[-71.1527,-13.374],[-71.1122,-13.3181],[-71.1183,-13.3052],[-71.0969,-13.3033],[-71.0642,-13.2567],[-71.122,-13.2335],[-71.1349,-13.211],[-71.144,-13.1372],[-71.1669,-13.1021],[-71.1616,-13.0665],[-71.1738,-13.055],[-71.1665,-13.0177],[-71.1794,-12.9983],[-71.1719,-12.982],[-71.159,-12.9787],[-71.1621,-12.9668],[-71.1764,-12.9709],[-71.2209,-12.9577],[-71.2309,-12.9725],[-71.271,-12.9625],[-71.2723,-12.9541],[-71.3147,-12.9315],[-71.359,-12.8808],[-71.3751,-12.9005],[-71.3968,-12.8826],[-71.4164,-12.8941],[-71.4179,-12.8826],[-71.4272,-12.882],[-71.424,-12.8733],[-71.4374,-12.8763],[-71.4489,-12.8633],[-71.4451,-12.8407],[-71.4561,-12.8403],[-71.4462,-12.8277],[-71.4594,-12.8252],[-71.4957,-12.782],[-71.5123,-12.7452],[-71.5466,-12.7354],[-71.5527,-12.7087],[-71.5974,-12.7006],[-71.5984,-12.7004]]]}},{"type":"Feature","id":"0812","properties":{"ubigeo":"0812","nombre_departamento":"cusco","nombre_provincia":"quispicanchi","nombre_distrito":"","capital":"urcos"},"geometry":{"type":"Polygon","coordinates":[[[-70.828,-13.0675],[-70.8631,-13.0803],[-70.8993,-13.0697],[-70.8873,-13.1034],[-70.9214,-13.1108],[-70.9276,-13.1288],[-70.9423,-13.1355],[-70.9422,-13.1565],[-70.9772,-13.1697],[-70.9942,-13.2022],[-70.9909,-13.2215],[-71.0112,-13.2387],[-71.014,-13.2672],[-71.0363,-13.2705],[-71.0642,-13.2567],[-71.0969,-13.3033],[-71.1183,-13.3052],[-71.1122,-13.3181],[-71.131,-13.3361],[-71.1617,-13.4034],[-71.1452,-13.4417],[-71.1433,-13.4765],[-71.1603,-13.4976],[-71.1802,-13.5005],[-71.1901,-13.5264],[-71.2189,-13.5178],[-71.2512,-13.4822],[-71.2654,-13.481],[-71.2665,-13.4652],[-71.2811,-13.4667],[-71.2984,-13.4543],[-71.342,-13.4604],[-71.3718,-13.4461],[-71.4042,-13.5048],[-71.4315,-13.5205],[-71.4688,-13.4942],[-71.5023,-13.4549],[-71.5266,-13.4698],[-71.5134,-13.5025],[-71.512,-13.5756],[-71.5459,-13.5992],[-71.5691,-13.5622],[-71.574,-13.5696],[-71.6247,-13.5652],[-71.6199,-13.5999],[-71.6557,-13.64],[-71.6808,-13.6295],[-71.7039,-13.5869],[-71.7238,-13.573],[-71.7195,-13.5525],[-71.746,-13.5753],[-71.7796,-13.5256],[-71.8046,-13.5083],[-71.8209,-13.5206],[-71.8159,-13.5762],[-71.8356,-13.5908],[-71.8198,-13.6078],[-71.8432,-13.6308],[-71.8269,-13.6727],[-71.7932,-13.6979],[-71.7484,-13.7103],[-71.7369,-13.7365],[-71.713,-13.7428],[-71.696,-13.7957],[-71.7121,-13.8207],[-71.6465,-13.8238],[-71.6215,-13.896],[-71.6009,-13.9063],[-71.5654,-13.9033],[-71.558,-13.9217],[-71.5672,-13.9233],[-71.5641,-13.9333],[-71.5477,-13.945],[-71.5373,-13.9411],[-71.5268,-13.9629],[-71.5169,-13.9672],[-71.474,-13.9259],[-71.4428,-13.9378],[-71.441,-13.926],[-71.4227,-13.9258],[-71.4075,-13.8965],[-71.3926,-13.8964],[-71.3741,-13.9206],[-71.3522,-13.9012],[-71.3202,-13.906],[-71.3078,-13.89],[-71.3114,-13.8759],[-71.3008,-13.873],[-71.3046,-13.8569],[-71.29,-13.828],[-71.2414,-13.8189],[-71.2232,-13.7801],[-71.1931,-13.7932],[-71.1832,-13.7887],[-71.1638,-13.7432],[-71.1369,-13.7444],[-71.1222,-13.7616],[-71.1023,-13.7599],[-71.081,-13.7255],[-71.0356,-13.7532],[-70.9887,-13.7629],[-70.9572,-13.8046],[-70.935,-13.8006],[-70.9131,-13.8142],[-70.9049,-13.7924],[-70.8858,-13.778],[-70.8284,-13.8276],[-70.7677,-13.8144],[-70.7322,-13.8234],[-70.7092,-13.8431],[-70.6989,-13.8032],[-70.7354,-13.7353],[-70.7359,-13.7124],[-70.7212,-13.7002],[-70.7151,-13.6623],[-70.6895,-13.6526],[-70.6628,-13.6606],[-70.6162,-13.6091],[-70.5779,-13.5858],[-70.5436,-13.5776],[-70.5389,-13.5313],[-70.4888,-13.5004],[-70.4526,-13.4479],[-70.4718,-13.4399],[-70.4426,-13.3954],[-70.4511,-13.3652],[-70.4198,-13.3586],[-70.3995,-13.3716],[-70.3956,-13.3167],[-70.3681,-13.3071],[-70.3464,-13.313],[-70.3451,-13.2998],[-70.3734,-13.2748],[-70.4054,-13.2694],[-70.4227,-13.2555],[-70.4163,-13.2426],[-70.3884,-13.2282],[-70.3843,-13.2029],[-70.3955,-13.1831],[-70.4642,-13.1597],[-70.5494,-13.1532],[-70.5861,-13.1041],[-70.5995,-13.0991],[-70.6603,-13.0883],[-70.6852,-13.1068],[-70.7629,-13.1077],[-70.8263,-13.0686],[-70.828,-13.0675]]]}},{"type":"Feature","id":"0813","properties":{"ubigeo":"0813","nombre_departamento":"cusco","nombre_provincia":"urubamba","nombre_distrito":"","capital":"urubamba"},"geometry":{"type":"Polygon","coordinates":[[[-72.5209,-13.0935],[-72.5421,-13.0823],[-72.5528,-13.0951],[-72.5702,-13.0929],[-72.6008,-13.1073],[-72.58,-13.1453],[-72.5794,-13.1726],[-72.5666,-13.1753],[-72.5644,-13.2123],[-72.5517,-13.2189],[-72.5553,-13.2782],[-72.5443,-13.3046],[-72.5467,-13.3326],[-72.5352,-13.3499],[-72.5409,-13.3674],[-72.4518,-13.3628],[-72.4406,-13.344],[-72.409,-13.3449],[-72.3831,-13.3652],[-72.3739,-13.3632],[-72.3858,-13.3045],[-72.3625,-13.2848],[-72.3366,-13.3145],[-72.3135,-13.3077],[-72.302,-13.3179],[-72.2824,-13.3131],[-72.2663,-13.3305],[-72.2129,-13.3297],[-72.21,-13.3668],[-72.1702,-13.3923],[-72.1331,-13.3892],[-72.1177,-13.3965],[-72.1083,-13.4229],[-72.0726,-13.4364],[-72.0594,-13.4518],[-72.0417,-13.4527],[-72.0173,-13.4387],[-71.9919,-13.4415],[-71.9742,-13.4235],[-71.9687,-13.3986],[-72.0176,-13.3203],[-72.0254,-13.3158],[-72.0344,-13.3245],[-72.0399,-13.3162],[-72.0596,-13.215],[-72.0983,-13.189],[-72.1377,-13.1883],[-72.1501,-13.175],[-72.1524,-13.1386],[-72.1661,-13.1131],[-72.1888,-13.0967],[-72.1975,-13.1056],[-72.2228,-13.0999],[-72.2306,-13.1433],[-72.2462,-13.1388],[-72.2527,-13.1235],[-72.2768,-13.1226],[-72.2886,-13.1054],[-72.3056,-13.1172],[-72.3007,-13.1357],[-72.3217,-13.1617],[-72.3662,-13.1606],[-72.3922,-13.1742],[-72.4367,-13.1515],[-72.4488,-13.1279],[-72.4698,-13.1234],[-72.4858,-13.1018],[-72.5198,-13.0936],[-72.5209,-13.0935]]]}},{"type":"Feature","id":"0901","properties":{"ubigeo":"0901","nombre_departamento":"huancavelica","nombre_provincia":"huancavelica","nombre_distrito":"","capital":"huancavelica"},"geometry":{"type":"Polygon","coordinates":[[[-75.179,-12.3668],[-75.1834,-12.3608],[-75.2203,-12.3908],[-75.2139,-12.4139],[-75.2235,-12.4391],[-75.2155,-12.4634],[-75.2296,-12.4756],[-75.2519,-12.4629],[-75.2774,-12.4668],[-75.2977,-12.4852],[-75.3095,-12.4791],[-75.3247,-12.4855],[-75.3193,-12.5145],[-75.367,-12.5429],[-75.3919,-12.5762],[-75.4094,-12.5847],[-75.4154,-12.6284],[-75.4426,-12.6177],[-75.4608,-12.6314],[-75.4526,-12.6572],[-75.4672,-12.6833],[-75.4833,-12.6771],[-75.4909,-12.6479],[-75.5254,-12.6184],[-75.5749,-12.6366],[-75.5777,-12.6543],[-75.5613,-12.6631],[-75.5633,-12.6757],[-75.5515,-12.684],[-75.5537,-12.7042],[-75.5771,-12.7157],[-75.5082,-12.775],[-75.5091,-12.7949],[-75.4796,-12.797],[-75.474,-12.7777],[-75.4446,-12.7744],[-75.4266,-12.7968],[-75.4079,-12.792],[-75.3803,-12.812],[-75.3713,-12.8257],[-75.3804,-12.835],[-75.3781,-12.8507],[-75.3527,-12.8794],[-75.3615,-12.8883],[-75.3463,-12.9162],[-75.3547,-12.9285],[-75.3366,-12.9365],[-75.3217,-12.9313],[-75.3062,-12.9039],[-75.2806,-12.9173],[-75.2498,-12.8792],[-75.1577,-12.9796],[-75.146,-12.974],[-75.1495,-12.9601],[-75.1275,-12.9324],[-75.0438,-12.9153],[-75.05,-12.9297],[-75.037,-12.9396],[-75.0292,-13.0161],[-75.0378,-13.0235],[-75.031,-13.0781],[-75.0379,-13.0905],[-74.9894,-13.1403],[-74.9846,-13.1629],[-74.9551,-13.1819],[-74.913,-13.1845],[-74.9104,-13.1343],[-74.9202,-13.0996],[-74.9088,-13.0935],[-74.9077,-13.0345],[-74.8822,-13.0147],[-74.877,-12.9993],[-74.8383,-12.9749],[-74.8904,-12.9684],[-74.8961,-12.9454],[-74.887,-12.929],[-74.8777,-12.919],[-74.8513,-12.9207],[-74.8296,-12.9423],[-74.8189,-12.94],[-74.8171,-12.9222],[-74.8041,-12.9153],[-74.8076,-12.9079],[-74.7829,-12.878],[-74.7616,-12.8675],[-74.7337,-12.8797],[-74.6992,-12.8436],[-74.7261,-12.8414],[-74.7437,-12.8265],[-74.7503,-12.8022],[-74.7689,-12.8072],[-74.7957,-12.7915],[-74.786,-12.7841],[-74.7705,-12.7134],[-74.7672,-12.6775],[-74.7776,-12.6691],[-74.7784,-12.6295],[-74.7452,-12.6158],[-74.7357,-12.6283],[-74.7116,-12.6343],[-74.6882,-12.6193],[-74.6838,-12.6],[-74.695,-12.5843],[-74.6884,-12.5731],[-74.7095,-12.5575],[-74.6965,-12.5478],[-74.6913,-12.5228],[-74.7063,-12.5231],[-74.7224,-12.4871],[-74.7505,-12.4852],[-74.7823,-12.4635],[-74.8171,-12.4772],[-74.8222,-12.4985],[-74.8381,-12.4973],[-74.8762,-12.5311],[-74.8849,-12.5286],[-74.885,-12.5161],[-74.9438,-12.533],[-74.9509,-12.5111],[-74.9639,-12.5147],[-75.0066,-12.4938],[-75.0212,-12.4399],[-75.0421,-12.4081],[-75.1011,-12.3772],[-75.1332,-12.379],[-75.1541,-12.3957],[-75.1788,-12.3678],[-75.179,-12.3668]]]}},{"type":"Feature","id":"0902","properties":{"ubigeo":"0902","nombre_departamento":"huancavelica","nombre_provincia":"acobamba","nombre_distrito":"","capital":"acobamba"},"geometry":{"type":"Polygon","coordinates":[[[-74.6848,-12.5906],[-74.6878,-12.6187],[-74.7116,-12.6343],[-74.7357,-12.6283],[-74.7452,-12.6158],[-74.7779,-12.6283],[-74.7776,-12.6691],[-74.7672,-12.6775],[-74.7705,-12.7134],[-74.786,-12.7841],[-74.7957,-12.7915],[-74.7689,-12.8072],[-74.7503,-12.8022],[-74.7437,-12.8265],[-74.7238,-12.8428],[-74.6992,-12.8436],[-74.674,-12.8258],[-74.6536,-12.8557],[-74.6805,-12.8999],[-74.6498,-12.8821],[-74.6237,-12.8424],[-74.5748,-12.9141],[-74.5579,-12.8937],[-74.5346,-12.9002],[-74.5029,-12.9239],[-74.4757,-12.9297],[-74.4517,-12.9669],[-74.4324,-12.9517],[-74.3749,-12.936],[-74.3276,-12.8974],[-74.3192,-12.8858],[-74.3332,-12.8505],[-74.3236,-12.8325],[-74.3613,-12.8345],[-74.3895,-12.8079],[-74.4041,-12.8122],[-74.441,-12.7993],[-74.4656,-12.8049],[-74.5015,-12.7872],[-74.499,-12.7708],[-74.5425,-12.745],[-74.5486,-12.7154],[-74.5907,-12.6908],[-74.5943,-12.6754],[-74.6146,-12.6715],[-74.6725,-12.5919],[-74.684,-12.5908],[-74.6848,-12.5906]]]}},{"type":"Feature","id":"0903","properties":{"ubigeo":"0903","nombre_departamento":"huancavelica","nombre_provincia":"angaraes","nombre_distrito":"","capital":"lircay"},"geometry":{"type":"Polygon","coordinates":[[[-74.6651,-12.8379],[-74.6796,-12.8235],[-74.7337,-12.8797],[-74.7616,-12.8675],[-74.7829,-12.878],[-74.8255,-12.9426],[-74.8505,-12.9209],[-74.8789,-12.9198],[-74.8961,-12.9454],[-74.8904,-12.9684],[-74.8383,-12.9749],[-74.9024,-13.0238],[-74.9092,-13.0402],[-74.909,-13.0945],[-74.9202,-13.0996],[-74.9104,-13.1343],[-74.9133,-13.1675],[-74.8751,-13.1623],[-74.84,-13.1437],[-74.8026,-13.1679],[-74.78,-13.1572],[-74.7605,-13.161],[-74.7469,-13.1768],[-74.7216,-13.1792],[-74.7157,-13.196],[-74.7308,-13.2311],[-74.7205,-13.2582],[-74.7231,-13.2882],[-74.7136,-13.292],[-74.6635,-13.2715],[-74.6447,-13.2741],[-74.5723,-13.1847],[-74.5578,-13.1856],[-74.5422,-13.2005],[-74.5256,-13.1896],[-74.5171,-13.1967],[-74.4942,-13.1866],[-74.4584,-13.19],[-74.4204,-13.1595],[-74.396,-13.1688],[-74.3887,-13.1297],[-74.4109,-13.1197],[-74.4113,-13.0794],[-74.3799,-13.0245],[-74.3459,-13.0258],[-74.3103,-13.0596],[-74.2801,-13.0742],[-74.2716,-13.0686],[-74.2715,-13.0227],[-74.2975,-12.9679],[-74.2954,-12.9369],[-74.3285,-12.9256],[-74.3194,-12.8873],[-74.3749,-12.936],[-74.4324,-12.9517],[-74.4524,-12.9668],[-74.4757,-12.9297],[-74.5029,-12.9239],[-74.5346,-12.9002],[-74.5579,-12.8937],[-74.5748,-12.9141],[-74.6237,-12.8424],[-74.6498,-12.8821],[-74.6805,-12.8999],[-74.6536,-12.8557],[-74.6642,-12.8394],[-74.6651,-12.8379]]]}},{"type":"Feature","id":"0904","properties":{"ubigeo":"0904","nombre_departamento":"huancavelica","nombre_provincia":"castrovirreyna","nombre_distrito":"","capital":"castrovirreyna"},"geometry":{"type":"Polygon","coordinates":[[[-75.4404,-12.777],[-75.4732,-12.7772],[-75.4796,-12.797],[-75.5196,-12.788],[-75.5302,-12.8216],[-75.5603,-12.8174],[-75.5704,-12.8429],[-75.6127,-12.8592],[-75.6363,-12.9156],[-75.6026,-12.9802],[-75.6099,-13.0068],[-75.639,-13.0308],[-75.6286,-13.0571],[-75.658,-13.0823],[-75.6806,-13.0704],[-75.6756,-13.0437],[-75.6866,-13.0431],[-75.695,-13.0748],[-75.7188,-13.1098],[-75.7078,-13.1427],[-75.694,-13.1466],[-75.7063,-13.1877],[-75.6889,-13.2143],[-75.7024,-13.2269],[-75.7065,-13.2883],[-75.7309,-13.3103],[-75.7542,-13.3089],[-75.7876,-13.3348],[-75.8097,-13.3889],[-75.806,-13.4014],[-75.7625,-13.4138],[-75.7449,-13.4048],[-75.7188,-13.4126],[-75.6893,-13.4397],[-75.6334,-13.4112],[-75.6149,-13.4168],[-75.599,-13.39],[-75.5851,-13.4027],[-75.5381,-13.4048],[-75.5052,-13.3718],[-75.5032,-13.3528],[-75.4922,-13.3775],[-75.4998,-13.3891],[-75.4657,-13.4326],[-75.4702,-13.4838],[-75.495,-13.5243],[-75.4842,-13.5268],[-75.4357,-13.4953],[-75.4346,-13.4696],[-75.3788,-13.4545],[-75.3489,-13.4521],[-75.3413,-13.4617],[-75.3161,-13.4552],[-75.2938,-13.4023],[-75.2697,-13.4055],[-75.257,-13.4175],[-75.2378,-13.4095],[-75.2058,-13.3456],[-75.2115,-13.3356],[-75.2047,-13.3126],[-75.164,-13.2748],[-75.168,-13.2245],[-75.1198,-13.2112],[-75.1141,-13.1934],[-75.0949,-13.2017],[-75.051,-13.1879],[-75.0383,-13.1678],[-74.989,-13.1415],[-75.0383,-13.0894],[-75.031,-13.0781],[-75.0378,-13.0235],[-75.0292,-13.0161],[-75.037,-12.9396],[-75.05,-12.9297],[-75.0438,-12.9153],[-75.1275,-12.9324],[-75.1495,-12.9601],[-75.146,-12.974],[-75.1577,-12.9796],[-75.2498,-12.8792],[-75.2806,-12.9173],[-75.3062,-12.9039],[-75.3217,-12.9313],[-75.3366,-12.9365],[-75.3547,-12.9285],[-75.3463,-12.9162],[-75.3615,-12.8883],[-75.3527,-12.8794],[-75.3781,-12.8507],[-75.3804,-12.835],[-75.3713,-12.8257],[-75.3794,-12.8131],[-75.4079,-12.792],[-75.4266,-12.7968],[-75.4387,-12.781],[-75.4404,-12.777]]]}},{"type":"Feature","id":"0905","properties":{"ubigeo":"0905","nombre_departamento":"huancavelica","nombre_provincia":"churcampa","nombre_distrito":"","capital":"churcampa"},"geometry":{"type":"Polygon","coordinates":[[[-74.5994,-12.3605],[-74.625,-12.3685],[-74.5975,-12.4072],[-74.5874,-12.4712],[-74.6035,-12.4686],[-74.6335,-12.4848],[-74.6306,-12.5125],[-74.6468,-12.5255],[-74.6912,-12.5244],[-74.6965,-12.5478],[-74.7095,-12.5575],[-74.6884,-12.5731],[-74.6945,-12.5861],[-74.6725,-12.5919],[-74.6146,-12.6715],[-74.5943,-12.6754],[-74.5907,-12.6908],[-74.5486,-12.7154],[-74.5425,-12.745],[-74.499,-12.7708],[-74.5015,-12.7872],[-74.4656,-12.8049],[-74.441,-12.7993],[-74.4041,-12.8122],[-74.3895,-12.8079],[-74.3613,-12.8345],[-74.296,-12.8312],[-74.2971,-12.801],[-74.2855,-12.7997],[-74.2892,-12.758],[-74.3124,-12.7373],[-74.3284,-12.7442],[-74.3494,-12.7171],[-74.3408,-12.6902],[-74.3272,-12.6802],[-74.3422,-12.6253],[-74.324,-12.6045],[-74.3633,-12.5943],[-74.3663,-12.5758],[-74.3869,-12.5668],[-74.3843,-12.5448],[-74.4,-12.5246],[-74.3987,-12.5027],[-74.4152,-12.4917],[-74.4016,-12.4675],[-74.4092,-12.4519],[-74.4539,-12.4439],[-74.506,-12.4489],[-74.5217,-12.4368],[-74.5206,-12.4096],[-74.5349,-12.41],[-74.5494,-12.3738],[-74.5646,-12.3609],[-74.5746,-12.3737],[-74.5979,-12.361],[-74.5994,-12.3605]]]}},{"type":"Feature","id":"0906","properties":{"ubigeo":"0906","nombre_departamento":"huancavelica","nombre_provincia":"huaytara","nombre_distrito":"","capital":"huaytara"},"geometry":{"type":"Polygon","coordinates":[[[-74.9886,-13.143],[-75.0383,-13.1678],[-75.051,-13.1879],[-75.0949,-13.2017],[-75.1141,-13.1934],[-75.1198,-13.2112],[-75.168,-13.2245],[-75.164,-13.2748],[-75.2047,-13.3126],[-75.2115,-13.3356],[-75.2058,-13.3456],[-75.2378,-13.4095],[-75.257,-13.4175],[-75.2697,-13.4055],[-75.2932,-13.4021],[-75.3167,-13.4556],[-75.3413,-13.4617],[-75.3489,-13.4521],[-75.3788,-13.4545],[-75.4349,-13.4699],[-75.4357,-13.4953],[-75.4735,-13.5178],[-75.4958,-13.5671],[-75.5097,-13.5654],[-75.5194,-13.6043],[-75.4881,-13.6432],[-75.4867,-13.6689],[-75.5159,-13.6964],[-75.5312,-13.7427],[-75.5546,-13.7496],[-75.5376,-13.7624],[-75.5418,-13.7819],[-75.5275,-13.797],[-75.5249,-13.8179],[-75.5634,-13.8409],[-75.5662,-13.8541],[-75.5466,-13.8893],[-75.5221,-13.8851],[-75.4819,-13.9106],[-75.4572,-13.9055],[-75.4335,-13.9141],[-75.3817,-13.9628],[-75.3592,-13.9715],[-75.3557,-13.9958],[-75.329,-14.018],[-75.2704,-14.0106],[-75.2517,-13.9978],[-75.2334,-14.0033],[-75.2601,-14.042],[-75.1866,-14.0541],[-75.1657,-14.0725],[-75.1088,-14.0329],[-75.0885,-14.0816],[-75.0696,-14.0798],[-75.0635,-14.0884],[-75.0579,-14.1299],[-75.0299,-14.073],[-75.0157,-14.0693],[-74.9751,-14.0743],[-74.9252,-14.0994],[-74.9079,-14.0922],[-74.8962,-14.1039],[-74.8781,-14.0763],[-74.8608,-14.0672],[-74.8527,-14.0762],[-74.8418,-14.0713],[-74.8252,-14.0923],[-74.7715,-14.0903],[-74.759,-14.0798],[-74.7836,-14.0192],[-74.7786,-13.9983],[-74.7853,-13.9903],[-74.768,-13.9786],[-74.7859,-13.9288],[-74.777,-13.8975],[-74.7852,-13.8883],[-74.7674,-13.8666],[-74.7604,-13.8315],[-74.7789,-13.7846],[-74.7623,-13.7819],[-74.7668,-13.7725],[-74.7539,-13.737],[-74.7754,-13.7105],[-74.7812,-13.6482],[-74.7714,-13.6065],[-74.7996,-13.5475],[-74.8319,-13.5322],[-74.8622,-13.4818],[-74.9017,-13.467],[-74.9041,-13.4311],[-74.8927,-13.4145],[-74.8975,-13.3947],[-74.8578,-13.3552],[-74.8089,-13.3574],[-74.7701,-13.3463],[-74.7596,-13.3251],[-74.739,-13.3396],[-74.7344,-13.3574],[-74.7183,-13.3638],[-74.6328,-13.3448],[-74.667,-13.3274],[-74.6867,-13.2858],[-74.7229,-13.2887],[-74.7205,-13.2582],[-74.7308,-13.2311],[-74.7157,-13.196],[-74.7233,-13.178],[-74.7469,-13.1768],[-74.7605,-13.161],[-74.7812,-13.157],[-74.8026,-13.1679],[-74.8414,-13.1437],[-74.8751,-13.1623],[-74.9133,-13.1675],[-74.913,-13.1845],[-74.9361,-13.1853],[-74.9846,-13.1629],[-74.9884,-13.1456],[-74.9886,-13.143]]]}},{"type":"Feature","id":"0907","properties":{"ubigeo":"0907","nombre_departamento":"huancavelica","nombre_provincia":"tayacaja","nombre_distrito":"","capital":"pampas"},"geometry":{"type":"Polygon","coordinates":[[[-74.5712,-11.9871],[-74.5936,-11.9867],[-74.6025,-11.9995],[-74.6242,-11.9852],[-74.6576,-11.9927],[-74.6792,-12.0183],[-74.6834,-12.0381],[-74.7169,-12.0594],[-74.7445,-12.0409],[-74.7943,-12.0583],[-74.8187,-12.0535],[-74.8374,-12.0708],[-74.8708,-12.066],[-74.939,-12.0184],[-74.9978,-12.0211],[-75.049,-11.9992],[-75.0471,-12.0116],[-75.0864,-12.0533],[-75.0738,-12.0613],[-75.0652,-12.0919],[-75.0709,-12.1129],[-75.0629,-12.1347],[-75.0769,-12.1471],[-75.0726,-12.1578],[-75.0489,-12.1675],[-75.0494,-12.2013],[-75.0716,-12.2352],[-75.1004,-12.2511],[-75.0989,-12.2853],[-75.1401,-12.3414],[-75.131,-12.3785],[-75.1011,-12.3772],[-75.0421,-12.4081],[-75.0212,-12.4399],[-75.0066,-12.4938],[-74.9639,-12.5147],[-74.9509,-12.5111],[-74.9438,-12.533],[-74.885,-12.5161],[-74.8849,-12.5286],[-74.8762,-12.5311],[-74.8381,-12.4973],[-74.8222,-12.4985],[-74.8171,-12.4772],[-74.7823,-12.4635],[-74.7505,-12.4852],[-74.7224,-12.4871],[-74.706,-12.5233],[-74.6468,-12.5255],[-74.6362,-12.5184],[-74.6294,-12.508],[-74.6358,-12.487],[-74.5869,-12.4662],[-74.5975,-12.4072],[-74.625,-12.3685],[-74.6017,-12.3599],[-74.576,-12.3732],[-74.5809,-12.3244],[-74.5554,-12.2881],[-74.5071,-12.3125],[-74.4918,-12.2816],[-74.452,-12.27],[-74.4163,-12.3048],[-74.3848,-12.2715],[-74.3937,-12.2525],[-74.3761,-12.2292],[-74.3874,-12.188],[-74.3788,-12.176],[-74.3432,-12.1711],[-74.3613,-12.1552],[-74.3519,-12.1367],[-74.3635,-12.1378],[-74.3988,-12.1036],[-74.4103,-12.1065],[-74.4195,-12.0938],[-74.4142,-12.0765],[-74.4214,-12.0675],[-74.4331,-12.0699],[-74.4425,-12.045],[-74.4531,-12.0486],[-74.4544,-12.0339],[-74.4807,-12.0266],[-74.4876,-12.0337],[-74.5436,-11.999],[-74.567,-11.9975],[-74.5709,-11.988],[-74.5712,-11.9871]]]}},{"type":"Feature","id":"1001","properties":{"ubigeo":"1001","nombre_departamento":"huanuco","nombre_provincia":"huanuco","nombre_distrito":"","capital":"huanuco"},"geometry":{"type":"Polygon","coordinates":[[[-76.1553,-9.471],[-76.1691,-9.4715],[-76.2134,-9.5077],[-76.2721,-9.5255],[-76.314,-9.5166],[-76.3607,-9.5468],[-76.3655,-9.5787],[-76.4094,-9.6286],[-76.4125,-9.6666],[-76.4266,-9.6722],[-76.4382,-9.7061],[-76.463,-9.707],[-76.484,-9.7404],[-76.4633,-9.7619],[-76.4685,-9.8011],[-76.5,-9.8368],[-76.4867,-9.8815],[-76.4651,-9.8922],[-76.4874,-9.9065],[-76.5461,-9.9198],[-76.5478,-9.9436],[-76.5777,-9.9659],[-76.5859,-10.0174],[-76.5784,-10.0314],[-76.5973,-10.0416],[-76.6055,-10.0858],[-76.5971,-10.1009],[-76.5683,-10.0958],[-76.5469,-10.1114],[-76.5272,-10.1878],[-76.5052,-10.1801],[-76.51,-10.1523],[-76.4805,-10.1569],[-76.4612,-10.1492],[-76.4475,-10.1873],[-76.4497,-10.2142],[-76.4361,-10.2335],[-76.4302,-10.2004],[-76.411,-10.1787],[-76.4106,-10.1371],[-76.3736,-10.1506],[-76.3694,-10.1308],[-76.3476,-10.1259],[-76.2927,-10.0753],[-76.2288,-10.0368],[-76.2291,-10.0174],[-76.1889,-10.0066],[-76.1642,-9.9813],[-76.1273,-9.9803],[-76.1154,-9.9401],[-76.1245,-9.9254],[-76.1172,-9.9031],[-76.1232,-9.8886],[-76.0868,-9.8813],[-76.0621,-9.8196],[-75.9637,-9.8146],[-75.9257,-9.7949],[-75.8922,-9.791],[-75.8738,-9.7931],[-75.8247,-9.8314],[-75.7958,-9.8138],[-75.8092,-9.7673],[-75.805,-9.7319],[-75.8522,-9.6834],[-75.8401,-9.6508],[-75.9127,-9.5674],[-75.9294,-9.5135],[-75.9425,-9.4994],[-75.9559,-9.4923],[-76.0113,-9.508],[-76.0719,-9.4715],[-76.1246,-9.4808],[-76.1546,-9.4711],[-76.1553,-9.471]]]}},{"type":"Feature","id":"1002","properties":{"ubigeo":"1002","nombre_departamento":"huanuco","nombre_provincia":"ambo","nombre_distrito":"","capital":"ambo"},"geometry":{"type":"Polygon","coordinates":[[[-76.1585,-9.9836],[-76.1905,-10.0075],[-76.2291,-10.0174],[-76.2288,-10.0368],[-76.2927,-10.0753],[-76.3476,-10.1259],[-76.3694,-10.1308],[-76.3736,-10.1506],[-76.4112,-10.1377],[-76.411,-10.1787],[-76.4302,-10.2004],[-76.4361,-10.2335],[-76.4497,-10.2142],[-76.4615,-10.1491],[-76.4805,-10.1569],[-76.51,-10.1523],[-76.5138,-10.1609],[-76.5048,-10.1791],[-76.5207,-10.193],[-76.5247,-10.2193],[-76.5123,-10.2424],[-76.5133,-10.2911],[-76.4969,-10.3099],[-76.4468,-10.3209],[-76.4007,-10.3084],[-76.3872,-10.2893],[-76.3645,-10.2995],[-76.3358,-10.2863],[-76.3055,-10.4125],[-76.2853,-10.4164],[-76.2695,-10.369],[-76.2263,-10.3969],[-76.2309,-10.3718],[-76.2054,-10.3766],[-76.2072,-10.3887],[-76.1667,-10.4136],[-76.1426,-10.4086],[-76.1296,-10.4308],[-76.0783,-10.4342],[-76.0783,-10.452],[-76.0526,-10.4655],[-76.0317,-10.4559],[-76.0258,-10.4259],[-76.0401,-10.396],[-76.0332,-10.3841],[-76.0413,-10.3737],[-76.0417,-10.3311],[-76.0662,-10.3166],[-76.0466,-10.3067],[-76.05,-10.2691],[-76.035,-10.2583],[-76.0425,-10.2286],[-76.0596,-10.2179],[-76.0548,-10.2045],[-76.0674,-10.1952],[-76.0534,-10.1581],[-76.0647,-10.1324],[-76.0408,-10.1049],[-76.0484,-10.0961],[-76.0724,-10.0948],[-76.0885,-10.0788],[-76.1229,-10.0723],[-76.1171,-10.0517],[-76.1275,-10.0356],[-76.124,-10.0146],[-76.1362,-9.9863],[-76.1571,-9.9841],[-76.1585,-9.9836]]]}},{"type":"Feature","id":"1003","properties":{"ubigeo":"1003","nombre_departamento":"huanuco","nombre_provincia":"dos de mayo","nombre_distrito":"","capital":"la union"},"geometry":{"type":"Polygon","coordinates":[[[-76.2974,-9.3885],[-76.3151,-9.3948],[-76.3118,-9.4182],[-76.3467,-9.4235],[-76.3714,-9.4431],[-76.3855,-9.4964],[-76.428,-9.5069],[-76.4583,-9.4986],[-76.4866,-9.5073],[-76.5062,-9.5327],[-76.5244,-9.5272],[-76.583,-9.5521],[-76.5945,-9.5452],[-76.6968,-9.5577],[-76.7432,-9.5791],[-76.7276,-9.5957],[-76.7378,-9.6156],[-76.7526,-9.5873],[-76.7613,-9.6176],[-76.8088,-9.6126],[-76.8092,-9.628],[-76.8226,-9.6332],[-76.8346,-9.6253],[-76.8396,-9.6367],[-76.8613,-9.6432],[-76.8517,-9.6681],[-76.8624,-9.6637],[-76.8715,-9.6755],[-76.8826,-9.668],[-76.8903,-9.6745],[-76.8961,-9.6567],[-76.9084,-9.6535],[-76.9166,-9.6886],[-76.9467,-9.6805],[-76.9346,-9.7289],[-76.9016,-9.7697],[-76.8978,-9.8093],[-76.842,-9.9109],[-76.8419,-9.9306],[-76.8138,-9.9601],[-76.824,-10.011],[-76.7733,-9.9944],[-76.7799,-9.957],[-76.7623,-9.9401],[-76.7511,-9.9448],[-76.7363,-9.9345],[-76.7335,-9.9118],[-76.7201,-9.8984],[-76.758,-9.8425],[-76.7357,-9.7914],[-76.7358,-9.753],[-76.7021,-9.747],[-76.7212,-9.7021],[-76.7037,-9.6898],[-76.6897,-9.7015],[-76.6644,-9.6774],[-76.6445,-9.6878],[-76.5981,-9.6725],[-76.5589,-9.6827],[-76.5263,-9.6656],[-76.4923,-9.6808],[-76.477,-9.6739],[-76.463,-9.707],[-76.4382,-9.7061],[-76.4266,-9.6722],[-76.4125,-9.6666],[-76.4094,-9.6286],[-76.3655,-9.5787],[-76.3607,-9.5468],[-76.3497,-9.536],[-76.314,-9.5166],[-76.2829,-9.5251],[-76.25,-9.5209],[-76.2047,-9.4989],[-76.204,-9.4467],[-76.257,-9.4016],[-76.2972,-9.3886],[-76.2974,-9.3885]]]}},{"type":"Feature","id":"1004","properties":{"ubigeo":"1004","nombre_departamento":"huanuco","nombre_provincia":"huacaybamba","nombre_distrito":"","capital":"huacaybamba"},"geometry":{"type":"Polygon","coordinates":[[[-77.092,-8.774],[-77.1015,-8.767],[-77.127,-8.7817],[-77.1483,-8.7774],[-77.1556,-8.7977],[-77.1502,-8.8107],[-77.1774,-8.8398],[-77.1725,-8.8766],[-77.1591,-8.8977],[-77.1474,-8.8958],[-77.1299,-8.9179],[-77.1226,-8.9463],[-77.1057,-8.9492],[-77.1098,-8.9702],[-77.0357,-9],[-77.0326,-9.0142],[-77.0028,-9.0326],[-76.9802,-9.063],[-76.9665,-9.0604],[-76.9454,-9.0748],[-76.9293,-9.0706],[-76.8732,-9.1125],[-76.8183,-9.1274],[-76.794,-9.0862],[-76.7764,-9.0734],[-76.7745,-9.0533],[-76.7635,-9.1069],[-76.6552,-9.1236],[-76.5921,-9.169],[-76.5578,-9.1763],[-76.5411,-9.2033],[-76.5098,-9.1861],[-76.4391,-9.2293],[-76.3959,-9.2384],[-76.3639,-9.2285],[-76.3484,-9.2049],[-76.3196,-9.1951],[-76.272,-9.2138],[-76.2785,-9.1946],[-76.3081,-9.1763],[-76.3608,-9.1972],[-76.3835,-9.1845],[-76.4061,-9.1882],[-76.4129,-9.1772],[-76.443,-9.1811],[-76.4627,-9.1695],[-76.4804,-9.1718],[-76.4741,-9.0124],[-76.53,-9.0279],[-76.5434,-9.0146],[-76.5953,-9.0484],[-76.6258,-9.051],[-76.6524,-9.0253],[-76.6403,-9.0154],[-76.6838,-8.9313],[-76.7116,-8.9121],[-76.7318,-8.8702],[-76.7449,-8.8827],[-76.7597,-8.8593],[-76.7705,-8.8627],[-76.7855,-8.8421],[-76.811,-8.8326],[-76.8564,-8.8512],[-76.8615,-8.8659],[-76.8936,-8.8622],[-76.8978,-8.8497],[-76.9294,-8.8365],[-76.9372,-8.8461],[-76.964,-8.8361],[-76.9787,-8.8519],[-76.9943,-8.8412],[-77.0092,-8.8489],[-77.0371,-8.8344],[-77.0347,-8.8198],[-77.0913,-8.7745],[-77.092,-8.774]]]}},{"type":"Feature","id":"1005","properties":{"ubigeo":"1005","nombre_departamento":"huanuco","nombre_provincia":"huamalies","nombre_distrito":"","capital":"llata"},"geometry":{"type":"Polygon","coordinates":[[[-76.7714,-9.0826],[-76.7676,-9.0647],[-76.7779,-9.0532],[-76.7764,-9.0734],[-76.8193,-9.1273],[-76.79,-9.1359],[-76.7346,-9.2088],[-76.726,-9.2562],[-76.7455,-9.2967],[-76.7408,-9.3308],[-76.7659,-9.3672],[-76.7829,-9.3429],[-76.8155,-9.3265],[-76.834,-9.266],[-76.8467,-9.2642],[-76.8546,-9.2885],[-76.8687,-9.2927],[-76.8703,-9.3144],[-76.8929,-9.332],[-76.9006,-9.3591],[-76.9179,-9.3695],[-76.9352,-9.3985],[-76.9303,-9.4332],[-76.9533,-9.4675],[-76.9386,-9.4917],[-76.9376,-9.5254],[-76.9551,-9.5427],[-76.9551,-9.5603],[-76.9802,-9.564],[-76.9952,-9.6033],[-77.0292,-9.613],[-77.0471,-9.6325],[-77.0473,-9.6539],[-77.0206,-9.7113],[-76.9743,-9.7602],[-76.981,-9.7246],[-76.9718,-9.7118],[-76.9457,-9.7031],[-76.9462,-9.6802],[-76.9165,-9.6885],[-76.9084,-9.6535],[-76.8961,-9.6567],[-76.8909,-9.6743],[-76.8826,-9.668],[-76.8715,-9.6755],[-76.863,-9.6639],[-76.8501,-9.6667],[-76.8613,-9.6432],[-76.8396,-9.6367],[-76.8346,-9.6253],[-76.8226,-9.6332],[-76.8092,-9.628],[-76.8088,-9.6126],[-76.7613,-9.6176],[-76.7526,-9.5873],[-76.737,-9.6151],[-76.7276,-9.5957],[-76.7432,-9.5791],[-76.6968,-9.5577],[-76.5945,-9.5452],[-76.583,-9.5521],[-76.5244,-9.5272],[-76.5062,-9.5327],[-76.4866,-9.5073],[-76.4583,-9.4986],[-76.428,-9.5069],[-76.3855,-9.4964],[-76.3714,-9.4431],[-76.3467,-9.4235],[-76.3118,-9.4182],[-76.3135,-9.3926],[-76.2671,-9.3962],[-76.2353,-9.4182],[-76.2269,-9.378],[-76.1456,-9.3063],[-76.1054,-9.2964],[-76.0832,-9.3032],[-76.0572,-9.2811],[-76.0768,-9.2698],[-76.0761,-9.2391],[-76.1057,-9.2071],[-76.2171,-9.2024],[-76.2345,-9.1722],[-76.2349,-9.1403],[-76.272,-9.2138],[-76.3196,-9.1951],[-76.3484,-9.2049],[-76.3639,-9.2285],[-76.3959,-9.2384],[-76.4391,-9.2293],[-76.5098,-9.1861],[-76.5285,-9.2026],[-76.5431,-9.2025],[-76.5578,-9.1763],[-76.5921,-9.169],[-76.6552,-9.1236],[-76.6879,-9.1237],[-76.7167,-9.1082],[-76.7527,-9.1126],[-76.7718,-9.0843],[-76.7714,-9.0826]]]}},{"type":"Feature","id":"1006","properties":{"ubigeo":"1006","nombre_departamento":"huanuco","nombre_provincia":"leoncio prado","nombre_distrito":"","capital":"tingo maria"},"geometry":{"type":"Polygon","coordinates":[[[-75.992,-8.3211],[-76.0025,-8.3052],[-76.0426,-8.3416],[-76.0563,-8.3293],[-76.107,-8.3318],[-76.1275,-8.3575],[-76.1092,-8.3796],[-76.1078,-8.399],[-76.1307,-8.4679],[-76.1264,-8.5454],[-76.1347,-8.5726],[-76.1202,-8.5896],[-76.1211,-8.6338],[-76.1071,-8.6488],[-76.1395,-8.6666],[-76.1453,-8.7114],[-76.1568,-8.7337],[-76.1646,-8.7318],[-76.1669,-8.7565],[-76.1954,-8.7618],[-76.2034,-8.7533],[-76.1999,-8.7714],[-76.2231,-8.7855],[-76.2325,-8.7808],[-76.2373,-8.7905],[-76.2317,-8.7972],[-76.1979,-8.7818],[-76.1897,-8.7959],[-76.2037,-8.8091],[-76.2012,-8.8352],[-76.2244,-8.8472],[-76.2208,-8.8617],[-76.229,-8.87],[-76.2187,-8.8815],[-76.2248,-8.9042],[-76.2159,-8.9246],[-76.236,-8.9454],[-76.2302,-8.9575],[-76.2522,-8.9769],[-76.2674,-8.9755],[-76.2788,-8.9966],[-76.353,-9.0242],[-76.3707,-9.0253],[-76.4192,-8.9864],[-76.4378,-8.9857],[-76.4741,-9.0124],[-76.4804,-9.1718],[-76.4627,-9.1695],[-76.443,-9.1811],[-76.4129,-9.1772],[-76.4061,-9.1882],[-76.3835,-9.1845],[-76.3608,-9.1972],[-76.3081,-9.1763],[-76.2785,-9.1946],[-76.272,-9.2138],[-76.2351,-9.1402],[-76.2345,-9.1722],[-76.2156,-9.2034],[-76.1145,-9.2035],[-76.0872,-9.2197],[-76.0761,-9.2391],[-76.0768,-9.2698],[-76.0572,-9.2811],[-76.0832,-9.3032],[-76.1054,-9.2964],[-76.1402,-9.3025],[-76.2269,-9.378],[-76.2353,-9.4182],[-76.2015,-9.4516],[-76.2047,-9.4989],[-76.1611,-9.4692],[-76.1246,-9.4808],[-76.0719,-9.4715],[-76.0113,-9.508],[-75.9559,-9.4923],[-75.9466,-9.497],[-75.8868,-9.4278],[-75.8528,-9.4266],[-75.8109,-9.3904],[-75.7856,-9.4066],[-75.793,-9.4625],[-75.7782,-9.4907],[-75.7762,-9.5223],[-75.7558,-9.5447],[-75.75,-9.5907],[-75.7213,-9.6175],[-75.699,-9.5804],[-75.6791,-9.567],[-75.6717,-9.5173],[-75.6325,-9.4477],[-75.6292,-9.4109],[-75.6705,-9.4179],[-75.6711,-9.3859],[-75.695,-9.3639],[-75.6886,-9.3494],[-75.7057,-9.3363],[-75.7202,-9.2772],[-75.764,-9.2378],[-75.7638,-9.2171],[-75.7751,-9.2197],[-75.7961,-9.2027],[-75.8025,-9.1518],[-75.8215,-9.119],[-75.825,-9.0901],[-75.8379,-9.0849],[-75.8379,-9.0619],[-75.86,-9.0501],[-75.8919,-9.002],[-75.8945,-8.9837],[-75.8838,-8.9727],[-75.9013,-8.8982],[-75.9105,-8.8963],[-75.9279,-8.8445],[-75.9216,-8.7808],[-75.9792,-8.654],[-75.965,-8.58],[-75.9707,-8.5124],[-75.9545,-8.4995],[-75.9676,-8.4599],[-75.9472,-8.4224],[-75.9463,-8.3991],[-75.9676,-8.3458],[-75.9901,-8.3217],[-75.992,-8.3211]]]}},{"type":"Feature","id":"1007","properties":{"ubigeo":"1007","nombre_departamento":"huanuco","nombre_provincia":"maranon","nombre_distrito":"","capital":"huacrachuco"},"geometry":{"type":"Polygon","coordinates":[[[-76.3534,-8.4255],[-76.3713,-8.4109],[-76.3758,-8.4226],[-76.4175,-8.4437],[-76.4443,-8.4896],[-76.4662,-8.5697],[-76.4925,-8.5758],[-76.4948,-8.5496],[-76.5478,-8.4976],[-76.5663,-8.5081],[-76.6367,-8.5147],[-76.6433,-8.5237],[-76.6784,-8.5213],[-76.6971,-8.5325],[-76.7284,-8.515],[-76.7684,-8.5268],[-76.7901,-8.5236],[-76.8044,-8.5106],[-76.8427,-8.5252],[-76.8468,-8.5458],[-76.8625,-8.5525],[-76.8647,-8.5663],[-76.8874,-8.5548],[-76.8971,-8.5688],[-76.936,-8.567],[-76.9401,-8.552],[-76.9542,-8.5453],[-76.9773,-8.5606],[-77.0116,-8.5377],[-77.0498,-8.5537],[-77.0917,-8.517],[-77.0819,-8.4873],[-77.1399,-8.4805],[-77.1338,-8.44],[-77.1816,-8.4788],[-77.2027,-8.4854],[-77.2641,-8.4675],[-77.2828,-8.5059],[-77.3175,-8.5302],[-77.2887,-8.5898],[-77.2936,-8.637],[-77.2606,-8.6485],[-77.2482,-8.7273],[-77.2275,-8.7428],[-77.2258,-8.7669],[-77.206,-8.7823],[-77.185,-8.8279],[-77.1737,-8.8333],[-77.1502,-8.8107],[-77.1556,-8.7977],[-77.148,-8.7771],[-77.127,-8.7817],[-77.1015,-8.767],[-77.0822,-8.7741],[-77.0347,-8.8198],[-77.0371,-8.8344],[-77.0092,-8.8489],[-76.9943,-8.8412],[-76.9787,-8.8519],[-76.964,-8.8361],[-76.9372,-8.8461],[-76.9294,-8.8365],[-76.8978,-8.8497],[-76.8936,-8.8622],[-76.8615,-8.8659],[-76.8568,-8.8516],[-76.8223,-8.8345],[-76.7861,-8.8417],[-76.7705,-8.8627],[-76.7597,-8.8593],[-76.7449,-8.8827],[-76.7279,-8.8736],[-76.7116,-8.9121],[-76.6838,-8.9313],[-76.6403,-9.0154],[-76.6524,-9.0253],[-76.6161,-9.0545],[-76.5434,-9.0146],[-76.53,-9.0279],[-76.5105,-9.0166],[-76.4767,-9.0144],[-76.4373,-8.9856],[-76.418,-8.9869],[-76.3699,-9.0256],[-76.3281,-9.0163],[-76.2784,-8.9963],[-76.2674,-8.9755],[-76.2417,-8.9704],[-76.2293,-8.955],[-76.236,-8.9454],[-76.2161,-8.9253],[-76.2248,-8.9042],[-76.2187,-8.8815],[-76.2291,-8.8661],[-76.2208,-8.8617],[-76.2244,-8.8472],[-76.2012,-8.8352],[-76.2037,-8.8091],[-76.1897,-8.7959],[-76.1979,-8.7818],[-76.2075,-8.791],[-76.2371,-8.7931],[-76.2327,-8.7787],[-76.2408,-8.7672],[-76.23,-8.7583],[-76.245,-8.7494],[-76.2287,-8.745],[-76.2574,-8.7066],[-76.2569,-8.6838],[-76.2483,-8.683],[-76.2527,-8.6654],[-76.2695,-8.6525],[-76.2641,-8.6103],[-76.2873,-8.5854],[-76.2804,-8.5736],[-76.307,-8.5714],[-76.2997,-8.5569],[-76.3251,-8.5243],[-76.3123,-8.501],[-76.3274,-8.4799],[-76.3217,-8.4698],[-76.3323,-8.4318],[-76.3503,-8.4256],[-76.3534,-8.4255]]]}},{"type":"Feature","id":"1008","properties":{"ubigeo":"1008","nombre_departamento":"huanuco","nombre_provincia":"pachitea","nombre_distrito":"","capital":"panao"},"geometry":{"type":"Polygon","coordinates":[[[-75.8083,-9.3925],[-75.8528,-9.4266],[-75.8868,-9.4278],[-75.9466,-9.497],[-75.9297,-9.5131],[-75.9127,-9.5674],[-75.8401,-9.6508],[-75.8522,-9.6834],[-75.805,-9.7319],[-75.8092,-9.7673],[-75.7968,-9.8158],[-75.8247,-9.8314],[-75.8738,-9.7931],[-75.8922,-9.791],[-75.9257,-9.7949],[-75.9637,-9.8146],[-76.0619,-9.8195],[-76.0868,-9.8813],[-76.1232,-9.8886],[-76.1162,-9.9523],[-76.1362,-9.9863],[-76.1173,-10.0497],[-76.1252,-10.0686],[-76.0408,-10.1049],[-76.0647,-10.1324],[-76.0534,-10.1581],[-76.0674,-10.1952],[-76.0548,-10.2045],[-76.0596,-10.2179],[-76.0425,-10.2286],[-76.035,-10.2583],[-76.05,-10.2691],[-76.0466,-10.3067],[-76.0662,-10.3166],[-76.0417,-10.3311],[-76.0413,-10.3737],[-76.0332,-10.3841],[-76.0401,-10.396],[-76.0258,-10.4256],[-76.0306,-10.4628],[-76.0249,-10.4674],[-76.0107,-10.4554],[-76.003,-10.4889],[-75.9758,-10.4793],[-75.961,-10.4606],[-75.925,-10.4066],[-75.9345,-10.375],[-75.9249,-10.3567],[-75.8564,-10.3017],[-75.8397,-10.2574],[-75.8127,-10.2441],[-75.7848,-10.2522],[-75.7287,-10.2328],[-75.7094,-10.2151],[-75.7007,-10.1973],[-75.7039,-10.1419],[-75.6899,-10.1189],[-75.6914,-10.0923],[-75.6739,-10.0494],[-75.6452,-10.0269],[-75.6031,-10.0255],[-75.5953,-10.0102],[-75.5934,-9.9452],[-75.6492,-9.9482],[-75.6728,-9.9401],[-75.6854,-9.9175],[-75.7093,-9.9158],[-75.7402,-9.8839],[-75.7531,-9.8831],[-75.7614,-9.8543],[-75.7518,-9.8127],[-75.718,-9.804],[-75.7141,-9.7905],[-75.7245,-9.74],[-75.7115,-9.6908],[-75.7137,-9.613],[-75.7298,-9.615],[-75.7503,-9.5901],[-75.7547,-9.5479],[-75.7762,-9.5223],[-75.7782,-9.4907],[-75.793,-9.4625],[-75.7854,-9.4073],[-75.8071,-9.3933],[-75.8083,-9.3925]]]}},{"type":"Feature","id":"1009","properties":{"ubigeo":"1009","nombre_departamento":"huanuco","nombre_provincia":"puerto inca","nombre_distrito":"","capital":"puerto inca"},"geometry":{"type":"Polygon","coordinates":[[[-74.6223,-8.8655],[-74.6163,-8.8279],[-74.5729,-8.7926],[-74.5322,-8.7761],[-74.5254,-8.7493],[-74.5438,-8.5937],[-74.5897,-8.5487],[-74.6641,-8.5619],[-74.8473,-8.6616],[-74.8408,-8.6791],[-74.8522,-8.7631],[-74.9407,-8.8579],[-74.979,-8.8717],[-75.0224,-8.8585],[-75.0647,-8.8823],[-75.0729,-8.8731],[-75.1223,-8.8807],[-75.1084,-8.9223],[-75.1348,-8.946],[-75.1201,-8.9607],[-75.1197,-8.9835],[-75.1376,-8.9884],[-75.1392,-8.9995],[-75.1543,-8.9991],[-75.1568,-9.0103],[-75.1739,-9.0116],[-75.1757,-9.0247],[-75.1624,-9.034],[-75.2012,-9.0638],[-75.1947,-9.0731],[-75.2049,-9.0803],[-75.2065,-9.1013],[-75.2419,-9.1021],[-75.2119,-9.1764],[-75.2422,-9.2209],[-75.2719,-9.2334],[-75.2685,-9.2527],[-75.279,-9.2763],[-75.3139,-9.3021],[-75.3341,-9.2888],[-75.3495,-9.3045],[-75.3722,-9.3102],[-75.4185,-9.2926],[-75.452,-9.2963],[-75.4563,-9.325],[-75.4926,-9.3764],[-75.6007,-9.4138],[-75.6094,-9.4062],[-75.6292,-9.4109],[-75.6325,-9.4477],[-75.6717,-9.5173],[-75.6791,-9.567],[-75.7126,-9.6037],[-75.7115,-9.6908],[-75.7245,-9.74],[-75.718,-9.804],[-75.7518,-9.8127],[-75.7614,-9.8543],[-75.7527,-9.8835],[-75.7402,-9.8839],[-75.7093,-9.9158],[-75.6854,-9.9175],[-75.6728,-9.9401],[-75.6492,-9.9482],[-75.5943,-9.9445],[-75.5904,-9.9556],[-75.5604,-9.9641],[-75.5484,-9.9844],[-75.5086,-9.9769],[-75.4746,-9.9922],[-75.4455,-9.9379],[-75.4214,-9.9434],[-75.4048,-9.9302],[-75.3955,-9.9128],[-75.4096,-9.902],[-75.4112,-9.8884],[-75.3996,-9.8785],[-75.3694,-9.8708],[-75.3212,-9.8769],[-75.2824,-9.8647],[-75.2792,-9.8382],[-75.3098,-9.7744],[-75.2546,-9.779],[-75.1601,-9.84],[-75.0945,-9.8445],[-75.0578,-9.8189],[-74.9936,-9.8398],[-74.9856,-9.8641],[-74.9516,-9.8599],[-74.9034,-9.8389],[-74.8824,-9.8197],[-74.8595,-9.8445],[-74.835,-9.8471],[-74.8362,-9.82],[-74.8262,-9.8197],[-74.8156,-9.7954],[-74.8214,-9.7849],[-74.8425,-9.7875],[-74.8471,-9.7805],[-74.8393,-9.7649],[-74.8438,-9.7491],[-74.8168,-9.7364],[-74.8288,-9.704],[-74.8178,-9.6913],[-74.8219,-9.6772],[-74.7875,-9.6658],[-74.7648,-9.6357],[-74.7725,-9.6124],[-74.7557,-9.6065],[-74.7558,-9.584],[-74.7356,-9.5744],[-74.7505,-9.5246],[-74.7288,-9.4724],[-74.6948,-9.4477],[-74.676,-9.4469],[-74.7094,-9.4222],[-74.6847,-9.4089],[-74.6543,-9.3688],[-74.6274,-9.3648],[-74.5871,-9.2966],[-74.5899,-9.2672],[-74.6245,-9.2156],[-74.6396,-9.1597],[-74.6365,-9.1255],[-74.6719,-9.1105],[-74.6781,-9.0981],[-74.6514,-9.0488],[-74.6692,-9.0203],[-74.6479,-8.9958],[-74.6443,-8.9188],[-74.6231,-8.8806],[-74.6223,-8.8655]]]}},{"type":"Feature","id":"1010","properties":{"ubigeo":"1010","nombre_departamento":"huanuco","nombre_provincia":"lauricocha","nombre_distrito":"","capital":"jesus"},"geometry":{"type":"Polygon","coordinates":[[[-76.6547,-9.9085],[-76.6411,-9.8817],[-76.6607,-9.8681],[-76.6783,-9.8846],[-76.6828,-9.9133],[-76.7016,-9.9286],[-76.7201,-9.8984],[-76.7335,-9.9118],[-76.7363,-9.9345],[-76.7511,-9.9448],[-76.7623,-9.9401],[-76.7799,-9.957],[-76.7733,-9.9944],[-76.824,-10.011],[-76.815,-10.0234],[-76.8072,-10.0845],[-76.8432,-10.0868],[-76.8536,-10.1018],[-76.8713,-10.0943],[-76.8799,-10.1166],[-76.9157,-10.1204],[-76.9085,-10.1768],[-76.916,-10.2253],[-76.9048,-10.2377],[-76.9062,-10.2749],[-76.891,-10.2947],[-76.8945,-10.3043],[-76.8747,-10.3209],[-76.8659,-10.3748],[-76.8564,-10.3773],[-76.8405,-10.3633],[-76.8317,-10.3931],[-76.8057,-10.3923],[-76.7999,-10.4396],[-76.7874,-10.4387],[-76.7723,-10.4642],[-76.7396,-10.4671],[-76.7292,-10.4791],[-76.7157,-10.4625],[-76.7009,-10.461],[-76.6968,-10.4425],[-76.6652,-10.4386],[-76.649,-10.4158],[-76.6204,-10.4152],[-76.5934,-10.4015],[-76.5934,-10.3872],[-76.5793,-10.3759],[-76.5582,-10.3934],[-76.5238,-10.3772],[-76.4909,-10.3789],[-76.4866,-10.3524],[-76.4728,-10.3378],[-76.5133,-10.2911],[-76.5123,-10.2424],[-76.5247,-10.2193],[-76.5176,-10.1871],[-76.5278,-10.1875],[-76.5389,-10.1657],[-76.5348,-10.1401],[-76.5469,-10.1114],[-76.5683,-10.0958],[-76.5971,-10.1009],[-76.6061,-10.0846],[-76.5973,-10.0416],[-76.5784,-10.0314],[-76.5854,-10.0112],[-76.5706,-9.9437],[-76.5861,-9.945],[-76.6116,-9.9269],[-76.6358,-9.9315],[-76.6265,-9.9192],[-76.6522,-9.9195],[-76.6559,-9.909],[-76.6547,-9.9085]]]}},{"type":"Feature","id":"1011","properties":{"ubigeo":"1011","nombre_departamento":"huanuco","nombre_provincia":"yarowilca","nombre_distrito":"","capital":"chavinillo"},"geometry":{"type":"Polygon","coordinates":[[[-76.5156,-9.676],[-76.5263,-9.6656],[-76.5589,-9.6827],[-76.5981,-9.6725],[-76.6445,-9.6878],[-76.664,-9.6773],[-76.6897,-9.7015],[-76.7037,-9.6898],[-76.7228,-9.7038],[-76.7021,-9.747],[-76.7358,-9.753],[-76.7357,-9.7914],[-76.758,-9.8425],[-76.7038,-9.9285],[-76.6828,-9.9133],[-76.6783,-9.8846],[-76.6615,-9.8681],[-76.6411,-9.8817],[-76.6594,-9.9089],[-76.6534,-9.9189],[-76.6265,-9.9192],[-76.6358,-9.9315],[-76.6116,-9.9269],[-76.5861,-9.945],[-76.5724,-9.9416],[-76.5705,-9.9592],[-76.5475,-9.9431],[-76.5461,-9.9198],[-76.4874,-9.9065],[-76.4651,-9.8922],[-76.4867,-9.8815],[-76.5,-9.8368],[-76.4698,-9.8079],[-76.4633,-9.7619],[-76.484,-9.7404],[-76.465,-9.7214],[-76.468,-9.685],[-76.477,-9.6739],[-76.4885,-9.6807],[-76.5155,-9.6764],[-76.5156,-9.676]]]}},{"type":"Feature","id":"1101","properties":{"ubigeo":"1101","nombre_departamento":"ica","nombre_provincia":"ica","nombre_distrito":"","capital":"ica"},"geometry":{"type":"Polygon","coordinates":[[[-75.5621,-13.7482],[-75.5705,-13.7429],[-75.6085,-13.786],[-75.648,-13.8074],[-75.7014,-13.817],[-75.7199,-13.8343],[-75.7755,-13.8435],[-75.7889,-13.8565],[-75.8483,-13.8362],[-75.8845,-13.8552],[-75.9248,-13.8414],[-75.9395,-13.8505],[-75.9712,-13.8459],[-75.9919,-13.8334],[-76.0157,-13.8443],[-76.028,-13.8401],[-76.0603,-13.9163],[-76.025,-13.9592],[-76.0255,-14.005],[-76.0014,-14.0198],[-76.0051,-14.0397],[-75.9861,-14.0717],[-76.0266,-14.1082],[-76.0218,-14.1245],[-76.0711,-14.2037],[-76.0723,-14.229],[-76.039,-14.2729],[-76.0214,-14.271],[-75.9841,-14.2997],[-75.9822,-14.3253],[-76.0039,-14.3689],[-76.0038,-14.3918],[-76.0367,-14.4261],[-75.9723,-14.4705],[-75.9648,-14.5059],[-75.9747,-14.5246],[-75.9305,-14.5713],[-75.9278,-14.642],[-75.9168,-14.6589],[-75.8558,-14.6944],[-75.8489,-14.7084],[-75.8556,-14.7163],[-75.7603,-14.7614],[-75.682,-14.8177],[-75.547,-14.883],[-75.494,-14.9297],[-75.44,-14.8949],[-75.4147,-14.7817],[-75.4324,-14.754],[-75.4264,-14.7072],[-75.4106,-14.6863],[-75.4265,-14.6414],[-75.4031,-14.6272],[-75.3709,-14.6366],[-75.3609,-14.6207],[-75.3694,-14.6015],[-75.3626,-14.569],[-75.3191,-14.5353],[-75.3012,-14.4725],[-75.2455,-14.4408],[-75.2497,-14.4283],[-75.2279,-14.3954],[-75.2179,-14.3538],[-75.2379,-14.3426],[-75.2295,-14.1781],[-75.243,-14.1524],[-75.2262,-14.1264],[-75.2244,-14.0994],[-75.2398,-14.0834],[-75.2106,-14.0504],[-75.261,-14.041],[-75.2334,-14.0033],[-75.2517,-13.9978],[-75.2704,-14.0106],[-75.329,-14.018],[-75.3557,-13.9958],[-75.3592,-13.9715],[-75.3817,-13.9628],[-75.4335,-13.9141],[-75.4572,-13.9055],[-75.4819,-13.9106],[-75.5221,-13.8851],[-75.5492,-13.8874],[-75.5648,-13.8435],[-75.5369,-13.8302],[-75.5252,-13.8082],[-75.5418,-13.7819],[-75.5376,-13.7624],[-75.5618,-13.7482],[-75.5621,-13.7482]]]}},{"type":"Feature","id":"1102","properties":{"ubigeo":"1102","nombre_departamento":"ica","nombre_provincia":"chincha","nombre_distrito":"","capital":"chincha alta"},"geometry":{"type":"Polygon","coordinates":[[[-75.6114,-12.9665],[-75.6277,-12.9668],[-75.6382,-12.9743],[-75.6352,-12.9866],[-75.667,-12.9966],[-75.6657,-13.0165],[-75.6905,-13.0351],[-75.7232,-13.0387],[-75.7646,-13.0182],[-75.7725,-13.0379],[-75.8021,-13.0604],[-75.8179,-13.0521],[-75.8243,-13.0305],[-75.8497,-13.0362],[-75.9429,-12.9922],[-75.9614,-13.0014],[-75.9686,-13.0408],[-76.0119,-13.0855],[-76.1553,-13.1922],[-76.1627,-13.2261],[-76.2029,-13.3017],[-76.2448,-13.3235],[-76.2098,-13.3781],[-76.1904,-13.4349],[-76.1851,-13.5268],[-76.1918,-13.5938],[-76.1525,-13.5924],[-76.0875,-13.5641],[-76.0497,-13.5769],[-76.0379,-13.5627],[-76.0143,-13.5604],[-75.987,-13.5716],[-75.9733,-13.5977],[-75.9633,-13.6],[-75.9587,-13.62],[-75.9455,-13.619],[-75.9349,-13.6314],[-75.8993,-13.626],[-75.8891,-13.6126],[-75.8638,-13.6114],[-75.835,-13.6252],[-75.8145,-13.6196],[-75.8051,-13.5931],[-75.8136,-13.5782],[-75.7732,-13.5559],[-75.7528,-13.514],[-75.7562,-13.5012],[-75.7075,-13.4718],[-75.709,-13.4588],[-75.6893,-13.4397],[-75.7188,-13.4126],[-75.7449,-13.4048],[-75.7625,-13.4138],[-75.806,-13.4014],[-75.8097,-13.3889],[-75.7876,-13.3348],[-75.7542,-13.3089],[-75.7309,-13.3103],[-75.7065,-13.2883],[-75.7024,-13.2269],[-75.6889,-13.2143],[-75.7063,-13.1877],[-75.694,-13.1466],[-75.7078,-13.1427],[-75.7188,-13.1098],[-75.695,-13.0748],[-75.6866,-13.0431],[-75.6756,-13.0437],[-75.6806,-13.0704],[-75.658,-13.0823],[-75.6286,-13.0571],[-75.6393,-13.032],[-75.6086,-13.0041],[-75.6026,-12.9802],[-75.611,-12.9668],[-75.6114,-12.9665]]]}},{"type":"Feature","id":"1103","properties":{"ubigeo":"1103","nombre_departamento":"ica","nombre_provincia":"nasca","nombre_distrito":"","capital":"nazca"},"geometry":{"type":"Polygon","coordinates":[[[-74.8895,-14.5474],[-74.9028,-14.5467],[-74.9134,-14.5656],[-74.9466,-14.5808],[-74.9589,-14.6065],[-75.0318,-14.6107],[-75.0532,-14.6272],[-75.0659,-14.5745],[-75.0801,-14.569],[-75.0903,-14.5803],[-75.0833,-14.609],[-75.1324,-14.6441],[-75.1422,-14.6788],[-75.1548,-14.677],[-75.1856,-14.6369],[-75.2264,-14.6447],[-75.2265,-14.6146],[-75.2392,-14.591],[-75.2697,-14.5927],[-75.3323,-14.6157],[-75.3621,-14.5985],[-75.3637,-14.5821],[-75.3694,-14.6015],[-75.3609,-14.6207],[-75.3719,-14.6375],[-75.3995,-14.6269],[-75.4265,-14.6414],[-75.4106,-14.6863],[-75.4264,-14.7072],[-75.4324,-14.754],[-75.4147,-14.7817],[-75.44,-14.8949],[-75.494,-14.9297],[-75.5032,-14.9479],[-75.5,-14.967],[-75.4427,-15.0006],[-75.4332,-15.0266],[-75.4136,-15.0431],[-75.4092,-15.068],[-75.3713,-15.1281],[-75.3706,-15.1527],[-75.3579,-15.1399],[-75.3495,-15.1583],[-75.3362,-15.1462],[-75.3169,-15.1499],[-75.2747,-15.1683],[-75.2322,-15.2028],[-75.2162,-15.2333],[-75.2228,-15.2564],[-75.2638,-15.2512],[-75.2486,-15.2553],[-75.2291,-15.2857],[-75.1959,-15.2912],[-75.1692,-15.3071],[-75.1518,-15.3355],[-75.1567,-15.356],[-75.1858,-15.3551],[-75.1942,-15.3685],[-75.1615,-15.3781],[-75.1586,-15.3929],[-75.1447,-15.3938],[-75.1404,-15.4072],[-75.1222,-15.4059],[-75.0996,-15.4235],[-75.0819,-15.424],[-75.0745,-15.4434],[-75.0455,-15.4303],[-75.0185,-15.3824],[-75.0166,-15.3511],[-74.9682,-15.2994],[-74.9636,-15.2539],[-74.9293,-15.1924],[-74.8774,-15.1537],[-74.8159,-15.1395],[-74.758,-15.0928],[-74.669,-15.0537],[-74.6657,-14.9979],[-74.6463,-14.9779],[-74.6853,-14.9302],[-74.6624,-14.9001],[-74.6811,-14.8731],[-74.681,-14.8543],[-74.6938,-14.8382],[-74.7208,-14.8367],[-74.7325,-14.8467],[-74.7334,-14.8379],[-74.7462,-14.8435],[-74.7546,-14.8353],[-74.7144,-14.8178],[-74.7478,-14.8131],[-74.7647,-14.7905],[-74.7157,-14.7098],[-74.7508,-14.7294],[-74.7774,-14.7294],[-74.8027,-14.7521],[-74.8253,-14.7364],[-74.8457,-14.708],[-74.8378,-14.6958],[-74.8486,-14.6722],[-74.7882,-14.6156],[-74.859,-14.6084],[-74.884,-14.5762],[-74.8762,-14.5534],[-74.8886,-14.5474],[-74.8895,-14.5474]]]}},{"type":"Feature","id":"1104","properties":{"ubigeo":"1104","nombre_departamento":"ica","nombre_provincia":"palpa","nombre_distrito":"","capital":"palpa"},"geometry":{"type":"Polygon","coordinates":[[[-75.0964,-14.0663],[-75.1088,-14.0329],[-75.1657,-14.0725],[-75.1866,-14.0541],[-75.2106,-14.0504],[-75.2398,-14.0834],[-75.2244,-14.0994],[-75.2262,-14.1264],[-75.243,-14.1524],[-75.2295,-14.1781],[-75.2379,-14.3426],[-75.2179,-14.3538],[-75.2279,-14.3954],[-75.2497,-14.4283],[-75.2455,-14.4408],[-75.3012,-14.4725],[-75.3191,-14.5353],[-75.3633,-14.5707],[-75.3621,-14.5985],[-75.3323,-14.6157],[-75.2697,-14.5927],[-75.2383,-14.5914],[-75.2265,-14.6146],[-75.2264,-14.6447],[-75.1856,-14.6369],[-75.1548,-14.677],[-75.1422,-14.6788],[-75.1324,-14.6441],[-75.1166,-14.6279],[-75.0952,-14.624],[-75.0799,-14.6023],[-75.0903,-14.5803],[-75.0671,-14.5286],[-75.0867,-14.5302],[-75.0981,-14.4851],[-75.053,-14.4311],[-75.089,-14.4264],[-75.1058,-14.434],[-75.1398,-14.4159],[-75.1051,-14.3588],[-75.0939,-14.3124],[-75.0822,-14.2973],[-75.0497,-14.2865],[-75.0322,-14.2657],[-75.0395,-14.2542],[-75.066,-14.2516],[-75.0737,-14.2356],[-75.0887,-14.2298],[-75.0764,-14.1659],[-75.0574,-14.124],[-75.0696,-14.0798],[-75.0885,-14.0816],[-75.0964,-14.0663]]]}},{"type":"Feature","id":"1105","properties":{"ubigeo":"1105","nombre_departamento":"ica","nombre_provincia":"pisco","nombre_distrito":"","capital":"pisco"},"geometry":{"type":"Polygon","coordinates":[[[-75.4982,-13.3911],[-75.4922,-13.3775],[-75.5032,-13.3528],[-75.5052,-13.3718],[-75.5381,-13.4048],[-75.5851,-13.4027],[-75.5982,-13.3898],[-75.6149,-13.4168],[-75.6334,-13.4112],[-75.6512,-13.4268],[-75.6798,-13.4312],[-75.7085,-13.4579],[-75.7075,-13.4718],[-75.7562,-13.5012],[-75.7528,-13.514],[-75.7732,-13.5559],[-75.8136,-13.5782],[-75.8051,-13.5938],[-75.8156,-13.6206],[-75.835,-13.6252],[-75.8638,-13.6114],[-75.8891,-13.6126],[-75.8993,-13.626],[-75.9349,-13.6314],[-75.9455,-13.619],[-75.9587,-13.62],[-75.9633,-13.6],[-76.0067,-13.561],[-76.0379,-13.5627],[-76.0497,-13.5769],[-76.0875,-13.5641],[-76.1525,-13.5924],[-76.1918,-13.5938],[-76.2198,-13.6816],[-76.2474,-13.8303],[-76.2581,-13.8387],[-76.2506,-13.8534],[-76.2604,-13.8665],[-76.2976,-13.838],[-76.3116,-13.8471],[-76.2889,-13.7979],[-76.2964,-13.7933],[-76.371,-13.8062],[-76.3676,-13.8279],[-76.3859,-13.8439],[-76.3965,-13.9088],[-76.3623,-13.9138],[-76.356,-13.9228],[-76.3391,-13.9153],[-76.3281,-13.9249],[-76.3163,-13.9154],[-76.3136,-13.8934],[-76.2984,-13.8933],[-76.2817,-13.913],[-76.2948,-13.9309],[-76.273,-13.9519],[-76.2708,-13.9835],[-76.2858,-13.9968],[-76.2626,-14.0202],[-76.2705,-14.0361],[-76.2606,-14.0558],[-76.2764,-14.0619],[-76.2761,-14.0825],[-76.2922,-14.089],[-76.2787,-14.1524],[-76.2934,-14.1633],[-76.2721,-14.2002],[-76.2532,-14.1605],[-76.2566,-14.1675],[-76.2709,-14.1422],[-76.252,-14.1544],[-76.2258,-14.1505],[-76.2179,-14.1679],[-76.198,-14.1728],[-76.1905,-14.1983],[-76.1436,-14.2276],[-76.1053,-14.3141],[-76.111,-14.3292],[-76.1452,-14.3302],[-76.1365,-14.3488],[-76.0662,-14.3869],[-76.0367,-14.4261],[-76.0038,-14.3918],[-76.0039,-14.3689],[-75.9808,-14.3155],[-75.9862,-14.2963],[-76.0214,-14.271],[-76.039,-14.2729],[-76.0723,-14.229],[-76.0711,-14.2037],[-76.0218,-14.1245],[-76.0266,-14.1082],[-75.9861,-14.0717],[-76.0051,-14.0397],[-76.0014,-14.0198],[-76.0255,-14.005],[-76.025,-13.9592],[-76.0584,-13.9246],[-76.0614,-13.9051],[-76.0412,-13.8611],[-76.028,-13.8401],[-76.0157,-13.8443],[-75.9919,-13.8334],[-75.9712,-13.8459],[-75.9395,-13.8505],[-75.9248,-13.8414],[-75.8845,-13.8552],[-75.8483,-13.8362],[-75.7889,-13.8565],[-75.7755,-13.8435],[-75.7199,-13.8343],[-75.7014,-13.817],[-75.648,-13.8074],[-75.6085,-13.786],[-75.5705,-13.7429],[-75.5332,-13.7447],[-75.5159,-13.6964],[-75.4962,-13.6733],[-75.4882,-13.6759],[-75.4846,-13.6547],[-75.5196,-13.6035],[-75.5097,-13.5654],[-75.4958,-13.5671],[-75.4773,-13.5255],[-75.495,-13.5243],[-75.4697,-13.4817],[-75.4658,-13.4322],[-75.4958,-13.393],[-75.4982,-13.3911]]]}},{"type":"Feature","id":"1201","properties":{"ubigeo":"1201","nombre_departamento":"junin","nombre_provincia":"huancayo","nombre_distrito":"","capital":"huancayo"},"geometry":{"type":"Polygon","coordinates":[[[-74.6789,-11.6644],[-74.7081,-11.6748],[-74.721,-11.6647],[-74.7368,-11.6749],[-74.744,-11.7032],[-74.7649,-11.7072],[-74.7748,-11.7233],[-74.7787,-11.7412],[-74.7675,-11.762],[-74.8393,-11.7628],[-74.8689,-11.7775],[-74.851,-11.8027],[-74.8876,-11.8463],[-74.9215,-11.8461],[-74.9514,-11.8267],[-74.9673,-11.8448],[-74.9929,-11.8169],[-75.0116,-11.82],[-75.0625,-11.889],[-75.0898,-11.8356],[-75.1293,-11.8422],[-75.1598,-11.8216],[-75.1789,-11.7935],[-75.2507,-11.8099],[-75.2746,-11.863],[-75.2666,-11.8731],[-75.2949,-11.8874],[-75.2941,-11.9217],[-75.3128,-11.938],[-75.2792,-11.9805],[-75.304,-11.9853],[-75.311,-12.0076],[-75.3251,-12.0093],[-75.3165,-12.0415],[-75.2356,-12.0704],[-75.2318,-12.1204],[-75.2405,-12.1498],[-75.2653,-12.1568],[-75.2759,-12.1773],[-75.2485,-12.224],[-75.2463,-12.2493],[-75.252,-12.2552],[-75.2643,-12.2487],[-75.2716,-12.2666],[-75.2998,-12.2583],[-75.3036,-12.2711],[-75.3146,-12.2701],[-75.3572,-12.3089],[-75.3525,-12.3276],[-75.3601,-12.3356],[-75.41,-12.364],[-75.4429,-12.3698],[-75.4881,-12.3983],[-75.5596,-12.4107],[-75.5574,-12.4566],[-75.536,-12.5185],[-75.5718,-12.5641],[-75.5662,-12.5725],[-75.5794,-12.5951],[-75.5796,-12.6415],[-75.5254,-12.6184],[-75.4909,-12.6479],[-75.4833,-12.6771],[-75.4672,-12.6833],[-75.4526,-12.6572],[-75.4608,-12.6314],[-75.4426,-12.6177],[-75.4154,-12.6284],[-75.4094,-12.5847],[-75.3919,-12.5762],[-75.367,-12.5429],[-75.3193,-12.5145],[-75.3247,-12.4855],[-75.3095,-12.4791],[-75.2977,-12.4852],[-75.2774,-12.4668],[-75.2519,-12.4629],[-75.2296,-12.4756],[-75.2155,-12.4634],[-75.2235,-12.4391],[-75.2139,-12.4139],[-75.2201,-12.3905],[-75.1824,-12.3603],[-75.1541,-12.3957],[-75.131,-12.3785],[-75.1401,-12.3414],[-75.0989,-12.2853],[-75.1004,-12.2511],[-75.0716,-12.2352],[-75.0494,-12.2013],[-75.0489,-12.1675],[-75.0726,-12.1578],[-75.0769,-12.1471],[-75.0629,-12.1347],[-75.0709,-12.1129],[-75.0652,-12.0919],[-75.0738,-12.0613],[-75.0864,-12.0533],[-75.0471,-12.0116],[-75.049,-11.9992],[-74.9978,-12.0211],[-74.939,-12.0184],[-74.8708,-12.066],[-74.8374,-12.0708],[-74.8187,-12.0535],[-74.7943,-12.0583],[-74.7445,-12.0409],[-74.7107,-12.0572],[-74.6834,-12.0381],[-74.6792,-12.0183],[-74.6576,-11.9927],[-74.6318,-11.9853],[-74.6125,-11.988],[-74.6036,-11.9995],[-74.5927,-11.9955],[-74.5941,-11.987],[-74.5717,-11.9848],[-74.5577,-12.0009],[-74.5431,-11.984],[-74.5076,-11.9871],[-74.4988,-11.9544],[-74.5048,-11.9377],[-74.4878,-11.9231],[-74.4905,-11.9137],[-74.5078,-11.916],[-74.5337,-11.8787],[-74.5779,-11.8824],[-74.5813,-11.8548],[-74.5967,-11.8428],[-74.5961,-11.8192],[-74.6106,-11.8074],[-74.6063,-11.7931],[-74.6503,-11.7363],[-74.6425,-11.701],[-74.6786,-11.6682],[-74.6789,-11.6644]]]}},{"type":"Feature","id":"1202","properties":{"ubigeo":"1202","nombre_departamento":"junin","nombre_provincia":"concepcion","nombre_distrito":"","capital":"concepcion"},"geometry":{"type":"Polygon","coordinates":[[[-74.9858,-11.4398],[-75.0003,-11.4268],[-75.0123,-11.4463],[-75.0328,-11.4551],[-75.036,-11.4732],[-75.0554,-11.4708],[-75.062,-11.4869],[-75.1001,-11.4974],[-75.132,-11.5241],[-75.1629,-11.5349],[-75.1874,-11.5886],[-75.2026,-11.5992],[-75.1949,-11.6253],[-75.2116,-11.6249],[-75.2122,-11.6508],[-75.2243,-11.6637],[-75.1916,-11.7089],[-75.2013,-11.7494],[-75.1869,-11.7761],[-75.2326,-11.7658],[-75.2376,-11.7808],[-75.2692,-11.799],[-75.2662,-11.8125],[-75.3053,-11.831],[-75.3119,-11.8583],[-75.3761,-11.8636],[-75.401,-11.8742],[-75.3579,-11.9003],[-75.3931,-11.9261],[-75.4075,-11.9247],[-75.408,-11.9349],[-75.4339,-11.9552],[-75.4523,-11.9586],[-75.4621,-11.9358],[-75.481,-11.9368],[-75.4993,-11.9664],[-75.4694,-11.9901],[-75.4895,-12.0075],[-75.5368,-12.0273],[-75.588,-12.0004],[-75.6228,-12.0223],[-75.6565,-12.0087],[-75.6865,-12.0125],[-75.683,-12.0357],[-75.6943,-12.0427],[-75.6738,-12.0583],[-75.6882,-12.0821],[-75.6346,-12.1146],[-75.6275,-12.1417],[-75.5859,-12.1451],[-75.5352,-12.187],[-75.5257,-12.1641],[-75.5324,-12.1457],[-75.5182,-12.1217],[-75.4781,-12.1047],[-75.4724,-12.0866],[-75.4585,-12.0788],[-75.4599,-12.0667],[-75.4208,-12.06],[-75.3889,-12.0332],[-75.3746,-12.0351],[-75.3328,-12.0087],[-75.311,-12.0076],[-75.304,-11.9853],[-75.2795,-11.9812],[-75.3128,-11.938],[-75.2941,-11.9217],[-75.2949,-11.8874],[-75.2666,-11.8731],[-75.2746,-11.863],[-75.2507,-11.8099],[-75.1789,-11.7935],[-75.1598,-11.8216],[-75.1293,-11.8422],[-75.0898,-11.8356],[-75.0625,-11.889],[-75.0156,-11.8213],[-74.9929,-11.8169],[-74.9673,-11.8448],[-74.9514,-11.8267],[-74.9215,-11.8461],[-74.8877,-11.8463],[-74.851,-11.8027],[-74.8689,-11.7775],[-74.8393,-11.7628],[-74.7675,-11.762],[-74.7787,-11.7412],[-74.7748,-11.7233],[-74.7649,-11.7072],[-74.744,-11.7032],[-74.7374,-11.6756],[-74.7182,-11.6599],[-74.7251,-11.614],[-74.7476,-11.6052],[-74.7619,-11.612],[-74.766,-11.5984],[-74.7863,-11.6035],[-74.8202,-11.5884],[-74.9106,-11.5285],[-74.9419,-11.5653],[-74.9709,-11.5711],[-74.975,-11.5508],[-74.9478,-11.5179],[-74.9541,-11.5039],[-74.9179,-11.4905],[-74.9149,-11.48],[-74.9508,-11.4627],[-74.9729,-11.4382],[-74.9848,-11.4399],[-74.9858,-11.4398]]]}},{"type":"Feature","id":"1203","properties":{"ubigeo":"1203","nombre_departamento":"junin","nombre_provincia":"chanchamayo","nombre_distrito":"","capital":"la merced"},"geometry":{"type":"Polygon","coordinates":[[[-75.0356,-10.6823],[-75.0651,-10.6529],[-75.0716,-10.6778],[-75.0884,-10.6835],[-75.1096,-10.724],[-75.1423,-10.7413],[-75.1571,-10.762],[-75.1766,-10.7499],[-75.1899,-10.7804],[-75.2042,-10.7647],[-75.2439,-10.7639],[-75.248,-10.8031],[-75.2839,-10.8415],[-75.3043,-10.8382],[-75.3378,-10.8013],[-75.3485,-10.8006],[-75.3619,-10.8192],[-75.3547,-10.8285],[-75.3627,-10.8501],[-75.3857,-10.8649],[-75.4024,-10.8552],[-75.4178,-10.8902],[-75.4369,-10.8795],[-75.4533,-10.9003],[-75.4355,-10.9121],[-75.4223,-10.9573],[-75.4405,-10.9692],[-75.455,-10.9992],[-75.4452,-11.007],[-75.4518,-11.0159],[-75.4641,-11.0242],[-75.4819,-11.0162],[-75.4994,-11.0228],[-75.5287,-11.0506],[-75.5837,-11.0507],[-75.6023,-11.0744],[-75.6674,-11.0983],[-75.6696,-11.1153],[-75.6558,-11.1213],[-75.6377,-11.1642],[-75.6202,-11.1552],[-75.6022,-11.1725],[-75.5839,-11.1679],[-75.5906,-11.1914],[-75.5818,-11.2271],[-75.5056,-11.2243],[-75.3137,-11.2992],[-75.0284,-11.3502],[-75.0258,-11.3397],[-75.051,-11.3087],[-75.0442,-11.2976],[-75.0378,-11.3041],[-75.0115,-11.2956],[-74.9682,-11.3003],[-74.8904,-11.2701],[-74.8949,-11.2463],[-74.8881,-11.2395],[-74.9034,-11.2374],[-74.9111,-11.2157],[-74.905,-11.187],[-74.8914,-11.1893],[-74.8991,-11.1667],[-74.8542,-11.148],[-74.8433,-11.1257],[-74.8162,-11.1235],[-74.8104,-11.1079],[-74.7857,-11.1019],[-74.7626,-11.072],[-74.7465,-11.0703],[-74.7474,-11.011],[-74.7178,-11.0206],[-74.6461,-11.0089],[-74.6226,-10.9759],[-74.6288,-10.9641],[-74.6599,-10.9529],[-74.6987,-10.9566],[-74.6953,-10.8939],[-74.7079,-10.8582],[-74.7343,-10.8333],[-74.7604,-10.8251],[-74.7948,-10.8299],[-74.8782,-10.7007],[-74.8875,-10.7107],[-74.8659,-10.759],[-74.8856,-10.7706],[-74.9133,-10.7484],[-74.918,-10.7551],[-74.9383,-10.7496],[-74.9565,-10.7328],[-74.9828,-10.7498],[-75.0065,-10.7188],[-75.0117,-10.6795],[-75.0207,-10.6737],[-75.0344,-10.6825],[-75.0356,-10.6823]]]}},{"type":"Feature","id":"1204","properties":{"ubigeo":"1204","nombre_departamento":"junin","nombre_provincia":"jauja","nombre_distrito":"","capital":"jauja"},"geometry":{"type":"Polygon","coordinates":[[[-75.4348,-11.2582],[-75.4336,-11.2659],[-75.447,-11.2717],[-75.438,-11.2879],[-75.4437,-11.302],[-75.4336,-11.3086],[-75.431,-11.3323],[-75.4042,-11.3405],[-75.4038,-11.3636],[-75.4097,-11.3878],[-75.4298,-11.3915],[-75.4613,-11.4289],[-75.4575,-11.4534],[-75.4795,-11.4858],[-75.4716,-11.496],[-75.4741,-11.5217],[-75.498,-11.5093],[-75.5114,-11.5167],[-75.53,-11.4939],[-75.5472,-11.5036],[-75.5474,-11.526],[-75.573,-11.5425],[-75.5493,-11.5875],[-75.5539,-11.6011],[-75.5758,-11.5816],[-75.5823,-11.5954],[-75.5993,-11.5772],[-75.6262,-11.5888],[-75.6396,-11.5641],[-75.679,-11.567],[-75.6917,-11.5563],[-75.71,-11.5671],[-75.7349,-11.5227],[-75.7495,-11.5424],[-75.7998,-11.543],[-75.7562,-11.6403],[-75.7315,-11.6597],[-75.7154,-11.7008],[-75.7005,-11.7135],[-75.7418,-11.7493],[-75.7562,-11.776],[-75.8136,-11.7898],[-75.8323,-11.7698],[-75.855,-11.7676],[-75.8931,-11.7836],[-75.9052,-11.8728],[-75.9557,-11.8705],[-75.9935,-11.8996],[-76.0243,-11.8976],[-76.0352,-11.9315],[-76.0519,-11.939],[-76.0526,-11.9482],[-75.9932,-11.9947],[-75.9753,-11.9839],[-75.9486,-11.9944],[-75.9241,-11.9843],[-75.9041,-11.9984],[-75.8843,-11.9936],[-75.8425,-12.0065],[-75.8336,-12.0247],[-75.8189,-12.0137],[-75.7657,-12.0596],[-75.7511,-12.0549],[-75.742,-12.0365],[-75.6998,-12.0477],[-75.6831,-12.036],[-75.6877,-12.0134],[-75.6749,-12.0081],[-75.6228,-12.0223],[-75.588,-12.0004],[-75.5347,-12.0272],[-75.4694,-11.9901],[-75.4993,-11.9664],[-75.481,-11.9368],[-75.4621,-11.9358],[-75.4523,-11.9586],[-75.4339,-11.9552],[-75.408,-11.9349],[-75.4075,-11.9247],[-75.3931,-11.9261],[-75.3579,-11.9003],[-75.401,-11.8742],[-75.3761,-11.8636],[-75.3119,-11.8583],[-75.3053,-11.831],[-75.2662,-11.8125],[-75.2692,-11.799],[-75.2376,-11.7808],[-75.2326,-11.7658],[-75.1869,-11.7761],[-75.2013,-11.7494],[-75.1916,-11.7089],[-75.2243,-11.6637],[-75.2122,-11.6508],[-75.2116,-11.6249],[-75.1949,-11.6253],[-75.2026,-11.5992],[-75.1874,-11.5886],[-75.1629,-11.5349],[-75.132,-11.5241],[-75.1001,-11.4974],[-75.062,-11.4869],[-75.0554,-11.4708],[-75.036,-11.4732],[-75.0328,-11.4551],[-75.0123,-11.4463],[-75.0003,-11.4268],[-74.9858,-11.4398],[-74.9729,-11.4382],[-74.9987,-11.3972],[-74.9878,-11.3748],[-75.0284,-11.3502],[-75.3066,-11.3008],[-75.3784,-11.278],[-75.4348,-11.2582]]]}},{"type":"Feature","id":"1205","properties":{"ubigeo":"1205","nombre_departamento":"junin","nombre_provincia":"junin","nombre_distrito":"","capital":"junin"},"geometry":{"type":"Polygon","coordinates":[[[-75.5537,-10.7452],[-75.5681,-10.7272],[-75.5841,-10.8016],[-75.6066,-10.8231],[-75.6498,-10.8234],[-75.6785,-10.8402],[-75.693,-10.8351],[-75.6933,-10.8172],[-75.7328,-10.8093],[-75.7586,-10.8301],[-75.7891,-10.8253],[-75.8154,-10.847],[-75.8156,-10.8725],[-75.8384,-10.8863],[-75.8583,-10.8679],[-75.8648,-10.8766],[-75.8761,-10.8675],[-75.9132,-10.872],[-75.9359,-10.8897],[-75.9371,-10.8715],[-75.9616,-10.844],[-75.9927,-10.821],[-76.006,-10.8282],[-76.0455,-10.8807],[-76.0821,-10.8951],[-76.1229,-10.9621],[-76.0731,-10.9743],[-76.049,-10.9985],[-76.0446,-11.0247],[-76.0114,-11.0325],[-76.0094,-11.0482],[-76.0289,-11.0655],[-76.0279,-11.0853],[-76.0644,-11.0954],[-76.067,-11.1145],[-76.0964,-11.1084],[-76.0964,-11.1208],[-76.122,-11.1012],[-76.1219,-11.0856],[-76.1475,-11.0787],[-76.1567,-11.0558],[-76.1914,-11.0292],[-76.248,-10.9332],[-76.2768,-10.9191],[-76.2767,-10.9504],[-76.2655,-10.9596],[-76.2729,-10.971],[-76.2557,-11.0024],[-76.2597,-11.0274],[-76.2396,-11.0492],[-76.2495,-11.1069],[-76.2128,-11.1523],[-76.2022,-11.15],[-76.2083,-11.17],[-76.1816,-11.1808],[-76.1931,-11.2016],[-76.1826,-11.2178],[-76.1676,-11.2213],[-76.1774,-11.2424],[-76.1651,-11.2705],[-76.1411,-11.2943],[-76.137,-11.3146],[-76.1081,-11.3355],[-76.0824,-11.388],[-76.0465,-11.3717],[-76.0133,-11.3757],[-75.9698,-11.3526],[-75.9598,-11.3329],[-75.8901,-11.3332],[-75.9721,-11.2139],[-75.922,-11.2197],[-75.9013,-11.1999],[-75.9045,-11.1756],[-75.8846,-11.1578],[-75.8843,-11.1435],[-75.8612,-11.1448],[-75.8522,-11.1197],[-75.8389,-11.1194],[-75.8328,-11.0523],[-75.8135,-11.0507],[-75.8172,-11.0344],[-75.7841,-10.9975],[-75.7616,-11.0103],[-75.7322,-11.0015],[-75.6677,-10.9492],[-75.6155,-10.961],[-75.5366,-10.9483],[-75.5028,-10.9621],[-75.4946,-10.923],[-75.4533,-10.9003],[-75.4376,-10.8798],[-75.4178,-10.8902],[-75.4093,-10.8452],[-75.3908,-10.8323],[-75.3948,-10.7591],[-75.4608,-10.7498],[-75.4764,-10.7812],[-75.4902,-10.7568],[-75.5145,-10.7564],[-75.5425,-10.741],[-75.5534,-10.7453],[-75.5537,-10.7452]]]}},{"type":"Feature","id":"1206","properties":{"ubigeo":"1206","nombre_departamento":"junin","nombre_provincia":"satipo","nombre_distrito":"","capital":"satipo"},"geometry":{"type":"Polygon","coordinates":[[[-73.6775,-10.7899],[-73.7317,-10.7538],[-73.7444,-10.734],[-73.782,-10.7506],[-73.7784,-10.7745],[-73.7869,-10.7941],[-73.8142,-10.7999],[-73.8222,-10.8361],[-73.813,-10.8892],[-73.8267,-10.9114],[-73.8237,-10.9216],[-73.8557,-10.957],[-73.8622,-10.9788],[-73.8656,-11.0987],[-73.8527,-11.1643],[-73.8593,-11.1681],[-73.8906,-11.1697],[-73.9165,-11.1431],[-73.9574,-11.1481],[-73.9783,-11.1206],[-73.9788,-11.069],[-74.0072,-10.9913],[-74.0614,-10.9957],[-74.1029,-10.9864],[-74.1557,-10.9988],[-74.1909,-10.986],[-74.2028,-11.021],[-74.2564,-11.0182],[-74.2815,-11.0331],[-74.3164,-11.0367],[-74.3416,-11.0548],[-74.3732,-11.0566],[-74.4503,-11.0019],[-74.4965,-11.0002],[-74.5084,-10.9503],[-74.5624,-10.9137],[-74.6141,-10.9046],[-74.6354,-10.872],[-74.6493,-10.8671],[-74.6792,-10.8791],[-74.6813,-10.8892],[-74.7002,-10.8779],[-74.702,-10.915],[-74.6937,-10.9331],[-74.6987,-10.9566],[-74.6604,-10.9528],[-74.6278,-10.9651],[-74.6226,-10.9765],[-74.6441,-11.0077],[-74.7178,-11.0206],[-74.7474,-11.011],[-74.7465,-11.0703],[-74.7626,-11.072],[-74.7857,-11.1019],[-74.8104,-11.1079],[-74.8162,-11.1235],[-74.8433,-11.1257],[-74.8542,-11.148],[-74.8991,-11.1667],[-74.8914,-11.1893],[-74.905,-11.187],[-74.9111,-11.2157],[-74.9034,-11.2374],[-74.8881,-11.2395],[-74.8949,-11.2463],[-74.8904,-11.2701],[-74.9575,-11.2981],[-75.0155,-11.2958],[-75.0378,-11.3041],[-75.0442,-11.2976],[-75.051,-11.3079],[-75.0258,-11.3397],[-75.0284,-11.3502],[-74.9878,-11.3748],[-74.9987,-11.3972],[-74.9625,-11.4525],[-74.9149,-11.48],[-74.9179,-11.4905],[-74.9541,-11.5039],[-74.9478,-11.5179],[-74.975,-11.5508],[-74.9709,-11.5711],[-74.9419,-11.5653],[-74.9106,-11.5285],[-74.8202,-11.5884],[-74.7863,-11.6035],[-74.766,-11.5984],[-74.7619,-11.612],[-74.7476,-11.6052],[-74.7251,-11.614],[-74.721,-11.6647],[-74.7081,-11.6748],[-74.6796,-11.6613],[-74.6425,-11.701],[-74.6503,-11.7363],[-74.6063,-11.7931],[-74.6106,-11.8074],[-74.5961,-11.8192],[-74.5967,-11.8428],[-74.5813,-11.8548],[-74.5779,-11.8824],[-74.5337,-11.8787],[-74.5078,-11.916],[-74.4905,-11.9137],[-74.4878,-11.9231],[-74.5048,-11.9377],[-74.5048,-11.9833],[-74.5431,-11.984],[-74.549,-11.997],[-74.4876,-12.0337],[-74.4807,-12.0266],[-74.4544,-12.0339],[-74.4531,-12.0486],[-74.4425,-12.045],[-74.4331,-12.0699],[-74.4214,-12.0675],[-74.4142,-12.0765],[-74.4195,-12.0938],[-74.4103,-12.1065],[-74.3988,-12.1036],[-74.3635,-12.1378],[-74.3517,-12.137],[-74.3613,-12.1552],[-74.3433,-12.1691],[-74.3517,-12.178],[-74.3442,-12.1953],[-74.3342,-12.1945],[-74.3304,-12.2219],[-74.3168,-12.2313],[-74.2909,-12.2234],[-74.2841,-12.2406],[-74.2698,-12.2393],[-74.2455,-12.2695],[-74.218,-12.2781],[-74.2187,-12.3017],[-74.1883,-12.3031],[-74.182,-12.3173],[-74.1662,-12.3124],[-74.1462,-12.3244],[-74.1312,-12.3146],[-74.1298,-12.3312],[-74.1214,-12.3336],[-74.1041,-12.3132],[-74.0974,-12.2837],[-74.0593,-12.2766],[-74.0398,-12.2614],[-73.9998,-12.2836],[-73.9875,-12.2717],[-73.9805,-12.2426],[-73.9722,-12.2943],[-73.9525,-12.2812],[-73.9249,-12.2832],[-73.8833,-12.2622],[-73.8718,-12.2454],[-73.8342,-12.2429],[-73.7956,-12.2623],[-73.7618,-12.2529],[-73.7369,-12.2668],[-73.7045,-12.2694],[-73.6599,-12.3287],[-73.6577,-12.3595],[-73.6365,-12.3788],[-73.616,-12.3762],[-73.6038,-12.387],[-73.5862,-12.3666],[-73.5921,-12.3342],[-73.5743,-12.2768],[-73.5217,-12.25],[-73.4978,-12.2524],[-73.4699,-12.2369],[-73.4395,-12.152],[-73.3611,-12.1343],[-73.3561,-12.1111],[-73.401,-12.0908],[-73.3912,-12.0757],[-73.4084,-12.0642],[-73.3979,-12.0209],[-73.4053,-12.0055],[-73.4214,-12.0154],[-73.4361,-11.9959],[-73.4301,-11.9821],[-73.4452,-11.961],[-73.4427,-11.9393],[-73.4627,-11.9298],[-73.499,-11.871],[-73.5588,-11.8509],[-73.5808,-11.8241],[-73.5719,-11.7426],[-73.6121,-11.6798],[-73.6083,-11.6602],[-73.5597,-11.5921],[-73.5023,-11.5632],[-73.4871,-11.5349],[-73.4504,-11.5331],[-73.4538,-11.5053],[-73.4798,-11.4699],[-73.4198,-11.383],[-73.4498,-11.3681],[-73.4679,-11.3437],[-73.4846,-11.3503],[-73.4841,-11.3185],[-73.4592,-11.3009],[-73.4632,-11.2844],[-73.4499,-11.2256],[-73.4752,-11.1284],[-73.4668,-11.1191],[-73.472,-11.085],[-73.4826,-11.0652],[-73.5426,-11.0474],[-73.541,-11.0221],[-73.553,-11.0141],[-73.5588,-10.975],[-73.5723,-10.9558],[-73.5603,-10.8606],[-73.6104,-10.8466],[-73.6768,-10.7901],[-73.6775,-10.7899]]]}},{"type":"Feature","id":"1207","properties":{"ubigeo":"1207","nombre_departamento":"junin","nombre_provincia":"tarma","nombre_distrito":"","capital":"tarma"},"geometry":{"type":"Polygon","coordinates":[[[-75.4533,-10.9011],[-75.4946,-10.923],[-75.5028,-10.9621],[-75.5366,-10.9483],[-75.6155,-10.961],[-75.6677,-10.9492],[-75.7322,-11.0015],[-75.7616,-11.0103],[-75.7841,-10.9975],[-75.8172,-11.0344],[-75.8135,-11.0507],[-75.8328,-11.0523],[-75.8389,-11.1194],[-75.8522,-11.1197],[-75.8612,-11.1448],[-75.8843,-11.1435],[-75.8846,-11.1578],[-75.9045,-11.1756],[-75.9013,-11.1999],[-75.922,-11.2197],[-75.9721,-11.2139],[-75.8901,-11.3332],[-75.9602,-11.3333],[-75.9089,-11.3758],[-75.9127,-11.3845],[-75.8827,-11.4032],[-75.9164,-11.4158],[-75.915,-11.4305],[-75.9029,-11.4383],[-75.8709,-11.5071],[-75.8572,-11.5065],[-75.8116,-11.5469],[-75.7706,-11.5369],[-75.7495,-11.5424],[-75.7349,-11.5227],[-75.71,-11.5671],[-75.6917,-11.5563],[-75.679,-11.567],[-75.6396,-11.5641],[-75.6262,-11.5888],[-75.5993,-11.5772],[-75.5823,-11.5954],[-75.5758,-11.5816],[-75.5539,-11.6011],[-75.5493,-11.5875],[-75.573,-11.5425],[-75.5474,-11.526],[-75.5472,-11.5036],[-75.53,-11.4939],[-75.5114,-11.5167],[-75.498,-11.5093],[-75.474,-11.5214],[-75.4716,-11.496],[-75.4795,-11.4858],[-75.4575,-11.4534],[-75.4613,-11.4289],[-75.4298,-11.3915],[-75.4097,-11.3878],[-75.4038,-11.3636],[-75.4042,-11.3405],[-75.431,-11.3323],[-75.4336,-11.3086],[-75.4437,-11.302],[-75.438,-11.2879],[-75.447,-11.2717],[-75.4339,-11.2598],[-75.5056,-11.2243],[-75.5818,-11.2271],[-75.5906,-11.1914],[-75.5839,-11.1679],[-75.6022,-11.1725],[-75.6202,-11.1552],[-75.6377,-11.1642],[-75.6709,-11.1038],[-75.6246,-11.0773],[-75.6023,-11.0744],[-75.5837,-11.0507],[-75.5287,-11.0506],[-75.4994,-11.0228],[-75.4819,-11.0162],[-75.4641,-11.0242],[-75.4518,-11.0159],[-75.4452,-11.007],[-75.455,-10.9992],[-75.4405,-10.9692],[-75.4223,-10.9573],[-75.4355,-10.9121],[-75.4522,-10.9018],[-75.4533,-10.9011]]]}},{"type":"Feature","id":"1208","properties":{"ubigeo":"1208","nombre_departamento":"junin","nombre_provincia":"yauli","nombre_distrito":"","capital":"la oroya"},"geometry":{"type":"Polygon","coordinates":[[[-76.3829,-11.0749],[-76.4337,-11.0801],[-76.4468,-11.0712],[-76.4612,-11.0841],[-76.491,-11.0891],[-76.4957,-11.1096],[-76.519,-11.1168],[-76.5052,-11.1438],[-76.5056,-11.1737],[-76.4921,-11.1893],[-76.4832,-11.2369],[-76.4907,-11.2466],[-76.4569,-11.2725],[-76.4785,-11.292],[-76.451,-11.3439],[-76.4227,-11.3549],[-76.4014,-11.4029],[-76.4116,-11.4159],[-76.3943,-11.445],[-76.3774,-11.4442],[-76.3768,-11.5015],[-76.3594,-11.5229],[-76.3506,-11.5204],[-76.35,-11.5423],[-76.3279,-11.5443],[-76.3044,-11.5675],[-76.2976,-11.5962],[-76.2647,-11.5672],[-76.2374,-11.569],[-76.2287,-11.5538],[-76.1877,-11.5928],[-76.1796,-11.6129],[-76.1989,-11.6259],[-76.1883,-11.6424],[-76.2049,-11.6595],[-76.1933,-11.6735],[-76.1967,-11.6926],[-76.2075,-11.6998],[-76.2023,-11.728],[-76.1544,-11.7814],[-76.1373,-11.7805],[-76.0944,-11.8485],[-76.0582,-11.88],[-76.0498,-11.9011],[-76.0582,-11.9128],[-76.0552,-11.9379],[-76.0352,-11.9315],[-76.0243,-11.8976],[-75.9935,-11.8996],[-75.9557,-11.8705],[-75.9052,-11.8728],[-75.8931,-11.7836],[-75.8777,-11.7724],[-75.8347,-11.7687],[-75.8162,-11.789],[-75.7978,-11.7902],[-75.7794,-11.7764],[-75.7552,-11.7754],[-75.7418,-11.7493],[-75.7004,-11.7123],[-75.7154,-11.7008],[-75.7315,-11.6597],[-75.7562,-11.6403],[-75.7874,-11.5592],[-75.8268,-11.5371],[-75.8572,-11.5065],[-75.8709,-11.5071],[-75.917,-11.4192],[-75.8827,-11.4032],[-75.9127,-11.3845],[-75.9089,-11.3758],[-75.9602,-11.3333],[-75.9698,-11.3526],[-76.0133,-11.3757],[-76.0465,-11.3717],[-76.0824,-11.388],[-76.1081,-11.3355],[-76.137,-11.3146],[-76.1411,-11.2943],[-76.1651,-11.2705],[-76.1774,-11.2424],[-76.1676,-11.2213],[-76.1826,-11.2178],[-76.1931,-11.2016],[-76.1816,-11.1808],[-76.1948,-11.1817],[-76.2089,-11.1692],[-76.2022,-11.15],[-76.2274,-11.1558],[-76.2446,-11.1429],[-76.2578,-11.1517],[-76.3079,-11.1327],[-76.3191,-11.0906],[-76.3367,-11.0825],[-76.351,-11.0942],[-76.3831,-11.0762],[-76.3829,-11.0749]]]}},{"type":"Feature","id":"1209","properties":{"ubigeo":"1209","nombre_departamento":"junin","nombre_provincia":"chupaca","nombre_distrito":"","capital":"chupaca"},"geometry":{"type":"Polygon","coordinates":[[[-75.3204,-12.0145],[-75.3328,-12.0087],[-75.3549,-12.0277],[-75.4132,-12.0472],[-75.4208,-12.06],[-75.4599,-12.0667],[-75.4585,-12.0788],[-75.4724,-12.0866],[-75.4781,-12.1047],[-75.5182,-12.1217],[-75.5324,-12.1457],[-75.5257,-12.1641],[-75.5352,-12.187],[-75.5859,-12.1451],[-75.6217,-12.1402],[-75.6414,-12.1492],[-75.6485,-12.1742],[-75.67,-12.1848],[-75.5867,-12.2993],[-75.5886,-12.325],[-75.5682,-12.3316],[-75.5487,-12.3642],[-75.5653,-12.4133],[-75.4881,-12.3983],[-75.4429,-12.3698],[-75.41,-12.364],[-75.3601,-12.3356],[-75.3525,-12.3276],[-75.3572,-12.3089],[-75.3146,-12.2701],[-75.3036,-12.2711],[-75.2998,-12.2583],[-75.2716,-12.2666],[-75.2643,-12.2487],[-75.252,-12.2552],[-75.2463,-12.2493],[-75.2485,-12.224],[-75.2759,-12.1773],[-75.2653,-12.1568],[-75.2405,-12.1498],[-75.2318,-12.1204],[-75.2356,-12.0704],[-75.3148,-12.0426],[-75.3196,-12.0158],[-75.3204,-12.0145]]]}},{"type":"Feature","id":"1301","properties":{"ubigeo":"1301","nombre_departamento":"la libertad","nombre_provincia":"trujillo","nombre_distrito":"","capital":"trujillo"},"geometry":{"type":"Polygon","coordinates":[[[-78.8033,-7.8001],[-78.8373,-7.8036],[-78.8558,-7.8253],[-78.8809,-7.8367],[-78.9038,-7.8877],[-78.9439,-7.8922],[-78.9552,-7.9028],[-78.9851,-7.8935],[-79.0123,-7.9597],[-79.0368,-7.9705],[-79.04,-7.9883],[-79.1059,-7.982],[-79.1259,-7.937],[-79.15,-7.9438],[-79.1785,-7.9777],[-79.2108,-7.9988],[-79.1301,-8.0599],[-79.1156,-8.0967],[-78.9877,-8.2084],[-78.9811,-8.2273],[-78.9907,-8.2256],[-78.9936,-8.2358],[-78.9626,-8.2619],[-78.9572,-8.2925],[-78.9005,-8.3714],[-78.8824,-8.3433],[-78.8168,-8.31],[-78.8081,-8.2869],[-78.8153,-8.2724],[-78.803,-8.2508],[-78.8157,-8.2331],[-78.8375,-8.2293],[-78.8416,-8.1915],[-78.8315,-8.2036],[-78.7967,-8.2012],[-78.7816,-8.2096],[-78.7723,-8.1764],[-78.7296,-8.1716],[-78.6692,-8.1407],[-78.6473,-8.1481],[-78.6383,-8.1402],[-78.6376,-8.1304],[-78.6818,-8.1254],[-78.684,-8.0909],[-78.7231,-8.0923],[-78.7201,-8.05],[-78.7059,-8.0387],[-78.7165,-8.0168],[-78.6823,-7.9967],[-78.6943,-7.9728],[-78.6889,-7.9474],[-78.7319,-7.9278],[-78.7368,-7.9105],[-78.7272,-7.8834],[-78.7802,-7.8836],[-78.7831,-7.863],[-78.7679,-7.8333],[-78.7815,-7.82],[-78.7737,-7.8023],[-78.8015,-7.8003],[-78.8033,-7.8001]]]}},{"type":"Feature","id":"1302","properties":{"ubigeo":"1302","nombre_departamento":"la libertad","nombre_provincia":"ascope","nombre_distrito":"","capital":"ascope"},"geometry":{"type":"Polygon","coordinates":[[[-79.157,-7.4278],[-79.1873,-7.3887],[-79.1991,-7.3934],[-79.2118,-7.4221],[-79.2417,-7.45],[-79.2386,-7.4579],[-79.2538,-7.4627],[-79.2678,-7.4897],[-79.2618,-7.5047],[-79.2961,-7.5129],[-79.2917,-7.5455],[-79.3106,-7.5783],[-79.3188,-7.5837],[-79.3292,-7.5746],[-79.336,-7.5823],[-79.3584,-7.5591],[-79.3856,-7.5977],[-79.4558,-7.6366],[-79.4349,-7.6908],[-79.4657,-7.7119],[-79.3896,-7.7912],[-79.3745,-7.8444],[-79.3079,-7.9254],[-79.2108,-7.9988],[-79.1785,-7.9777],[-79.15,-7.9438],[-79.1259,-7.937],[-79.1059,-7.982],[-79.04,-7.9883],[-79.0368,-7.9705],[-79.0123,-7.9597],[-78.9851,-7.8935],[-78.9552,-7.9028],[-78.9439,-7.8922],[-78.9034,-7.8874],[-78.8809,-7.8367],[-78.8161,-7.7959],[-78.8327,-7.7837],[-78.8596,-7.7887],[-78.8695,-7.7711],[-78.8902,-7.7717],[-78.8879,-7.7523],[-78.9144,-7.7184],[-78.9077,-7.7092],[-78.9122,-7.6857],[-78.8956,-7.6684],[-78.896,-7.6454],[-78.83,-7.633],[-78.8149,-7.6397],[-78.7944,-7.6203],[-78.7985,-7.5866],[-78.8072,-7.5736],[-78.8235,-7.5747],[-78.8383,-7.5899],[-78.9182,-7.6027],[-78.9415,-7.617],[-78.9615,-7.6584],[-78.9934,-7.6605],[-79.0412,-7.5999],[-79.0386,-7.5621],[-79.0598,-7.5467],[-79.057,-7.5277],[-79.0716,-7.5053],[-79.0654,-7.4727],[-79.1228,-7.4416],[-79.1539,-7.4394],[-79.1564,-7.4289],[-79.157,-7.4278]]]}},{"type":"Feature","id":"1303","properties":{"ubigeo":"1303","nombre_departamento":"la libertad","nombre_provincia":"bolivar","nombre_distrito":"","capital":"bolivar"},"geometry":{"type":"Polygon","coordinates":[[[-77.7575,-6.9658],[-77.7793,-6.9415],[-77.8019,-6.9661],[-77.8343,-6.9572],[-77.8422,-6.9769],[-77.8803,-6.9625],[-77.8987,-6.9801],[-77.9286,-6.9868],[-77.9861,-6.963],[-77.9987,-6.9677],[-77.9886,-6.9766],[-78.001,-6.9875],[-77.9853,-7.0009],[-77.9872,-7.0126],[-77.9711,-7.0259],[-77.9659,-7.0508],[-77.9297,-7.1055],[-77.9256,-7.1546],[-77.8979,-7.1668],[-77.8978,-7.1825],[-77.8811,-7.1946],[-77.882,-7.2205],[-77.8492,-7.2356],[-77.8594,-7.254],[-77.8568,-7.2826],[-77.8328,-7.3046],[-77.8384,-7.3411],[-77.8289,-7.3444],[-77.825,-7.3787],[-77.7716,-7.4188],[-77.7674,-7.4408],[-77.7551,-7.4415],[-77.7414,-7.4667],[-77.7438,-7.5068],[-77.6982,-7.5646],[-77.7014,-7.5936],[-77.633,-7.6145],[-77.6059,-7.6471],[-77.5592,-7.6736],[-77.5319,-7.6626],[-77.5374,-7.6448],[-77.5227,-7.6334],[-77.5284,-7.6159],[-77.4952,-7.6141],[-77.4858,-7.604],[-77.4969,-7.5827],[-77.5401,-7.5774],[-77.5225,-7.5069],[-77.5391,-7.5074],[-77.5597,-7.4642],[-77.5919,-7.4435],[-77.599,-7.4485],[-77.6137,-7.4199],[-77.6309,-7.4139],[-77.6217,-7.397],[-77.6392,-7.3437],[-77.6284,-7.3208],[-77.6469,-7.27],[-77.6372,-7.2535],[-77.6451,-7.2535],[-77.6474,-7.2415],[-77.6381,-7.2434],[-77.6055,-7.2192],[-77.6074,-7.2061],[-77.621,-7.1916],[-77.6155,-7.178],[-77.6343,-7.1694],[-77.6413,-7.1507],[-77.7134,-7.1079],[-77.718,-7.0876],[-77.707,-7.0685],[-77.74,-7.0354],[-77.7564,-6.9678],[-77.7575,-6.9658]]]}},{"type":"Feature","id":"1304","properties":{"ubigeo":"1304","nombre_departamento":"la libertad","nombre_provincia":"chepen","nombre_distrito":"","capital":"chepen"},"geometry":{"type":"Polygon","coordinates":[[[-79.4507,-6.9479],[-79.4784,-6.9706],[-79.508,-6.9704],[-79.5288,-7.0053],[-79.6906,-7.1771],[-79.6213,-7.2503],[-79.5997,-7.2857],[-79.5566,-7.2877],[-79.5414,-7.246],[-79.5092,-7.2588],[-79.5008,-7.2339],[-79.4857,-7.23],[-79.4886,-7.2212],[-79.4717,-7.2302],[-79.4622,-7.2237],[-79.4248,-7.2547],[-79.404,-7.3023],[-79.3591,-7.3252],[-79.3228,-7.3053],[-79.3068,-7.2837],[-79.2689,-7.2784],[-79.2793,-7.2477],[-79.269,-7.2281],[-79.2756,-7.2155],[-79.2518,-7.1983],[-79.2745,-7.1828],[-79.281,-7.1571],[-79.3053,-7.1471],[-79.2962,-7.1296],[-79.3137,-7.1207],[-79.3129,-7.0904],[-79.3305,-7.076],[-79.3226,-7.0257],[-79.3596,-7.005],[-79.4008,-6.9569],[-79.4501,-6.9482],[-79.4507,-6.9479]]]}},{"type":"Feature","id":"1305","properties":{"ubigeo":"1305","nombre_departamento":"la libertad","nombre_provincia":"julcan","nombre_distrito":"","capital":"julcan"},"geometry":{"type":"Polygon","coordinates":[[[-78.4061,-7.9901],[-78.4306,-8.0003],[-78.4673,-7.9935],[-78.5006,-8.0266],[-78.5136,-8.0229],[-78.5331,-8.0427],[-78.5385,-8.0851],[-78.6024,-8.061],[-78.6253,-8.0762],[-78.6341,-8.0973],[-78.6521,-8.0911],[-78.6824,-8.0972],[-78.6818,-8.1254],[-78.6376,-8.1304],[-78.6368,-8.1555],[-78.6525,-8.1847],[-78.607,-8.1954],[-78.5956,-8.2364],[-78.5659,-8.2501],[-78.5883,-8.3075],[-78.4857,-8.3465],[-78.4791,-8.3513],[-78.4951,-8.3702],[-78.4697,-8.3874],[-78.4425,-8.3823],[-78.4243,-8.3582],[-78.4125,-8.3044],[-78.3702,-8.3075],[-78.3465,-8.2712],[-78.3129,-8.2534],[-78.3,-8.234],[-78.3035,-8.1702],[-78.3244,-8.1541],[-78.2883,-8.063],[-78.3037,-8.0519],[-78.3282,-8.0554],[-78.3534,-8.0334],[-78.3522,-8.025],[-78.3823,-8.017],[-78.4034,-7.9912],[-78.4061,-7.9901]]]}},{"type":"Feature","id":"1306","properties":{"ubigeo":"1306","nombre_departamento":"la libertad","nombre_provincia":"otuzco","nombre_distrito":"","capital":"otuzco"},"geometry":{"type":"Polygon","coordinates":[[[-78.446,-7.634],[-78.448,-7.6224],[-78.4721,-7.6365],[-78.4897,-7.6339],[-78.4549,-7.6563],[-78.4795,-7.6683],[-78.4994,-7.6974],[-78.5331,-7.7206],[-78.5515,-7.7263],[-78.5964,-7.7035],[-78.601,-7.7362],[-78.6273,-7.7513],[-78.665,-7.797],[-78.6974,-7.7603],[-78.7125,-7.7035],[-78.7698,-7.6669],[-78.7924,-7.64],[-78.83,-7.633],[-78.896,-7.6454],[-78.9144,-7.7184],[-78.8879,-7.7523],[-78.8902,-7.7717],[-78.8631,-7.7743],[-78.8591,-7.7889],[-78.8327,-7.7837],[-78.8163,-7.7969],[-78.7741,-7.8015],[-78.7815,-7.82],[-78.7679,-7.8333],[-78.7831,-7.863],[-78.7802,-7.8836],[-78.7272,-7.8834],[-78.7368,-7.9105],[-78.7319,-7.9278],[-78.6889,-7.9474],[-78.6943,-7.9728],[-78.6823,-7.9967],[-78.7165,-8.0168],[-78.7059,-8.0387],[-78.7201,-8.05],[-78.7231,-8.0923],[-78.6351,-8.0976],[-78.6191,-8.0692],[-78.6024,-8.061],[-78.5385,-8.0851],[-78.5331,-8.0427],[-78.5136,-8.0229],[-78.5006,-8.0266],[-78.4673,-7.9935],[-78.4306,-8.0003],[-78.3815,-7.9781],[-78.3662,-7.9502],[-78.3444,-7.9464],[-78.3245,-7.9301],[-78.3202,-7.9058],[-78.2896,-7.8889],[-78.2537,-7.888],[-78.2523,-7.8372],[-78.2729,-7.7972],[-78.2609,-7.7554],[-78.2822,-7.7455],[-78.2762,-7.7196],[-78.3028,-7.6965],[-78.3301,-7.6996],[-78.348,-7.6857],[-78.3607,-7.6443],[-78.4452,-7.6355],[-78.446,-7.634]]]}},{"type":"Feature","id":"1307","properties":{"ubigeo":"1307","nombre_departamento":"la libertad","nombre_provincia":"pacasmayo","nombre_distrito":"","capital":"san pedro de lloc"},"geometry":{"type":"Polygon","coordinates":[[[-79.4731,-7.2297],[-79.4886,-7.2212],[-79.4857,-7.23],[-79.5008,-7.2339],[-79.5097,-7.2589],[-79.5414,-7.246],[-79.5566,-7.2877],[-79.5997,-7.2857],[-79.5876,-7.3184],[-79.5885,-7.3509],[-79.5698,-7.39],[-79.5886,-7.4149],[-79.5766,-7.4615],[-79.4558,-7.6366],[-79.3856,-7.5977],[-79.3584,-7.5591],[-79.336,-7.5823],[-79.3292,-7.5746],[-79.3188,-7.5837],[-79.3106,-7.5783],[-79.2917,-7.5455],[-79.2961,-7.5129],[-79.2618,-7.5047],[-79.2678,-7.4897],[-79.2538,-7.4627],[-79.2386,-7.4579],[-79.2417,-7.45],[-79.2118,-7.4221],[-79.2072,-7.4017],[-79.1873,-7.3887],[-79.1865,-7.3778],[-79.1976,-7.3729],[-79.2315,-7.3909],[-79.2609,-7.379],[-79.2829,-7.3487],[-79.3149,-7.3597],[-79.3325,-7.3543],[-79.404,-7.3023],[-79.4294,-7.2498],[-79.4622,-7.2237],[-79.4717,-7.2302],[-79.4731,-7.2297]]]}},{"type":"Feature","id":"1308","properties":{"ubigeo":"1308","nombre_departamento":"la libertad","nombre_provincia":"pataz","nombre_distrito":"","capital":"tayabamba"},"geometry":{"type":"Polygon","coordinates":[[[-77.6942,-7.5943],[-77.7014,-7.5936],[-77.6987,-7.6142],[-77.6751,-7.6447],[-77.6772,-7.6871],[-77.6545,-7.7101],[-77.6689,-7.7222],[-77.6536,-7.7705],[-77.6569,-7.7963],[-77.6227,-7.8719],[-77.6358,-7.8914],[-77.6271,-7.9012],[-77.6239,-7.9453],[-77.6405,-7.9606],[-77.6494,-8.0318],[-77.6447,-8.0657],[-77.6188,-8.0798],[-77.6368,-8.1082],[-77.6021,-8.1359],[-77.6047,-8.1557],[-77.5754,-8.1682],[-77.557,-8.1942],[-77.5725,-8.2104],[-77.5738,-8.2327],[-77.5312,-8.2433],[-77.5277,-8.2671],[-77.4914,-8.2826],[-77.4736,-8.3205],[-77.4783,-8.3261],[-77.4589,-8.3357],[-77.4384,-8.4223],[-77.4055,-8.4415],[-77.3984,-8.4846],[-77.3349,-8.533],[-77.2828,-8.5059],[-77.2638,-8.4674],[-77.2046,-8.4857],[-77.1855,-8.4802],[-77.1338,-8.44],[-77.1046,-8.4448],[-77.0866,-8.4071],[-77.0699,-8.3975],[-77.034,-8.4047],[-77.0004,-8.3824],[-76.9917,-8.3963],[-76.9769,-8.3961],[-76.9684,-8.3712],[-76.9512,-8.3757],[-76.9427,-8.3599],[-76.927,-8.3593],[-76.9319,-8.3426],[-76.9137,-8.3261],[-76.9012,-8.2835],[-76.9256,-8.2185],[-76.907,-8.1707],[-76.9292,-8.1394],[-76.947,-8.1399],[-76.9849,-8.1139],[-76.9949,-8.0852],[-77.0245,-8.0491],[-77.1105,-8.0252],[-77.1505,-8.032],[-77.1662,-8.0216],[-77.2319,-8.0117],[-77.2601,-8.0484],[-77.2813,-8.0488],[-77.2967,-8.0626],[-77.3493,-8.0544],[-77.3733,-8.0647],[-77.3857,-8.0547],[-77.3749,-8.0315],[-77.4072,-7.9928],[-77.3874,-7.9629],[-77.3769,-7.9088],[-77.4108,-7.9005],[-77.4384,-7.8501],[-77.4316,-7.8417],[-77.4429,-7.8136],[-77.4786,-7.8042],[-77.5065,-7.7704],[-77.5255,-7.7683],[-77.5262,-7.7539],[-77.4961,-7.738],[-77.4829,-7.7193],[-77.484,-7.6984],[-77.4613,-7.6914],[-77.4615,-7.679],[-77.4979,-7.6864],[-77.518,-7.6544],[-77.5592,-7.6736],[-77.6061,-7.647],[-77.633,-7.6145],[-77.6937,-7.5943],[-77.6942,-7.5943]]]}},{"type":"Feature","id":"1309","properties":{"ubigeo":"1309","nombre_departamento":"la libertad","nombre_provincia":"sanchez carrion","nombre_distrito":"","capital":"huamachuco"},"geometry":{"type":"Polygon","coordinates":[[[-77.757,-7.479],[-77.8569,-7.5235],[-77.8679,-7.583],[-77.9224,-7.5997],[-77.9131,-7.6259],[-77.9405,-7.6406],[-77.9366,-7.6575],[-77.9601,-7.6553],[-77.9628,-7.6743],[-77.9738,-7.667],[-77.9986,-7.6791],[-78.0496,-7.6786],[-78.0812,-7.6962],[-78.1161,-7.654],[-78.1282,-7.6532],[-78.1423,-7.6648],[-78.141,-7.6827],[-78.1713,-7.7134],[-78.1903,-7.7175],[-78.1981,-7.7291],[-78.2194,-7.7245],[-78.2131,-7.7575],[-78.2218,-7.7635],[-78.2612,-7.754],[-78.2729,-7.7972],[-78.2523,-7.8372],[-78.253,-7.8865],[-78.2435,-7.8816],[-78.2174,-7.902],[-78.2146,-7.8945],[-78.1893,-7.9408],[-78.1472,-7.9327],[-78.1329,-7.9573],[-78.0715,-7.9438],[-78.0663,-7.9288],[-78.0465,-7.925],[-78.0322,-7.907],[-78.0071,-7.9812],[-77.9856,-7.9823],[-77.9719,-8.0126],[-77.9586,-8.0005],[-77.9606,-7.9706],[-77.92,-8.0002],[-77.9056,-7.9931],[-77.8878,-7.9996],[-77.8774,-7.9793],[-77.8646,-7.9872],[-77.838,-7.9752],[-77.8036,-8.0075],[-77.7556,-8.0026],[-77.7557,-7.9899],[-77.7128,-7.9576],[-77.6913,-7.976],[-77.6408,-7.9833],[-77.6405,-7.9606],[-77.6239,-7.9453],[-77.6271,-7.9012],[-77.6358,-7.8914],[-77.6227,-7.8719],[-77.6569,-7.7963],[-77.6536,-7.7705],[-77.6689,-7.7222],[-77.6545,-7.7101],[-77.6772,-7.6871],[-77.6751,-7.6447],[-77.6988,-7.6137],[-77.6982,-7.5646],[-77.7434,-7.5077],[-77.746,-7.4792],[-77.7551,-7.4792],[-77.757,-7.479]]]}},{"type":"Feature","id":"1310","properties":{"ubigeo":"1310","nombre_departamento":"la libertad","nombre_provincia":"santiago de chuco","nombre_distrito":"","capital":"santiago de chuco"},"geometry":{"type":"Polygon","coordinates":[[[-78.2414,-7.8838],[-78.2602,-7.8936],[-78.3034,-7.8942],[-78.3205,-7.9059],[-78.3276,-7.9335],[-78.3662,-7.9502],[-78.3786,-7.9764],[-78.4061,-7.9901],[-78.3823,-8.017],[-78.3522,-8.025],[-78.3534,-8.0334],[-78.3282,-8.0554],[-78.3037,-8.0519],[-78.2883,-8.0641],[-78.3244,-8.1541],[-78.3035,-8.1702],[-78.3007,-8.2363],[-78.3129,-8.2534],[-78.3465,-8.2712],[-78.3702,-8.3075],[-78.4125,-8.3044],[-78.4299,-8.3738],[-78.4264,-8.3896],[-78.4072,-8.3984],[-78.4072,-8.4123],[-78.3954,-8.4019],[-78.374,-8.4041],[-78.3748,-8.4596],[-78.3427,-8.4837],[-78.3327,-8.4669],[-78.2958,-8.4618],[-78.2617,-8.4688],[-78.2809,-8.5105],[-78.2663,-8.5369],[-78.2901,-8.5489],[-78.2356,-8.6529],[-78.2005,-8.6225],[-78.1936,-8.5997],[-78.2169,-8.5573],[-78.2026,-8.5261],[-78.1574,-8.4788],[-78.1393,-8.4271],[-78.1375,-8.3687],[-78.1084,-8.3381],[-78.1194,-8.3137],[-78.0368,-8.2559],[-78.0186,-8.2243],[-77.9332,-8.197],[-77.8969,-8.0632],[-77.8679,-8.0559],[-77.8522,-8.0748],[-77.8104,-8.0677],[-77.7858,-8.0792],[-77.718,-8.0734],[-77.6476,-8.0504],[-77.6408,-7.9833],[-77.6913,-7.976],[-77.7128,-7.9576],[-77.7557,-7.9899],[-77.7556,-8.0026],[-77.8036,-8.0075],[-77.838,-7.9752],[-77.8646,-7.9872],[-77.8774,-7.9793],[-77.8878,-7.9996],[-77.9056,-7.9931],[-77.92,-8.0002],[-77.9606,-7.9706],[-77.9586,-8.0005],[-77.9719,-8.0126],[-77.9856,-7.9823],[-78.0071,-7.9812],[-78.0322,-7.907],[-78.0465,-7.925],[-78.0663,-7.9288],[-78.0715,-7.9438],[-78.1329,-7.9573],[-78.1472,-7.9327],[-78.1671,-7.9336],[-78.1698,-7.9427],[-78.1912,-7.9396],[-78.2118,-7.8968],[-78.2174,-7.902],[-78.2413,-7.884],[-78.2414,-7.8838]]]}},{"type":"Feature","id":"1311","properties":{"ubigeo":"1311","nombre_departamento":"la libertad","nombre_provincia":"gran chimu","nombre_distrito":"","capital":"cascas"},"geometry":{"type":"Polygon","coordinates":[[[-78.7899,-7.3952],[-78.8037,-7.4194],[-78.8416,-7.4376],[-78.8478,-7.4528],[-78.8846,-7.4806],[-78.8611,-7.4979],[-78.8511,-7.5221],[-78.9128,-7.5511],[-78.9443,-7.5984],[-78.9442,-7.621],[-78.9078,-7.5981],[-78.8584,-7.5952],[-78.8072,-7.5736],[-78.7936,-7.6082],[-78.8027,-7.6383],[-78.7125,-7.7035],[-78.6974,-7.7603],[-78.665,-7.797],[-78.6273,-7.7513],[-78.601,-7.7362],[-78.5964,-7.7035],[-78.5515,-7.7263],[-78.5331,-7.7206],[-78.4994,-7.6974],[-78.4795,-7.6683],[-78.4553,-7.657],[-78.4897,-7.6339],[-78.4721,-7.6365],[-78.448,-7.6224],[-78.4416,-7.6406],[-78.3761,-7.64],[-78.3828,-7.6301],[-78.3782,-7.594],[-78.3566,-7.5729],[-78.3608,-7.53],[-78.349,-7.5112],[-78.3257,-7.5099],[-78.3278,-7.4975],[-78.3682,-7.5003],[-78.4156,-7.4851],[-78.4914,-7.5549],[-78.6246,-7.5486],[-78.6502,-7.5278],[-78.6273,-7.4789],[-78.6278,-7.4526],[-78.6391,-7.4325],[-78.6549,-7.426],[-78.664,-7.4036],[-78.7337,-7.4207],[-78.7601,-7.402],[-78.7813,-7.4237],[-78.7893,-7.3952],[-78.7899,-7.3952]]]}},{"type":"Feature","id":"1312","properties":{"ubigeo":"1312","nombre_departamento":"la libertad","nombre_provincia":"viru","nombre_distrito":"","capital":"viru"},"geometry":{"type":"Polygon","coordinates":[[[-78.6489,-8.1478],[-78.6692,-8.1407],[-78.7296,-8.1716],[-78.7723,-8.1764],[-78.7816,-8.2096],[-78.7967,-8.2012],[-78.8315,-8.2036],[-78.8416,-8.1915],[-78.8375,-8.2293],[-78.8157,-8.2331],[-78.803,-8.2508],[-78.8153,-8.2724],[-78.8081,-8.2869],[-78.8168,-8.31],[-78.8831,-8.3439],[-78.9005,-8.3714],[-78.9008,-8.4142],[-78.9134,-8.4293],[-78.9355,-8.4292],[-78.9151,-8.4601],[-78.795,-8.5503],[-78.7611,-8.5948],[-78.7416,-8.6423],[-78.738,-8.6669],[-78.7467,-8.6843],[-78.7374,-8.7115],[-78.7612,-8.774],[-78.6545,-8.9101],[-78.6437,-8.9351],[-78.6449,-8.9692],[-78.6297,-8.9709],[-78.5899,-8.9426],[-78.5765,-8.889],[-78.5883,-8.8587],[-78.5516,-8.775],[-78.5181,-8.753],[-78.4384,-8.7327],[-78.3548,-8.6733],[-78.2356,-8.6529],[-78.2901,-8.5489],[-78.2663,-8.5369],[-78.2809,-8.5105],[-78.2617,-8.4688],[-78.2958,-8.4618],[-78.3327,-8.4669],[-78.3427,-8.4837],[-78.3748,-8.4596],[-78.374,-8.4041],[-78.3954,-8.4019],[-78.4072,-8.4123],[-78.4109,-8.3934],[-78.4264,-8.3896],[-78.4299,-8.3602],[-78.4425,-8.3823],[-78.4715,-8.387],[-78.4951,-8.3702],[-78.4791,-8.3513],[-78.4857,-8.3465],[-78.588,-8.3078],[-78.5659,-8.2501],[-78.5956,-8.2364],[-78.607,-8.1954],[-78.6525,-8.1847],[-78.6368,-8.1555],[-78.6391,-8.143],[-78.6473,-8.1481],[-78.6489,-8.1478]]]}},{"type":"Feature","id":"1401","properties":{"ubigeo":"1401","nombre_departamento":"lambayeque","nombre_provincia":"chiclayo","nombre_distrito":"","capital":"chiclayo"},"geometry":{"type":"Polygon","coordinates":[[[-79.4244,-6.4894],[-79.4389,-6.482],[-79.4919,-6.521],[-79.5081,-6.5134],[-79.5366,-6.5189],[-79.5616,-6.5039],[-79.6242,-6.5133],[-79.6412,-6.5309],[-79.6423,-6.5711],[-79.6235,-6.6019],[-79.604,-6.6014],[-79.6044,-6.6173],[-79.5898,-6.632],[-79.6105,-6.6553],[-79.6252,-6.6523],[-79.6249,-6.702],[-79.6578,-6.6961],[-79.6637,-6.7151],[-79.6983,-6.689],[-79.6995,-6.6782],[-79.7297,-6.6893],[-79.7814,-6.6796],[-79.8307,-6.7233],[-79.8657,-6.7179],[-79.8938,-6.7291],[-79.9007,-6.7592],[-79.9424,-6.8205],[-79.9318,-6.8733],[-79.8728,-6.9235],[-79.8661,-6.9486],[-79.7536,-7.0434],[-79.6862,-7.1205],[-79.6819,-7.1521],[-79.6906,-7.1771],[-79.5288,-7.0053],[-79.508,-6.9704],[-79.4688,-6.9665],[-79.455,-6.9463],[-79.4008,-6.9569],[-79.3596,-7.005],[-79.3209,-7.0252],[-79.2967,-7.0007],[-79.3073,-6.9686],[-79.2992,-6.9407],[-79.3101,-6.9254],[-79.311,-6.9013],[-79.2956,-6.8835],[-79.2731,-6.8767],[-79.2627,-6.8592],[-79.2248,-6.8584],[-79.2071,-6.8214],[-79.1209,-6.7777],[-79.1387,-6.7392],[-79.1427,-6.6999],[-79.171,-6.7017],[-79.1884,-6.7165],[-79.1964,-6.6952],[-79.2184,-6.6927],[-79.2291,-6.6714],[-79.2956,-6.6761],[-79.304,-6.6516],[-79.3259,-6.6405],[-79.3447,-6.6465],[-79.3625,-6.6348],[-79.3357,-6.6024],[-79.3479,-6.5737],[-79.3607,-6.5688],[-79.3696,-6.5208],[-79.4044,-6.5413],[-79.4187,-6.537],[-79.4236,-6.4923],[-79.4244,-6.4894]]]}},{"type":"Feature","id":"1402","properties":{"ubigeo":"1402","nombre_departamento":"lambayeque","nombre_provincia":"ferrenafe","nombre_distrito":"","capital":"ferrenafe"},"geometry":{"type":"Polygon","coordinates":[[[-79.3516,-5.9787],[-79.3959,-5.9772],[-79.4206,-6.0112],[-79.4031,-6.034],[-79.4068,-6.0839],[-79.4315,-6.1404],[-79.4018,-6.1735],[-79.4362,-6.2119],[-79.437,-6.24],[-79.4719,-6.2687],[-79.4779,-6.3212],[-79.5428,-6.3554],[-79.5283,-6.3998],[-79.6117,-6.4242],[-79.6519,-6.4554],[-79.8031,-6.4348],[-79.8055,-6.464],[-79.7867,-6.4756],[-79.8242,-6.4972],[-79.8257,-6.5208],[-79.8141,-6.5244],[-79.8477,-6.6098],[-79.851,-6.6434],[-79.8352,-6.6616],[-79.8114,-6.6616],[-79.7899,-6.6784],[-79.7309,-6.6893],[-79.6995,-6.6782],[-79.6983,-6.689],[-79.6637,-6.7151],[-79.6578,-6.6961],[-79.6249,-6.702],[-79.6252,-6.6523],[-79.6105,-6.6553],[-79.5898,-6.6312],[-79.6044,-6.6173],[-79.604,-6.6014],[-79.6235,-6.6019],[-79.6415,-6.5729],[-79.6412,-6.5309],[-79.6193,-6.5104],[-79.5808,-6.5041],[-79.5576,-6.5048],[-79.5366,-6.5189],[-79.5081,-6.5134],[-79.4919,-6.521],[-79.4258,-6.4739],[-79.4229,-6.4519],[-79.4532,-6.3991],[-79.4467,-6.3767],[-79.4586,-6.3721],[-79.4432,-6.3599],[-79.4277,-6.3174],[-79.3879,-6.2983],[-79.3528,-6.304],[-79.329,-6.2663],[-79.3005,-6.2675],[-79.277,-6.2416],[-79.279,-6.2293],[-79.2498,-6.2251],[-79.2734,-6.1477],[-79.2602,-6.1421],[-79.2351,-6.0937],[-79.1984,-6.1001],[-79.1808,-6.0863],[-79.1889,-6.0589],[-79.176,-6.0384],[-79.204,-6.0241],[-79.2249,-6.0547],[-79.2409,-6.0286],[-79.266,-6.025],[-79.2633,-6.0033],[-79.3046,-5.9854],[-79.3221,-5.9991],[-79.3111,-6.0346],[-79.3191,-6.0425],[-79.3454,-6.006],[-79.3511,-5.9789],[-79.3516,-5.9787]]]}},{"type":"Feature","id":"1403","properties":{"ubigeo":"1403","nombre_departamento":"lambayeque","nombre_provincia":"lambayeque","nombre_distrito":"","capital":"lambayeque"},"geometry":{"type":"Polygon","coordinates":[[[-79.8837,-5.4928],[-79.9015,-5.481],[-79.9048,-5.4934],[-79.9459,-5.515],[-79.9605,-5.5816],[-80.001,-5.5853],[-80.0528,-5.5636],[-80.057,-5.6185],[-80.07,-5.6462],[-80.0711,-5.6733],[-80.0611,-5.6844],[-80.0664,-5.6982],[-80.0952,-5.7026],[-80.0911,-5.7269],[-80.1029,-5.7615],[-80.0924,-5.7951],[-80.056,-5.8164],[-80.1201,-5.8722],[-80.1238,-5.8913],[-80.1962,-5.8921],[-80.2788,-5.92],[-80.3347,-5.9539],[-80.6271,-6.3721],[-80.1773,-6.606],[-79.9954,-6.7395],[-79.9424,-6.8205],[-79.9007,-6.7592],[-79.8938,-6.7291],[-79.8657,-6.7179],[-79.8307,-6.7233],[-79.7814,-6.6796],[-79.8093,-6.6622],[-79.8352,-6.6616],[-79.851,-6.6434],[-79.8477,-6.6098],[-79.8141,-6.5244],[-79.8257,-6.5208],[-79.8242,-6.4972],[-79.7867,-6.4756],[-79.8055,-6.464],[-79.8031,-6.4348],[-79.6519,-6.4554],[-79.5997,-6.4189],[-79.532,-6.4024],[-79.5428,-6.3554],[-79.4779,-6.3212],[-79.4719,-6.2687],[-79.437,-6.24],[-79.4362,-6.2119],[-79.4018,-6.1735],[-79.4315,-6.1404],[-79.4068,-6.0839],[-79.4031,-6.034],[-79.4206,-6.0154],[-79.4186,-5.9701],[-79.4985,-5.9151],[-79.514,-5.921],[-79.5276,-5.9129],[-79.5538,-5.9383],[-79.6013,-5.9395],[-79.6132,-5.8955],[-79.6262,-5.8881],[-79.6374,-5.8594],[-79.6287,-5.8516],[-79.6226,-5.7976],[-79.631,-5.7964],[-79.6354,-5.809],[-79.6827,-5.8464],[-79.7369,-5.8382],[-79.7393,-5.7996],[-79.7169,-5.74],[-79.7482,-5.7102],[-79.7664,-5.7083],[-79.7454,-5.6758],[-79.7869,-5.6466],[-79.805,-5.6464],[-79.8186,-5.6649],[-79.8335,-5.6452],[-79.8644,-5.5634],[-79.854,-5.5307],[-79.8826,-5.4941],[-79.8837,-5.4928]]]}},{"type":"Feature","id":"1501","properties":{"ubigeo":"1501","nombre_departamento":"lima","nombre_provincia":"lima","nombre_distrito":"","capital":"lima cercado"},"geometry":{"type":"MultiPolygon","coordinates":[[[[-77.0652,-11.5751],[-77.0777,-11.577],[-77.0853,-11.6042],[-77.1074,-11.6268],[-77.1347,-11.6266],[-77.137,-11.6375],[-77.1221,-11.6574],[-77.1522,-11.6706],[-77.1545,-11.7017],[-77.1821,-11.6859],[-77.1959,-11.6979],[-77.1692,-11.7451],[-77.178,-11.775],[-77.1983,-11.7682],[-77.1981,-11.7835],[-77.178,-11.8021],[-77.1767,-11.8158],[-77.1882,-11.8284],[-77.1268,-11.8185],[-77.1072,-11.8665],[-77.0946,-11.8749],[-77.0893,-11.8992],[-77.104,-11.9357],[-77.0952,-11.9497],[-77.1286,-11.9383],[-77.1097,-11.9762],[-77.118,-11.9949],[-77.0893,-12.0117],[-77.0963,-12.0336],[-77.083,-12.0363],[-77.0777,-12.0489],[-77.0877,-12.0517],[-77.0871,-12.0615],[-77.1047,-12.0633],[-77.1115,-12.0795],[-77.0299,-12.1352],[-77.0248,-12.151],[-77.028,-12.1652],[-77.0384,-12.1684],[-77.0379,-12.2056],[-76.9489,-12.2434],[-76.8553,-12.3002],[-76.7774,-12.3935],[-76.7834,-12.398],[-76.7757,-12.4045],[-76.7817,-12.4096],[-76.7754,-12.4393],[-76.7851,-12.4434],[-76.7907,-12.4772],[-76.8028,-12.4799],[-76.8038,-12.5091],[-76.7842,-12.5199],[-76.7908,-12.5031],[-76.7729,-12.495],[-76.7519,-12.4634],[-76.7555,-12.3982],[-76.7219,-12.3962],[-76.6765,-12.3776],[-76.668,-12.3616],[-76.6819,-12.3533],[-76.674,-12.3195],[-76.6542,-12.3051],[-76.6504,-12.2848],[-76.6368,-12.2794],[-76.621,-12.2382],[-76.6221,-12.2253],[-76.6477,-12.2097],[-76.6603,-12.1735],[-76.6717,-12.1724],[-76.6879,-12.1518],[-76.6916,-12.1414],[-76.6793,-12.131],[-76.7109,-12.1132],[-76.7166,-12.1001],[-76.6734,-12.0728],[-76.6781,-12.053],[-76.7066,-12.0324],[-76.7223,-11.9996],[-76.6614,-11.9791],[-76.647,-11.9529],[-76.6941,-11.8966],[-76.7267,-11.8745],[-76.7389,-11.8933],[-76.7917,-11.9276],[-76.8182,-11.9277],[-76.8293,-11.945],[-76.8503,-11.9352],[-76.9195,-11.9591],[-76.9314,-11.9422],[-76.915,-11.9271],[-76.918,-11.9065],[-76.8949,-11.8657],[-76.9368,-11.8692],[-76.9356,-11.8337],[-76.9038,-11.8237],[-76.9058,-11.7954],[-76.8512,-11.7981],[-76.8049,-11.7559],[-76.8338,-11.7438],[-76.8677,-11.7475],[-76.8808,-11.7322],[-76.9027,-11.7288],[-76.9333,-11.7564],[-76.9607,-11.7341],[-76.9736,-11.7361],[-76.9737,-11.748],[-76.9968,-11.7524],[-77.0325,-11.7408],[-77.0443,-11.7147],[-77.0244,-11.6917],[-77.0352,-11.6518],[-77.0048,-11.6143],[-77.0458,-11.5787],[-77.065,-11.5758],[-77.0652,-11.5751]]],[[[-76.7992,-12.4715],[-76.7999,-12.4793],[-76.7992,-12.4715],[-76.7992,-12.4715]]]]}},{"type":"Feature","id":"1502","properties":{"ubigeo":"1502","nombre_departamento":"lima","nombre_provincia":"barranca","nombre_distrito":"","capital":"barranca"},"geometry":{"type":"Polygon","coordinates":[[[-77.7354,-10.3235],[-77.7564,-10.3281],[-77.7499,-10.4068],[-77.76,-10.4301],[-77.7679,-10.4288],[-77.7646,-10.4395],[-77.7988,-10.477],[-77.7707,-10.5157],[-77.7714,-10.5716],[-77.7997,-10.5853],[-77.8397,-10.5679],[-77.8863,-10.6125],[-77.8087,-10.7026],[-77.804,-10.7259],[-77.7624,-10.7628],[-77.765,-10.7718],[-77.744,-10.7945],[-77.7546,-10.8037],[-77.7508,-10.8188],[-77.706,-10.8536],[-77.7015,-10.8861],[-77.6576,-10.8652],[-77.6387,-10.8729],[-77.5959,-10.8601],[-77.5487,-10.8905],[-77.5257,-10.932],[-77.4443,-10.9161],[-77.4622,-10.8701],[-77.4582,-10.81],[-77.4388,-10.803],[-77.425,-10.7678],[-77.4025,-10.768],[-77.3867,-10.7527],[-77.3655,-10.7144],[-77.3857,-10.7078],[-77.4154,-10.73],[-77.4361,-10.7236],[-77.4915,-10.746],[-77.5239,-10.735],[-77.5923,-10.7855],[-77.5784,-10.7227],[-77.5631,-10.7094],[-77.5745,-10.6943],[-77.5754,-10.6589],[-77.5906,-10.6456],[-77.5741,-10.6147],[-77.5743,-10.5884],[-77.6049,-10.5901],[-77.6193,-10.6023],[-77.6195,-10.6142],[-77.6382,-10.6029],[-77.6453,-10.5829],[-77.6382,-10.563],[-77.6146,-10.5464],[-77.6163,-10.5247],[-77.6009,-10.5188],[-77.6013,-10.5093],[-77.6247,-10.502],[-77.6514,-10.5301],[-77.6702,-10.541],[-77.694,-10.5395],[-77.7088,-10.5481],[-77.7101,-10.5602],[-77.7276,-10.5527],[-77.7342,-10.5681],[-77.7467,-10.5531],[-77.7379,-10.5208],[-77.7202,-10.5027],[-77.7106,-10.5038],[-77.6867,-10.434],[-77.6453,-10.4087],[-77.6232,-10.4055],[-77.5978,-10.381],[-77.5981,-10.3652],[-77.6306,-10.3221],[-77.6513,-10.3446],[-77.6924,-10.3209],[-77.7341,-10.3238],[-77.7354,-10.3235]]]}},{"type":"Feature","id":"1503","properties":{"ubigeo":"1503","nombre_departamento":"lima","nombre_provincia":"cajatambo","nombre_distrito":"","capital":"cajatambo"},"geometry":{"type":"Polygon","coordinates":[[[-76.9048,-10.2773],[-76.936,-10.2785],[-76.9655,-10.3054],[-77.0055,-10.2833],[-77.0091,-10.3078],[-77.0247,-10.3275],[-77.0517,-10.3399],[-77.0716,-10.3381],[-77.1121,-10.4048],[-77.1382,-10.4265],[-77.15,-10.4511],[-77.1746,-10.4646],[-77.1673,-10.5081],[-77.1911,-10.5523],[-77.2519,-10.5452],[-77.2718,-10.5611],[-77.2917,-10.5563],[-77.3442,-10.6098],[-77.3002,-10.6597],[-77.2468,-10.6833],[-77.2153,-10.6772],[-77.1972,-10.6868],[-77.126,-10.647],[-77.1058,-10.6719],[-77.0844,-10.6668],[-77.0579,-10.6919],[-77.0476,-10.6793],[-77.0258,-10.6784],[-77.011,-10.696],[-76.9935,-10.6808],[-76.9499,-10.698],[-76.8956,-10.6663],[-76.8898,-10.6534],[-76.8784,-10.6556],[-76.8595,-10.5972],[-76.8584,-10.5642],[-76.866,-10.5579],[-76.8546,-10.5475],[-76.8572,-10.4934],[-76.8406,-10.4736],[-76.8228,-10.4831],[-76.829,-10.4301],[-76.7999,-10.4191],[-76.8057,-10.3923],[-76.8317,-10.3931],[-76.8405,-10.3633],[-76.8564,-10.3773],[-76.8659,-10.3748],[-76.8747,-10.3209],[-76.8945,-10.3043],[-76.891,-10.2947],[-76.9045,-10.2782],[-76.9048,-10.2773]]]}},{"type":"Feature","id":"1504","properties":{"ubigeo":"1504","nombre_departamento":"lima","nombre_provincia":"canta","nombre_distrito":"","capital":"canta"},"geometry":{"type":"Polygon","coordinates":[[[-76.565,-11.3192],[-76.5798,-11.3125],[-76.597,-11.3251],[-76.6048,-11.349],[-76.668,-11.346],[-76.6674,-11.3893],[-76.6946,-11.4293],[-76.706,-11.4237],[-76.7234,-11.4348],[-76.7716,-11.4203],[-76.8561,-11.4678],[-76.8937,-11.4615],[-76.8923,-11.4922],[-76.8606,-11.5029],[-76.8747,-11.5378],[-76.896,-11.5351],[-76.9238,-11.5586],[-76.9376,-11.5502],[-76.9531,-11.5841],[-77.0022,-11.6001],[-77.0159,-11.6328],[-77.0352,-11.6518],[-77.0244,-11.6917],[-77.0443,-11.7147],[-77.0325,-11.7408],[-76.9968,-11.7524],[-76.9737,-11.748],[-76.9736,-11.7361],[-76.9607,-11.7341],[-76.9333,-11.7564],[-76.9027,-11.7288],[-76.8808,-11.7322],[-76.8677,-11.7475],[-76.8338,-11.7438],[-76.8036,-11.7557],[-76.752,-11.7306],[-76.7389,-11.6973],[-76.7074,-11.6913],[-76.6641,-11.6581],[-76.6125,-11.653],[-76.6025,-11.6385],[-76.5737,-11.6316],[-76.5753,-11.6211],[-76.5581,-11.6116],[-76.5542,-11.5814],[-76.5364,-11.5611],[-76.5446,-11.5191],[-76.5294,-11.5117],[-76.4972,-11.4593],[-76.4753,-11.4671],[-76.4549,-11.4627],[-76.4369,-11.4873],[-76.4141,-11.4924],[-76.4006,-11.5072],[-76.3768,-11.5015],[-76.3774,-11.4442],[-76.3943,-11.445],[-76.4116,-11.4159],[-76.4018,-11.4013],[-76.4298,-11.3463],[-76.4476,-11.3463],[-76.457,-11.3344],[-76.4835,-11.3444],[-76.5123,-11.3272],[-76.5328,-11.3335],[-76.5446,-11.3165],[-76.5607,-11.3193],[-76.565,-11.3192]]]}},{"type":"Feature","id":"1505","properties":{"ubigeo":"1505","nombre_departamento":"lima","nombre_provincia":"canete","nombre_distrito":"","capital":"san vicente de canete"},"geometry":{"type":"Polygon","coordinates":[[[-76.5517,-12.2802],[-76.5717,-12.2821],[-76.5895,-12.2997],[-76.6087,-12.3701],[-76.6644,-12.3577],[-76.6834,-12.3821],[-76.7555,-12.3982],[-76.7519,-12.4634],[-76.7909,-12.5062],[-76.7842,-12.5199],[-76.7341,-12.5484],[-76.7055,-12.5801],[-76.7047,-12.5963],[-76.6724,-12.6278],[-76.6725,-12.6607],[-76.6541,-12.6862],[-76.6564,-12.6991],[-76.6301,-12.721],[-76.6379,-12.7452],[-76.5195,-12.8505],[-76.5058,-12.9258],[-76.5066,-12.9473],[-76.5165,-12.9554],[-76.4829,-13.0159],[-76.4904,-13.0302],[-76.2428,-13.3231],[-76.2029,-13.3017],[-76.1627,-13.2261],[-76.1553,-13.1922],[-76.0261,-13.0978],[-75.9686,-13.0408],[-75.9574,-12.9699],[-75.9727,-12.924],[-76.0039,-12.9224],[-75.993,-12.896],[-76.0085,-12.853],[-76.002,-12.8401],[-75.9594,-12.849],[-75.9411,-12.8195],[-75.9425,-12.8021],[-75.9839,-12.7823],[-75.999,-12.7565],[-76.0216,-12.7894],[-76.0452,-12.782],[-76.0608,-12.7928],[-76.0769,-12.7864],[-76.0987,-12.8016],[-76.1232,-12.7868],[-76.1395,-12.7916],[-76.1539,-12.8378],[-76.1773,-12.8544],[-76.1994,-12.8135],[-76.2413,-12.7908],[-76.2472,-12.7555],[-76.2825,-12.7525],[-76.296,-12.7338],[-76.2995,-12.7137],[-76.2846,-12.6833],[-76.2881,-12.6545],[-76.2704,-12.6448],[-76.2522,-12.5905],[-76.288,-12.5871],[-76.3232,-12.5283],[-76.3348,-12.5365],[-76.3675,-12.5326],[-76.3401,-12.4945],[-76.3316,-12.4424],[-76.3219,-12.4438],[-76.3135,-12.4306],[-76.3333,-12.4161],[-76.3454,-12.388],[-76.346,-12.3377],[-76.3726,-12.3349],[-76.3879,-12.318],[-76.4528,-12.4043],[-76.4833,-12.4098],[-76.5161,-12.386],[-76.5269,-12.3658],[-76.5251,-12.3525],[-76.5379,-12.3381],[-76.5318,-12.3162],[-76.5502,-12.2824],[-76.5517,-12.2802]]]}},{"type":"Feature","id":"1506","properties":{"ubigeo":"1506","nombre_departamento":"lima","nombre_provincia":"huaral","nombre_distrito":"","capital":"huaral"},"geometry":{"type":"Polygon","coordinates":[[[-76.5667,-11.0162],[-76.6186,-11.0291],[-76.6282,-11.0239],[-76.6336,-11.0383],[-76.6566,-11.0334],[-76.6693,-11.0533],[-76.6837,-11.0465],[-76.7201,-11.0522],[-76.7345,-11.0655],[-76.7407,-11.0658],[-76.7416,-11.0374],[-76.7656,-11.0351],[-76.7824,-11.0457],[-76.7933,-11.0764],[-76.8258,-11.1037],[-76.8753,-11.0832],[-76.9076,-11.0876],[-76.9427,-11.0782],[-76.9886,-11.1036],[-77.0199,-11.1353],[-77.0464,-11.1384],[-77.0567,-11.1173],[-77.052,-11.0958],[-77.0764,-11.0916],[-77.0858,-11.1806],[-77.06,-11.1951],[-77.0577,-11.2332],[-77.0782,-11.2771],[-77.1109,-11.2824],[-77.1313,-11.2982],[-77.1451,-11.3418],[-77.1593,-11.3445],[-77.1645,-11.3662],[-77.1893,-11.3628],[-77.205,-11.343],[-77.2248,-11.342],[-77.2307,-11.3153],[-77.2438,-11.3026],[-77.2642,-11.2975],[-77.2861,-11.2743],[-77.3035,-11.2741],[-77.3328,-11.3431],[-77.32,-11.3653],[-77.324,-11.3855],[-77.3701,-11.4147],[-77.3827,-11.4472],[-77.3048,-11.5122],[-77.2714,-11.572],[-77.2718,-11.5844],[-77.2828,-11.5868],[-77.2078,-11.6481],[-77.1929,-11.6806],[-77.1974,-11.6966],[-77.1821,-11.6859],[-77.1545,-11.7017],[-77.1522,-11.6706],[-77.1221,-11.6574],[-77.137,-11.6375],[-77.1347,-11.6266],[-77.1074,-11.6268],[-77.0853,-11.6042],[-77.0773,-11.5768],[-77.0458,-11.5787],[-77.005,-11.6134],[-76.9998,-11.5981],[-76.9462,-11.5786],[-76.9376,-11.5502],[-76.9238,-11.5586],[-76.896,-11.5351],[-76.8747,-11.5378],[-76.8595,-11.5041],[-76.8923,-11.4922],[-76.8935,-11.4613],[-76.8561,-11.4678],[-76.7716,-11.4203],[-76.7234,-11.4348],[-76.706,-11.4237],[-76.6946,-11.4293],[-76.6674,-11.3893],[-76.668,-11.346],[-76.6405,-11.3441],[-76.631,-11.3537],[-76.603,-11.3485],[-76.5982,-11.3266],[-76.5798,-11.3125],[-76.5446,-11.3165],[-76.5328,-11.3335],[-76.5088,-11.3282],[-76.4835,-11.3444],[-76.457,-11.3344],[-76.4786,-11.2913],[-76.4569,-11.2725],[-76.4907,-11.2466],[-76.4832,-11.2369],[-76.4921,-11.1893],[-76.5056,-11.1737],[-76.5052,-11.1438],[-76.5192,-11.1181],[-76.4957,-11.1096],[-76.4912,-11.0894],[-76.5147,-11.0687],[-76.533,-11.0341],[-76.5654,-11.0183],[-76.5667,-11.0162]]]}},{"type":"Feature","id":"1507","properties":{"ubigeo":"1507","nombre_departamento":"lima","nombre_provincia":"huarochiri","nombre_distrito":"","capital":"matucana"},"geometry":{"type":"Polygon","coordinates":[[[-76.4766,-11.4665],[-76.4972,-11.4593],[-76.5294,-11.5117],[-76.5446,-11.5191],[-76.5364,-11.5611],[-76.5542,-11.5814],[-76.5581,-11.6116],[-76.5753,-11.6211],[-76.5745,-11.6324],[-76.6025,-11.6385],[-76.6125,-11.653],[-76.6641,-11.6581],[-76.7074,-11.6913],[-76.7389,-11.6973],[-76.752,-11.7306],[-76.8049,-11.7559],[-76.8512,-11.7981],[-76.9058,-11.7954],[-76.9038,-11.8237],[-76.9356,-11.8337],[-76.9423,-11.8609],[-76.9307,-11.8706],[-76.8949,-11.8657],[-76.918,-11.9065],[-76.915,-11.9271],[-76.9314,-11.9422],[-76.9183,-11.96],[-76.8503,-11.9352],[-76.8293,-11.945],[-76.8182,-11.9277],[-76.7917,-11.9276],[-76.7389,-11.8933],[-76.7267,-11.8745],[-76.6694,-11.9212],[-76.6707,-11.931],[-76.647,-11.9529],[-76.6483,-11.9674],[-76.681,-11.9881],[-76.7,-11.9859],[-76.7223,-11.9996],[-76.7066,-12.0324],[-76.6781,-12.053],[-76.6735,-12.0735],[-76.7166,-12.1001],[-76.7109,-12.1132],[-76.6793,-12.131],[-76.6916,-12.1414],[-76.6879,-12.1518],[-76.6717,-12.1724],[-76.6603,-12.1735],[-76.6477,-12.2097],[-76.6221,-12.2253],[-76.6208,-12.2359],[-76.6368,-12.2794],[-76.6504,-12.2848],[-76.6542,-12.3051],[-76.674,-12.3195],[-76.6817,-12.3543],[-76.6071,-12.3691],[-76.5895,-12.2997],[-76.5557,-12.2759],[-76.5318,-12.3162],[-76.5377,-12.3394],[-76.5161,-12.386],[-76.4813,-12.4103],[-76.4528,-12.4043],[-76.3879,-12.318],[-76.3726,-12.3349],[-76.346,-12.3377],[-76.3005,-12.2574],[-76.2724,-12.3021],[-76.2503,-12.2997],[-76.2155,-12.2628],[-76.1712,-12.2593],[-76.1532,-12.2401],[-76.1127,-12.2257],[-76.0993,-12.2074],[-76.0695,-12.2074],[-76.0684,-12.186],[-76.0862,-12.1604],[-76.0568,-12.1327],[-76.0725,-12.1089],[-76.0614,-12.0885],[-76.0203,-12.064],[-76.0097,-12.0237],[-75.9976,-12.0179],[-76.001,-11.9982],[-75.9932,-11.9947],[-76.0526,-11.9482],[-76.0582,-11.9138],[-76.0503,-11.9096],[-76.0517,-11.8909],[-76.0944,-11.8485],[-76.1424,-11.7768],[-76.1506,-11.7838],[-76.1851,-11.7399],[-76.1987,-11.737],[-76.2075,-11.6998],[-76.1967,-11.6926],[-76.1933,-11.6735],[-76.2049,-11.6595],[-76.1884,-11.6431],[-76.1973,-11.6223],[-76.1796,-11.6129],[-76.1907,-11.5889],[-76.2287,-11.5538],[-76.2374,-11.569],[-76.2647,-11.5672],[-76.2976,-11.5962],[-76.3044,-11.5675],[-76.3279,-11.5443],[-76.35,-11.5423],[-76.3506,-11.5204],[-76.3594,-11.5229],[-76.3734,-11.5023],[-76.3916,-11.4992],[-76.4006,-11.5072],[-76.4141,-11.4924],[-76.4369,-11.4873],[-76.4549,-11.4627],[-76.4753,-11.4671],[-76.4766,-11.4665]]]}},{"type":"Feature","id":"1508","properties":{"ubigeo":"1508","nombre_departamento":"lima","nombre_provincia":"huaura","nombre_distrito":"","capital":"huacho"},"geometry":{"type":"Polygon","coordinates":[[[-77.3462,-10.6076],[-77.3673,-10.6383],[-77.3801,-10.6394],[-77.4042,-10.6868],[-77.3665,-10.7208],[-77.3867,-10.7527],[-77.4025,-10.768],[-77.425,-10.7678],[-77.4388,-10.803],[-77.4582,-10.81],[-77.4622,-10.8701],[-77.4443,-10.9161],[-77.5257,-10.932],[-77.5487,-10.8905],[-77.5959,-10.8601],[-77.6387,-10.8729],[-77.6576,-10.8652],[-77.7015,-10.8861],[-77.6578,-10.9465],[-77.6646,-10.959],[-77.6468,-10.9982],[-77.6619,-11.0135],[-77.6334,-11.0545],[-77.6339,-11.0936],[-77.6131,-11.1122],[-77.6201,-11.1269],[-77.5928,-11.1778],[-77.6017,-11.214],[-77.631,-11.2118],[-77.6471,-11.2217],[-77.6401,-11.2756],[-77.6433,-11.2905],[-77.6542,-11.2912],[-77.6483,-11.3027],[-77.4967,-11.3779],[-77.3841,-11.4466],[-77.3701,-11.4147],[-77.3248,-11.3872],[-77.3199,-11.366],[-77.3312,-11.3343],[-77.3035,-11.2741],[-77.2861,-11.2743],[-77.2642,-11.2975],[-77.2438,-11.3026],[-77.2307,-11.3153],[-77.2248,-11.342],[-77.205,-11.343],[-77.1893,-11.3628],[-77.1645,-11.3662],[-77.1593,-11.3445],[-77.1451,-11.3418],[-77.1313,-11.2982],[-77.1109,-11.2824],[-77.076,-11.2749],[-77.057,-11.2305],[-77.06,-11.1951],[-77.0858,-11.1806],[-77.0764,-11.0916],[-77.052,-11.0958],[-77.0567,-11.1173],[-77.0464,-11.1384],[-77.0199,-11.1353],[-76.9886,-11.1036],[-76.9427,-11.0782],[-76.9076,-11.0876],[-76.8753,-11.0832],[-76.8258,-11.1037],[-76.7933,-11.0764],[-76.7824,-11.0457],[-76.7656,-11.0351],[-76.7416,-11.0374],[-76.7407,-11.0658],[-76.7345,-11.0655],[-76.7201,-11.0522],[-76.6837,-11.0465],[-76.6714,-11.054],[-76.6566,-11.0334],[-76.6336,-11.0383],[-76.6293,-11.0243],[-76.6186,-11.0291],[-76.5769,-11.0165],[-76.5816,-10.985],[-76.565,-10.9639],[-76.5882,-10.8451],[-76.6542,-10.882],[-76.6976,-10.8804],[-76.7439,-10.9353],[-76.7909,-10.9246],[-76.8898,-10.8438],[-76.9151,-10.8598],[-76.9242,-10.8526],[-76.9624,-10.8616],[-76.9926,-10.9097],[-77.0272,-10.9323],[-77.0794,-11.0144],[-77.1184,-10.998],[-77.1388,-11.0112],[-77.1706,-10.9911],[-77.1804,-10.9612],[-77.1957,-10.9549],[-77.1942,-10.93],[-77.168,-10.9185],[-77.156,-10.855],[-77.1735,-10.8086],[-77.188,-10.8029],[-77.1602,-10.765],[-77.042,-10.7375],[-77.0234,-10.7062],[-77.008,-10.6999],[-77.0251,-10.6784],[-77.0476,-10.6793],[-77.0564,-10.6921],[-77.0844,-10.6668],[-77.1051,-10.6724],[-77.126,-10.647],[-77.1972,-10.6868],[-77.2153,-10.6772],[-77.2487,-10.683],[-77.3002,-10.6597],[-77.3459,-10.608],[-77.3462,-10.6076]]]}},{"type":"Feature","id":"1509","properties":{"ubigeo":"1509","nombre_departamento":"lima","nombre_provincia":"oyon","nombre_distrito":"","capital":"oyon"},"geometry":{"type":"Polygon","coordinates":[[[-76.7999,-10.4191],[-76.829,-10.4301],[-76.8228,-10.4831],[-76.8406,-10.4736],[-76.8572,-10.4934],[-76.8546,-10.5475],[-76.866,-10.5579],[-76.8584,-10.5642],[-76.8595,-10.5972],[-76.8784,-10.6556],[-76.8898,-10.6534],[-76.8956,-10.6663],[-76.9499,-10.698],[-76.9736,-10.6822],[-76.9947,-10.6812],[-77.042,-10.7375],[-77.0807,-10.7439],[-77.0861,-10.7535],[-77.1403,-10.7561],[-77.1776,-10.7791],[-77.1881,-10.8048],[-77.1735,-10.8086],[-77.156,-10.855],[-77.168,-10.9185],[-77.1942,-10.93],[-77.1957,-10.9549],[-77.1804,-10.9612],[-77.1706,-10.9911],[-77.1395,-11.0109],[-77.1184,-10.998],[-77.0794,-11.0144],[-77.0272,-10.9323],[-76.9926,-10.9097],[-76.9624,-10.8616],[-76.9242,-10.8526],[-76.9151,-10.8598],[-76.8898,-10.8438],[-76.7909,-10.9246],[-76.7439,-10.9353],[-76.6976,-10.8804],[-76.6542,-10.882],[-76.5882,-10.8451],[-76.6016,-10.8159],[-76.6177,-10.8146],[-76.6335,-10.7845],[-76.6278,-10.766],[-76.671,-10.6778],[-76.6557,-10.6468],[-76.6756,-10.6214],[-76.6859,-10.5815],[-76.7037,-10.5886],[-76.7102,-10.5407],[-76.7302,-10.5084],[-76.7288,-10.4765],[-76.7396,-10.4671],[-76.7723,-10.4642],[-76.7874,-10.4387],[-76.7999,-10.4396],[-76.7998,-10.4196],[-76.7999,-10.4191]]]}},{"type":"Feature","id":"1510","properties":{"ubigeo":"1510","nombre_departamento":"lima","nombre_provincia":"yauyos","nombre_distrito":"","capital":"yauyos"},"geometry":{"type":"Polygon","coordinates":[[[-75.9732,-11.9843],[-75.9994,-11.9955],[-75.9976,-12.0179],[-76.0097,-12.0237],[-76.0203,-12.064],[-76.0614,-12.0885],[-76.0725,-12.1089],[-76.0568,-12.1327],[-76.0862,-12.1604],[-76.0684,-12.186],[-76.0695,-12.2074],[-76.0993,-12.2074],[-76.1127,-12.2257],[-76.1532,-12.2401],[-76.1712,-12.2593],[-76.2155,-12.2628],[-76.2503,-12.2997],[-76.2724,-12.3021],[-76.301,-12.2577],[-76.346,-12.3377],[-76.3454,-12.388],[-76.3333,-12.4161],[-76.3135,-12.4306],[-76.3219,-12.4438],[-76.3316,-12.4424],[-76.3401,-12.4945],[-76.3675,-12.5326],[-76.3348,-12.5365],[-76.3232,-12.5283],[-76.288,-12.5871],[-76.2522,-12.5905],[-76.2704,-12.6448],[-76.2881,-12.6545],[-76.2846,-12.6833],[-76.2995,-12.7137],[-76.296,-12.7338],[-76.2825,-12.7525],[-76.2472,-12.7555],[-76.2413,-12.7908],[-76.1994,-12.8135],[-76.1773,-12.8544],[-76.1539,-12.8378],[-76.1395,-12.7916],[-76.1232,-12.7868],[-76.0987,-12.8016],[-76.0769,-12.7864],[-76.0608,-12.7928],[-76.0452,-12.782],[-76.0216,-12.7894],[-75.9955,-12.7569],[-75.9839,-12.7823],[-75.9413,-12.8072],[-75.9594,-12.849],[-76.002,-12.8401],[-76.0085,-12.853],[-75.993,-12.896],[-76.0039,-12.9224],[-75.9727,-12.924],[-75.9574,-12.9699],[-75.9614,-13.0014],[-75.9393,-12.991],[-75.8522,-13.0353],[-75.8269,-13.0294],[-75.8179,-13.0521],[-75.8008,-13.0603],[-75.7725,-13.0379],[-75.7646,-13.0182],[-75.7099,-13.0401],[-75.6704,-13.0226],[-75.667,-12.9966],[-75.6365,-12.9876],[-75.6375,-12.9732],[-75.6141,-12.9646],[-75.6363,-12.915],[-75.6127,-12.8592],[-75.5704,-12.8429],[-75.5603,-12.8174],[-75.5302,-12.8216],[-75.52,-12.7883],[-75.5094,-12.7832],[-75.5082,-12.775],[-75.5771,-12.7157],[-75.5537,-12.7042],[-75.5515,-12.684],[-75.5633,-12.6757],[-75.5613,-12.6631],[-75.578,-12.6535],[-75.5794,-12.5951],[-75.5665,-12.5742],[-75.5664,-12.5527],[-75.536,-12.5185],[-75.5574,-12.4566],[-75.5589,-12.4121],[-75.5669,-12.4122],[-75.5487,-12.3642],[-75.5682,-12.3316],[-75.5886,-12.325],[-75.5867,-12.2993],[-75.6527,-12.2057],[-75.6713,-12.1925],[-75.6485,-12.1742],[-75.627,-12.1348],[-75.6387,-12.1215],[-75.6346,-12.1146],[-75.6882,-12.0821],[-75.6739,-12.0579],[-75.6943,-12.0427],[-75.7167,-12.0465],[-75.742,-12.0365],[-75.7511,-12.0549],[-75.7657,-12.0596],[-75.8189,-12.0137],[-75.8324,-12.0251],[-75.8425,-12.0065],[-75.885,-11.9934],[-75.9041,-11.9984],[-75.9241,-11.9843],[-75.9486,-11.9944],[-75.9722,-11.9844],[-75.9732,-11.9843]]]}},{"type":"Feature","id":"1601","properties":{"ubigeo":"1601","nombre_departamento":"loreto","nombre_provincia":"maynas","nombre_distrito":"","capital":"iquitos"},"geometry":{"type":"Polygon","coordinates":[[[-75.2409,-0.6453],[-75.2567,-0.6437],[-75.2723,-0.6661],[-75.2483,-0.6963],[-75.2734,-0.7169],[-75.27,-0.7457],[-75.2509,-0.7625],[-75.265,-0.7839],[-75.2418,-0.7984],[-75.2498,-0.8347],[-75.2228,-0.8709],[-75.2211,-0.9015],[-75.2335,-0.922],[-75.2289,-0.9415],[-75.1883,-0.9702],[-75.2744,-0.9696],[-75.3001,-0.9871],[-75.3698,-0.929],[-75.3867,-0.9297],[-75.538,-1.4808],[-75.5504,-1.502],[-75.5576,-1.5595],[-75.582,-1.5467],[-75.6551,-1.6359],[-75.7784,-1.794],[-75.7811,-1.8361],[-75.7459,-1.9309],[-75.6506,-1.9459],[-75.6106,-1.9694],[-75.5713,-1.9638],[-75.5363,-1.9965],[-75.4657,-2.0068],[-75.438,-2.0366],[-75.3376,-2.0032],[-75.2881,-2.0087],[-75.2531,-2.0793],[-75.2559,-2.0909],[-75.2433,-2.1004],[-75.2462,-2.1338],[-75.2241,-2.1581],[-75.1925,-2.1658],[-75.1689,-2.1867],[-75.1722,-2.2192],[-75.1553,-2.2352],[-75.1364,-2.2859],[-75.1112,-2.3019],[-75.1039,-2.2897],[-75.0832,-2.2935],[-75.0171,-2.3518],[-74.9589,-2.3699],[-74.9496,-2.4588],[-74.9541,-2.5023],[-74.9812,-2.5068],[-74.9931,-2.5242],[-74.9796,-2.5554],[-74.962,-2.5704],[-74.9579,-2.6147],[-74.9737,-2.6607],[-75.0099,-2.6847],[-75.0103,-2.7664],[-75.0591,-2.9621],[-75.0567,-2.98],[-75.0364,-2.9982],[-75.0264,-3.0607],[-75.0138,-3.0765],[-75.0168,-3.1345],[-74.9916,-3.19],[-74.9218,-3.1971],[-74.8929,-3.2099],[-74.8742,-3.2008],[-74.8551,-3.2234],[-74.8427,-3.2178],[-74.8205,-3.2335],[-74.8135,-3.2438],[-74.8286,-3.259],[-74.8329,-3.2808],[-74.8114,-3.3029],[-74.7817,-3.3159],[-74.78,-3.3266],[-74.7539,-3.3345],[-74.7501,-3.3557],[-74.7318,-3.3683],[-74.7126,-3.4361],[-74.7175,-3.4588],[-74.6919,-3.451],[-74.6793,-3.4664],[-74.6862,-3.494],[-74.6792,-3.5094],[-74.5545,-3.6333],[-74.504,-3.6965],[-74.4924,-3.7012],[-74.4721,-3.6843],[-74.4586,-3.7055],[-74.4121,-3.7183],[-74.3707,-3.716],[-74.3468,-3.7603],[-74.3141,-3.7743],[-74.2781,-3.833],[-74.2584,-3.8478],[-74.2391,-3.8442],[-74.2119,-3.859],[-74.1861,-3.8915],[-74.1463,-3.9934],[-74.1353,-3.9996],[-74.1354,-4.0619],[-74.0856,-4.2117],[-74.0587,-4.2476],[-73.9453,-4.3245],[-73.937,-4.3719],[-73.8835,-4.3884],[-73.8336,-4.4386],[-73.7653,-4.4492],[-73.6919,-4.4398],[-73.5927,-4.3818],[-73.5446,-4.3379],[-73.4834,-4.3215],[-73.4682,-4.2849],[-73.4003,-4.2385],[-73.3787,-4.2572],[-73.4252,-4.2896],[-73.4499,-4.3199],[-73.4202,-4.3799],[-73.4207,-4.4253],[-73.4345,-4.4479],[-73.3975,-4.4761],[-73.3226,-4.5843],[-73.2894,-4.6087],[-73.2697,-4.6388],[-73.2172,-4.674],[-73.1838,-4.6847],[-73.1556,-4.7097],[-73.0604,-4.6674],[-73.0352,-4.6325],[-73.035,-4.5541],[-73.0068,-4.5079],[-72.9347,-4.4671],[-72.9057,-4.4681],[-72.882,-4.487],[-72.7958,-4.4962],[-72.7834,-4.4885],[-72.7657,-4.4461],[-72.7566,-4.3827],[-72.6327,-4.3978],[-72.6029,-4.3552],[-72.6286,-4.3037],[-72.5398,-4.2939],[-72.498,-4.3194],[-72.4818,-4.2933],[-72.3878,-4.2085],[-72.4366,-4.1668],[-72.4258,-4.1191],[-72.4085,-4.1],[-72.3956,-4.0572],[-72.3482,-4.006],[-72.306,-3.9943],[-72.2538,-3.9433],[-72.2829,-3.8348],[-72.2785,-3.7416],[-72.3036,-3.6874],[-72.1743,-3.6043],[-72.1552,-3.5771],[-72.148,-3.5285],[-72.1172,-3.5006],[-72.1918,-3.4501],[-72.1985,-3.4043],[-72.274,-3.3328],[-72.2934,-3.2929],[-72.3378,-3.2824],[-72.3626,-3.2479],[-72.4066,-3.2326],[-72.4179,-3.1775],[-72.4304,-3.1743],[-72.4544,-3.1323],[-72.4746,-3.1231],[-72.4791,-3.0987],[-72.5528,-3.0675],[-72.5542,-3.0084],[-72.5734,-2.9479],[-72.5708,-2.8909],[-72.6687,-2.8911],[-72.7662,-2.9153],[-72.8912,-2.9164],[-72.9354,-2.8729],[-73.0652,-2.7809],[-73.1268,-2.772],[-73.1448,-2.7089],[-73.2088,-2.6985],[-73.2759,-2.6372],[-73.3602,-2.6046],[-73.3959,-2.5354],[-73.3696,-2.4928],[-73.3732,-2.4656],[-73.4424,-2.4179],[-73.4818,-2.4101],[-73.5167,-2.3786],[-73.5612,-2.3677],[-73.5743,-2.3424],[-73.6337,-2.3],[-73.667,-2.2896],[-73.6942,-2.3022],[-73.7108,-2.2968],[-73.7315,-2.2384],[-73.7556,-2.2181],[-73.737,-2.1569],[-73.7874,-2.1224],[-73.8074,-2.0285],[-73.8642,-2.0194],[-73.8848,-1.9978],[-73.9221,-1.9856],[-73.8996,-1.9692],[-73.8812,-1.9355],[-73.8798,-1.8946],[-73.8372,-1.8494],[-73.8424,-1.8245],[-73.819,-1.7634],[-73.8245,-1.6964],[-73.8513,-1.681],[-73.8875,-1.6828],[-73.9245,-1.6149],[-73.9414,-1.6033],[-73.941,-1.5878],[-73.9757,-1.5833],[-74.0057,-1.5243],[-74.0877,-1.5207],[-74.1962,-1.448],[-74.2228,-1.4555],[-74.2846,-1.434],[-74.3042,-1.4381],[-74.3229,-1.422],[-74.4041,-1.3945],[-74.4285,-1.3904],[-74.4436,-1.3979],[-74.4631,-1.3768],[-74.4942,-1.3784],[-74.5161,-1.3518],[-74.5429,-1.3451],[-74.5489,-1.327],[-74.5886,-1.3071],[-74.5869,-1.2782],[-74.6029,-1.2553],[-74.6412,-1.2327],[-74.6444,-1.2169],[-74.7106,-1.1522],[-74.72,-1.1127],[-74.7372,-1.1055],[-74.7595,-1.0563],[-74.8486,-1.0205],[-74.8827,-0.9651],[-74.8873,-0.9196],[-74.9098,-0.9198],[-74.9268,-0.8983],[-74.9541,-0.888],[-74.987,-0.819],[-75.0284,-0.7959],[-75.0437,-0.8],[-75.0584,-0.7812],[-75.104,-0.7777],[-75.1275,-0.7635],[-75.1312,-0.7503],[-75.1928,-0.7366],[-75.1993,-0.7216],[-75.1816,-0.712],[-75.2308,-0.6885],[-75.2286,-0.6721],[-75.2409,-0.6564],[-75.2315,-0.6471],[-75.2404,-0.6457],[-75.2409,-0.6453]]]}},{"type":"Feature","id":"1602","properties":{"ubigeo":"1602","nombre_departamento":"loreto","nombre_provincia":"alto amazonas","nombre_distrito":"","capital":"yurimaguas"},"geometry":{"type":"Polygon","coordinates":[[[-76.3075,-3.6983],[-76.3266,-3.6832],[-76.3361,-3.769],[-76.3868,-3.7865],[-76.3814,-3.8206],[-76.3934,-3.8528],[-76.4169,-3.8672],[-76.4226,-3.9238],[-76.392,-4.001],[-76.35,-4.0439],[-76.3322,-4.1129],[-76.2934,-4.1345],[-76.3109,-4.1568],[-76.2802,-4.1605],[-76.2373,-4.1862],[-76.2462,-4.196],[-76.2445,-4.2193],[-76.2287,-4.2426],[-76.2306,-4.2649],[-76.2985,-4.3207],[-76.297,-4.3413],[-76.321,-4.3599],[-76.3079,-4.3902],[-76.3348,-4.4117],[-76.3382,-4.4361],[-76.2973,-4.5174],[-76.2692,-4.5238],[-76.2573,-4.5455],[-76.2288,-4.5556],[-76.2469,-4.5613],[-76.1983,-4.6234],[-76.2059,-4.6723],[-76.1634,-4.7046],[-76.1741,-4.7502],[-76.1674,-4.7796],[-76.1417,-4.7976],[-76.1018,-4.7893],[-76.0707,-4.8335],[-76.0259,-4.815],[-76.0071,-4.852],[-75.9644,-4.873],[-75.9251,-4.9111],[-75.8685,-4.938],[-75.8295,-4.9766],[-75.7996,-4.9791],[-75.7546,-5.0043],[-75.7468,-5.013],[-75.7487,-5.0384],[-75.804,-5.0184],[-75.8506,-5.0281],[-75.8891,-5.0483],[-75.9192,-5.0214],[-75.919,-5.0845],[-75.9641,-5.0809],[-76.0007,-5.1008],[-76.0237,-5.1004],[-76.0689,-5.0851],[-76.1834,-5.0171],[-76.3709,-5.0325],[-76.4212,-5.0524],[-76.4301,-5.0166],[-76.454,-4.9866],[-76.4468,-5.0643],[-76.4806,-5.0891],[-76.4971,-5.1213],[-76.513,-5.1313],[-76.5049,-5.1662],[-76.5284,-5.1864],[-76.5088,-5.2362],[-76.5623,-5.2344],[-76.5853,-5.2129],[-76.6055,-5.2278],[-76.6044,-5.2483],[-76.5825,-5.2793],[-76.5878,-5.3135],[-76.5759,-5.3361],[-76.5885,-5.3439],[-76.6043,-5.3349],[-76.6254,-5.3674],[-76.6346,-5.4197],[-76.6266,-5.436],[-76.6415,-5.448],[-76.6404,-5.4627],[-76.6596,-5.4579],[-76.7029,-5.492],[-76.7411,-5.4467],[-76.7593,-5.4549],[-76.7597,-5.4361],[-76.8322,-5.4985],[-76.8508,-5.5321],[-76.811,-5.5946],[-76.8435,-5.6076],[-76.8454,-5.6388],[-76.8157,-5.6377],[-76.8127,-5.6551],[-76.8258,-5.6728],[-76.8103,-5.6885],[-76.8628,-5.6947],[-76.8665,-5.7255],[-76.8945,-5.7462],[-76.8441,-5.7425],[-76.8246,-5.7573],[-76.8294,-5.7773],[-76.8163,-5.8076],[-76.8263,-5.8178],[-76.8207,-5.8579],[-76.7777,-5.9006],[-76.7646,-5.9466],[-76.7467,-5.954],[-76.7503,-6.0028],[-76.7108,-6.0137],[-76.64,-6.0026],[-76.6043,-6.0172],[-76.563,-6.0016],[-76.5489,-6.0128],[-76.518,-6.0034],[-76.4809,-6.014],[-76.4302,-6.0028],[-76.4002,-5.9536],[-76.3728,-5.9738],[-76.334,-6.0421],[-76.3153,-6.0541],[-76.3183,-6.0861],[-76.2471,-6.1261],[-76.146,-6.1467],[-76.0885,-6.1076],[-76.0427,-6.101],[-76.0135,-6.0836],[-76.0058,-6.0952],[-75.9585,-6.0984],[-75.9208,-6.1402],[-75.8959,-6.132],[-75.838,-6.1405],[-75.8515,-6.1017],[-75.8347,-6.107],[-75.8277,-6.0986],[-75.7748,-6.1204],[-75.7677,-6.1276],[-75.7712,-6.1476],[-75.7266,-6.144],[-75.68,-6.0953],[-75.6517,-6.0979],[-75.6292,-6.083],[-75.6211,-6.0294],[-75.5689,-6.0004],[-75.567,-5.9584],[-75.5124,-5.8671],[-75.5394,-5.7947],[-75.5006,-5.7398],[-75.4542,-5.5753],[-75.5183,-5.5873],[-75.6088,-5.5627],[-75.6011,-5.5329],[-75.6381,-5.5058],[-75.6181,-5.4544],[-75.6523,-5.4019],[-75.6527,-5.3642],[-75.6231,-5.3198],[-75.6326,-5.2762],[-75.5954,-5.2745],[-75.5888,-5.2518],[-75.618,-5.2014],[-75.5116,-5.1131],[-75.4696,-5.0577],[-75.4381,-5.0474],[-75.3858,-5.0532],[-75.4239,-4.9881],[-75.4786,-4.9563],[-75.5201,-4.9409],[-75.5811,-4.939],[-75.6041,-4.9225],[-75.6422,-4.931],[-75.6734,-4.9248],[-75.6875,-4.8894],[-75.6643,-4.8412],[-75.7257,-4.8132],[-75.7216,-4.7897],[-75.7403,-4.7378],[-75.8431,-4.6871],[-75.8522,-4.6587],[-75.8455,-4.6258],[-75.8519,-4.6],[-75.8917,-4.5842],[-75.8772,-4.5441],[-75.8789,-4.4904],[-75.8633,-4.4552],[-75.8679,-4.4299],[-75.9524,-4.3751],[-75.975,-4.372],[-76.0252,-4.3234],[-76.0302,-4.2968],[-76.0096,-4.2739],[-76.0094,-4.2578],[-76.0219,-4.2204],[-76.0703,-4.1797],[-76.0613,-4.1222],[-76.0654,-4.0892],[-76.0795,-4.0749],[-76.0785,-4.0494],[-76.12,-4.0356],[-76.1387,-4.0027],[-76.1445,-3.959],[-76.2043,-3.9239],[-76.2118,-3.8346],[-76.2476,-3.7878],[-76.2489,-3.7448],[-76.2758,-3.7617],[-76.2728,-3.7305],[-76.2829,-3.7078],[-76.2925,-3.6944],[-76.3054,-3.6985],[-76.3075,-3.6983]]]}},{"type":"Feature","id":"1603","properties":{"ubigeo":"1603","nombre_departamento":"loreto","nombre_provincia":"loreto","nombre_distrito":"","capital":"nauta"},"geometry":{"type":"Polygon","coordinates":[[[-75.7459,-1.9309],[-75.779,-1.8497],[-75.7784,-1.794],[-76.0434,-2.1271],[-76.5343,-2.5123],[-76.5033,-2.5322],[-76.5064,-2.5828],[-76.4706,-2.6043],[-76.408,-2.6878],[-76.3864,-2.6975],[-76.3843,-2.7168],[-76.3955,-2.726],[-76.3653,-2.7401],[-76.3442,-2.8001],[-76.3178,-2.8077],[-76.3073,-2.8349],[-76.3169,-2.8976],[-76.3403,-2.9135],[-76.3512,-2.9464],[-76.3484,-2.9775],[-76.3379,-2.9886],[-76.3525,-3.0211],[-76.3535,-3.0904],[-76.3893,-3.1277],[-76.3488,-3.1665],[-76.3639,-3.181],[-76.3518,-3.206],[-76.3673,-3.2178],[-76.3543,-3.2364],[-76.328,-3.2193],[-76.3377,-3.2515],[-76.326,-3.2581],[-76.3107,-3.3054],[-76.2822,-3.3334],[-76.27,-3.3611],[-76.2743,-3.3998],[-76.2637,-3.403],[-76.2567,-3.436],[-76.2615,-3.4752],[-76.2489,-3.4767],[-76.2245,-3.5162],[-76.2062,-3.5281],[-76.222,-3.5537],[-76.2605,-3.5729],[-76.2375,-3.6024],[-76.2341,-3.6348],[-76.3238,-3.6853],[-76.3075,-3.6983],[-76.2898,-3.6966],[-76.2729,-3.7297],[-76.2758,-3.7617],[-76.2489,-3.7448],[-76.2476,-3.7878],[-76.2118,-3.8346],[-76.2043,-3.9239],[-76.1445,-3.959],[-76.1387,-4.0027],[-76.12,-4.0356],[-76.0785,-4.0494],[-76.0795,-4.0749],[-76.0654,-4.0892],[-76.0613,-4.1222],[-76.0703,-4.1797],[-76.0219,-4.2204],[-76.0094,-4.2578],[-76.0096,-4.2739],[-76.0302,-4.2968],[-76.0252,-4.3234],[-75.975,-4.372],[-75.9524,-4.3751],[-75.8679,-4.4299],[-75.8633,-4.4552],[-75.8789,-4.4904],[-75.8772,-4.5441],[-75.8917,-4.5842],[-75.8519,-4.6],[-75.8455,-4.6258],[-75.8522,-4.6587],[-75.8431,-4.6871],[-75.7403,-4.7378],[-75.7216,-4.7897],[-75.7257,-4.8132],[-75.6643,-4.8412],[-75.6875,-4.8894],[-75.6734,-4.9248],[-75.6422,-4.931],[-75.6041,-4.9225],[-75.5811,-4.939],[-75.5328,-4.9391],[-75.4901,-4.9512],[-75.4239,-4.9881],[-75.3868,-5.0501],[-75.4428,-5.0478],[-75.4696,-5.0577],[-75.5116,-5.1131],[-75.6136,-5.1942],[-75.6182,-5.2085],[-75.5929,-5.2362],[-75.59,-5.2584],[-75.5975,-5.2755],[-75.6326,-5.2762],[-75.6231,-5.3198],[-75.6538,-5.3721],[-75.6523,-5.4019],[-75.6187,-5.4514],[-75.6398,-5.4988],[-75.6003,-5.5346],[-75.6108,-5.5608],[-75.5183,-5.5873],[-75.4544,-5.5742],[-75.4975,-5.728],[-75.4139,-5.7201],[-75.3838,-5.6889],[-75.3358,-5.6953],[-75.3049,-5.6862],[-75.2081,-5.6171],[-75.1816,-5.6232],[-75.066,-5.4994],[-75.0195,-5.4969],[-74.9601,-5.5199],[-74.9021,-5.4703],[-74.829,-5.4537],[-74.638,-5.354],[-74.6152,-5.3043],[-74.5729,-5.2643],[-74.4183,-5.2069],[-74.3506,-5.1535],[-74.3236,-5.1524],[-74.2874,-5.1336],[-74.2455,-5.1362],[-74.2325,-5.1175],[-74.1788,-5.087],[-74.1739,-5.0349],[-74.1312,-5.015],[-74.0671,-4.9566],[-74.0417,-4.9465],[-74.0002,-4.9577],[-73.9568,-4.9791],[-73.9464,-5.0002],[-73.9276,-5.0097],[-73.893,-4.9556],[-73.9018,-4.9287],[-73.8744,-4.8828],[-73.8495,-4.877],[-73.8344,-4.8521],[-73.8103,-4.8432],[-73.7921,-4.8137],[-73.7648,-4.7975],[-73.7117,-4.7355],[-73.6537,-4.7228],[-73.582,-4.6187],[-73.5294,-4.5843],[-73.5108,-4.5519],[-73.4673,-4.5187],[-73.4573,-4.4621],[-73.4206,-4.4242],[-73.4216,-4.3686],[-73.4488,-4.315],[-73.3782,-4.2541],[-73.4003,-4.2385],[-73.4682,-4.2849],[-73.4834,-4.3215],[-73.5446,-4.3379],[-73.5927,-4.3818],[-73.7051,-4.4449],[-73.8222,-4.4426],[-73.8835,-4.3884],[-73.937,-4.3719],[-73.9453,-4.3245],[-74.0587,-4.2476],[-74.0856,-4.2117],[-74.1354,-4.0619],[-74.1353,-3.9996],[-74.1463,-3.9934],[-74.1861,-3.8915],[-74.2119,-3.859],[-74.2391,-3.8442],[-74.2584,-3.8478],[-74.2781,-3.833],[-74.3141,-3.7743],[-74.3468,-3.7603],[-74.3707,-3.716],[-74.4121,-3.7183],[-74.4586,-3.7055],[-74.4721,-3.6843],[-74.4924,-3.7012],[-74.504,-3.6965],[-74.5545,-3.6333],[-74.6792,-3.5094],[-74.6862,-3.494],[-74.6793,-3.4664],[-74.6919,-3.451],[-74.7175,-3.4588],[-74.7126,-3.4361],[-74.7318,-3.3683],[-74.7501,-3.3557],[-74.7539,-3.3345],[-74.78,-3.3266],[-74.7817,-3.3159],[-74.8114,-3.3029],[-74.8329,-3.2808],[-74.8286,-3.259],[-74.8135,-3.2438],[-74.8205,-3.2335],[-74.8427,-3.2178],[-74.8551,-3.2234],[-74.8742,-3.2008],[-74.8929,-3.2099],[-74.9218,-3.1971],[-74.9674,-3.1972],[-74.9905,-3.1909],[-75.0004,-3.1742],[-75.0178,-3.1294],[-75.014,-3.0756],[-75.0264,-3.0607],[-75.0364,-2.9982],[-75.0567,-2.98],[-75.0591,-2.9621],[-75.0103,-2.7664],[-75.0099,-2.6847],[-74.9737,-2.6607],[-74.9579,-2.6147],[-74.962,-2.5704],[-74.9796,-2.5554],[-74.9931,-2.5242],[-74.9812,-2.5068],[-74.9541,-2.5023],[-74.9496,-2.4588],[-74.9589,-2.3699],[-75.0171,-2.3518],[-75.0832,-2.2935],[-75.1039,-2.2897],[-75.1112,-2.3019],[-75.1364,-2.2859],[-75.1553,-2.2352],[-75.1722,-2.2192],[-75.1689,-2.1867],[-75.1925,-2.1658],[-75.2241,-2.1581],[-75.2462,-2.1338],[-75.2433,-2.1004],[-75.2559,-2.0909],[-75.2531,-2.0793],[-75.2881,-2.0087],[-75.3376,-2.0032],[-75.438,-2.0366],[-75.4657,-2.0068],[-75.5363,-1.9965],[-75.5713,-1.9638],[-75.6106,-1.9694],[-75.6506,-1.9459],[-75.7434,-1.9316],[-75.7459,-1.9309]]]}},{"type":"Feature","id":"1604","properties":{"ubigeo":"1604","nombre_departamento":"loreto","nombre_provincia":"mariscal ramon castilla","nombre_distrito":"","capital":"caballo cocha"},"geometry":{"type":"Polygon","coordinates":[[[-72.09,-2.8401],[-72.1173,-2.8347],[-72.1541,-2.8058],[-72.181,-2.7998],[-72.247,-2.8394],[-72.3074,-2.8323],[-72.3638,-2.8398],[-72.3888,-2.8548],[-72.4324,-2.8418],[-72.53,-2.8835],[-72.5708,-2.8909],[-72.5734,-2.9479],[-72.5542,-3.0084],[-72.5528,-3.0675],[-72.4791,-3.0987],[-72.4746,-3.1231],[-72.4544,-3.1323],[-72.4304,-3.1743],[-72.4179,-3.1775],[-72.4066,-3.2326],[-72.3626,-3.2479],[-72.3378,-3.2824],[-72.2934,-3.2929],[-72.274,-3.3328],[-72.1985,-3.4043],[-72.1918,-3.4501],[-72.1172,-3.5006],[-72.148,-3.5285],[-72.1552,-3.5771],[-72.1743,-3.6043],[-72.2214,-3.6278],[-72.3044,-3.6896],[-72.2785,-3.7416],[-72.2829,-3.8348],[-72.2538,-3.9433],[-72.306,-3.9943],[-72.3482,-4.006],[-72.3956,-4.0572],[-72.4085,-4.1],[-72.4258,-4.1191],[-72.4366,-4.1668],[-72.3878,-4.2085],[-72.4818,-4.2933],[-72.498,-4.3194],[-72.5398,-4.2939],[-72.6286,-4.3037],[-72.6029,-4.3552],[-72.6327,-4.3978],[-72.7566,-4.3827],[-72.7657,-4.4461],[-72.7879,-4.4924],[-72.8226,-4.4981],[-72.882,-4.487],[-72.9057,-4.4681],[-72.9347,-4.4671],[-73.0147,-4.5153],[-73.035,-4.5541],[-73.0352,-4.6325],[-73.0633,-4.6697],[-73.1294,-4.6955],[-73.1022,-4.7898],[-73.2362,-4.9706],[-73.1699,-4.998],[-73.0981,-5.0008],[-73.0539,-5.0372],[-73.0033,-5.0576],[-72.9849,-5.0526],[-72.9128,-5.1199],[-72.8493,-5.136],[-72.8501,-5.1458],[-72.813,-5.1347],[-72.8183,-5.1028],[-72.7859,-5.1134],[-72.7842,-5.0933],[-72.768,-5.0992],[-72.7564,-5.0766],[-72.7399,-5.0886],[-72.7381,-5.0755],[-72.7299,-5.0744],[-72.7376,-5.0612],[-72.7262,-5.0617],[-72.7276,-5.052],[-72.7152,-5.0575],[-72.709,-5.0484],[-72.6925,-5.0609],[-72.6708,-5.0473],[-72.6574,-5.0636],[-72.642,-5.045],[-72.6414,-5.063],[-72.6284,-5.0509],[-72.6288,-5.0384],[-72.6212,-5.0518],[-72.6061,-5.0304],[-72.6122,-5.0166],[-72.5985,-5.0011],[-72.6091,-4.9942],[-72.5978,-4.9949],[-72.5946,-4.9829],[-72.584,-4.9977],[-72.5835,-4.9823],[-72.568,-4.9837],[-72.5519,-4.9556],[-72.5369,-4.9537],[-72.5388,-4.9641],[-72.5273,-4.9534],[-72.5222,-4.96],[-72.5212,-4.9329],[-72.5049,-4.9358],[-72.5067,-4.9451],[-72.4968,-4.95],[-72.4877,-4.9334],[-72.482,-4.9508],[-72.4737,-4.9246],[-72.4513,-4.9157],[-72.4692,-4.9053],[-72.4704,-4.8911],[-72.4545,-4.8915],[-72.4547,-4.9008],[-72.443,-4.8982],[-72.4312,-4.9109],[-72.4283,-4.9015],[-72.4147,-4.8997],[-72.4219,-4.876],[-72.4061,-4.8887],[-72.3992,-4.8738],[-72.382,-4.873],[-72.3897,-4.8618],[-72.3803,-4.8585],[-72.3753,-4.8376],[-72.3894,-4.8343],[-72.3717,-4.8319],[-72.3793,-4.8234],[-72.3588,-4.8234],[-72.3681,-4.8029],[-72.3448,-4.8067],[-72.3378,-4.7935],[-72.3386,-4.8045],[-72.3253,-4.8017],[-72.3249,-4.8132],[-72.3197,-4.7886],[-72.328,-4.781],[-72.3105,-4.7744],[-72.3065,-4.7904],[-72.3014,-4.7754],[-72.2833,-4.7834],[-72.2797,-4.7709],[-72.2829,-4.7973],[-72.2696,-4.7976],[-72.2644,-4.7858],[-72.2551,-4.7921],[-72.2614,-4.7808],[-72.2557,-4.7655],[-72.2435,-4.7814],[-72.2151,-4.767],[-72.2125,-4.7594],[-72.2219,-4.7551],[-72.2093,-4.7475],[-72.1924,-4.7629],[-72.1932,-4.7458],[-72.1593,-4.7353],[-72.1404,-4.7115],[-72.1273,-4.7225],[-72.1331,-4.7333],[-72.1251,-4.7336],[-72.1247,-4.7158],[-72.1013,-4.7055],[-72.0894,-4.6811],[-72.0774,-4.6812],[-72.0803,-4.6687],[-72.0708,-4.6629],[-72.0597,-4.6734],[-72.0682,-4.6592],[-72.0379,-4.6428],[-72.0424,-4.6229],[-72.0155,-4.6311],[-72.006,-4.6453],[-72.0022,-4.629],[-71.9812,-4.626],[-71.9937,-4.609],[-71.9465,-4.6078],[-71.95,-4.5803],[-71.9344,-4.5782],[-71.9305,-4.5617],[-71.9191,-4.5634],[-71.9268,-4.5473],[-71.9182,-4.5289],[-71.8846,-4.5371],[-71.9064,-4.5152],[-71.8853,-4.5219],[-71.8793,-4.5153],[-71.865,-4.5265],[-71.8566,-4.5114],[-71.8391,-4.5045],[-71.8302,-4.5144],[-71.8321,-4.4958],[-71.8065,-4.5044],[-71.8103,-4.4929],[-71.7938,-4.4837],[-71.7924,-4.4952],[-71.7834,-4.4966],[-71.7853,-4.4823],[-71.7713,-4.4886],[-71.7676,-4.5037],[-71.749,-4.4913],[-71.7507,-4.4674],[-71.7369,-4.4956],[-71.7068,-4.5099],[-71.6882,-4.497],[-71.672,-4.5058],[-71.6579,-4.5009],[-71.6543,-4.4711],[-71.6479,-4.5027],[-71.6247,-4.4889],[-71.6272,-4.476],[-71.6162,-4.467],[-71.6125,-4.4829],[-71.6335,-4.5123],[-71.6189,-4.527],[-71.6028,-4.5285],[-71.5669,-4.5058],[-71.5507,-4.4856],[-71.5584,-4.4776],[-71.5362,-4.4817],[-71.5373,-4.4631],[-71.5174,-4.4612],[-71.5162,-4.4716],[-71.494,-4.4852],[-71.5069,-4.4373],[-71.4826,-4.4566],[-71.4777,-4.4335],[-71.4615,-4.4392],[-71.4509,-4.4317],[-71.4512,-4.4455],[-71.4382,-4.4491],[-71.4363,-4.4277],[-71.4123,-4.4354],[-71.4309,-4.4467],[-71.426,-4.4662],[-71.4379,-4.4708],[-71.4336,-4.476],[-71.3906,-4.4272],[-71.3606,-4.4336],[-71.3459,-4.4255],[-71.3403,-4.4402],[-71.3135,-4.4427],[-71.3082,-4.4623],[-71.3009,-4.4444],[-71.3191,-4.4178],[-71.3047,-4.4171],[-71.2885,-4.4402],[-71.2748,-4.4385],[-71.2609,-4.4251],[-71.2678,-4.409],[-71.2607,-4.3942],[-71.2796,-4.3969],[-71.2692,-4.3838],[-71.2459,-4.3905],[-71.2303,-4.3831],[-71.2224,-4.4062],[-71.2154,-4.3785],[-71.2014,-4.3782],[-71.2061,-4.3996],[-71.1937,-4.4231],[-71.1819,-4.3939],[-71.1578,-4.3912],[-71.1498,-4.4023],[-71.1476,-4.3808],[-71.115,-4.4081],[-71.1062,-4.3994],[-71.1081,-4.3787],[-71.091,-4.3725],[-71.0774,-4.3742],[-71.0784,-4.3944],[-71.057,-4.3858],[-71.0507,-4.3675],[-71.04,-4.3992],[-71.0179,-4.38],[-70.9965,-4.3858],[-70.9879,-4.3766],[-70.9945,-4.3448],[-70.9754,-4.3568],[-70.969,-4.3776],[-70.938,-4.3831],[-70.9335,-4.3561],[-70.9154,-4.36],[-70.9001,-4.3259],[-70.8764,-4.3216],[-70.8766,-4.2915],[-70.8463,-4.2794],[-70.8639,-4.2506],[-70.8344,-4.2541],[-70.8168,-4.2294],[-70.8261,-4.2193],[-70.8446,-4.2308],[-70.8432,-4.2171],[-70.7578,-4.1585],[-70.7239,-4.186],[-70.6904,-4.1882],[-70.6823,-4.2069],[-70.6668,-4.1702],[-70.6699,-4.1444],[-70.6606,-4.1448],[-70.6502,-4.1641],[-70.6446,-4.1269],[-70.6174,-4.1292],[-70.6352,-4.1735],[-70.6221,-4.1921],[-70.5645,-4.1741],[-70.5719,-4.2113],[-70.5554,-4.2016],[-70.5577,-4.1653],[-70.541,-4.1548],[-70.5511,-4.1363],[-70.5356,-4.1454],[-70.5234,-4.1364],[-70.5082,-4.1512],[-70.5036,-4.1688],[-70.5141,-4.1908],[-70.5056,-4.1991],[-70.4927,-4.1916],[-70.4852,-4.1608],[-70.4649,-4.1759],[-70.4542,-4.1589],[-70.4349,-4.1627],[-70.4424,-4.1394],[-70.4328,-4.1313],[-70.3768,-4.135],[-70.3385,-4.1791],[-70.3276,-4.1683],[-70.3283,-4.1453],[-70.3197,-4.1434],[-70.2866,-4.1674],[-70.2785,-4.2289],[-70.3081,-4.2473],[-70.3074,-4.2585],[-70.2843,-4.2725],[-70.2898,-4.288],[-70.2484,-4.2728],[-70.2473,-4.2868],[-70.2681,-4.2958],[-70.26,-4.3086],[-70.2254,-4.317],[-70.2138,-4.2984],[-70.1963,-4.3603],[-70.1808,-4.3554],[-70.1748,-4.3349],[-70.1526,-4.33],[-70.1706,-4.3052],[-70.1564,-4.2747],[-70.121,-4.2854],[-70.1094,-4.2562],[-70.096,-4.2878],[-70.0403,-4.2948],[-70.0486,-4.3051],[-70.0732,-4.3039],[-70.0791,-4.3121],[-70.043,-4.3322],[-70.0403,-4.347],[-70.0514,-4.3625],[-70.0444,-4.3737],[-70.0293,-4.3724],[-70.0151,-4.3505],[-69.992,-4.3482],[-69.9744,-4.3328],[-69.9496,-4.2794],[-69.9557,-4.2076],[-70.0341,-4.1344],[-70.0678,-4.076],[-70.1144,-4.0495],[-70.1743,-3.9701],[-70.1867,-3.9183],[-70.2535,-3.8845],[-70.2923,-3.8212],[-70.3541,-3.7993],[-70.3876,-3.8285],[-70.4138,-3.822],[-70.4498,-3.8567],[-70.5106,-3.8755],[-70.5409,-3.863],[-70.5773,-3.828],[-70.619,-3.8401],[-70.6525,-3.8289],[-70.6852,-3.7933],[-70.7131,-3.7964],[-70.4779,-3.4242],[-70.5296,-3.3957],[-70.59,-3.4184],[-70.6302,-3.4174],[-70.6544,-3.4067],[-70.6754,-3.3734],[-70.6907,-3.3665],[-70.7983,-3.3753],[-70.8705,-3.3554],[-70.9486,-3.3145],[-70.9811,-3.2763],[-71.0533,-3.248],[-71.0681,-3.2125],[-71.1542,-3.2108],[-71.2413,-3.2245],[-71.2742,-3.1992],[-71.2962,-3.201],[-71.3107,-3.1816],[-71.354,-3.172],[-71.3794,-3.1934],[-71.4384,-3.2],[-71.4461,-3.1914],[-71.4444,-3.1658],[-71.477,-3.151],[-71.5139,-3.1017],[-71.629,-3.0642],[-71.6602,-3.0415],[-71.7156,-3.0449],[-71.7576,-3.0289],[-71.7875,-2.9809],[-71.7869,-2.9298],[-71.8067,-2.9113],[-71.8521,-2.9112],[-71.9806,-2.8775],[-72.0327,-2.8161],[-72.0861,-2.8402],[-72.09,-2.8401]]]}},{"type":"Feature","id":"1605","properties":{"ubigeo":"1605","nombre_departamento":"loreto","nombre_provincia":"requena","nombre_distrito":"","capital":"requena"},"geometry":{"type":"Polygon","coordinates":[[[-73.4209,-4.4635],[-73.4352,-4.4464],[-73.4564,-4.461],[-73.4673,-4.5187],[-73.5108,-4.5519],[-73.5294,-4.5843],[-73.582,-4.6187],[-73.6442,-4.7142],[-73.67,-4.732],[-73.7117,-4.7355],[-73.7648,-4.7975],[-73.7921,-4.8137],[-73.8103,-4.8432],[-73.8344,-4.8521],[-73.8495,-4.877],[-73.8744,-4.8828],[-73.9018,-4.9287],[-73.893,-4.9556],[-73.9276,-5.0097],[-73.9464,-5.0002],[-73.9568,-4.9791],[-74.0002,-4.9577],[-74.0417,-4.9465],[-74.0671,-4.9566],[-74.1312,-5.015],[-74.1739,-5.0349],[-74.1788,-5.087],[-74.2325,-5.1175],[-74.2455,-5.1362],[-74.2874,-5.1336],[-74.3236,-5.1524],[-74.3506,-5.1535],[-74.4183,-5.2069],[-74.5729,-5.2643],[-74.6152,-5.3043],[-74.638,-5.354],[-74.829,-5.4537],[-74.9021,-5.4703],[-74.9601,-5.5199],[-75.0195,-5.4969],[-75.066,-5.4994],[-75.1816,-5.6232],[-75.2081,-5.6171],[-75.3261,-5.6939],[-75.3838,-5.6889],[-75.4139,-5.7201],[-75.4975,-5.728],[-75.5394,-5.7947],[-75.5124,-5.8671],[-75.567,-5.9584],[-75.5689,-6.0004],[-75.5294,-6.1222],[-75.3931,-6.0817],[-75.3203,-6.0997],[-75.23,-6.0724],[-75.1848,-6.0723],[-75.1383,-6.0345],[-75.0411,-6.0045],[-74.9617,-5.9015],[-74.9013,-5.8683],[-74.8843,-5.8669],[-74.8478,-5.89],[-74.8352,-5.9199],[-74.8096,-5.9233],[-74.8111,-5.9381],[-74.8292,-5.958],[-74.8068,-5.9734],[-74.8003,-6],[-74.7869,-6.013],[-74.772,-6.0141],[-74.7608,-5.9993],[-74.7846,-5.9516],[-74.7752,-5.9245],[-74.6896,-5.9576],[-74.7,-6.0185],[-74.6923,-6.034],[-74.7081,-6.0324],[-74.7291,-6.0808],[-74.7757,-6.1051],[-74.7934,-6.1615],[-74.8696,-6.2257],[-74.8651,-6.2729],[-74.8936,-6.3383],[-74.8985,-6.4064],[-74.9642,-6.5009],[-74.9736,-6.528],[-74.9738,-6.5807],[-74.956,-6.6855],[-74.9008,-6.7339],[-74.8896,-6.8526],[-74.7985,-6.9802],[-74.8298,-7.0363],[-74.8366,-7.0717],[-74.8769,-7.1193],[-74.8549,-7.1379],[-74.8524,-7.1581],[-74.8813,-7.2342],[-74.8411,-7.2717],[-74.8345,-7.2933],[-74.7436,-7.3086],[-74.7199,-7.3218],[-74.6499,-7.3043],[-74.6225,-7.2577],[-74.6255,-7.2456],[-74.6488,-7.2412],[-74.6413,-7.1857],[-74.6246,-7.1737],[-74.5974,-7.1777],[-74.5504,-7.1661],[-74.538,-7.179],[-74.5393,-7.2021],[-74.5145,-7.2178],[-74.5001,-7.262],[-74.472,-7.2755],[-74.4635,-7.2986],[-74.4444,-7.3071],[-74.4313,-7.3016],[-74.4138,-7.3149],[-74.3702,-7.3173],[-74.3616,-7.3366],[-74.3294,-7.3485],[-74.282,-7.3541],[-74.2553,-7.3435],[-74.2337,-7.36],[-74.1809,-7.3587],[-74.1416,-7.3778],[-74.1329,-7.4008],[-74.0391,-7.4489],[-74.0365,-7.4812],[-73.983,-7.5344],[-73.9422,-7.5337],[-73.9188,-7.5049],[-73.924,-7.481],[-73.9097,-7.4688],[-73.9217,-7.4199],[-73.9388,-7.4082],[-73.9555,-7.3708],[-73.9512,-7.3575],[-73.935,-7.3773],[-73.9218,-7.3618],[-73.9039,-7.3857],[-73.8873,-7.3789],[-73.8635,-7.3892],[-73.8537,-7.3543],[-73.83,-7.3519],[-73.8225,-7.3392],[-73.789,-7.3477],[-73.7616,-7.3369],[-73.7529,-7.3404],[-73.7546,-7.3538],[-73.7229,-7.3417],[-73.6956,-7.3115],[-73.6974,-7.293],[-73.716,-7.2737],[-73.7091,-7.2463],[-73.7211,-7.237],[-73.7166,-7.2276],[-73.7425,-7.2195],[-73.756,-7.1957],[-73.7561,-7.1741],[-73.7893,-7.1445],[-73.7826,-7.1306],[-73.7946,-7.13],[-73.7999,-7.1171],[-73.76,-7.0576],[-73.7613,-6.9777],[-73.7439,-6.9642],[-73.7615,-6.9387],[-73.7474,-6.909],[-73.7223,-6.8846],[-73.7105,-6.8402],[-73.6959,-6.84],[-73.682,-6.8143],[-73.6664,-6.8055],[-73.6383,-6.7541],[-73.5871,-6.7236],[-73.5618,-6.722],[-73.5364,-6.6834],[-73.4853,-6.6745],[-73.4721,-6.6643],[-73.464,-6.6691],[-73.4403,-6.6519],[-73.4249,-6.655],[-73.415,-6.6429],[-73.3911,-6.6419],[-73.3796,-6.6352],[-73.3826,-6.622],[-73.3729,-6.6081],[-73.3685,-6.6135],[-73.3528,-6.5933],[-73.297,-6.5972],[-73.2924,-6.5877],[-73.2754,-6.5849],[-73.2683,-6.5935],[-73.2507,-6.581],[-73.2394,-6.5928],[-73.2418,-6.5837],[-73.2274,-6.5888],[-73.2301,-6.5734],[-73.2218,-6.5644],[-73.2067,-6.5771],[-73.1961,-6.5629],[-73.203,-6.5532],[-73.1933,-6.5542],[-73.1995,-6.5467],[-73.1817,-6.5458],[-73.1873,-6.5407],[-73.1757,-6.5346],[-73.188,-6.523],[-73.173,-6.5278],[-73.1703,-6.5179],[-73.1634,-6.5313],[-73.1514,-6.5267],[-73.1419,-6.5053],[-73.1418,-6.5147],[-73.1352,-6.5105],[-73.132,-6.4968],[-73.1425,-6.4908],[-73.1279,-6.4769],[-73.1297,-6.4636],[-73.1198,-6.468],[-73.1112,-6.4536],[-73.1212,-6.4317],[-73.1058,-6.4194],[-73.1047,-6.4067],[-73.1186,-6.3887],[-73.1279,-6.3932],[-73.1299,-6.3751],[-73.1356,-6.3803],[-73.132,-6.3627],[-73.1409,-6.3587],[-73.143,-6.3348],[-73.1505,-6.3384],[-73.1473,-6.3231],[-73.1525,-6.3293],[-73.1579,-6.3226],[-73.1607,-6.2767],[-73.1806,-6.2573],[-73.1867,-6.2621],[-73.2086,-6.2195],[-73.2128,-6.2261],[-73.2203,-6.2196],[-73.2112,-6.2017],[-73.2242,-6.1944],[-73.2163,-6.1832],[-73.2466,-6.1496],[-73.2482,-6.108],[-73.2311,-6.0913],[-73.2396,-6.0774],[-73.2275,-6.0767],[-73.2354,-6.0513],[-73.2275,-6.0436],[-73.2382,-6.044],[-73.218,-6.0276],[-73.2223,-6.0221],[-73.2094,-6.0221],[-73.2184,-6.0199],[-73.209,-6.0086],[-73.1868,-6.0051],[-73.1942,-5.9906],[-73.1773,-5.9709],[-73.1869,-5.9447],[-73.1612,-5.9079],[-73.1673,-5.8971],[-73.1536,-5.8869],[-73.1612,-5.8853],[-73.1521,-5.868],[-73.1349,-5.8696],[-73.1358,-5.8634],[-73.1282,-5.8706],[-73.1224,-5.8578],[-73.117,-5.8643],[-73.1142,-5.8332],[-73.0891,-5.8302],[-73.0877,-5.8202],[-73.0954,-5.8212],[-73.0765,-5.8164],[-73.0755,-5.8098],[-73.0848,-5.8114],[-73.0798,-5.8012],[-73.053,-5.7952],[-73.0546,-5.7756],[-73.0427,-5.7755],[-73.0464,-5.7593],[-73.0192,-5.7405],[-73.0275,-5.7334],[-73.0005,-5.7285],[-72.9951,-5.7158],[-73.004,-5.7085],[-72.9984,-5.7006],[-72.9907,-5.7062],[-72.9799,-5.6785],[-72.9896,-5.6745],[-72.9856,-5.6613],[-72.9591,-5.6569],[-72.9737,-5.6129],[-72.9516,-5.5827],[-72.9608,-5.5799],[-72.9501,-5.5636],[-72.9573,-5.5582],[-72.9386,-5.5413],[-72.9529,-5.5449],[-72.9606,-5.522],[-72.9616,-5.4953],[-72.949,-5.4799],[-72.9584,-5.4809],[-72.9589,-5.4661],[-72.9459,-5.4537],[-72.9528,-5.4447],[-72.9321,-5.4269],[-72.9387,-5.4185],[-72.9241,-5.4076],[-72.9203,-5.376],[-72.9072,-5.371],[-72.9039,-5.3529],[-72.8903,-5.3508],[-72.8961,-5.3325],[-72.9035,-5.34],[-72.9042,-5.3338],[-72.8881,-5.3236],[-72.8825,-5.3106],[-72.8886,-5.3069],[-72.8745,-5.3038],[-72.8765,-5.2891],[-72.8678,-5.2907],[-72.8605,-5.2712],[-72.8711,-5.2635],[-72.8622,-5.2475],[-72.8733,-5.2489],[-72.8639,-5.234],[-72.8649,-5.2077],[-72.8757,-5.2037],[-72.869,-5.1791],[-72.88,-5.1869],[-72.8772,-5.1742],[-72.8879,-5.1658],[-72.855,-5.1387],[-72.8829,-5.1221],[-72.9128,-5.1199],[-72.9849,-5.0526],[-73.0033,-5.0576],[-73.0539,-5.0372],[-73.0981,-5.0008],[-73.1699,-4.998],[-73.2362,-4.9706],[-73.1022,-4.7898],[-73.1294,-4.6955],[-73.1603,-4.7084],[-73.1838,-4.6847],[-73.2624,-4.6454],[-73.2894,-4.6087],[-73.3226,-4.5843],[-73.3975,-4.4761],[-73.4197,-4.4637],[-73.4209,-4.4635]]]}},{"type":"Feature","id":"1606","properties":{"ubigeo":"1606","nombre_departamento":"loreto","nombre_provincia":"ucayali","nombre_distrito":"","capital":"contamana"},"geometry":{"type":"Polygon","coordinates":[[[-74.8278,-5.9216],[-74.838,-5.9172],[-74.8478,-5.89],[-74.8843,-5.8669],[-74.9013,-5.8683],[-74.9617,-5.9015],[-75.0411,-6.0045],[-75.1383,-6.0345],[-75.1848,-6.0723],[-75.23,-6.0724],[-75.3203,-6.0997],[-75.3931,-6.0817],[-75.5294,-6.1222],[-75.5256,-6.1651],[-75.4872,-6.2034],[-75.4963,-6.281],[-75.5501,-6.3477],[-75.5364,-6.3915],[-75.5434,-6.4069],[-75.5337,-6.4163],[-75.539,-6.4351],[-75.5096,-6.4921],[-75.503,-6.5522],[-75.5093,-6.583],[-75.5002,-6.6403],[-75.5004,-6.7594],[-75.5127,-6.7865],[-75.5618,-6.8016],[-75.5768,-6.821],[-75.6169,-6.8412],[-75.6334,-6.8431],[-75.6427,-6.8156],[-75.6597,-6.8193],[-75.7008,-6.8691],[-75.7248,-6.8509],[-75.7461,-6.8565],[-75.7805,-6.8484],[-75.7942,-6.8214],[-75.814,-6.8255],[-75.8139,-6.8172],[-75.8439,-6.7973],[-75.8775,-6.8023],[-75.965,-6.7884],[-75.9802,-6.8001],[-76.0006,-6.7951],[-76.0116,-6.806],[-76.0521,-6.8127],[-76.035,-6.865],[-76.0106,-6.8904],[-76.0157,-6.9137],[-76.0464,-6.9249],[-76.0518,-6.9379],[-76.0356,-6.9931],[-76.0205,-6.9897],[-76.0081,-7.0022],[-76.0107,-7.0784],[-76.0233,-7.1143],[-76.0466,-7.1214],[-76.0599,-7.1613],[-76.1435,-7.204],[-76.1667,-7.2676],[-76.2131,-7.3101],[-76.1959,-7.3344],[-76.2154,-7.3953],[-76.2044,-7.4313],[-76.1673,-7.493],[-76.1219,-7.526],[-76.1145,-7.5639],[-76.0914,-7.5604],[-76.0797,-7.5843],[-76.0939,-7.6097],[-76.0824,-7.6319],[-76.1013,-7.6505],[-76.1016,-7.7227],[-76.0867,-7.7292],[-76.0844,-7.7626],[-76.0671,-7.7693],[-76.0606,-7.7878],[-76.0438,-7.7923],[-76.0373,-7.8169],[-76.0085,-7.856],[-76.006,-7.8906],[-75.9882,-7.8923],[-75.9757,-7.909],[-75.9859,-7.9171],[-75.9935,-7.9536],[-75.967,-7.9604],[-75.9395,-7.9461],[-75.9278,-7.9573],[-75.8588,-7.9211],[-75.8295,-7.9735],[-75.8449,-8.0596],[-75.8873,-8.0749],[-75.921,-8.0731],[-75.9294,-8.0893],[-75.9518,-8.1013],[-75.934,-8.1344],[-75.9412,-8.1862],[-75.9265,-8.2062],[-75.9129,-8.2561],[-75.9271,-8.3068],[-75.986,-8.3237],[-75.9463,-8.3991],[-75.9472,-8.4224],[-75.9676,-8.4599],[-75.9545,-8.4995],[-75.9707,-8.5124],[-75.965,-8.58],[-75.9798,-8.636],[-75.9649,-8.6957],[-75.946,-8.7152],[-75.8913,-8.6602],[-75.8337,-8.6522],[-75.8168,-8.636],[-75.8177,-8.6173],[-75.7951,-8.593],[-75.7783,-8.5464],[-75.7822,-8.5254],[-75.7992,-8.5122],[-75.7834,-8.5052],[-75.7845,-8.4943],[-75.7165,-8.4869],[-75.7072,-8.4437],[-75.6873,-8.4233],[-75.6181,-8.4083],[-75.5977,-8.4129],[-75.5835,-8.4412],[-75.5723,-8.4446],[-75.5464,-8.4324],[-75.5273,-8.44],[-75.5108,-8.432],[-75.477,-8.4354],[-75.4576,-8.4498],[-75.4196,-8.4515],[-75.4772,-8.3864],[-75.4827,-8.3455],[-75.4988,-8.3459],[-75.5101,-8.3348],[-75.4938,-8.3287],[-75.4913,-8.3121],[-75.5029,-8.2894],[-75.4377,-8.195],[-75.4392,-8.1749],[-75.4298,-8.1665],[-75.3981,-8.1685],[-75.3761,-8.1388],[-75.3455,-8.1294],[-75.3235,-8.1393],[-75.2879,-8.1255],[-75.2473,-8.1548],[-75.2354,-8.1505],[-75.2357,-8.1401],[-75.2124,-8.1239],[-75.2125,-8.1005],[-75.1893,-8.079],[-75.1959,-8.0527],[-75.1857,-8.0184],[-75.1494,-8.0018],[-75.1441,-7.9791],[-75.0922,-7.9737],[-75.0333,-7.9501],[-75.0055,-7.9702],[-74.9823,-7.969],[-74.9019,-8.0751],[-74.8844,-8.0839],[-74.8404,-8.0584],[-74.779,-8.0424],[-74.7279,-7.981],[-74.7113,-7.979],[-74.6684,-7.9456],[-74.628,-7.9398],[-74.5697,-7.816],[-74.5167,-7.7835],[-74.5195,-7.761],[-74.5579,-7.7485],[-74.5713,-7.7275],[-74.584,-7.6985],[-74.5708,-7.6685],[-74.5762,-7.6372],[-74.6275,-7.586],[-74.6447,-7.5539],[-74.6429,-7.5001],[-74.6161,-7.435],[-74.5795,-7.4099],[-74.566,-7.3597],[-74.5347,-7.3182],[-74.5355,-7.2938],[-74.5006,-7.2641],[-74.5145,-7.2178],[-74.5405,-7.2001],[-74.5389,-7.1766],[-74.5516,-7.1659],[-74.5974,-7.1777],[-74.623,-7.1733],[-74.6403,-7.1844],[-74.6488,-7.2412],[-74.624,-7.2467],[-74.6251,-7.2705],[-74.6499,-7.3043],[-74.7076,-7.3215],[-74.8345,-7.2933],[-74.8411,-7.2717],[-74.8813,-7.2342],[-74.8524,-7.1581],[-74.8549,-7.1379],[-74.8769,-7.1193],[-74.8366,-7.0717],[-74.8298,-7.0363],[-74.7985,-6.9802],[-74.8896,-6.8526],[-74.9008,-6.7339],[-74.956,-6.6855],[-74.9738,-6.5807],[-74.9736,-6.528],[-74.9642,-6.5009],[-74.8985,-6.4064],[-74.8936,-6.3383],[-74.8651,-6.2729],[-74.8696,-6.2257],[-74.7934,-6.1615],[-74.7757,-6.1051],[-74.7291,-6.0808],[-74.7081,-6.0324],[-74.6919,-6.033],[-74.7,-6.0185],[-74.6934,-5.9514],[-74.7314,-5.9474],[-74.7613,-5.9261],[-74.779,-5.9266],[-74.7846,-5.9516],[-74.7606,-5.9971],[-74.7686,-6.0122],[-74.782,-6.0146],[-74.797,-6.0056],[-74.8068,-5.9734],[-74.8288,-5.9591],[-74.8082,-5.9294],[-74.8248,-5.9218],[-74.8278,-5.9216]]]}},{"type":"Feature","id":"1607","properties":{"ubigeo":"1607","nombre_departamento":"loreto","nombre_provincia":"datem del maranon","nombre_distrito":"","capital":"san lorenzo"},"geometry":{"type":"Polygon","coordinates":[[[-76.4983,-2.5932],[-76.5068,-2.5817],[-76.5033,-2.5322],[-76.5343,-2.5123],[-76.6319,-2.5897],[-77.8086,-2.9861],[-77.8173,-3.0008],[-77.7931,-3.044],[-77.7877,-3.0748],[-77.7945,-3.0893],[-77.7779,-3.1919],[-77.7725,-3.4288],[-77.7456,-3.4822],[-77.7151,-3.5149],[-77.7165,-3.5423],[-77.6667,-3.5719],[-77.643,-3.6193],[-77.62,-3.6224],[-77.6156,-3.7077],[-77.6519,-3.7806],[-77.6282,-3.8171],[-77.6092,-3.8252],[-77.5615,-3.8762],[-77.569,-3.8931],[-77.5379,-3.9619],[-77.5484,-4.1054],[-77.5856,-4.2513],[-77.5659,-4.3655],[-77.5683,-4.4209],[-77.5891,-4.4805],[-77.611,-4.4943],[-77.6406,-4.4965],[-77.6414,-4.5101],[-77.6555,-4.5185],[-77.649,-4.5464],[-77.6597,-4.558],[-77.6526,-4.5746],[-77.6726,-4.6305],[-77.6945,-4.6587],[-77.716,-4.6651],[-77.7314,-4.6884],[-77.7719,-4.7176],[-77.7897,-4.7445],[-77.7991,-4.8246],[-77.7602,-4.9093],[-77.7669,-4.9212],[-77.7584,-4.9501],[-77.8246,-5.0318],[-77.8118,-5.0563],[-77.8208,-5.0888],[-77.8013,-5.086],[-77.7743,-5.0972],[-77.7453,-5.133],[-77.72,-5.1406],[-77.6953,-5.1647],[-77.7082,-5.1909],[-77.7397,-5.2119],[-77.6991,-5.254],[-77.6841,-5.2959],[-77.6824,-5.3401],[-77.703,-5.3821],[-77.6976,-5.4095],[-77.6719,-5.4088],[-77.66,-5.4247],[-77.607,-5.4486],[-77.5948,-5.4642],[-77.5795,-5.4598],[-77.5581,-5.4256],[-77.5181,-5.4655],[-77.4923,-5.5197],[-77.5045,-5.5556],[-77.4896,-5.5625],[-77.4728,-5.5548],[-77.4619,-5.5841],[-77.4373,-5.5924],[-77.432,-5.5831],[-77.4087,-5.5892],[-77.4042,-5.5744],[-77.3718,-5.5671],[-77.337,-5.604],[-77.2799,-5.6011],[-77.2658,-5.614],[-77.2319,-5.5955],[-77.2022,-5.6345],[-77.1787,-5.6414],[-77.1619,-5.6246],[-77.1424,-5.6254],[-77.1269,-5.651],[-77.1099,-5.6479],[-77.0621,-5.6676],[-76.9956,-5.6671],[-76.9729,-5.699],[-76.9344,-5.7115],[-76.8945,-5.7462],[-76.8665,-5.7255],[-76.8628,-5.6947],[-76.8103,-5.6885],[-76.8258,-5.6728],[-76.8127,-5.6551],[-76.8157,-5.6377],[-76.8454,-5.6388],[-76.8435,-5.6076],[-76.811,-5.5946],[-76.8508,-5.5321],[-76.8322,-5.4985],[-76.7597,-5.4361],[-76.7593,-5.4549],[-76.7411,-5.4467],[-76.7029,-5.492],[-76.6596,-5.4579],[-76.6404,-5.4627],[-76.6415,-5.448],[-76.6266,-5.436],[-76.6346,-5.4197],[-76.6254,-5.3674],[-76.6043,-5.3349],[-76.5885,-5.3439],[-76.5759,-5.3361],[-76.5878,-5.3135],[-76.5825,-5.2793],[-76.6044,-5.2483],[-76.6055,-5.2278],[-76.5853,-5.2129],[-76.5623,-5.2344],[-76.5088,-5.2362],[-76.5284,-5.1864],[-76.5049,-5.1662],[-76.513,-5.1313],[-76.4971,-5.1213],[-76.4806,-5.0891],[-76.4468,-5.0643],[-76.454,-4.9866],[-76.4301,-5.0166],[-76.4212,-5.0524],[-76.3709,-5.0325],[-76.1834,-5.0171],[-76.0689,-5.0851],[-76.0237,-5.1004],[-76.0007,-5.1008],[-75.9641,-5.0809],[-75.919,-5.0845],[-75.9192,-5.0214],[-75.8891,-5.0483],[-75.8506,-5.0281],[-75.804,-5.0184],[-75.7487,-5.0384],[-75.7468,-5.013],[-75.7546,-5.0043],[-75.7996,-4.9791],[-75.8295,-4.9766],[-75.8685,-4.938],[-75.9251,-4.9111],[-75.9644,-4.873],[-76.0071,-4.852],[-76.0259,-4.815],[-76.0707,-4.8335],[-76.1018,-4.7893],[-76.1417,-4.7976],[-76.1674,-4.7796],[-76.1741,-4.7502],[-76.1634,-4.7046],[-76.2059,-4.6723],[-76.1983,-4.6234],[-76.2469,-4.5613],[-76.2288,-4.5556],[-76.2573,-4.5455],[-76.2692,-4.5238],[-76.2973,-4.5174],[-76.3382,-4.4361],[-76.3348,-4.4117],[-76.3079,-4.3902],[-76.3198,-4.356],[-76.297,-4.3413],[-76.2972,-4.3191],[-76.234,-4.2707],[-76.2275,-4.2474],[-76.2445,-4.2193],[-76.2381,-4.1841],[-76.2802,-4.1605],[-76.3109,-4.1568],[-76.2934,-4.1345],[-76.3316,-4.1137],[-76.3506,-4.0426],[-76.392,-4.001],[-76.4136,-3.9619],[-76.4227,-3.9254],[-76.4179,-3.8706],[-76.391,-3.8491],[-76.3812,-3.8186],[-76.3862,-3.7856],[-76.3477,-3.7774],[-76.3311,-3.7614],[-76.3359,-3.7265],[-76.3266,-3.6832],[-76.2341,-3.6348],[-76.2375,-3.6024],[-76.2605,-3.5729],[-76.222,-3.5537],[-76.2062,-3.5281],[-76.2245,-3.5162],[-76.2489,-3.4767],[-76.2615,-3.4752],[-76.2567,-3.436],[-76.2637,-3.403],[-76.2743,-3.3998],[-76.27,-3.3611],[-76.2822,-3.3334],[-76.3107,-3.3054],[-76.326,-3.2581],[-76.3377,-3.2515],[-76.328,-3.2193],[-76.3543,-3.2364],[-76.3673,-3.2178],[-76.3518,-3.206],[-76.3639,-3.181],[-76.3488,-3.1665],[-76.3893,-3.1277],[-76.3535,-3.0904],[-76.3525,-3.0211],[-76.3379,-2.9886],[-76.3484,-2.9775],[-76.3512,-2.9464],[-76.3403,-2.9135],[-76.3169,-2.8976],[-76.3073,-2.8349],[-76.3178,-2.8077],[-76.3442,-2.8001],[-76.3653,-2.7401],[-76.3955,-2.726],[-76.3843,-2.7168],[-76.3864,-2.6975],[-76.408,-2.6878],[-76.4706,-2.6043],[-76.4974,-2.5933],[-76.4983,-2.5932]]]}},{"type":"Feature","id":"1608","properties":{"ubigeo":"1608","nombre_departamento":"loreto","nombre_provincia":"putumayo","nombre_distrito":"","capital":"san antonio del estrecho"},"geometry":{"type":"Polygon","coordinates":[[[-75.1,-0.081],[-75.1836,-0.0386],[-75.2155,-0.0487],[-75.2258,-0.086],[-75.2879,-0.154],[-75.2958,-0.1481],[-75.3121,-0.1603],[-75.3396,-0.1554],[-75.3522,-0.1638],[-75.3591,-0.158],[-75.3528,-0.1473],[-75.364,-0.1461],[-75.3682,-0.1632],[-75.4051,-0.1703],[-75.4311,-0.1538],[-75.4607,-0.1517],[-75.5161,-0.1145],[-75.5424,-0.1157],[-75.5526,-0.1307],[-75.5688,-0.1311],[-75.6056,-0.1096],[-75.6106,-0.1924],[-75.5905,-0.1906],[-75.5788,-0.1783],[-75.5687,-0.1853],[-75.548,-0.1781],[-75.5153,-0.196],[-75.5108,-0.212],[-75.4822,-0.237],[-75.4737,-0.2967],[-75.4644,-0.2986],[-75.4574,-0.3284],[-75.415,-0.3962],[-75.3897,-0.4152],[-75.3878,-0.4341],[-75.3565,-0.4468],[-75.3491,-0.4635],[-75.3248,-0.4531],[-75.3109,-0.4744],[-75.3128,-0.4942],[-75.3007,-0.4928],[-75.2947,-0.5058],[-75.2861,-0.4973],[-75.2697,-0.5026],[-75.2642,-0.5334],[-75.25,-0.5178],[-75.2414,-0.5238],[-75.2441,-0.547],[-75.2275,-0.5508],[-75.2245,-0.5706],[-75.2389,-0.5789],[-75.2399,-0.6016],[-75.226,-0.6057],[-75.2322,-0.6144],[-75.223,-0.6241],[-75.2408,-0.6572],[-75.2286,-0.6721],[-75.2296,-0.6897],[-75.182,-0.7112],[-75.1991,-0.7212],[-75.1969,-0.7327],[-75.1312,-0.7503],[-75.1275,-0.7635],[-75.104,-0.7777],[-75.0584,-0.7812],[-75.0437,-0.8],[-75.0284,-0.7959],[-74.987,-0.819],[-74.9541,-0.888],[-74.9268,-0.8983],[-74.9098,-0.9198],[-74.8873,-0.9196],[-74.8827,-0.9651],[-74.8486,-1.0205],[-74.7946,-1.0361],[-74.7844,-1.05],[-74.758,-1.0581],[-74.7372,-1.1055],[-74.72,-1.1127],[-74.7106,-1.1522],[-74.6444,-1.2169],[-74.6412,-1.2327],[-74.6104,-1.2476],[-74.5895,-1.2724],[-74.5862,-1.3099],[-74.5489,-1.327],[-74.5429,-1.3451],[-74.5161,-1.3518],[-74.4942,-1.3784],[-74.4642,-1.3763],[-74.4436,-1.3979],[-74.4285,-1.3904],[-74.4041,-1.3945],[-74.3229,-1.422],[-74.3042,-1.4381],[-74.2846,-1.434],[-74.2228,-1.4555],[-74.2014,-1.4462],[-74.1517,-1.4716],[-74.0924,-1.519],[-74.0057,-1.5243],[-73.9757,-1.5833],[-73.941,-1.5878],[-73.9414,-1.6033],[-73.9245,-1.6149],[-73.8875,-1.6828],[-73.8513,-1.681],[-73.8245,-1.6964],[-73.819,-1.7634],[-73.8424,-1.8245],[-73.8378,-1.8512],[-73.8786,-1.8927],[-73.8812,-1.9355],[-73.8996,-1.9692],[-73.9227,-1.9841],[-73.8848,-1.9978],[-73.8642,-2.0194],[-73.8074,-2.0285],[-73.7874,-2.1224],[-73.737,-2.1569],[-73.7566,-2.2131],[-73.7315,-2.2384],[-73.7159,-2.2914],[-73.6966,-2.3025],[-73.6707,-2.2897],[-73.6337,-2.3],[-73.5743,-2.3424],[-73.5612,-2.3677],[-73.5167,-2.3786],[-73.4795,-2.4115],[-73.4442,-2.417],[-73.3691,-2.4746],[-73.3707,-2.4959],[-73.3959,-2.5354],[-73.3602,-2.6046],[-73.2759,-2.6372],[-73.2088,-2.6985],[-73.1448,-2.7089],[-73.1268,-2.772],[-73.0652,-2.7809],[-72.9354,-2.8729],[-72.8912,-2.9164],[-72.7662,-2.9153],[-72.6687,-2.8911],[-72.5442,-2.8875],[-72.4324,-2.8418],[-72.3888,-2.8548],[-72.3638,-2.8398],[-72.3074,-2.8323],[-72.2508,-2.8401],[-72.181,-2.7998],[-72.1554,-2.8052],[-72.0986,-2.8394],[-72.0739,-2.8386],[-72.0327,-2.8161],[-71.9806,-2.8775],[-71.8521,-2.9112],[-71.8025,-2.9136],[-71.7858,-2.9328],[-71.7852,-2.9881],[-71.7576,-3.0289],[-71.7156,-3.0449],[-71.6602,-3.0415],[-71.629,-3.0642],[-71.5139,-3.1017],[-71.477,-3.151],[-71.4444,-3.1658],[-71.4461,-3.1914],[-71.4384,-3.2],[-71.3794,-3.1934],[-71.354,-3.172],[-71.3107,-3.1816],[-71.2962,-3.201],[-71.2742,-3.1992],[-71.2413,-3.2245],[-71.1542,-3.2108],[-71.0681,-3.2125],[-71.0533,-3.248],[-70.9811,-3.2763],[-70.9486,-3.3145],[-70.8705,-3.3554],[-70.7983,-3.3753],[-70.6907,-3.3665],[-70.6754,-3.3734],[-70.6544,-3.4067],[-70.6302,-3.4174],[-70.59,-3.4184],[-70.5296,-3.3957],[-70.4779,-3.4242],[-70.0736,-2.7907],[-70.0601,-2.7589],[-70.0713,-2.7243],[-70.066,-2.6841],[-70.0849,-2.649],[-70.101,-2.6539],[-70.1184,-2.6986],[-70.1405,-2.7005],[-70.1621,-2.6878],[-70.1542,-2.6569],[-70.1662,-2.6364],[-70.1822,-2.6346],[-70.1963,-2.659],[-70.2168,-2.6485],[-70.231,-2.5712],[-70.2453,-2.5504],[-70.2679,-2.5436],[-70.3179,-2.5785],[-70.3565,-2.5642],[-70.3521,-2.5435],[-70.3018,-2.5282],[-70.2952,-2.5154],[-70.301,-2.5026],[-70.362,-2.4899],[-70.4077,-2.5233],[-70.4286,-2.5249],[-70.4463,-2.5108],[-70.4515,-2.4816],[-70.4693,-2.4559],[-70.5106,-2.4718],[-70.5587,-2.42],[-70.5899,-2.4179],[-70.5964,-2.4259],[-70.5576,-2.4431],[-70.5543,-2.4677],[-70.5993,-2.4844],[-70.6272,-2.4764],[-70.6414,-2.4555],[-70.6279,-2.395],[-70.6649,-2.4104],[-70.6784,-2.4021],[-70.6659,-2.3538],[-70.7512,-2.3283],[-70.7778,-2.293],[-70.836,-2.2908],[-70.855,-2.237],[-70.8794,-2.2209],[-70.9028,-2.2271],[-70.9207,-2.2501],[-70.9373,-2.2545],[-70.9557,-2.2431],[-70.9727,-2.2142],[-71.0046,-2.2088],[-71.0184,-2.2374],[-70.9904,-2.2871],[-70.9961,-2.3035],[-71.0533,-2.2706],[-71.1199,-2.2805],[-71.1368,-2.2872],[-71.1434,-2.3016],[-71.1303,-2.3375],[-71.1668,-2.3378],[-71.1758,-2.379],[-71.2002,-2.3746],[-71.2348,-2.3367],[-71.2681,-2.3578],[-71.2722,-2.3335],[-71.3071,-2.3474],[-71.3207,-2.3778],[-71.3578,-2.3826],[-71.3947,-2.407],[-71.4066,-2.3883],[-71.3964,-2.3471],[-71.4289,-2.3207],[-71.4583,-2.2741],[-71.4773,-2.2694],[-71.4948,-2.278],[-71.4794,-2.3401],[-71.4875,-2.3534],[-71.5005,-2.3522],[-71.5198,-2.3021],[-71.5189,-2.249],[-71.5872,-2.2383],[-71.6477,-2.2001],[-71.723,-2.2266],[-71.7312,-2.2015],[-71.7189,-2.1599],[-71.7325,-2.1401],[-71.7669,-2.1585],[-71.7991,-2.2044],[-71.8328,-2.1904],[-71.8848,-2.3116],[-71.9349,-2.3123],[-71.9383,-2.3284],[-71.9192,-2.3654],[-71.9224,-2.3782],[-71.9348,-2.3797],[-71.9498,-2.3564],[-72.0101,-2.369],[-72.0487,-2.3349],[-72.0821,-2.368],[-72.0978,-2.3703],[-72.1453,-2.4062],[-72.1371,-2.4494],[-72.1498,-2.47],[-72.1664,-2.4644],[-72.1695,-2.4319],[-72.1845,-2.4297],[-72.2204,-2.4484],[-72.2485,-2.4307],[-72.2622,-2.4355],[-72.2596,-2.4585],[-72.2863,-2.4542],[-72.2975,-2.4736],[-72.3718,-2.4892],[-72.3809,-2.4782],[-72.3794,-2.455],[-72.4087,-2.4145],[-72.4282,-2.4374],[-72.4716,-2.42],[-72.517,-2.4264],[-72.5353,-2.4054],[-72.5688,-2.3976],[-72.5955,-2.3666],[-72.6197,-2.3563],[-72.6408,-2.3633],[-72.6373,-2.3888],[-72.6582,-2.4072],[-72.6671,-2.44],[-72.6813,-2.4517],[-72.691,-2.4485],[-72.6891,-2.4138],[-72.7078,-2.3891],[-72.7269,-2.3909],[-72.7338,-2.4196],[-72.7458,-2.4268],[-72.7601,-2.3958],[-72.7765,-2.3844],[-72.8028,-2.4107],[-72.8518,-2.4358],[-72.8951,-2.4337],[-72.9338,-2.4549],[-72.9374,-2.4444],[-72.9226,-2.4195],[-72.9517,-2.401],[-72.9645,-2.3412],[-72.9785,-2.3386],[-73.0049,-2.3576],[-73.0338,-2.3146],[-73.0424,-2.3233],[-73.0442,-2.3528],[-73.0624,-2.359],[-73.0683,-2.3151],[-73.0822,-2.3112],[-73.1,-2.3246],[-73.1229,-2.3239],[-73.1177,-2.287],[-73.1516,-2.2602],[-73.1677,-2.229],[-73.1705,-2.1916],[-73.13,-2.1816],[-73.1142,-2.1309],[-73.0767,-2.1082],[-73.0698,-2.0879],[-73.1067,-2.075],[-73.0937,-2.0355],[-73.1203,-2.0132],[-73.1234,-1.9812],[-73.1123,-1.9462],[-73.1184,-1.9121],[-73.1075,-1.8861],[-73.1128,-1.8728],[-73.1503,-1.8614],[-73.1473,-1.8027],[-73.186,-1.8079],[-73.2038,-1.7639],[-73.2209,-1.7487],[-73.2321,-1.7611],[-73.2343,-1.8017],[-73.2568,-1.8025],[-73.2442,-1.7884],[-73.2499,-1.7804],[-73.2946,-1.7765],[-73.3088,-1.7879],[-73.3037,-1.8181],[-73.3174,-1.8262],[-73.327,-1.8049],[-73.3833,-1.7747],[-73.4316,-1.7887],[-73.4357,-1.7625],[-73.4593,-1.7364],[-73.4999,-1.7312],[-73.5295,-1.7073],[-73.5367,-1.6859],[-73.5166,-1.6627],[-73.5037,-1.6226],[-73.4573,-1.5743],[-73.4903,-1.5693],[-73.4784,-1.5304],[-73.4951,-1.5101],[-73.4857,-1.4978],[-73.489,-1.483],[-73.511,-1.4821],[-73.5263,-1.468],[-73.5343,-1.4328],[-73.5854,-1.4231],[-73.5814,-1.4139],[-73.5539,-1.4168],[-73.5502,-1.4069],[-73.5792,-1.3596],[-73.5698,-1.3224],[-73.5958,-1.3288],[-73.6108,-1.319],[-73.6211,-1.2596],[-73.647,-1.2672],[-73.6809,-1.238],[-73.7084,-1.2518],[-73.7323,-1.2456],[-73.7451,-1.1997],[-73.7537,-1.206],[-73.754,-1.2384],[-73.7743,-1.2591],[-73.7839,-1.2576],[-73.7882,-1.2397],[-73.8096,-1.2491],[-73.8236,-1.2364],[-73.8571,-1.2318],[-73.8954,-1.1686],[-73.8971,-1.1372],[-73.9095,-1.1216],[-73.9617,-1.1291],[-73.9666,-1.1178],[-73.9506,-1.0979],[-73.9617,-1.0826],[-73.988,-1.1032],[-74.011,-1.0928],[-74.0227,-1.0629],[-74.0152,-1.0182],[-74.0228,-1.0049],[-74.0383,-1.0136],[-74.0462,-1.0448],[-74.0639,-1.053],[-74.0943,-1.048],[-74.1684,-1.0063],[-74.2186,-1.0094],[-74.2672,-0.9824],[-74.2631,-0.9441],[-74.2783,-0.8999],[-74.3129,-0.8954],[-74.32,-0.8796],[-74.3055,-0.8652],[-74.2692,-0.8793],[-74.2681,-0.847],[-74.2453,-0.8184],[-74.2849,-0.8248],[-74.2924,-0.8132],[-74.2833,-0.7779],[-74.3167,-0.793],[-74.3126,-0.7563],[-74.3443,-0.759],[-74.3726,-0.7348],[-74.3756,-0.717],[-74.3454,-0.7054],[-74.3376,-0.6829],[-74.3728,-0.6529],[-74.3609,-0.6238],[-74.3877,-0.5907],[-74.3945,-0.542],[-74.4148,-0.5581],[-74.424,-0.5535],[-74.423,-0.4989],[-74.4651,-0.4879],[-74.4764,-0.4741],[-74.4976,-0.4883],[-74.499,-0.4616],[-74.5279,-0.4667],[-74.5532,-0.4208],[-74.5734,-0.4106],[-74.5762,-0.3923],[-74.6151,-0.3775],[-74.6093,-0.3514],[-74.6613,-0.3743],[-74.6839,-0.3593],[-74.6819,-0.3304],[-74.7106,-0.3502],[-74.7267,-0.3436],[-74.7315,-0.2901],[-74.7825,-0.2014],[-74.809,-0.189],[-74.8481,-0.2336],[-74.8923,-0.2369],[-74.9107,-0.2035],[-74.9283,-0.2202],[-74.9586,-0.1938],[-74.9728,-0.1535],[-75.0169,-0.1457],[-75.0774,-0.0842],[-75.0948,-0.0812],[-75.1,-0.081]]]}},{"type":"Feature","id":"1701","properties":{"ubigeo":"1701","nombre_departamento":"madre de dios","nombre_provincia":"tambopata","nombre_distrito":"","capital":"puerto maldonado"},"geometry":{"type":"Polygon","coordinates":[[[-71.8553,-11.0481],[-71.8696,-11.0337],[-71.8618,-11.0534],[-71.8754,-11.0502],[-71.8756,-11.0586],[-71.8993,-11.067],[-71.8997,-11.0467],[-71.9111,-11.05],[-71.9118,-11.0409],[-71.9168,-11.0504],[-71.9406,-11.0522],[-71.9411,-11.0618],[-71.9551,-11.0521],[-71.9613,-11.0591],[-71.9783,-11.0525],[-71.9817,-11.0612],[-71.9817,-11.0547],[-71.9997,-11.0541],[-72.018,-11.0637],[-72.0445,-11.0605],[-72.0528,-11.0713],[-72.0548,-11.0616],[-72.0671,-11.0661],[-72.0788,-11.0548],[-72.0969,-11.0836],[-72.1385,-11.0836],[-72.1599,-11.0648],[-72.1609,-11.0505],[-72.1783,-11.0403],[-72.1905,-11.0436],[-72.1811,-11.0955],[-72.1482,-11.0878],[-72.1232,-11.1036],[-72.1202,-11.1181],[-72.1353,-11.1357],[-72.167,-11.1422],[-72.1765,-11.1591],[-72.1843,-11.1555],[-72.1879,-11.1637],[-72.1939,-11.1567],[-72.2068,-11.1723],[-72.1865,-11.1849],[-72.1994,-11.1978],[-72.1994,-11.2642],[-72.2189,-11.2969],[-72.2039,-11.3517],[-72.1859,-11.3523],[-72.182,-11.3269],[-72.1593,-11.32],[-72.1104,-11.3326],[-72.103,-11.3443],[-72.1128,-11.3661],[-72.0969,-11.3776],[-72.0672,-11.3829],[-72.0543,-11.3737],[-72.036,-11.383],[-72.0242,-11.3696],[-72.0012,-11.369],[-71.9769,-11.3892],[-71.9397,-11.3834],[-71.9053,-11.3512],[-71.8539,-11.3682],[-71.8261,-11.3151],[-71.7902,-11.3162],[-71.7638,-11.3408],[-71.7502,-11.3299],[-71.7337,-11.343],[-71.7216,-11.3391],[-71.6899,-11.3745],[-71.66,-11.3525],[-71.6474,-11.3848],[-71.6652,-11.4052],[-71.6628,-11.4211],[-71.646,-11.4294],[-71.6282,-11.4239],[-71.6179,-11.4353],[-71.5911,-11.4311],[-71.5787,-11.4696],[-71.5543,-11.4871],[-71.5263,-11.4805],[-71.4944,-11.4886],[-71.4602,-11.5125],[-71.4435,-11.5021],[-71.4242,-11.5035],[-71.3987,-11.5531],[-71.411,-11.5795],[-71.3852,-11.5764],[-71.3675,-11.614],[-71.3386,-11.6297],[-71.342,-11.6474],[-71.3165,-11.6531],[-71.3176,-11.6847],[-71.2472,-11.7086],[-71.2327,-11.7347],[-71.1972,-11.7636],[-71.1854,-11.767],[-71.152,-11.7481],[-71.1263,-11.7533],[-71.1076,-11.7713],[-71.1041,-11.7654],[-71.0777,-11.7754],[-71.0752,-11.7898],[-71.062,-11.7975],[-71.0573,-11.839],[-71.0474,-11.8397],[-71.0448,-11.8729],[-71.0214,-11.865],[-71.0256,-11.889],[-71.0164,-11.8977],[-71.0084,-11.8932],[-71.0116,-11.9004],[-71.004,-11.897],[-70.9913,-11.914],[-70.9741,-11.9148],[-70.9718,-11.9239],[-70.9563,-11.9159],[-70.952,-11.9291],[-70.9477,-11.9186],[-70.9348,-11.9272],[-70.9279,-11.9166],[-70.9168,-11.9246],[-70.897,-11.9157],[-70.884,-11.9428],[-70.876,-11.9391],[-70.8585,-11.956],[-70.8604,-11.9652],[-70.8258,-11.9658],[-70.8175,-11.9809],[-70.7805,-11.9896],[-70.7792,-11.9984],[-70.773,-11.9877],[-70.7624,-11.9995],[-70.7458,-11.9979],[-70.7478,-11.9907],[-70.7336,-11.9836],[-70.7056,-11.9895],[-70.7061,-11.9991],[-70.6853,-11.9983],[-70.6835,-12.0074],[-70.6741,-11.9937],[-70.6456,-12.0018],[-70.6337,-12.0334],[-70.6402,-12.0375],[-70.6299,-12.0422],[-70.6271,-12.0356],[-70.621,-12.0519],[-70.6052,-12.0373],[-70.6109,-12.0511],[-70.6,-12.0516],[-70.5982,-12.0694],[-70.5654,-12.0809],[-70.5682,-12.0926],[-70.5424,-12.1029],[-70.5345,-12.119],[-70.5135,-12.1141],[-70.5142,-12.1051],[-70.5098,-12.1161],[-70.4936,-12.1071],[-70.4861,-12.1229],[-70.4734,-12.1176],[-70.4764,-12.1322],[-70.4655,-12.127],[-70.461,-12.142],[-70.4486,-12.1359],[-70.4368,-12.154],[-70.4099,-12.1474],[-70.3958,-12.1541],[-70.3944,-12.1668],[-70.3753,-12.1666],[-70.3809,-12.1791],[-70.3719,-12.1811],[-70.3741,-12.1928],[-70.347,-12.1983],[-70.3387,-12.2307],[-70.3345,-12.2201],[-70.3161,-12.2289],[-70.3199,-12.2529],[-70.3114,-12.2528],[-70.3111,-12.2633],[-70.3058,-12.2583],[-70.2937,-12.2968],[-70.2804,-12.2933],[-70.2779,-12.3305],[-70.2677,-12.3395],[-70.2741,-12.3444],[-70.2629,-12.343],[-70.2485,-12.3617],[-70.2576,-12.3715],[-70.2481,-12.3764],[-70.2477,-12.3956],[-70.2637,-12.4236],[-70.2503,-12.4285],[-70.25,-12.4482],[-70.2364,-12.4581],[-70.2325,-12.4522],[-70.219,-12.4726],[-70.2104,-12.4653],[-70.2076,-12.4785],[-70.1902,-12.4717],[-70.1733,-12.492],[-70.1609,-12.4876],[-70.1363,-12.4979],[-70.1256,-12.5136],[-70.1209,-12.5047],[-70.1045,-12.5073],[-70.091,-12.5367],[-70.0968,-12.5493],[-70.0789,-12.5491],[-70.0919,-12.5491],[-70.0928,-12.5574],[-70.0817,-12.5544],[-70.0721,-12.5762],[-70.0394,-12.5909],[-70.0384,-12.6087],[-70.0628,-12.6192],[-70.0769,-12.6407],[-70.1334,-12.6591],[-70.1959,-12.7209],[-70.2471,-12.7395],[-70.2569,-12.7828],[-70.2915,-12.8441],[-70.3244,-12.8599],[-70.3548,-12.9165],[-70.3601,-13.0123],[-70.3795,-13.0416],[-70.4029,-13.1144],[-69.6499,-13.3417],[-68.868,-12.999],[-68.877,-12.9878],[-68.8634,-12.9843],[-68.8639,-12.973],[-68.8748,-12.9799],[-68.8822,-12.9576],[-68.8782,-12.9408],[-68.8602,-12.9478],[-68.8734,-12.9398],[-68.8661,-12.9313],[-68.8766,-12.9287],[-68.8613,-12.9266],[-68.8749,-12.9192],[-68.8641,-12.8748],[-68.8705,-12.8701],[-68.8585,-12.8589],[-68.851,-12.8664],[-68.8348,-12.8578],[-68.8418,-12.8435],[-68.8309,-12.8417],[-68.8393,-12.8296],[-68.8291,-12.8285],[-68.8394,-12.8239],[-68.8244,-12.8048],[-68.8076,-12.8086],[-68.818,-12.7908],[-68.8047,-12.7836],[-68.804,-12.7566],[-68.789,-12.7578],[-68.7805,-12.7321],[-68.7669,-12.7422],[-68.7279,-12.7134],[-68.7424,-12.708],[-68.7251,-12.6973],[-68.7345,-12.6921],[-68.7119,-12.6801],[-68.7199,-12.667],[-68.7283,-12.6713],[-68.7195,-12.6612],[-68.7338,-12.6674],[-68.7406,-12.6328],[-68.7318,-12.6099],[-68.7138,-12.6041],[-68.7014,-12.5791],[-68.6939,-12.5866],[-68.6993,-12.5721],[-68.6915,-12.5573],[-68.6745,-12.553],[-68.6814,-12.5254],[-68.6647,-12.5242],[-68.6555,-12.5346],[-68.6604,-12.5194],[-68.6523,-12.5027],[-68.9728,-11.9094],[-69.0188,-11.9199],[-69.082,-11.9061],[-69.1158,-11.9318],[-69.1338,-11.9155],[-69.1904,-11.9113],[-69.1932,-11.9017],[-69.2131,-11.893],[-69.2174,-11.899],[-69.2358,-11.8826],[-69.2818,-11.9049],[-69.2903,-11.8982],[-69.3114,-11.9104],[-69.3239,-11.9007],[-69.3361,-11.908],[-69.414,-11.8668],[-69.4674,-11.8723],[-69.495,-11.8449],[-69.5272,-11.8418],[-69.5269,-11.8273],[-69.5489,-11.8203],[-69.558,-11.8002],[-69.5843,-11.7956],[-69.5878,-11.7773],[-69.6121,-11.7741],[-69.6266,-11.7602],[-69.6476,-11.7705],[-69.6552,-11.7588],[-69.6677,-11.7584],[-69.6762,-11.77],[-69.6942,-11.7697],[-69.7105,-11.7948],[-69.7209,-11.7905],[-69.725,-11.8062],[-69.7394,-11.7963],[-69.7588,-11.8072],[-69.7732,-11.7962],[-69.8032,-11.7957],[-69.814,-11.7829],[-69.8294,-11.7898],[-69.8971,-11.7607],[-69.9081,-11.7373],[-69.921,-11.7394],[-69.9229,-11.727],[-69.9365,-11.7352],[-69.9608,-11.7096],[-69.9839,-11.7129],[-69.9957,-11.7014],[-70.031,-11.71],[-70.0774,-11.6702],[-70.0903,-11.6756],[-70.1158,-11.6666],[-70.1352,-11.6442],[-70.1781,-11.6265],[-70.2179,-11.5716],[-70.24,-11.5584],[-70.2411,-11.5429],[-70.2567,-11.5309],[-70.2899,-11.4612],[-70.3416,-11.4456],[-70.3578,-11.4538],[-70.3773,-11.434],[-70.4131,-11.4309],[-70.4519,-11.3962],[-70.4539,-11.3732],[-70.4757,-11.3525],[-70.7441,-11.3816],[-70.7501,-11.3747],[-70.7478,-11.3837],[-70.7688,-11.3843],[-70.7942,-11.3412],[-70.8005,-11.3427],[-70.7936,-11.361],[-70.804,-11.3481],[-70.8186,-11.3477],[-70.8127,-11.3243],[-70.8238,-11.3187],[-70.8464,-11.327],[-70.876,-11.3124],[-70.8629,-11.2923],[-70.8672,-11.273],[-70.8794,-11.2741],[-70.8782,-11.2877],[-70.9031,-11.2837],[-70.9111,-11.2942],[-70.9074,-11.2768],[-70.9239,-11.2904],[-70.9316,-11.2756],[-70.9423,-11.291],[-70.9645,-11.2681],[-70.98,-11.2689],[-71.0013,-11.2537],[-71.0149,-11.2642],[-71.0184,-11.2457],[-71.0273,-11.2439],[-71.0369,-11.2602],[-71.0341,-11.2453],[-71.0484,-11.2502],[-71.0586,-11.2379],[-71.0683,-11.2516],[-71.0687,-11.2355],[-71.0914,-11.23],[-71.0954,-11.241],[-71.1056,-11.2319],[-71.1008,-11.2203],[-71.1208,-11.2394],[-71.1333,-11.2211],[-71.1559,-11.2267],[-71.1613,-11.2097],[-71.1738,-11.215],[-71.1771,-11.2292],[-71.1915,-11.2124],[-71.2179,-11.2101],[-71.2202,-11.2003],[-71.2363,-11.2187],[-71.2329,-11.2003],[-71.2438,-11.1957],[-71.247,-11.1804],[-71.2622,-11.1933],[-71.2784,-11.1797],[-71.3111,-11.1859],[-71.3099,-11.169],[-71.3314,-11.1712],[-71.336,-11.155],[-71.3475,-11.1644],[-71.3721,-11.1647],[-71.3747,-11.1785],[-71.3839,-11.1486],[-71.4375,-11.1394],[-71.4396,-11.1231],[-71.4511,-11.1323],[-71.436,-11.1121],[-71.4424,-11.1032],[-71.4493,-11.1107],[-71.4746,-11.1063],[-71.4923,-11.0903],[-71.4968,-11.1067],[-71.5277,-11.0856],[-71.5395,-11.1],[-71.5461,-11.0816],[-71.558,-11.0933],[-71.5694,-11.0835],[-71.584,-11.1041],[-71.5953,-11.0903],[-71.61,-11.0975],[-71.6227,-11.0924],[-71.63,-11.1056],[-71.6378,-11.089],[-71.6461,-11.0984],[-71.6714,-11.0938],[-71.6799,-11.1072],[-71.708,-11.0892],[-71.7128,-11.0701],[-71.7241,-11.0645],[-71.7516,-11.0867],[-71.7561,-11.073],[-71.7912,-11.0782],[-71.8317,-11.0588],[-71.834,-11.0474],[-71.855,-11.0482],[-71.8553,-11.0481]]]}},{"type":"Feature","id":"1702","properties":{"ubigeo":"1702","nombre_departamento":"madre de dios","nombre_provincia":"manu","nombre_distrito":"","capital":"salvacion"},"geometry":{"type":"Polygon","coordinates":[[[-71.8235,-11.3164],[-71.8539,-11.3682],[-71.9053,-11.3512],[-71.9397,-11.3834],[-71.9769,-11.3892],[-72.0012,-11.369],[-72.0242,-11.3696],[-72.036,-11.383],[-72.0543,-11.3737],[-72.0672,-11.3829],[-72.0969,-11.3776],[-72.1128,-11.3661],[-72.103,-11.3443],[-72.1104,-11.3326],[-72.1593,-11.32],[-72.182,-11.3269],[-72.1905,-11.3552],[-72.2129,-11.3444],[-72.2393,-11.3451],[-72.2479,-11.385],[-72.2708,-11.4002],[-72.2926,-11.4333],[-72.2875,-11.4666],[-72.3042,-11.4971],[-72.298,-11.5041],[-72.313,-11.5615],[-72.3079,-11.5875],[-72.348,-11.6179],[-72.3556,-11.635],[-72.3756,-11.6332],[-72.3753,-11.6442],[-72.3903,-11.6507],[-72.3877,-11.6605],[-72.4287,-11.709],[-72.4233,-11.7378],[-72.385,-11.7617],[-72.3708,-11.785],[-72.391,-11.8066],[-72.3908,-11.8276],[-72.3318,-11.8561],[-72.3475,-11.8913],[-72.3368,-11.9373],[-72.3405,-11.9658],[-72.2862,-11.9753],[-72.2815,-11.9958],[-72.2592,-12.0057],[-72.2696,-12.0228],[-72.2689,-12.0544],[-72.1737,-12.0598],[-72.0944,-12.0852],[-72.0876,-12.1427],[-72.1004,-12.1694],[-72.0922,-12.1944],[-72.1056,-12.2388],[-72.0434,-12.2549],[-72.0289,-12.2872],[-71.9459,-12.3302],[-71.9672,-12.3476],[-71.9633,-12.3769],[-71.9766,-12.3995],[-72.0091,-12.4037],[-72.0606,-12.4384],[-72.079,-12.4986],[-72.0726,-12.5111],[-72.0573,-12.508],[-72.0498,-12.5209],[-72.0288,-12.5264],[-72.0005,-12.5696],[-71.9814,-12.5805],[-71.9842,-12.6082],[-71.9653,-12.6145],[-71.9561,-12.6545],[-71.9701,-12.6621],[-71.9786,-12.6833],[-71.9649,-12.6936],[-71.9178,-12.6989],[-71.9182,-12.7202],[-71.9004,-12.7334],[-71.8122,-12.7439],[-71.7995,-12.7656],[-71.7647,-12.7675],[-71.7602,-12.7879],[-71.7476,-12.7962],[-71.7081,-12.7729],[-71.695,-12.7388],[-71.6605,-12.7289],[-71.639,-12.7094],[-71.6003,-12.7001],[-71.5527,-12.7087],[-71.5466,-12.7354],[-71.5131,-12.7444],[-71.4957,-12.782],[-71.4594,-12.8252],[-71.4465,-12.8272],[-71.4561,-12.8403],[-71.4451,-12.8407],[-71.4489,-12.8633],[-71.4374,-12.8763],[-71.424,-12.8733],[-71.4272,-12.882],[-71.4179,-12.8826],[-71.4164,-12.8941],[-71.3968,-12.8826],[-71.3751,-12.9005],[-71.359,-12.8808],[-71.3147,-12.9315],[-71.2723,-12.9541],[-71.271,-12.9625],[-71.2309,-12.9725],[-71.2209,-12.9577],[-71.1764,-12.9709],[-71.1621,-12.9668],[-71.159,-12.9787],[-71.1719,-12.982],[-71.1794,-12.9983],[-71.1665,-13.0177],[-71.1738,-13.055],[-71.1616,-13.0665],[-71.1669,-13.1021],[-71.144,-13.1372],[-71.1315,-13.22],[-71.122,-13.2335],[-71.0913,-13.2402],[-71.0363,-13.2705],[-71.012,-13.265],[-71.0112,-13.2387],[-70.9909,-13.2215],[-70.9942,-13.2022],[-70.9772,-13.1697],[-70.9422,-13.1565],[-70.9423,-13.1355],[-70.9276,-13.1288],[-70.9214,-13.1108],[-70.8873,-13.1034],[-70.8993,-13.0697],[-70.8631,-13.0803],[-70.843,-13.067],[-70.8174,-13.0699],[-70.7994,-13.0904],[-70.7599,-13.1081],[-70.6852,-13.1068],[-70.6603,-13.0883],[-70.6278,-13.0923],[-70.5861,-13.1041],[-70.5494,-13.1532],[-70.4642,-13.1597],[-70.3885,-13.1924],[-70.3856,-13.167],[-70.4012,-13.1532],[-70.3897,-13.1315],[-70.409,-13.1389],[-70.4177,-13.1331],[-70.4039,-13.1252],[-70.3795,-13.0416],[-70.3601,-13.0123],[-70.3553,-12.9178],[-70.3378,-12.878],[-70.3244,-12.8599],[-70.2915,-12.8441],[-70.2569,-12.7828],[-70.2471,-12.7395],[-70.1959,-12.7209],[-70.1334,-12.6591],[-70.0769,-12.6407],[-70.0628,-12.6192],[-70.0384,-12.6087],[-70.0375,-12.5969],[-70.0524,-12.5808],[-70.0721,-12.5762],[-70.0817,-12.5544],[-70.0928,-12.5574],[-70.0919,-12.5491],[-70.0789,-12.5491],[-70.0968,-12.5493],[-70.091,-12.5367],[-70.1045,-12.5073],[-70.1209,-12.5047],[-70.1256,-12.5136],[-70.1363,-12.4979],[-70.1609,-12.4876],[-70.1733,-12.492],[-70.1902,-12.4717],[-70.2076,-12.4785],[-70.2104,-12.4653],[-70.219,-12.4726],[-70.2325,-12.4522],[-70.2364,-12.4581],[-70.25,-12.4482],[-70.2503,-12.4285],[-70.2637,-12.4236],[-70.2477,-12.3956],[-70.2481,-12.3764],[-70.2576,-12.3715],[-70.2485,-12.3617],[-70.2629,-12.343],[-70.2741,-12.3444],[-70.2677,-12.3395],[-70.2779,-12.3305],[-70.2804,-12.2933],[-70.2937,-12.2968],[-70.3058,-12.2583],[-70.3111,-12.2633],[-70.3114,-12.2528],[-70.3199,-12.2529],[-70.3161,-12.2289],[-70.3345,-12.2201],[-70.3387,-12.2307],[-70.347,-12.1983],[-70.3736,-12.1936],[-70.3719,-12.1811],[-70.3809,-12.1791],[-70.3742,-12.1677],[-70.3944,-12.1668],[-70.3968,-12.1533],[-70.4117,-12.1472],[-70.4368,-12.154],[-70.4486,-12.1359],[-70.461,-12.142],[-70.4655,-12.127],[-70.4764,-12.1322],[-70.4734,-12.1176],[-70.4861,-12.1229],[-70.4936,-12.1071],[-70.5098,-12.1161],[-70.5142,-12.1051],[-70.5135,-12.1141],[-70.5345,-12.119],[-70.5424,-12.1029],[-70.5682,-12.0926],[-70.5654,-12.0809],[-70.5982,-12.0694],[-70.6,-12.0516],[-70.6109,-12.0511],[-70.6052,-12.0373],[-70.621,-12.0519],[-70.6271,-12.0356],[-70.6299,-12.0422],[-70.6402,-12.0375],[-70.6337,-12.0334],[-70.6456,-12.0018],[-70.6741,-11.9937],[-70.6835,-12.0074],[-70.6853,-11.9983],[-70.7061,-11.9991],[-70.7056,-11.9895],[-70.7336,-11.9836],[-70.7478,-11.9907],[-70.7458,-11.9979],[-70.7624,-11.9995],[-70.773,-11.9877],[-70.7792,-11.9984],[-70.7805,-11.9896],[-70.8175,-11.9809],[-70.8258,-11.9658],[-70.8604,-11.9652],[-70.8585,-11.956],[-70.876,-11.9391],[-70.884,-11.9428],[-70.897,-11.9157],[-70.9168,-11.9246],[-70.9279,-11.9166],[-70.9348,-11.9272],[-70.9477,-11.9186],[-70.952,-11.9291],[-70.9563,-11.9159],[-70.9718,-11.9239],[-70.9741,-11.9148],[-70.9913,-11.914],[-71.004,-11.897],[-71.0116,-11.9004],[-71.0084,-11.8932],[-71.0164,-11.8977],[-71.0256,-11.889],[-71.0214,-11.865],[-71.0448,-11.8729],[-71.0474,-11.8397],[-71.0573,-11.839],[-71.062,-11.7975],[-71.0752,-11.7898],[-71.0777,-11.7754],[-71.1041,-11.7654],[-71.1076,-11.7713],[-71.1263,-11.7533],[-71.152,-11.7481],[-71.1854,-11.767],[-71.1972,-11.7636],[-71.2327,-11.7347],[-71.2472,-11.7086],[-71.3176,-11.6847],[-71.3165,-11.6531],[-71.342,-11.6474],[-71.3386,-11.6297],[-71.3675,-11.614],[-71.3852,-11.5764],[-71.411,-11.5795],[-71.3987,-11.5531],[-71.4242,-11.5035],[-71.4435,-11.5021],[-71.4602,-11.5125],[-71.4944,-11.4886],[-71.5263,-11.4805],[-71.5543,-11.4871],[-71.5787,-11.4696],[-71.5911,-11.4311],[-71.6179,-11.4353],[-71.6282,-11.4239],[-71.646,-11.4294],[-71.6647,-11.4194],[-71.6652,-11.4052],[-71.6474,-11.3848],[-71.66,-11.3525],[-71.6899,-11.3745],[-71.7216,-11.3391],[-71.7337,-11.343],[-71.7502,-11.3299],[-71.7638,-11.3408],[-71.7902,-11.3162],[-71.8226,-11.3166],[-71.8235,-11.3164]]]}},{"type":"Feature","id":"1703","properties":{"ubigeo":"1703","nombre_departamento":"madre de dios","nombre_provincia":"tahuamanu","nombre_distrito":"","capital":"inapari"},"geometry":{"type":"Polygon","coordinates":[[[-70.6135,-10.1296],[-70.6138,-9.8734],[-70.6395,-9.8844],[-70.6335,-9.899],[-70.6509,-9.932],[-70.6485,-9.9516],[-70.6676,-9.9707],[-70.6569,-9.9997],[-70.6723,-10.0231],[-70.6521,-10.0401],[-70.66,-10.0515],[-70.6445,-10.0687],[-70.6499,-10.0795],[-70.6982,-10.118],[-70.7082,-10.1368],[-70.7064,-10.1614],[-70.7507,-10.191],[-70.8032,-10.2512],[-70.8669,-10.253],[-70.8808,-10.262],[-70.874,-10.3007],[-70.8895,-10.3351],[-70.968,-10.3356],[-70.9584,-10.3896],[-71.005,-10.4308],[-71.0006,-10.4422],[-71.0245,-10.4782],[-71.0785,-10.5014],[-71.1285,-10.5047],[-71.1468,-10.531],[-71.1646,-10.5313],[-71.1653,-10.5696],[-71.1962,-10.5799],[-71.2208,-10.6367],[-71.2063,-10.6522],[-71.2313,-10.6852],[-71.2155,-10.7149],[-71.2246,-10.7307],[-71.2187,-10.7602],[-71.2289,-10.765],[-71.2216,-10.7767],[-71.2587,-10.7849],[-71.2727,-10.8528],[-71.2947,-10.8763],[-71.3083,-10.8778],[-71.3173,-10.9096],[-71.3361,-10.9168],[-71.3552,-10.9506],[-71.4725,-10.9537],[-71.5081,-10.9661],[-71.532,-10.9521],[-71.5589,-10.9648],[-71.6617,-10.9832],[-71.6807,-10.9716],[-71.6936,-10.9797],[-71.7017,-10.9738],[-71.716,-10.9978],[-71.7293,-10.9837],[-71.7511,-10.9938],[-71.7802,-10.9878],[-71.809,-10.9938],[-71.8285,-11.0119],[-71.847,-10.9957],[-71.9233,-10.9961],[-71.9384,-11.0039],[-72.0108,-10.9877],[-72.0437,-10.9969],[-72.0544,-11.0111],[-72.1047,-10.9929],[-72.125,-10.9956],[-72.1279,-10.9798],[-72.1582,-11.0053],[-72.1735,-10.9955],[-72.1853,-11.0088],[-72.1776,-11.0407],[-72.1603,-11.0511],[-72.1599,-11.0648],[-72.1385,-11.0836],[-72.0969,-11.0836],[-72.0788,-11.0548],[-72.0671,-11.0661],[-72.0548,-11.0616],[-72.0528,-11.0713],[-72.0445,-11.0605],[-72.018,-11.0637],[-71.9997,-11.0541],[-71.9817,-11.0547],[-71.9817,-11.0612],[-71.9783,-11.0525],[-71.9613,-11.0591],[-71.9551,-11.0521],[-71.9411,-11.0618],[-71.9406,-11.0522],[-71.9168,-11.0504],[-71.9125,-11.0408],[-71.9111,-11.05],[-71.8997,-11.0467],[-71.8981,-11.0668],[-71.8756,-11.0586],[-71.8754,-11.0502],[-71.8618,-11.0534],[-71.8692,-11.0335],[-71.7912,-11.0782],[-71.7561,-11.073],[-71.7526,-11.0866],[-71.7241,-11.0645],[-71.7128,-11.0701],[-71.708,-11.0892],[-71.6799,-11.1072],[-71.6714,-11.0938],[-71.6461,-11.0984],[-71.6378,-11.089],[-71.63,-11.1056],[-71.6227,-11.0924],[-71.61,-11.0975],[-71.5953,-11.0903],[-71.584,-11.1041],[-71.5694,-11.0835],[-71.558,-11.0933],[-71.5461,-11.0816],[-71.5395,-11.1],[-71.5277,-11.0856],[-71.4968,-11.1067],[-71.4923,-11.0903],[-71.4746,-11.1063],[-71.4493,-11.1107],[-71.4424,-11.1032],[-71.436,-11.1121],[-71.4511,-11.1323],[-71.4396,-11.1231],[-71.4375,-11.1394],[-71.3839,-11.1486],[-71.3747,-11.1785],[-71.3721,-11.1647],[-71.3475,-11.1644],[-71.336,-11.155],[-71.3314,-11.1712],[-71.3099,-11.169],[-71.3111,-11.1859],[-71.2784,-11.1797],[-71.2622,-11.1933],[-71.247,-11.1804],[-71.2438,-11.1957],[-71.2329,-11.2003],[-71.2363,-11.2187],[-71.2202,-11.2003],[-71.2179,-11.2101],[-71.1915,-11.2124],[-71.1771,-11.2292],[-71.1738,-11.215],[-71.1613,-11.2097],[-71.1559,-11.2267],[-71.1333,-11.2211],[-71.1208,-11.2394],[-71.1008,-11.2203],[-71.1056,-11.2319],[-71.0954,-11.241],[-71.0914,-11.23],[-71.0687,-11.2355],[-71.0683,-11.2516],[-71.0586,-11.2379],[-71.0484,-11.2502],[-71.0341,-11.2453],[-71.0369,-11.2602],[-71.0273,-11.2439],[-71.0184,-11.2457],[-71.0149,-11.2642],[-71.0013,-11.2537],[-70.98,-11.2689],[-70.9645,-11.2681],[-70.9423,-11.291],[-70.9316,-11.2756],[-70.9239,-11.2904],[-70.9074,-11.2768],[-70.9111,-11.2942],[-70.9031,-11.2837],[-70.8782,-11.2877],[-70.8794,-11.2741],[-70.8649,-11.2738],[-70.8629,-11.2923],[-70.876,-11.3124],[-70.8464,-11.327],[-70.8238,-11.3187],[-70.8127,-11.3243],[-70.8186,-11.3477],[-70.804,-11.3481],[-70.7936,-11.361],[-70.8005,-11.3427],[-70.7942,-11.3412],[-70.7688,-11.3843],[-70.7478,-11.3837],[-70.7501,-11.3747],[-70.7441,-11.3816],[-70.4764,-11.3523],[-70.4539,-11.3732],[-70.4519,-11.3962],[-70.4131,-11.4309],[-70.3773,-11.434],[-70.3578,-11.4538],[-70.3416,-11.4456],[-70.2899,-11.4612],[-70.2567,-11.5309],[-70.2411,-11.5429],[-70.24,-11.5584],[-70.2179,-11.5716],[-70.1781,-11.6265],[-70.1352,-11.6442],[-70.1158,-11.6666],[-70.0903,-11.6756],[-70.0774,-11.6702],[-70.031,-11.71],[-69.9957,-11.7014],[-69.9839,-11.7129],[-69.9608,-11.7096],[-69.9365,-11.7352],[-69.9229,-11.727],[-69.8982,-11.7598],[-69.8607,-11.7793],[-69.8285,-11.7901],[-69.814,-11.7829],[-69.8032,-11.7957],[-69.7732,-11.7962],[-69.7588,-11.8072],[-69.7396,-11.7963],[-69.725,-11.8062],[-69.7209,-11.7905],[-69.7105,-11.7948],[-69.6942,-11.7697],[-69.6762,-11.77],[-69.6677,-11.7584],[-69.6552,-11.7588],[-69.6476,-11.7705],[-69.6266,-11.7602],[-69.6121,-11.7741],[-69.5878,-11.7773],[-69.5843,-11.7956],[-69.558,-11.8002],[-69.5489,-11.8203],[-69.5269,-11.8273],[-69.5272,-11.8418],[-69.495,-11.8449],[-69.4674,-11.8723],[-69.414,-11.8668],[-69.3361,-11.908],[-69.3239,-11.9007],[-69.3114,-11.9104],[-69.2903,-11.8982],[-69.2818,-11.9049],[-69.2358,-11.8826],[-69.2174,-11.899],[-69.2131,-11.893],[-69.1932,-11.9017],[-69.1904,-11.9113],[-69.1338,-11.9155],[-69.1158,-11.9318],[-69.082,-11.9061],[-69.0188,-11.9199],[-68.9817,-11.9079],[-68.9709,-11.9141],[-69.1034,-11.6813],[-69.2283,-11.4998],[-69.577,-10.9412],[-69.6092,-10.9457],[-69.6105,-10.9576],[-69.6203,-10.9501],[-69.6336,-10.9574],[-69.6587,-10.9526],[-69.6973,-10.9724],[-69.7005,-10.9655],[-69.7169,-10.9759],[-69.7223,-10.9647],[-69.7376,-10.975],[-69.7599,-10.9395],[-69.7731,-10.94],[-69.7695,-10.9299],[-69.7943,-10.9341],[-69.8111,-10.926],[-69.8316,-10.9339],[-69.8511,-10.9246],[-69.8583,-10.9343],[-69.9012,-10.9206],[-69.9207,-10.9338],[-69.9333,-10.9222],[-69.954,-10.9286],[-69.9742,-10.9493],[-69.982,-10.9431],[-69.9845,-10.9557],[-69.9944,-10.9507],[-69.9988,-10.9652],[-70.0274,-10.9778],[-70.0369,-10.971],[-70.0371,-10.98],[-70.0646,-10.9939],[-70.0928,-10.9871],[-70.1074,-11.0079],[-70.1157,-11.0059],[-70.1583,-11.0419],[-70.1761,-11.0401],[-70.1991,-11.054],[-70.2415,-11.0471],[-70.3084,-11.0706],[-70.4378,-11.0388],[-70.4517,-10.9968],[-70.5217,-10.9342],[-70.6138,-11.0002],[-70.6136,-10.2762],[-70.6135,-10.1296]]]}},{"type":"Feature","id":"1801","properties":{"ubigeo":"1801","nombre_departamento":"moquegua","nombre_provincia":"mariscal nieto","nombre_distrito":"","capital":"moquegua"},"geometry":{"type":"Polygon","coordinates":[[[-70.3129,-16.4616],[-70.3597,-16.4776],[-70.364,-16.4942],[-70.3966,-16.5238],[-70.4312,-16.5258],[-70.4704,-16.5564],[-70.5379,-16.5534],[-70.5764,-16.5657],[-70.6033,-16.548],[-70.6337,-16.5578],[-70.6807,-16.5464],[-70.6996,-16.5693],[-70.7278,-16.5728],[-70.7032,-16.5986],[-70.7293,-16.6258],[-70.7476,-16.6231],[-70.7637,-16.6342],[-70.7792,-16.7199],[-70.789,-16.737],[-70.8163,-16.746],[-70.8265,-16.762],[-70.9015,-16.7777],[-70.9557,-16.7783],[-70.9937,-16.7641],[-71.0147,-16.7679],[-71.0341,-16.7535],[-71.0609,-16.7586],[-71.1549,-16.87],[-71.1646,-16.9042],[-71.1946,-16.9025],[-71.2184,-16.9254],[-71.2858,-16.9428],[-71.3037,-16.9582],[-71.3407,-16.9444],[-71.3552,-16.9777],[-71.3775,-16.974],[-71.3949,-16.9928],[-71.3854,-17.0209],[-71.3652,-17.0141],[-71.3573,-17.0244],[-71.3394,-17.0218],[-71.3191,-17.0415],[-71.3247,-17.0603],[-71.3028,-17.0974],[-71.3251,-17.1347],[-71.3553,-17.1513],[-71.441,-17.2517],[-71.4313,-17.2614],[-71.3854,-17.2651],[-71.3997,-17.281],[-71.3955,-17.3045],[-71.3662,-17.3144],[-71.3763,-17.3513],[-71.3448,-17.3883],[-71.3198,-17.392],[-71.3307,-17.398],[-71.3156,-17.42],[-71.3115,-17.4496],[-71.2762,-17.4271],[-71.2573,-17.4407],[-71.2159,-17.4347],[-71.1736,-17.4535],[-71.1576,-17.4533],[-71.1445,-17.4368],[-71.1159,-17.4748],[-71.074,-17.4875],[-71.0725,-17.5258],[-71.0378,-17.5553],[-71.0228,-17.5977],[-70.9945,-17.622],[-70.9078,-17.6472],[-70.88,-17.5557],[-70.78,-17.4506],[-70.7546,-17.4376],[-70.7367,-17.4083],[-70.7524,-17.3806],[-70.7467,-17.3514],[-70.7057,-17.2912],[-70.7159,-17.2737],[-70.7043,-17.2672],[-70.6841,-17.2243],[-70.6511,-17.2092],[-70.61,-17.2145],[-70.5725,-17.1941],[-70.555,-17.1977],[-70.5211,-17.1582],[-70.4913,-17.0902],[-70.4487,-17.0807],[-70.4392,-17.0504],[-70.4632,-17.0044],[-70.4432,-16.9643],[-70.465,-16.9444],[-70.4537,-16.9297],[-70.4518,-16.9],[-70.4416,-16.8924],[-70.451,-16.8618],[-70.4407,-16.84],[-70.3113,-16.7733],[-70.2919,-16.7813],[-70.2666,-16.7708],[-70.2473,-16.8025],[-70.1813,-16.8179],[-70.1841,-16.8347],[-70.2438,-16.8602],[-70.2594,-16.9037],[-70.2472,-16.9524],[-70.227,-16.9594],[-70.218,-16.9464],[-70.1925,-16.941],[-70.1737,-16.9122],[-70.1484,-16.9219],[-70.1466,-16.9387],[-70.1163,-16.9222],[-70.0943,-16.8909],[-70.0903,-16.8109],[-70.0578,-16.7878],[-70.0571,-16.7702],[-70.0322,-16.7529],[-70.0355,-16.7429],[-70.0102,-16.7413],[-69.9956,-16.7298],[-70.0118,-16.6885],[-69.9984,-16.6751],[-70.0015,-16.6566],[-70.0242,-16.6314],[-70.0486,-16.6277],[-70.0878,-16.6552],[-70.1488,-16.6153],[-70.1657,-16.6133],[-70.1848,-16.5376],[-70.2005,-16.5396],[-70.2287,-16.5061],[-70.3012,-16.4787],[-70.3133,-16.4634],[-70.3129,-16.4616]]]}},{"type":"Feature","id":"1802","properties":{"ubigeo":"1802","nombre_departamento":"moquegua","nombre_provincia":"general sanchez cerro","nombre_distrito":"","capital":"omate"},"geometry":{"type":"Polygon","coordinates":[[[-70.7939,-15.9872],[-70.8,-15.976],[-70.8075,-15.988],[-70.8202,-15.9785],[-70.8291,-15.9955],[-70.8166,-16.0028],[-70.8209,-16.0298],[-70.8045,-16.0551],[-70.8567,-16.0563],[-70.8668,-16.0801],[-70.8781,-16.0814],[-70.8751,-16.0946],[-70.8957,-16.1063],[-70.8671,-16.1285],[-70.8678,-16.1539],[-70.8786,-16.1666],[-70.8602,-16.1756],[-70.8539,-16.1967],[-70.867,-16.2246],[-70.8445,-16.2359],[-70.8808,-16.2845],[-70.9158,-16.2824],[-70.9391,-16.2989],[-70.9436,-16.3144],[-70.9863,-16.3099],[-70.9694,-16.3696],[-70.9751,-16.391],[-70.9638,-16.3997],[-70.9756,-16.4183],[-70.9532,-16.4599],[-70.9554,-16.4716],[-70.9935,-16.4966],[-71.0126,-16.4986],[-71.0192,-16.4869],[-71.0373,-16.4857],[-71.0472,-16.4544],[-71.0727,-16.4658],[-71.0819,-16.4569],[-71.1085,-16.4657],[-71.1247,-16.4611],[-71.1395,-16.475],[-71.2421,-16.4631],[-71.2493,-16.4824],[-71.2375,-16.5146],[-71.2628,-16.5849],[-71.2604,-16.6052],[-71.2792,-16.6158],[-71.2839,-16.6822],[-71.296,-16.7063],[-71.2858,-16.7164],[-71.2891,-16.7265],[-71.3272,-16.7524],[-71.3694,-16.7197],[-71.4255,-16.7406],[-71.4442,-16.8157],[-71.4355,-16.8361],[-71.4406,-16.8629],[-71.4221,-16.8964],[-71.4241,-16.9193],[-71.4598,-16.9374],[-71.4614,-16.9597],[-71.4101,-16.9543],[-71.3909,-16.9805],[-71.3564,-16.9783],[-71.3451,-16.967],[-71.344,-16.9455],[-71.3037,-16.9582],[-71.2858,-16.9428],[-71.2184,-16.9254],[-71.1946,-16.9025],[-71.1687,-16.9067],[-71.1549,-16.87],[-71.0609,-16.7586],[-71.0341,-16.7535],[-71.0147,-16.7679],[-70.9937,-16.7641],[-70.9557,-16.7783],[-70.9015,-16.7777],[-70.8265,-16.762],[-70.8163,-16.746],[-70.789,-16.737],[-70.7792,-16.7199],[-70.7637,-16.6342],[-70.7476,-16.6231],[-70.7293,-16.6258],[-70.7032,-16.5986],[-70.7278,-16.5728],[-70.6996,-16.5693],[-70.6807,-16.5464],[-70.6337,-16.5578],[-70.6033,-16.548],[-70.5764,-16.5657],[-70.5379,-16.5534],[-70.4704,-16.5564],[-70.4312,-16.5258],[-70.3966,-16.5238],[-70.364,-16.4942],[-70.3597,-16.4776],[-70.3129,-16.4616],[-70.3063,-16.4472],[-70.3167,-16.4444],[-70.3251,-16.4175],[-70.3609,-16.4108],[-70.3566,-16.4003],[-70.3824,-16.3854],[-70.3456,-16.3481],[-70.3388,-16.3228],[-70.3466,-16.3056],[-70.3451,-16.2561],[-70.3245,-16.2159],[-70.3346,-16.2016],[-70.3623,-16.2065],[-70.3738,-16.1759],[-70.4019,-16.149],[-70.4032,-16.0872],[-70.4343,-16.0619],[-70.4401,-16.0368],[-70.4658,-16.0504],[-70.5073,-16.0381],[-70.5629,-15.9825],[-70.6248,-16.003],[-70.6408,-15.9876],[-70.6683,-16.0134],[-70.7221,-16.0342],[-70.7412,-16.0162],[-70.776,-16.0134],[-70.7949,-15.9882],[-70.7939,-15.9872]]]}},{"type":"Feature","id":"1803","properties":{"ubigeo":"1803","nombre_departamento":"moquegua","nombre_provincia":"ilo","nombre_distrito":"","capital":"ilo"},"geometry":{"type":"Polygon","coordinates":[[[-71.4386,-17.253],[-71.4655,-17.2545],[-71.4908,-17.285],[-71.4725,-17.2972],[-71.4769,-17.3228],[-71.4447,-17.3322],[-71.4314,-17.3505],[-71.4328,-17.3666],[-71.4247,-17.3636],[-71.4188,-17.3775],[-71.3944,-17.3894],[-71.363,-17.4888],[-71.3655,-17.5454],[-71.3415,-17.6369],[-71.3814,-17.7073],[-71.3682,-17.7062],[-71.3634,-17.6927],[-71.3492,-17.6934],[-71.1912,-17.7773],[-71.1687,-17.8094],[-71.1394,-17.8215],[-71.1214,-17.8033],[-71.1011,-17.7395],[-71.0822,-17.7346],[-71.0822,-17.7167],[-71.0579,-17.7181],[-71.0269,-17.7039],[-71.0171,-17.7092],[-70.993,-17.6791],[-70.9832,-17.6846],[-70.9563,-17.676],[-70.9125,-17.6874],[-70.9078,-17.6472],[-70.9945,-17.622],[-71.0228,-17.5977],[-71.0378,-17.5553],[-71.0725,-17.5258],[-71.074,-17.4875],[-71.1159,-17.4748],[-71.1422,-17.4379],[-71.1576,-17.4533],[-71.1736,-17.4535],[-71.2159,-17.4347],[-71.2573,-17.4407],[-71.2762,-17.4271],[-71.3115,-17.4496],[-71.3156,-17.42],[-71.3307,-17.398],[-71.3198,-17.392],[-71.3448,-17.3883],[-71.3763,-17.3513],[-71.3662,-17.3144],[-71.3955,-17.3045],[-71.3997,-17.281],[-71.3854,-17.2651],[-71.4371,-17.2548],[-71.4386,-17.253]]]}},{"type":"Feature","id":"1901","properties":{"ubigeo":"1901","nombre_departamento":"pasco","nombre_provincia":"pasco","nombre_distrito":"","capital":"cerro de pasco"},"geometry":{"type":"Polygon","coordinates":[[[-75.8588,-10.3106],[-75.8597,-10.3028],[-75.8788,-10.3136],[-75.9244,-10.356],[-75.9345,-10.375],[-75.9246,-10.404],[-75.9295,-10.4152],[-75.9758,-10.4793],[-76.0028,-10.4889],[-76.0113,-10.4549],[-76.0249,-10.4674],[-76.0392,-10.4546],[-76.057,-10.4654],[-76.0783,-10.452],[-76.0783,-10.4342],[-76.1296,-10.4308],[-76.1445,-10.4081],[-76.1719,-10.4115],[-76.1854,-10.3955],[-76.2072,-10.3887],[-76.2042,-10.3769],[-76.2309,-10.3718],[-76.2263,-10.3969],[-76.2695,-10.369],[-76.2853,-10.4164],[-76.3056,-10.4141],[-76.2833,-10.4522],[-76.2451,-10.4809],[-76.2536,-10.4985],[-76.2375,-10.516],[-76.2384,-10.5384],[-76.2713,-10.5605],[-76.2734,-10.5787],[-76.2932,-10.6016],[-76.3089,-10.5871],[-76.3345,-10.5901],[-76.3625,-10.6273],[-76.3731,-10.6201],[-76.4196,-10.6532],[-76.4564,-10.6474],[-76.5069,-10.7465],[-76.5385,-10.7044],[-76.573,-10.709],[-76.5943,-10.6769],[-76.6157,-10.6701],[-76.6363,-10.6469],[-76.6557,-10.6468],[-76.6707,-10.6787],[-76.6594,-10.6879],[-76.6422,-10.7464],[-76.6278,-10.766],[-76.6336,-10.7839],[-76.6265,-10.7997],[-76.6152,-10.8167],[-76.6016,-10.8159],[-76.5806,-10.8669],[-76.565,-10.9652],[-76.5816,-10.985],[-76.5779,-11.0159],[-76.533,-11.0341],[-76.4935,-11.0886],[-76.4612,-11.0841],[-76.4468,-11.0712],[-76.4337,-11.0801],[-76.3895,-11.071],[-76.351,-11.0942],[-76.3355,-11.0825],[-76.3181,-11.0916],[-76.3079,-11.1327],[-76.2578,-11.1517],[-76.2415,-11.1431],[-76.2272,-11.1558],[-76.2146,-11.1503],[-76.2501,-11.1052],[-76.2396,-11.0492],[-76.2597,-11.0274],[-76.2557,-11.0024],[-76.2729,-10.971],[-76.2655,-10.959],[-76.2766,-10.9507],[-76.2805,-10.9132],[-76.2622,-10.909],[-76.2659,-10.9201],[-76.2495,-10.9245],[-76.2292,-10.9156],[-76.2098,-10.919],[-76.2128,-10.9324],[-76.1909,-10.9603],[-76.1462,-10.9458],[-76.1225,-10.9523],[-76.1229,-10.9626],[-76.0821,-10.8951],[-76.0455,-10.8807],[-75.9948,-10.821],[-75.9371,-10.8715],[-75.9359,-10.8897],[-75.9132,-10.872],[-75.8761,-10.8675],[-75.8648,-10.8766],[-75.8583,-10.8679],[-75.837,-10.886],[-75.8156,-10.8725],[-75.8154,-10.847],[-75.7891,-10.8253],[-75.7586,-10.8301],[-75.7328,-10.8093],[-75.6933,-10.8172],[-75.693,-10.8351],[-75.6785,-10.8402],[-75.6564,-10.8252],[-75.6082,-10.8236],[-75.59,-10.8113],[-75.5765,-10.781],[-75.5684,-10.7274],[-75.5537,-10.7452],[-75.5219,-10.739],[-75.5116,-10.6828],[-75.5485,-10.6731],[-75.5375,-10.6548],[-75.5431,-10.6394],[-75.5812,-10.6492],[-75.5944,-10.6284],[-75.6124,-10.6206],[-75.6524,-10.6307],[-75.6784,-10.6119],[-75.661,-10.5522],[-75.6765,-10.5184],[-75.6691,-10.4575],[-75.7244,-10.4294],[-75.7452,-10.4403],[-75.7668,-10.4325],[-75.7782,-10.4414],[-75.798,-10.4374],[-75.8082,-10.4574],[-75.8192,-10.4396],[-75.8699,-10.4554],[-75.8587,-10.4416],[-75.8554,-10.4059],[-75.8586,-10.3123],[-75.8588,-10.3106]]]}},{"type":"Feature","id":"1902","properties":{"ubigeo":"1902","nombre_departamento":"pasco","nombre_provincia":"daniel alcides carrion","nombre_distrito":"","capital":"yanahuanca"},"geometry":{"type":"Polygon","coordinates":[[[-76.3382,-10.2868],[-76.3645,-10.2995],[-76.3872,-10.2893],[-76.4007,-10.3084],[-76.4249,-10.3192],[-76.494,-10.3105],[-76.4728,-10.3378],[-76.4866,-10.3524],[-76.4909,-10.3789],[-76.5238,-10.3772],[-76.5582,-10.3934],[-76.5793,-10.3759],[-76.5934,-10.3872],[-76.5934,-10.4015],[-76.6204,-10.4152],[-76.649,-10.4158],[-76.6652,-10.4386],[-76.6968,-10.4425],[-76.7009,-10.461],[-76.7157,-10.4625],[-76.7292,-10.4791],[-76.7302,-10.5084],[-76.7102,-10.5407],[-76.7037,-10.5886],[-76.6859,-10.5815],[-76.6756,-10.6214],[-76.6557,-10.6468],[-76.6363,-10.6469],[-76.6157,-10.6701],[-76.5943,-10.6769],[-76.573,-10.709],[-76.5385,-10.7044],[-76.5069,-10.7465],[-76.4564,-10.6474],[-76.4196,-10.6532],[-76.3731,-10.6201],[-76.3625,-10.6273],[-76.3345,-10.5901],[-76.3089,-10.5871],[-76.2932,-10.6016],[-76.2734,-10.5787],[-76.2713,-10.5605],[-76.2382,-10.538],[-76.2375,-10.516],[-76.2536,-10.4985],[-76.2451,-10.4809],[-76.2833,-10.4522],[-76.3089,-10.4069],[-76.3234,-10.3596],[-76.3169,-10.3402],[-76.3373,-10.2869],[-76.3382,-10.2868]]]}},{"type":"Feature","id":"1903","properties":{"ubigeo":"1903","nombre_departamento":"pasco","nombre_provincia":"oxapampa","nombre_distrito":"","capital":"oxapampa"},"geometry":{"type":"Polygon","coordinates":[[[-74.68,-9.4473],[-74.7131,-9.4567],[-74.7288,-9.4724],[-74.7505,-9.5246],[-74.7356,-9.5744],[-74.7558,-9.584],[-74.7557,-9.6065],[-74.7725,-9.6124],[-74.7648,-9.6357],[-74.7875,-9.6658],[-74.8219,-9.6772],[-74.8178,-9.6913],[-74.8288,-9.704],[-74.8168,-9.7364],[-74.8438,-9.7491],[-74.8393,-9.7649],[-74.8471,-9.7805],[-74.8425,-9.7875],[-74.8214,-9.7849],[-74.8156,-9.7954],[-74.8262,-9.8197],[-74.8362,-9.82],[-74.835,-9.8471],[-74.8595,-9.8445],[-74.8824,-9.8197],[-74.9034,-9.8389],[-74.9516,-9.8599],[-74.9856,-9.8641],[-74.9936,-9.8398],[-75.0578,-9.8189],[-75.0945,-9.8445],[-75.1601,-9.84],[-75.2546,-9.779],[-75.3106,-9.7747],[-75.2758,-9.8498],[-75.2882,-9.8707],[-75.3996,-9.8785],[-75.4112,-9.8884],[-75.4096,-9.902],[-75.3955,-9.9128],[-75.4048,-9.9302],[-75.4214,-9.9434],[-75.4455,-9.9379],[-75.4623,-9.9573],[-75.4732,-9.9919],[-75.5086,-9.9769],[-75.5484,-9.9844],[-75.5604,-9.9641],[-75.5952,-9.9526],[-75.6021,-10.0248],[-75.6452,-10.0269],[-75.6765,-10.0543],[-75.6914,-10.0923],[-75.6899,-10.1189],[-75.7039,-10.1419],[-75.7007,-10.1973],[-75.7094,-10.2151],[-75.732,-10.234],[-75.7856,-10.2524],[-75.8127,-10.2441],[-75.8427,-10.2619],[-75.8599,-10.3033],[-75.8554,-10.4059],[-75.8587,-10.4416],[-75.8699,-10.4554],[-75.8192,-10.4396],[-75.8082,-10.4574],[-75.798,-10.4374],[-75.7782,-10.4414],[-75.7588,-10.4328],[-75.7452,-10.4403],[-75.7262,-10.4293],[-75.6691,-10.4575],[-75.6649,-10.4726],[-75.6765,-10.5184],[-75.661,-10.5522],[-75.6784,-10.6119],[-75.6524,-10.6307],[-75.6124,-10.6206],[-75.5944,-10.6284],[-75.5812,-10.6492],[-75.5568,-10.637],[-75.5395,-10.6411],[-75.5384,-10.6597],[-75.5485,-10.6731],[-75.5114,-10.6846],[-75.5169,-10.7285],[-75.5304,-10.7476],[-75.4902,-10.7568],[-75.4801,-10.7802],[-75.4701,-10.7769],[-75.4608,-10.7498],[-75.3948,-10.7591],[-75.3908,-10.8323],[-75.4093,-10.8452],[-75.4107,-10.8617],[-75.3963,-10.8532],[-75.3857,-10.8649],[-75.3627,-10.8501],[-75.3547,-10.8285],[-75.3619,-10.8192],[-75.3454,-10.7995],[-75.3043,-10.8382],[-75.2831,-10.841],[-75.248,-10.8031],[-75.2439,-10.7639],[-75.2042,-10.7647],[-75.1899,-10.7804],[-75.1766,-10.7499],[-75.1571,-10.762],[-75.1423,-10.7413],[-75.1096,-10.724],[-75.0884,-10.6835],[-75.0716,-10.6778],[-75.0651,-10.6529],[-75.0356,-10.6823],[-75.0207,-10.6737],[-75.0117,-10.6795],[-75.0065,-10.7188],[-74.9828,-10.7498],[-74.9565,-10.7328],[-74.9383,-10.7496],[-74.918,-10.7551],[-74.9133,-10.7484],[-74.8852,-10.7706],[-74.8659,-10.759],[-74.8875,-10.7107],[-74.8786,-10.7005],[-74.7948,-10.8299],[-74.7604,-10.8251],[-74.7332,-10.8339],[-74.6908,-10.8868],[-74.6426,-10.868],[-74.6141,-10.9046],[-74.5704,-10.9158],[-74.5692,-10.904],[-74.5498,-10.8916],[-74.5067,-10.8995],[-74.4871,-10.889],[-74.4845,-10.8559],[-74.4919,-10.8446],[-74.4827,-10.8354],[-74.4673,-10.8367],[-74.4311,-10.813],[-74.3868,-10.8131],[-74.3744,-10.7886],[-74.3839,-10.7475],[-74.3597,-10.7594],[-74.3503,-10.7547],[-74.337,-10.7339],[-74.3164,-10.7259],[-74.2869,-10.6704],[-74.2589,-10.6804],[-74.2528,-10.6595],[-74.2276,-10.6518],[-74.2297,-10.6346],[-74.2037,-10.6301],[-74.1928,-10.6392],[-74.1599,-10.6406],[-74.1355,-10.6715],[-74.1396,-10.6151],[-74.1327,-10.6049],[-74.1823,-10.5033],[-74.1787,-10.4886],[-74.2258,-10.4439],[-74.2393,-10.4412],[-74.2529,-10.4171],[-74.2442,-10.4104],[-74.242,-10.3832],[-74.2627,-10.3637],[-74.2369,-10.3216],[-74.2522,-10.3051],[-74.2344,-10.2954],[-74.2272,-10.2773],[-74.2306,-10.1863],[-74.3029,-10.1648],[-74.315,-10.1132],[-74.367,-10.1129],[-74.3899,-10.0513],[-74.4043,-10.0506],[-74.4188,-10.0257],[-74.4124,-10.0082],[-74.4246,-9.9853],[-74.4112,-9.9576],[-74.411,-9.9147],[-74.4331,-9.8761],[-74.4533,-9.8636],[-74.4472,-9.7771],[-74.4901,-9.6852],[-74.4938,-9.5922],[-74.5317,-9.5921],[-74.5748,-9.5727],[-74.5744,-9.5458],[-74.5935,-9.5074],[-74.5832,-9.4984],[-74.5811,-9.4766],[-74.6787,-9.4481],[-74.68,-9.4473]]]}},{"type":"Feature","id":"2001","properties":{"ubigeo":"2001","nombre_departamento":"piura","nombre_provincia":"piura","nombre_distrito":"","capital":"piura"},"geometry":{"type":"Polygon","coordinates":[[[-80.2468,-4.5861],[-80.3368,-4.6281],[-80.3486,-4.6583],[-80.3884,-4.6669],[-80.4067,-4.7007],[-80.3816,-4.7534],[-80.3558,-4.7711],[-80.3606,-4.7775],[-80.3476,-4.7925],[-80.3811,-4.7987],[-80.4197,-4.8294],[-80.522,-4.8261],[-80.5455,-4.8466],[-80.553,-4.8755],[-80.572,-4.8845],[-80.5733,-4.8994],[-80.6053,-4.918],[-80.63,-4.9749],[-80.6453,-4.9786],[-80.6569,-5.0236],[-80.7003,-5.0176],[-80.7416,-5.1236],[-80.7677,-5.1514],[-80.8051,-5.2219],[-80.8218,-5.2168],[-80.8289,-5.2266],[-80.8491,-5.2932],[-80.9377,-5.2378],[-80.9706,-5.2413],[-80.9986,-5.2309],[-81.0225,-5.2421],[-81.0171,-5.2665],[-80.9617,-5.3102],[-80.9612,-5.3504],[-80.851,-5.406],[-80.7519,-5.4027],[-80.7491,-5.4137],[-80.7379,-5.4052],[-80.7209,-5.4197],[-80.6443,-5.4367],[-80.6452,-5.4871],[-80.5915,-5.4794],[-80.5526,-5.4923],[-80.5346,-5.6016],[-80.3225,-5.6799],[-80.2942,-5.6776],[-80.2534,-5.6944],[-80.2428,-5.7102],[-80.2076,-5.7218],[-80.0921,-5.7951],[-80.1029,-5.7621],[-80.0911,-5.7269],[-80.0952,-5.7026],[-80.0664,-5.6982],[-80.0611,-5.6844],[-80.0711,-5.6733],[-80.07,-5.6462],[-80.057,-5.6185],[-80.0526,-5.5556],[-80.0829,-5.5604],[-80.1067,-5.5189],[-80.1268,-5.5108],[-80.2591,-5.3303],[-80.3303,-5.2841],[-80.3514,-5.2598],[-80.3467,-5.2332],[-80.3641,-5.2305],[-80.3537,-5.1401],[-80.3381,-5.1372],[-80.3355,-5.1217],[-80.3146,-5.096],[-80.2954,-5.089],[-80.2871,-5.0685],[-80.2461,-5.0672],[-80.2218,-5.0527],[-80.2326,-5.0108],[-80.259,-5.0038],[-80.2283,-4.9897],[-80.2041,-5.0035],[-80.1863,-4.9864],[-80.1761,-4.9881],[-80.1577,-4.9551],[-80.1162,-4.9327],[-80.1093,-4.9064],[-80.1219,-4.8915],[-80.0961,-4.8627],[-80.0934,-4.8435],[-80.1148,-4.805],[-80.0851,-4.7943],[-80.0768,-4.7789],[-80.0964,-4.7474],[-80.0785,-4.732],[-80.0266,-4.7195],[-80.0088,-4.6782],[-80.0376,-4.6557],[-80.1012,-4.6635],[-80.1136,-4.6776],[-80.1415,-4.6418],[-80.1534,-4.6042],[-80.2012,-4.6104],[-80.2252,-4.5898],[-80.2459,-4.5864],[-80.2468,-4.5861]]]}},{"type":"Feature","id":"2002","properties":{"ubigeo":"2002","nombre_departamento":"piura","nombre_provincia":"ayabaca","nombre_distrito":"","capital":"ayabaca"},"geometry":{"type":"Polygon","coordinates":[[[-80.1346,-4.2868],[-80.1428,-4.2856],[-80.1554,-4.3043],[-80.1713,-4.29],[-80.1869,-4.3351],[-80.2055,-4.3387],[-80.1957,-4.3498],[-80.2114,-4.3592],[-80.2183,-4.3535],[-80.2205,-4.3781],[-80.2312,-4.3724],[-80.2489,-4.4011],[-80.2649,-4.4118],[-80.2771,-4.4041],[-80.2956,-4.4248],[-80.2722,-4.4387],[-80.2641,-4.4292],[-80.241,-4.4432],[-80.2357,-4.437],[-80.2122,-4.4632],[-80.2251,-4.476],[-80.2143,-4.4845],[-80.2126,-4.506],[-80.224,-4.5145],[-80.2234,-4.5323],[-80.2083,-4.5456],[-80.2016,-4.5738],[-80.2214,-4.5955],[-80.2012,-4.6104],[-80.1534,-4.6042],[-80.1415,-4.6418],[-80.1136,-4.6776],[-80.1012,-4.6635],[-80.0376,-4.6557],[-80.0088,-4.6782],[-80.0099,-4.6941],[-80.0322,-4.7239],[-80.0773,-4.7316],[-80.0934,-4.7428],[-80.0967,-4.752],[-80.0778,-4.7828],[-80.0886,-4.7964],[-80.1148,-4.805],[-80.0935,-4.8425],[-80.0943,-4.8584],[-80.122,-4.8925],[-80.1024,-4.929],[-80.0787,-4.9411],[-80.0903,-4.9694],[-80.0834,-5.0036],[-80.0388,-5.0264],[-80.0008,-5.0157],[-79.9566,-5.0366],[-79.9092,-5.0194],[-79.8995,-4.9936],[-79.864,-4.9756],[-79.8533,-4.9535],[-79.8309,-4.9943],[-79.7885,-4.9908],[-79.7546,-5.0248],[-79.7315,-5.0178],[-79.7267,-5.0553],[-79.6748,-5.0956],[-79.6488,-5.0906],[-79.6504,-5.1031],[-79.6422,-5.1072],[-79.6216,-5.1011],[-79.6,-5.0844],[-79.5952,-5.0566],[-79.5792,-5.0605],[-79.5756,-5.0725],[-79.5182,-5.0848],[-79.4878,-5.1108],[-79.4965,-5.0974],[-79.4749,-5.0528],[-79.4806,-5.0181],[-79.4651,-4.9877],[-79.4543,-4.9886],[-79.4511,-4.9674],[-79.4048,-4.9449],[-79.4172,-4.8848],[-79.3935,-4.8362],[-79.4371,-4.7297],[-79.4574,-4.7025],[-79.4641,-4.6521],[-79.4887,-4.6253],[-79.4942,-4.5818],[-79.4766,-4.57],[-79.4901,-4.528],[-79.5123,-4.5175],[-79.5257,-4.5295],[-79.543,-4.5271],[-79.5808,-4.4992],[-79.6003,-4.4565],[-79.6446,-4.4338],[-79.6827,-4.4482],[-79.7064,-4.4716],[-79.813,-4.4911],[-79.853,-4.4513],[-79.8541,-4.4345],[-79.8706,-4.4133],[-79.9193,-4.3854],[-79.9387,-4.3967],[-79.963,-4.3945],[-80.0345,-4.3487],[-80.0615,-4.3102],[-80.1042,-4.291],[-80.1086,-4.2981],[-80.135,-4.2963],[-80.1341,-4.2877],[-80.1346,-4.2868]]]}},{"type":"Feature","id":"2003","properties":{"ubigeo":"2003","nombre_departamento":"piura","nombre_provincia":"huancabamba","nombre_distrito":"","capital":"huancabamba"},"geometry":{"type":"Polygon","coordinates":[[[-79.378,-4.8326],[-79.4049,-4.8484],[-79.4171,-4.8838],[-79.4048,-4.9449],[-79.4511,-4.9674],[-79.4543,-4.9886],[-79.4651,-4.9877],[-79.4806,-5.0181],[-79.4749,-5.0528],[-79.4965,-5.0974],[-79.4878,-5.1108],[-79.5182,-5.0848],[-79.5756,-5.0725],[-79.5792,-5.0605],[-79.5952,-5.0566],[-79.6,-5.0844],[-79.6549,-5.1214],[-79.6468,-5.1378],[-79.6609,-5.1512],[-79.6629,-5.1267],[-79.6841,-5.0991],[-79.7149,-5.1266],[-79.7203,-5.1821],[-79.7,-5.2034],[-79.72,-5.2153],[-79.6686,-5.2967],[-79.6698,-5.3174],[-79.6474,-5.3362],[-79.6757,-5.3806],[-79.7383,-5.3798],[-79.764,-5.4025],[-79.7686,-5.425],[-79.75,-5.4464],[-79.7337,-5.444],[-79.6445,-5.475],[-79.6498,-5.5206],[-79.6616,-5.5321],[-79.6833,-5.5305],[-79.7296,-5.4735],[-79.7376,-5.5096],[-79.7583,-5.541],[-79.777,-5.5619],[-79.8007,-5.5623],[-79.8317,-5.6025],[-79.8394,-5.63],[-79.819,-5.6648],[-79.805,-5.6464],[-79.7903,-5.6457],[-79.7444,-5.6771],[-79.7664,-5.7083],[-79.7482,-5.7102],[-79.7166,-5.7416],[-79.7393,-5.7996],[-79.7369,-5.8382],[-79.6827,-5.8464],[-79.6354,-5.809],[-79.631,-5.7964],[-79.6226,-5.7976],[-79.6287,-5.8516],[-79.6374,-5.8594],[-79.6262,-5.8881],[-79.6132,-5.8955],[-79.6013,-5.9395],[-79.5538,-5.9383],[-79.5276,-5.9129],[-79.514,-5.921],[-79.4985,-5.9151],[-79.4186,-5.9701],[-79.3619,-5.9328],[-79.3354,-5.894],[-79.3536,-5.8711],[-79.3505,-5.8555],[-79.3764,-5.8237],[-79.376,-5.8005],[-79.3896,-5.793],[-79.3992,-5.7712],[-79.3993,-5.7025],[-79.3845,-5.6804],[-79.3711,-5.6026],[-79.3986,-5.5335],[-79.3873,-5.5224],[-79.3306,-5.5355],[-79.3107,-5.5201],[-79.2868,-5.5259],[-79.276,-5.5197],[-79.281,-5.4863],[-79.2976,-5.4599],[-79.2945,-5.4403],[-79.3055,-5.4259],[-79.3079,-5.3653],[-79.3261,-5.348],[-79.3281,-5.3159],[-79.359,-5.2886],[-79.3482,-5.2337],[-79.3784,-5.19],[-79.3675,-5.1745],[-79.3419,-5.164],[-79.3421,-5.1431],[-79.3304,-5.1244],[-79.296,-5.112],[-79.273,-5.0585],[-79.2262,-5.0479],[-79.213,-5.0011],[-79.2222,-4.9824],[-79.21,-4.9687],[-79.2658,-4.9674],[-79.2885,-4.9428],[-79.3069,-4.8986],[-79.3203,-4.9009],[-79.3339,-4.8842],[-79.3507,-4.8822],[-79.362,-4.8448],[-79.3772,-4.8326],[-79.378,-4.8326]]]}},{"type":"Feature","id":"2004","properties":{"ubigeo":"2004","nombre_departamento":"piura","nombre_provincia":"morropon","nombre_distrito":"","capital":"chulucanas"},"geometry":{"type":"Polygon","coordinates":[[[-80.097,-4.9319],[-80.1105,-4.9124],[-80.1162,-4.9327],[-80.1586,-4.9559],[-80.1761,-4.9881],[-80.1863,-4.9864],[-80.2041,-5.0035],[-80.2283,-4.9897],[-80.259,-5.0038],[-80.2326,-5.0108],[-80.2218,-5.0527],[-80.2461,-5.0672],[-80.2871,-5.0685],[-80.2954,-5.089],[-80.3146,-5.096],[-80.3355,-5.1217],[-80.3381,-5.1372],[-80.3537,-5.1401],[-80.3643,-5.2325],[-80.3467,-5.2332],[-80.3514,-5.2598],[-80.3303,-5.2841],[-80.2591,-5.3303],[-80.1268,-5.5108],[-80.1067,-5.5189],[-80.0829,-5.5604],[-80.0552,-5.5538],[-80.0528,-5.5636],[-80.0065,-5.584],[-79.9605,-5.5816],[-79.9459,-5.515],[-79.9048,-5.4934],[-79.8984,-5.4804],[-79.854,-5.5307],[-79.8644,-5.5634],[-79.8394,-5.63],[-79.8317,-5.6025],[-79.8007,-5.5623],[-79.777,-5.5619],[-79.7583,-5.541],[-79.7376,-5.5096],[-79.7296,-5.4735],[-79.6833,-5.5305],[-79.6616,-5.5321],[-79.6498,-5.5206],[-79.6445,-5.475],[-79.7337,-5.444],[-79.75,-5.4464],[-79.7686,-5.425],[-79.764,-5.4025],[-79.7383,-5.3798],[-79.6757,-5.3806],[-79.6474,-5.3362],[-79.6698,-5.3174],[-79.6686,-5.2967],[-79.72,-5.2153],[-79.7,-5.2034],[-79.7203,-5.1772],[-79.7149,-5.1266],[-79.6884,-5.0982],[-79.6629,-5.1267],[-79.6643,-5.1527],[-79.6469,-5.1384],[-79.655,-5.1216],[-79.6422,-5.1072],[-79.6504,-5.1031],[-79.6488,-5.0906],[-79.6748,-5.0956],[-79.7253,-5.0568],[-79.7315,-5.0178],[-79.7546,-5.0248],[-79.7885,-4.9908],[-79.8309,-4.9943],[-79.8384,-4.9756],[-79.8496,-4.9724],[-79.8528,-4.9536],[-79.864,-4.9756],[-79.8995,-4.9936],[-79.9092,-5.0194],[-79.9593,-5.0367],[-80.0008,-5.0157],[-80.0388,-5.0264],[-80.0496,-5.0142],[-80.0826,-5.0045],[-80.0903,-4.9694],[-80.0784,-4.9422],[-80.0962,-4.9319],[-80.097,-4.9319]]]}},{"type":"Feature","id":"2005","properties":{"ubigeo":"2005","nombre_departamento":"piura","nombre_provincia":"paita","nombre_distrito":"","capital":"paita"},"geometry":{"type":"Polygon","coordinates":[[[-80.9538,-4.8632],[-80.9404,-4.8463],[-80.9319,-4.8049],[-80.9683,-4.7718],[-81.2106,-4.8164],[-81.0865,-4.9671],[-81.0603,-5.034],[-81.0625,-5.0503],[-81.0907,-5.0817],[-81.1122,-5.0842],[-81.1324,-5.0697],[-81.1678,-5.081],[-81.1605,-5.1234],[-81.1796,-5.1329],[-81.1674,-5.1671],[-81.189,-5.194],[-81.1928,-5.217],[-81.1381,-5.2636],[-81.1078,-5.3152],[-81.0782,-5.3132],[-80.994,-5.3885],[-80.9722,-5.3526],[-80.9611,-5.3504],[-80.9617,-5.3102],[-81.0171,-5.2665],[-81.0199,-5.2363],[-80.9377,-5.2378],[-80.9062,-5.262],[-80.8595,-5.2806],[-80.8482,-5.0931],[-80.8508,-4.9506],[-80.8251,-4.9314],[-80.8292,-4.9036],[-80.8525,-4.9094],[-80.8577,-4.8959],[-80.9243,-4.8934],[-80.9379,-4.883],[-80.9381,-4.8672],[-80.9533,-4.8633],[-80.9538,-4.8632]]]}},{"type":"Feature","id":"2006","properties":{"ubigeo":"2006","nombre_departamento":"piura","nombre_provincia":"sullana","nombre_distrito":"","capital":"sullana"},"geometry":{"type":"Polygon","coordinates":[[[-80.4855,-4.0844],[-80.5173,-4.0982],[-80.5898,-4.2141],[-80.6044,-4.2107],[-80.6227,-4.2319],[-80.6452,-4.2296],[-80.6993,-4.1878],[-80.7197,-4.1942],[-80.7351,-4.178],[-80.7447,-4.1843],[-80.763,-4.1749],[-80.8033,-4.176],[-80.8819,-4.1928],[-80.9237,-4.1695],[-80.9364,-4.1782],[-80.937,-4.1895],[-80.9089,-4.2245],[-80.927,-4.2463],[-80.9369,-4.2955],[-80.9152,-4.3179],[-80.9053,-4.3078],[-80.8924,-4.3189],[-80.8673,-4.3166],[-80.8772,-4.3647],[-80.8505,-4.3842],[-80.8285,-4.3845],[-80.8511,-4.4091],[-80.8455,-4.4226],[-80.8585,-4.4359],[-80.8503,-4.4563],[-80.8722,-4.4648],[-80.8738,-4.4904],[-80.9194,-4.5203],[-80.9196,-4.5447],[-80.9031,-4.5506],[-80.8857,-4.5798],[-80.8885,-4.592],[-80.9137,-4.6153],[-80.9368,-4.6188],[-80.8965,-4.6738],[-80.8725,-4.6884],[-80.8482,-4.7484],[-80.9683,-4.7718],[-80.9319,-4.8049],[-80.9404,-4.8463],[-80.9538,-4.8632],[-80.9381,-4.8672],[-80.9335,-4.8887],[-80.8577,-4.8959],[-80.8543,-4.9091],[-80.8355,-4.9016],[-80.8264,-4.9093],[-80.828,-4.9396],[-80.8508,-4.9506],[-80.8482,-5.0931],[-80.8595,-5.2806],[-80.8491,-5.2932],[-80.8289,-5.2266],[-80.8218,-5.2168],[-80.8051,-5.2219],[-80.7677,-5.1514],[-80.7416,-5.1236],[-80.7003,-5.0176],[-80.6569,-5.0236],[-80.6453,-4.9786],[-80.63,-4.9749],[-80.5957,-4.9061],[-80.5736,-4.8997],[-80.572,-4.8845],[-80.5534,-4.8762],[-80.54,-4.8398],[-80.5074,-4.8234],[-80.4892,-4.8312],[-80.4197,-4.8294],[-80.3811,-4.7987],[-80.3476,-4.7925],[-80.4061,-4.7084],[-80.3886,-4.6671],[-80.3491,-4.6586],[-80.3368,-4.6281],[-80.2961,-4.606],[-80.2502,-4.5851],[-80.2214,-4.5955],[-80.2016,-4.5738],[-80.2083,-4.5456],[-80.2234,-4.5323],[-80.224,-4.5145],[-80.2126,-4.506],[-80.2143,-4.4845],[-80.2251,-4.476],[-80.2122,-4.4632],[-80.2357,-4.437],[-80.241,-4.4432],[-80.2641,-4.4292],[-80.2722,-4.4387],[-80.2838,-4.4258],[-80.3359,-4.4674],[-80.3895,-4.4861],[-80.4167,-4.4601],[-80.4195,-4.4669],[-80.4491,-4.4476],[-80.4539,-4.4076],[-80.446,-4.3936],[-80.4539,-4.3873],[-80.4458,-4.3678],[-80.4236,-4.331],[-80.3672,-4.2821],[-80.3672,-4.2699],[-80.3096,-4.2056],[-80.3132,-4.1983],[-80.3294,-4.2146],[-80.3398,-4.2084],[-80.3527,-4.2207],[-80.3678,-4.1974],[-80.4093,-4.2185],[-80.4311,-4.1961],[-80.4493,-4.2093],[-80.447,-4.1211],[-80.467,-4.1279],[-80.4638,-4.1158],[-80.484,-4.0854],[-80.4855,-4.0844]]]}},{"type":"Feature","id":"2007","properties":{"ubigeo":"2007","nombre_departamento":"piura","nombre_provincia":"talara","nombre_distrito":"","capital":"talara"},"geometry":{"type":"Polygon","coordinates":[[[-81.0262,-4.1059],[-81.0419,-4.0829],[-81.0569,-4.1055],[-81.1001,-4.1282],[-81.1285,-4.1741],[-81.1461,-4.1795],[-81.1735,-4.2148],[-81.2382,-4.251],[-81.2542,-4.2779],[-81.2608,-4.3097],[-81.2496,-4.3475],[-81.2528,-4.3956],[-81.2734,-4.4458],[-81.3004,-4.459],[-81.305,-4.4798],[-81.2806,-4.5296],[-81.2744,-4.5711],[-81.2861,-4.575],[-81.3087,-4.6601],[-81.3273,-4.6691],[-81.3282,-4.6824],[-81.2106,-4.8164],[-80.8482,-4.7484],[-80.8725,-4.6884],[-80.8965,-4.6738],[-80.9368,-4.6188],[-80.9137,-4.6153],[-80.8885,-4.592],[-80.8857,-4.5798],[-80.9031,-4.5506],[-80.9196,-4.5447],[-80.9194,-4.5203],[-80.8738,-4.4904],[-80.8722,-4.4648],[-80.8503,-4.4563],[-80.8585,-4.4359],[-80.8455,-4.4226],[-80.8511,-4.4091],[-80.8286,-4.3842],[-80.8505,-4.3842],[-80.8772,-4.3647],[-80.8673,-4.3166],[-80.8924,-4.3189],[-80.9053,-4.3078],[-80.9152,-4.3179],[-80.935,-4.2988],[-80.927,-4.2463],[-80.9089,-4.2245],[-80.9427,-4.169],[-80.9708,-4.1688],[-80.9617,-4.1482],[-80.9713,-4.1271],[-81.0256,-4.1062],[-81.0262,-4.1059]]]}},{"type":"Feature","id":"2008","properties":{"ubigeo":"2008","nombre_departamento":"piura","nombre_provincia":"sechura","nombre_distrito":"","capital":"sechura"},"geometry":{"type":"Polygon","coordinates":[[[-80.851,-5.406],[-80.9611,-5.3504],[-80.9722,-5.3526],[-80.994,-5.3885],[-80.9116,-5.4857],[-80.8551,-5.6252],[-80.856,-5.73],[-80.8852,-5.7988],[-80.9178,-5.8341],[-80.9542,-5.8462],[-81.0239,-5.8299],[-81.0681,-5.7858],[-81.0836,-5.7917],[-81.0975,-5.8382],[-81.1235,-5.843],[-81.1285,-5.8645],[-81.1494,-5.8896],[-81.1493,-5.9812],[-81.1115,-6.0619],[-81.0916,-6.082],[-80.8945,-6.2033],[-80.7838,-6.299],[-80.6271,-6.3721],[-80.3347,-5.9539],[-80.2788,-5.92],[-80.1962,-5.8921],[-80.1238,-5.8913],[-80.1201,-5.8722],[-80.053,-5.8112],[-80.1092,-5.7879],[-80.2085,-5.7213],[-80.2428,-5.7102],[-80.2534,-5.6944],[-80.2942,-5.6776],[-80.3225,-5.6799],[-80.5346,-5.6016],[-80.5526,-5.4923],[-80.5915,-5.4794],[-80.6452,-5.4871],[-80.6443,-5.4367],[-80.7209,-5.4197],[-80.7379,-5.4052],[-80.7491,-5.4137],[-80.7519,-5.4027],[-80.851,-5.406]]]}},{"type":"Feature","id":"2101","properties":{"ubigeo":"2101","nombre_departamento":"puno","nombre_provincia":"puno","nombre_distrito":"","capital":"puno"},"geometry":{"type":"MultiPolygon","coordinates":[[[[-69.8911,-15.5034],[-69.8937,-15.4786],[-69.9051,-15.5068],[-69.9471,-15.5144],[-69.9683,-15.5357],[-69.9618,-15.5468],[-69.9885,-15.5537],[-69.994,-15.542],[-70.0107,-15.5522],[-70.0148,-15.5581],[-69.9982,-15.5597],[-70.0257,-15.5655],[-70.0857,-15.6344],[-70.0837,-15.6425],[-70.1234,-15.6375],[-70.1458,-15.6698],[-70.1679,-15.6322],[-70.2012,-15.6169],[-70.2051,-15.6423],[-70.2462,-15.6755],[-70.2613,-15.6737],[-70.3128,-15.7369],[-70.3414,-15.7261],[-70.3743,-15.741],[-70.3959,-15.7298],[-70.4158,-15.7366],[-70.4384,-15.7871],[-70.4191,-15.8194],[-70.4315,-15.8335],[-70.4277,-15.8489],[-70.4453,-15.8676],[-70.4462,-15.8957],[-70.4793,-15.9112],[-70.4808,-15.9465],[-70.5166,-15.9762],[-70.5629,-15.9825],[-70.5073,-16.0381],[-70.4658,-16.0504],[-70.4401,-16.0368],[-70.4343,-16.0619],[-70.4032,-16.0872],[-70.4019,-16.149],[-70.3738,-16.1759],[-70.3606,-16.2078],[-70.3286,-16.2054],[-70.3265,-16.2321],[-70.3451,-16.2561],[-70.3466,-16.3056],[-70.3388,-16.3228],[-70.3456,-16.3481],[-70.3823,-16.3859],[-70.3566,-16.4003],[-70.3609,-16.4108],[-70.3251,-16.4175],[-70.3167,-16.4444],[-70.3063,-16.4472],[-70.3134,-16.4682],[-70.3012,-16.4787],[-70.2287,-16.5061],[-70.2005,-16.5396],[-70.1848,-16.5376],[-70.1657,-16.6133],[-70.1488,-16.6153],[-70.0878,-16.6552],[-70.0499,-16.6281],[-70.0246,-16.6312],[-70.0242,-16.5968],[-69.9907,-16.5788],[-69.9635,-16.5384],[-69.9266,-16.5143],[-69.9058,-16.5193],[-69.8953,-16.509],[-69.8785,-16.4737],[-69.8841,-16.4635],[-69.8647,-16.4453],[-69.852,-16.401],[-69.7997,-16.3855],[-69.785,-16.3622],[-69.8029,-16.3444],[-69.8069,-16.2768],[-69.7756,-16.2599],[-69.7605,-16.2153],[-69.7436,-16.2044],[-69.7255,-16.2084],[-69.7066,-16.1945],[-69.7031,-16.1689],[-69.6869,-16.1487],[-69.6889,-16.1287],[-69.6689,-16.1149],[-69.7027,-16.0866],[-69.6553,-16.0599],[-69.6494,-16.0134],[-69.6285,-16.019],[-69.6097,-15.9973],[-69.6097,-15.9834],[-69.6229,-15.988],[-69.6739,-15.9635],[-69.7008,-15.9202],[-69.7253,-15.9145],[-69.7359,-15.9015],[-69.7406,-15.9192],[-69.7576,-15.9004],[-69.7603,-15.912],[-69.7795,-15.856],[-69.7659,-15.8331],[-69.7962,-15.8083],[-69.8056,-15.7834],[-69.8289,-15.7871],[-69.8428,-15.8082],[-69.8506,-15.8547],[-69.848,-15.8676],[-69.8273,-15.8593],[-69.8266,-15.8685],[-69.8154,-15.8683],[-69.8189,-15.8815],[-69.8112,-15.8816],[-69.8102,-15.8677],[-69.7987,-15.8786],[-69.8046,-15.8859],[-69.7946,-15.8863],[-69.7977,-15.8937],[-69.7834,-15.8912],[-69.7776,-15.9167],[-69.7841,-15.9281],[-69.8083,-15.9221],[-69.8156,-15.9107],[-69.837,-15.911],[-69.836,-15.9234],[-69.8462,-15.9095],[-69.8454,-15.9332],[-69.8604,-15.9316],[-69.8918,-15.8822],[-69.9195,-15.88],[-69.9637,-15.8506],[-69.995,-15.864],[-70.0151,-15.8507],[-70.0183,-15.8297],[-69.9887,-15.8191],[-70.0053,-15.7894],[-70.0187,-15.7919],[-70.0352,-15.7687],[-70.0358,-15.7538],[-70.0239,-15.7422],[-70.0342,-15.7226],[-70.0116,-15.6867],[-69.9902,-15.6903],[-69.9749,-15.7053],[-69.9649,-15.7015],[-69.956,-15.6883],[-69.9635,-15.6876],[-69.9551,-15.6874],[-69.9681,-15.6781],[-69.9617,-15.6792],[-69.9674,-15.6654],[-69.9482,-15.675],[-69.9256,-15.6304],[-69.9163,-15.6284],[-69.9183,-15.6126],[-69.9311,-15.6178],[-69.9176,-15.5914],[-69.9272,-15.5829],[-69.9332,-15.5889],[-69.9296,-15.5709],[-69.9151,-15.5688],[-69.9273,-15.5607],[-69.9391,-15.566],[-69.9432,-15.5565],[-69.9064,-15.5652],[-69.8809,-15.6075],[-69.8549,-15.625],[-69.8448,-15.6396],[-69.8505,-15.6757],[-69.8207,-15.7076],[-69.7901,-15.7261],[-69.7528,-15.7297],[-69.7438,-15.7228],[-69.803,-15.6748],[-69.798,-15.6672],[-69.7611,-15.6818],[-69.7709,-15.6582],[-69.7806,-15.6532],[-69.7925,-15.6629],[-69.8046,-15.654],[-69.8135,-15.6344],[-69.8074,-15.6251],[-69.8161,-15.6193],[-69.8107,-15.6077],[-69.8604,-15.5576],[-69.8626,-15.5381],[-69.891,-15.5035],[-69.8911,-15.5034]],[[-70.2005,-15.7005],[-70.1883,-15.7263],[-70.1502,-15.7123],[-70.1523,-15.7222],[-70.1637,-15.7193],[-70.1476,-15.7303],[-70.1533,-15.7349],[-70.1421,-15.7493],[-70.1709,-15.7528],[-70.2018,-15.7715],[-70.2095,-15.7223],[-70.2006,-15.7008],[-70.2005,-15.7005]]],[[[-69.6858,-15.9141],[-69.6893,-15.9302],[-69.672,-15.96],[-69.6327,-15.9589],[-69.6293,-15.9679],[-69.6099,-15.959],[-69.6722,-15.9564],[-69.6854,-15.9365],[-69.6863,-15.9147],[-69.6858,-15.9141]]],[[[-69.6943,-15.8924],[-69.7048,-15.8964],[-69.6983,-15.8931],[-69.7,-15.9074],[-69.7108,-15.9163],[-69.6877,-15.9083],[-69.6667,-15.9151],[-69.694,-15.8929],[-69.6943,-15.8924]]],[[[-69.8278,-15.8946],[-69.8252,-15.8783],[-69.8337,-15.8882],[-69.8282,-15.8949],[-69.8278,-15.8946]]],[[[-69.6843,-15.7518],[-69.6962,-15.7542],[-69.6824,-15.7981],[-69.6757,-15.7835],[-69.684,-15.7525],[-69.6843,-15.7518]]],[[[-69.7065,-15.6493],[-69.7273,-15.663],[-69.7172,-15.6804],[-69.6928,-15.6628],[-69.7061,-15.6495],[-69.7065,-15.6493]]]]}},{"type":"Feature","id":"2102","properties":{"ubigeo":"2102","nombre_departamento":"puno","nombre_provincia":"azangaro","nombre_distrito":"","capital":"azangaro"},"geometry":{"type":"Polygon","coordinates":[[[-70.1814,-14.3079],[-70.1797,-14.2928],[-70.2094,-14.2684],[-70.2301,-14.3087],[-70.2513,-14.3054],[-70.2682,-14.283],[-70.2811,-14.3294],[-70.3266,-14.3499],[-70.3152,-14.38],[-70.334,-14.4526],[-70.3295,-14.4681],[-70.3528,-14.5077],[-70.3526,-14.5304],[-70.3692,-14.5411],[-70.3426,-14.5793],[-70.3655,-14.5974],[-70.404,-14.5623],[-70.4308,-14.5791],[-70.4124,-14.601],[-70.4172,-14.6149],[-70.3877,-14.6367],[-70.3818,-14.6664],[-70.4002,-14.7167],[-70.4171,-14.7313],[-70.4269,-14.7706],[-70.4455,-14.788],[-70.4542,-14.8249],[-70.4422,-14.8328],[-70.4366,-14.8589],[-70.4605,-14.8899],[-70.4682,-14.9264],[-70.4424,-14.9535],[-70.4309,-14.9517],[-70.4188,-14.9661],[-70.405,-14.958],[-70.3973,-14.9745],[-70.3865,-14.972],[-70.3908,-14.9812],[-70.3763,-14.9822],[-70.381,-14.9918],[-70.3708,-14.9939],[-70.3836,-14.9997],[-70.3618,-14.9978],[-70.3626,-15.0193],[-70.3451,-15.0316],[-70.364,-15.0356],[-70.3537,-15.0406],[-70.3605,-15.0497],[-70.3446,-15.0727],[-70.3602,-15.1144],[-70.3471,-15.1192],[-70.3592,-15.1234],[-70.3472,-15.1366],[-70.3609,-15.1404],[-70.3495,-15.1497],[-70.3563,-15.1637],[-70.2735,-15.1656],[-70.2297,-15.2013],[-70.2274,-15.252],[-70.209,-15.2519],[-70.2044,-15.299],[-70.1546,-15.2977],[-70.1481,-15.3126],[-70.1628,-15.3245],[-70.1592,-15.3548],[-70.132,-15.3338],[-70.1235,-15.3373],[-70.1071,-15.3453],[-70.0949,-15.3839],[-70.0664,-15.3534],[-70.0518,-15.354],[-70.0276,-15.3966],[-70.0061,-15.4028],[-69.975,-15.3845],[-69.9888,-15.346],[-70.006,-15.3271],[-70.0061,-15.2916],[-69.9971,-15.2757],[-69.9409,-15.2383],[-69.9032,-15.2356],[-69.8877,-15.2069],[-69.9027,-15.2181],[-69.9113,-15.2109],[-69.924,-15.2181],[-69.9266,-15.2097],[-69.9321,-15.2225],[-69.9467,-15.1921],[-69.942,-15.2037],[-69.9488,-15.2097],[-69.9665,-15.195],[-69.9486,-15.2207],[-69.9738,-15.205],[-70.0639,-15.1936],[-70.1162,-15.1679],[-70.1183,-15.1491],[-70.0927,-15.1462],[-70.0441,-15.1108],[-70.0342,-15.1186],[-70.0392,-15.1268],[-70.0262,-15.158],[-70.0194,-15.1586],[-70.0262,-15.1454],[-70.0163,-15.1447],[-70.0209,-15.1498],[-69.9903,-15.1685],[-69.9972,-15.1402],[-69.9886,-15.1089],[-69.9767,-15.1267],[-69.975,-15.1536],[-69.9555,-15.1748],[-69.9496,-15.1518],[-69.9309,-15.1492],[-69.9107,-15.1959],[-69.8873,-15.2058],[-69.8801,-15.1994],[-69.9003,-15.1705],[-69.8766,-15.1088],[-69.8843,-15.1026],[-69.8999,-15.1104],[-69.9099,-15.0946],[-69.9173,-15.0979],[-69.9219,-15.0594],[-69.9473,-15.055],[-69.9669,-15.0296],[-69.9582,-14.9644],[-69.9761,-14.944],[-69.9659,-14.9254],[-69.9886,-14.8731],[-69.9695,-14.852],[-69.9382,-14.8429],[-69.9116,-14.8653],[-69.8977,-14.8518],[-69.9008,-14.8273],[-69.8496,-14.7901],[-69.8583,-14.7776],[-69.8542,-14.7608],[-69.8362,-14.7384],[-69.8587,-14.6863],[-69.8486,-14.6558],[-69.857,-14.647],[-69.855,-14.6122],[-69.8651,-14.5853],[-69.8774,-14.6025],[-69.8971,-14.567],[-69.9139,-14.5797],[-69.9336,-14.5687],[-69.9876,-14.5837],[-70.0118,-14.5589],[-69.9498,-14.4916],[-69.893,-14.476],[-69.8899,-14.4343],[-69.9006,-14.4165],[-69.9398,-14.3987],[-69.9743,-14.3678],[-70.0524,-14.3703],[-70.1186,-14.3516],[-70.1364,-14.3552],[-70.1581,-14.3241],[-70.1833,-14.3193],[-70.1818,-14.309],[-70.1814,-14.3079]]]}},{"type":"Feature","id":"2103","properties":{"ubigeo":"2103","nombre_departamento":"puno","nombre_provincia":"carabaya","nombre_distrito":"","capital":"macusani"},"geometry":{"type":"Polygon","coordinates":[[[-70.401,-13.1149],[-70.4177,-13.1331],[-70.409,-13.1389],[-70.3897,-13.1315],[-70.4012,-13.1532],[-70.3856,-13.167],[-70.3845,-13.2047],[-70.3906,-13.2321],[-70.4163,-13.2426],[-70.423,-13.2547],[-70.4054,-13.2694],[-70.3708,-13.2764],[-70.3466,-13.2952],[-70.3458,-13.3127],[-70.3681,-13.3071],[-70.3956,-13.3167],[-70.3995,-13.3716],[-70.4198,-13.3586],[-70.4511,-13.3652],[-70.4426,-13.3954],[-70.4718,-13.4399],[-70.4526,-13.4479],[-70.4888,-13.5004],[-70.5389,-13.5313],[-70.5436,-13.5776],[-70.5779,-13.5858],[-70.6162,-13.6091],[-70.6628,-13.6606],[-70.6895,-13.6526],[-70.7151,-13.6623],[-70.7212,-13.7002],[-70.7359,-13.7124],[-70.7354,-13.7353],[-70.6989,-13.8032],[-70.7092,-13.8431],[-70.7322,-13.8234],[-70.7677,-13.8144],[-70.8284,-13.8276],[-70.8491,-13.8153],[-70.8539,-13.7986],[-70.8793,-13.8157],[-70.8751,-13.839],[-70.8324,-13.8569],[-70.8309,-13.8951],[-70.8097,-13.9123],[-70.8468,-13.9651],[-70.8526,-13.9982],[-70.8404,-14.0082],[-70.8618,-14.0262],[-70.8495,-14.0542],[-70.8317,-14.0615],[-70.8295,-14.0763],[-70.8179,-14.0676],[-70.7838,-14.0825],[-70.7181,-14.0757],[-70.7034,-14.0856],[-70.692,-14.1239],[-70.6524,-14.1209],[-70.6193,-14.1594],[-70.5894,-14.1579],[-70.57,-14.1446],[-70.551,-14.1553],[-70.5412,-14.1897],[-70.503,-14.2039],[-70.496,-14.2204],[-70.475,-14.221],[-70.4252,-14.1781],[-70.3877,-14.1962],[-70.3635,-14.1882],[-70.3566,-14.1706],[-70.3295,-14.1752],[-70.3163,-14.2058],[-70.2894,-14.2183],[-70.2881,-14.2651],[-70.2728,-14.2672],[-70.2751,-14.2775],[-70.2578,-14.2874],[-70.2513,-14.3054],[-70.2273,-14.3077],[-70.2219,-14.2797],[-70.2094,-14.2684],[-70.1797,-14.2928],[-70.1833,-14.3193],[-70.1581,-14.3241],[-70.1364,-14.3552],[-70.1186,-14.3516],[-70.0524,-14.3703],[-69.9728,-14.3683],[-69.9398,-14.3987],[-69.9022,-14.4151],[-69.8846,-14.4408],[-69.8179,-14.4485],[-69.8103,-14.4594],[-69.7961,-14.4566],[-69.7951,-14.4464],[-69.7777,-14.4486],[-69.7657,-14.4724],[-69.7319,-14.4928],[-69.7274,-14.5087],[-69.691,-14.5178],[-69.6605,-14.4519],[-69.6816,-14.4413],[-69.689,-14.4208],[-69.7222,-14.4209],[-69.7331,-14.3651],[-69.7283,-14.3482],[-69.7363,-14.3338],[-69.7574,-14.3356],[-69.7832,-14.312],[-69.7853,-14.2759],[-69.8005,-14.2682],[-69.8401,-14.2746],[-69.8536,-14.2554],[-69.8433,-14.2212],[-69.8504,-14.2122],[-69.8233,-14.1619],[-69.8329,-14.1382],[-69.8211,-14.1311],[-69.7975,-14.0667],[-69.7647,-14.0308],[-69.7527,-14.0349],[-69.7254,-14.0192],[-69.7232,-13.977],[-69.7022,-13.9358],[-69.665,-13.9054],[-69.6645,-13.8824],[-69.7285,-13.8411],[-69.7325,-13.8117],[-69.7617,-13.7922],[-69.7858,-13.7497],[-69.7787,-13.7389],[-69.7691,-13.7456],[-69.7537,-13.7379],[-69.746,-13.6906],[-69.7524,-13.6765],[-69.7263,-13.6347],[-69.7185,-13.6043],[-69.726,-13.592],[-69.707,-13.5493],[-69.7109,-13.5373],[-69.6962,-13.5217],[-69.7146,-13.521],[-69.7371,-13.5057],[-69.7238,-13.4922],[-69.7131,-13.5056],[-69.6827,-13.5008],[-69.669,-13.4752],[-69.6792,-13.4577],[-69.6547,-13.459],[-69.6512,-13.4267],[-69.6418,-13.4084],[-69.6323,-13.4083],[-69.6541,-13.3798],[-69.6499,-13.3417],[-70.2923,-13.147],[-70.401,-13.1149]]]}},{"type":"Feature","id":"2104","properties":{"ubigeo":"2104","nombre_departamento":"puno","nombre_provincia":"chucuito","nombre_distrito":"","capital":"juli"},"geometry":{"type":"Polygon","coordinates":[[[-69.5719,-16.1743],[-69.592,-16.2862],[-69.609,-16.3007],[-69.6322,-16.3009],[-69.6551,-16.3151],[-69.6521,-16.3392],[-69.6724,-16.337],[-69.668,-16.3646],[-69.6867,-16.379],[-69.6607,-16.4259],[-69.5829,-16.443],[-69.563,-16.4313],[-69.5544,-16.4464],[-69.5361,-16.418],[-69.5169,-16.4351],[-69.4838,-16.4287],[-69.4716,-16.4587],[-69.4801,-16.4873],[-69.4746,-16.5092],[-69.4883,-16.5264],[-69.4851,-16.5549],[-69.4992,-16.5655],[-69.4876,-16.6239],[-69.4985,-16.6373],[-69.4976,-16.6557],[-69.5257,-16.6552],[-69.5425,-16.6712],[-69.5116,-16.7469],[-69.5199,-16.7723],[-69.5401,-16.7872],[-69.5658,-16.8332],[-69.5551,-16.8493],[-69.566,-16.8764],[-69.5566,-16.8952],[-69.5685,-16.9169],[-69.5341,-16.9653],[-69.5466,-16.9794],[-69.5363,-17.0138],[-69.5452,-17.0397],[-69.5348,-17.0609],[-69.5713,-17.0846],[-69.586,-17.079],[-69.603,-17.0958],[-69.5874,-17.1129],[-69.5895,-17.141],[-69.5628,-17.175],[-69.5569,-17.1593],[-69.5118,-17.1462],[-69.4491,-17.0978],[-69.4329,-17.1099],[-69.3737,-17.0731],[-69.3731,-17.0483],[-69.3936,-17.0206],[-69.369,-16.9904],[-69.3354,-16.9803],[-69.3047,-16.9158],[-69.2192,-16.8361],[-69.1975,-16.7992],[-69.1862,-16.7976],[-69.17,-16.7275],[-69.0435,-16.6878],[-68.9961,-16.6566],[-69.0171,-16.6382],[-69.0313,-16.6058],[-69.0368,-16.5599],[-69.0677,-16.5312],[-69.0813,-16.4987],[-69.098,-16.4978],[-69.0918,-16.4702],[-69.066,-16.4524],[-69.0553,-16.4325],[-69.0425,-16.4301],[-69.0601,-16.4043],[-69.0542,-16.3926],[-69.1241,-16.3654],[-69.1246,-16.3947],[-69.1363,-16.3972],[-69.1451,-16.374],[-69.1365,-16.3546],[-69.1413,-16.3316],[-69.1898,-16.3155],[-69.2033,-16.3006],[-69.2002,-16.2642],[-69.235,-16.262],[-69.2464,-16.2708],[-69.2375,-16.2733],[-69.246,-16.2848],[-69.2578,-16.2858],[-69.2581,-16.3001],[-69.2821,-16.2869],[-69.2947,-16.2541],[-69.3552,-16.2511],[-69.3756,-16.2356],[-69.3994,-16.2069],[-69.4004,-16.1994],[-69.3836,-16.191],[-69.3883,-16.1804],[-69.404,-16.1904],[-69.4339,-16.1805],[-69.46,-16.2021],[-69.4727,-16.1982],[-69.4928,-16.2084],[-69.5139,-16.18],[-69.5395,-16.1757],[-69.5557,-16.1843],[-69.571,-16.1747],[-69.5719,-16.1743]]]}},{"type":"Feature","id":"2105","properties":{"ubigeo":"2105","nombre_departamento":"puno","nombre_provincia":"el collao","nombre_distrito":"","capital":"ilave"},"geometry":{"type":"Polygon","coordinates":[[[-69.6057,-15.9564],[-69.5276,-15.973],[-69.4624,-16.018],[-69.4762,-16.0181],[-69.4793,-16.0041],[-69.4945,-16.0157],[-69.4985,-15.9997],[-69.5182,-15.9826],[-69.5571,-15.9754],[-69.5802,-15.9878],[-69.6097,-15.9834],[-69.6212,-16.0137],[-69.6512,-16.0154],[-69.6553,-16.0599],[-69.7027,-16.0866],[-69.6689,-16.1149],[-69.6889,-16.1287],[-69.6869,-16.1487],[-69.7031,-16.1689],[-69.7066,-16.1945],[-69.7255,-16.2084],[-69.7436,-16.2044],[-69.7605,-16.2153],[-69.7756,-16.2599],[-69.8073,-16.2779],[-69.7982,-16.3214],[-69.8029,-16.3444],[-69.785,-16.3622],[-69.7997,-16.3855],[-69.851,-16.4],[-69.8647,-16.4453],[-69.8841,-16.4635],[-69.8785,-16.4737],[-69.8953,-16.509],[-69.9058,-16.5193],[-69.9266,-16.5143],[-69.9635,-16.5384],[-69.9907,-16.5788],[-70.0257,-16.5993],[-70.0246,-16.6312],[-70.0015,-16.6566],[-69.9984,-16.6751],[-70.0118,-16.6885],[-69.9956,-16.7298],[-70.0102,-16.7413],[-70.0355,-16.7429],[-70.0322,-16.7529],[-70.0571,-16.7702],[-70.0578,-16.7878],[-70.0903,-16.8109],[-70.0943,-16.8909],[-70.1181,-16.9238],[-70.1466,-16.9387],[-70.0953,-16.9858],[-70.0996,-17.006],[-70.0423,-17.0587],[-70.0403,-17.1277],[-70.0251,-17.1222],[-70.0139,-17.141],[-69.9876,-17.1514],[-69.9814,-17.1686],[-69.9723,-17.166],[-69.9428,-17.1978],[-69.8986,-17.2209],[-69.8755,-17.2223],[-69.8508,-17.2441],[-69.7882,-17.2364],[-69.7618,-17.2804],[-69.7311,-17.2955],[-69.6952,-17.2744],[-69.6554,-17.2707],[-69.6413,-17.2874],[-69.6363,-17.2712],[-69.616,-17.2613],[-69.6011,-17.2165],[-69.5781,-17.2065],[-69.5628,-17.175],[-69.5895,-17.141],[-69.5874,-17.1129],[-69.603,-17.0958],[-69.586,-17.079],[-69.5713,-17.0846],[-69.5348,-17.0609],[-69.5452,-17.0397],[-69.5363,-17.0138],[-69.5466,-16.9794],[-69.5341,-16.9653],[-69.5685,-16.9169],[-69.5566,-16.8952],[-69.566,-16.8764],[-69.5551,-16.8493],[-69.5658,-16.8332],[-69.5401,-16.7872],[-69.5199,-16.7723],[-69.5116,-16.7469],[-69.5425,-16.6712],[-69.5257,-16.6552],[-69.4976,-16.6557],[-69.4985,-16.6373],[-69.4876,-16.6239],[-69.4992,-16.5655],[-69.4851,-16.5549],[-69.4883,-16.5264],[-69.4746,-16.5092],[-69.4801,-16.4873],[-69.4709,-16.4739],[-69.4838,-16.4287],[-69.5169,-16.4351],[-69.5361,-16.418],[-69.5544,-16.4464],[-69.563,-16.4313],[-69.5829,-16.443],[-69.6607,-16.4259],[-69.6867,-16.378],[-69.668,-16.3646],[-69.6724,-16.337],[-69.6521,-16.3392],[-69.6551,-16.3151],[-69.6322,-16.3009],[-69.609,-16.3007],[-69.592,-16.2862],[-69.5726,-16.1743],[-69.5557,-16.1843],[-69.5395,-16.1757],[-69.5139,-16.18],[-69.5109,-16.1579],[-69.5028,-16.1738],[-69.4919,-16.1601],[-69.5055,-16.1437],[-69.4695,-16.1126],[-69.4687,-16.0943],[-69.4506,-16.0776],[-69.4556,-16.0607],[-69.439,-16.0542],[-69.4555,-16.0459],[-69.4369,-16.0498],[-69.4318,-16.0804],[-69.4528,-16.1144],[-69.4303,-16.0944],[-69.4223,-16.0572],[-69.4517,-15.9936],[-69.4814,-15.9942],[-69.5499,-15.9628],[-69.6025,-15.9566],[-69.6057,-15.9564]]]}},{"type":"Feature","id":"2106","properties":{"ubigeo":"2106","nombre_departamento":"puno","nombre_provincia":"huancane","nombre_distrito":"","capital":"huancane"},"geometry":{"type":"Polygon","coordinates":[[[-69.4794,-14.7724],[-69.4949,-14.7629],[-69.5119,-14.7738],[-69.4995,-14.8024],[-69.5297,-14.843],[-69.5177,-14.8762],[-69.5418,-14.9294],[-69.568,-14.9157],[-69.6121,-14.9132],[-69.6217,-14.9496],[-69.6365,-14.955],[-69.6588,-14.9432],[-69.7124,-14.9542],[-69.7294,-14.9759],[-69.7309,-14.9977],[-69.7459,-14.9945],[-69.7596,-14.9673],[-69.7824,-14.9546],[-69.801,-14.9588],[-69.7995,-14.9798],[-69.8334,-14.9877],[-69.8488,-15.0081],[-69.8432,-15.0187],[-69.8514,-15.0428],[-69.8857,-15.0813],[-69.8746,-15.0878],[-69.8762,-15.1071],[-69.9003,-15.1705],[-69.881,-15.201],[-69.8959,-15.2119],[-69.9032,-15.2356],[-69.9409,-15.2383],[-69.9954,-15.2741],[-70.0061,-15.2916],[-70.006,-15.3271],[-69.9888,-15.346],[-69.9759,-15.3872],[-70.0061,-15.4028],[-70.0255,-15.3984],[-70.051,-15.3543],[-70.0664,-15.3534],[-70.0947,-15.3837],[-70.0706,-15.3974],[-70.0813,-15.3988],[-70.0711,-15.4252],[-70.084,-15.4552],[-70.0254,-15.4379],[-70.0282,-15.4582],[-69.9914,-15.4866],[-69.9966,-15.5061],[-69.9718,-15.5363],[-69.9358,-15.509],[-69.9051,-15.5068],[-69.8969,-15.4946],[-69.943,-15.3972],[-69.928,-15.3849],[-69.9331,-15.3612],[-69.9271,-15.3748],[-69.9232,-15.366],[-69.9255,-15.3843],[-69.9143,-15.3708],[-69.921,-15.3664],[-69.9065,-15.3674],[-69.9048,-15.3557],[-69.8761,-15.3599],[-69.8739,-15.3772],[-69.8605,-15.3616],[-69.8395,-15.3677],[-69.8237,-15.3554],[-69.7911,-15.3519],[-69.8069,-15.3451],[-69.8394,-15.3496],[-69.8449,-15.3303],[-69.8442,-15.353],[-69.8717,-15.3669],[-69.8801,-15.3557],[-69.8739,-15.3513],[-69.8927,-15.341],[-69.8569,-15.3474],[-69.8683,-15.341],[-69.8638,-15.3368],[-69.8896,-15.3316],[-69.9029,-15.3033],[-69.8759,-15.3102],[-69.898,-15.2977],[-69.8801,-15.3014],[-69.8692,-15.2902],[-69.8671,-15.3026],[-69.8561,-15.3027],[-69.8573,-15.2919],[-69.8444,-15.2937],[-69.8471,-15.2835],[-69.8368,-15.2789],[-69.8184,-15.3068],[-69.8306,-15.2821],[-69.815,-15.2741],[-69.8163,-15.2876],[-69.794,-15.299],[-69.7812,-15.3199],[-69.7737,-15.3191],[-69.7739,-15.3061],[-69.7517,-15.3027],[-69.7584,-15.2977],[-69.7509,-15.2832],[-69.7244,-15.2965],[-69.7225,-15.3075],[-69.6992,-15.3099],[-69.7145,-15.2779],[-69.7406,-15.2792],[-69.7345,-15.2709],[-69.749,-15.2717],[-69.7467,-15.2604],[-69.7593,-15.2579],[-69.7498,-15.2498],[-69.74,-15.2573],[-69.7356,-15.2413],[-69.7181,-15.2439],[-69.7092,-15.233],[-69.6862,-15.2383],[-69.6887,-15.255],[-69.6774,-15.243],[-69.6551,-15.2714],[-69.6381,-15.2615],[-69.5431,-15.3085],[-69.5475,-15.285],[-69.5269,-15.2706],[-69.5195,-15.2486],[-69.5082,-15.2488],[-69.4861,-15.2716],[-69.4473,-15.2668],[-69.4434,-15.2444],[-69.4115,-15.2292],[-69.4011,-15.2128],[-69.362,-15.2141],[-69.3506,-15.1872],[-69.2928,-15.1622],[-69.2729,-15.1818],[-69.2406,-15.1868],[-69.2269,-15.2153],[-69.1894,-15.2312],[-69.1763,-15.2614],[-69.1522,-15.2689],[-69.1373,-15.2551],[-69.1201,-15.2601],[-69.1908,-15.1586],[-69.2362,-15.1197],[-69.2439,-15.1218],[-69.2435,-15.1122],[-69.2626,-15.1097],[-69.2656,-15.1172],[-69.2684,-15.1043],[-69.2773,-15.1099],[-69.2727,-15.1035],[-69.2924,-15.0837],[-69.2995,-15.0474],[-69.3144,-15.0412],[-69.3232,-15.0046],[-69.3606,-14.9611],[-69.3646,-14.931],[-69.3538,-14.9244],[-69.3439,-14.8827],[-69.3568,-14.852],[-69.3538,-14.8017],[-69.4038,-14.8257],[-69.4135,-14.855],[-69.438,-14.8341],[-69.4499,-14.787],[-69.4659,-14.7703],[-69.478,-14.7726],[-69.4794,-14.7724]]]}},{"type":"Feature","id":"2107","properties":{"ubigeo":"2107","nombre_departamento":"puno","nombre_provincia":"lampa","nombre_distrito":"","capital":"lampa"},"geometry":{"type":"Polygon","coordinates":[[[-70.4874,-14.9309],[-70.4963,-14.9218],[-70.4917,-14.9137],[-70.5007,-14.9139],[-70.5089,-14.9258],[-70.5077,-14.9467],[-70.4995,-14.9515],[-70.5426,-14.9934],[-70.5318,-15.0279],[-70.5503,-15.0549],[-70.5503,-15.0838],[-70.5333,-15.0949],[-70.5326,-15.1357],[-70.5126,-15.146],[-70.5469,-15.1947],[-70.5625,-15.1916],[-70.5791,-15.1464],[-70.6117,-15.1192],[-70.6222,-15.1284],[-70.6341,-15.1183],[-70.6573,-15.134],[-70.6712,-15.1321],[-70.6829,-15.1152],[-70.7079,-15.1266],[-70.7094,-15.0848],[-70.7578,-15.0452],[-70.7618,-15.0299],[-70.7974,-15.0244],[-70.8344,-15.0013],[-70.8668,-15.0391],[-70.8809,-15.0454],[-70.9043,-15.0383],[-70.9936,-15.0846],[-70.9786,-15.1114],[-70.982,-15.1495],[-70.9625,-15.2156],[-70.9853,-15.249],[-70.9502,-15.302],[-70.9591,-15.3191],[-70.9851,-15.3167],[-71.0061,-15.3352],[-71.039,-15.4052],[-71.0271,-15.432],[-70.9929,-15.4589],[-71.0184,-15.5],[-71.008,-15.5192],[-71.0184,-15.5294],[-71.0072,-15.5429],[-71.0065,-15.5655],[-70.9824,-15.598],[-70.9392,-15.618],[-70.918,-15.6438],[-70.9179,-15.6863],[-70.8999,-15.7176],[-70.9048,-15.7373],[-70.9226,-15.7462],[-70.9423,-15.7749],[-70.8922,-15.8506],[-70.8875,-15.8407],[-70.8692,-15.8373],[-70.8448,-15.8059],[-70.8139,-15.8144],[-70.8136,-15.7933],[-70.7973,-15.7803],[-70.7699,-15.7874],[-70.7461,-15.7761],[-70.6871,-15.7945],[-70.6625,-15.7794],[-70.6578,-15.7608],[-70.6382,-15.7464],[-70.6086,-15.7588],[-70.5724,-15.7197],[-70.5582,-15.7388],[-70.5459,-15.7386],[-70.5284,-15.6882],[-70.4941,-15.6778],[-70.4748,-15.657],[-70.4654,-15.6542],[-70.4338,-15.677],[-70.3666,-15.6643],[-70.3555,-15.64],[-70.2573,-15.5516],[-70.2708,-15.5109],[-70.2967,-15.4887],[-70.2888,-15.4643],[-70.301,-15.4681],[-70.3206,-15.4533],[-70.3403,-15.4101],[-70.3282,-15.3931],[-70.3154,-15.3958],[-70.3063,-15.386],[-70.2791,-15.4021],[-70.2687,-15.3955],[-70.2669,-15.3749],[-70.2924,-15.3542],[-70.2764,-15.3349],[-70.2757,-15.3139],[-70.1807,-15.377],[-70.1592,-15.3548],[-70.1628,-15.3245],[-70.1481,-15.3126],[-70.1546,-15.2977],[-70.2044,-15.299],[-70.209,-15.2519],[-70.2274,-15.252],[-70.2297,-15.2013],[-70.2735,-15.1656],[-70.3569,-15.1626],[-70.3495,-15.1497],[-70.3609,-15.1404],[-70.3472,-15.1366],[-70.3591,-15.1229],[-70.3471,-15.1192],[-70.3602,-15.1144],[-70.3446,-15.0734],[-70.3605,-15.0497],[-70.3537,-15.0406],[-70.364,-15.0356],[-70.3451,-15.032],[-70.365,-15.0144],[-70.3613,-14.9982],[-70.3831,-15.0002],[-70.3711,-14.9949],[-70.3811,-14.9916],[-70.3756,-14.9831],[-70.3903,-14.9817],[-70.3859,-14.9725],[-70.3973,-14.9745],[-70.404,-14.9584],[-70.4197,-14.966],[-70.4309,-14.9517],[-70.4471,-14.9504],[-70.4628,-14.9277],[-70.4764,-14.9381],[-70.4869,-14.9311],[-70.4874,-14.9309]]]}},{"type":"Feature","id":"2108","properties":{"ubigeo":"2108","nombre_departamento":"puno","nombre_provincia":"melgar","nombre_distrito":"","capital":"ayaviri"},"geometry":{"type":"Polygon","coordinates":[[[-70.7147,-14.0783],[-70.7898,-14.0788],[-70.8211,-14.1411],[-70.8463,-14.1489],[-70.8673,-14.1696],[-70.8862,-14.1714],[-70.8821,-14.1988],[-70.8946,-14.2091],[-70.8998,-14.233],[-70.8799,-14.2704],[-70.891,-14.2727],[-70.8928,-14.2867],[-70.9135,-14.3033],[-70.908,-14.3343],[-70.9621,-14.3612],[-70.9705,-14.3783],[-70.986,-14.3798],[-70.9787,-14.3945],[-70.9858,-14.4067],[-70.9624,-14.4445],[-70.988,-14.4553],[-70.9866,-14.4987],[-70.9993,-14.5026],[-70.9661,-14.5683],[-70.9777,-14.583],[-70.9995,-14.5723],[-71.0147,-14.578],[-71.0204,-14.5853],[-71.0101,-14.5975],[-71.031,-14.5933],[-71.0739,-14.6314],[-71.1091,-14.634],[-71.1181,-14.6479],[-71.1101,-14.6735],[-71.088,-14.6957],[-71.0895,-14.7132],[-71.0532,-14.7543],[-71.0357,-14.7521],[-71.0278,-14.7601],[-71.0131,-14.7397],[-70.9751,-14.765],[-70.9837,-14.786],[-70.9783,-14.8242],[-70.9947,-14.8299],[-70.9966,-14.8439],[-70.9847,-14.9461],[-71.0044,-14.9752],[-70.9936,-15.0846],[-70.9043,-15.0383],[-70.8809,-15.0454],[-70.8668,-15.0391],[-70.8344,-15.0013],[-70.7974,-15.0244],[-70.7618,-15.0299],[-70.7578,-15.0452],[-70.7094,-15.0848],[-70.7079,-15.1266],[-70.6829,-15.1152],[-70.6712,-15.1321],[-70.6573,-15.134],[-70.6341,-15.1183],[-70.6222,-15.1284],[-70.6117,-15.1192],[-70.5791,-15.1464],[-70.5625,-15.1916],[-70.5482,-15.1949],[-70.5126,-15.146],[-70.5326,-15.1357],[-70.5333,-15.0949],[-70.5503,-15.0838],[-70.5503,-15.0549],[-70.5318,-15.0279],[-70.5424,-14.9926],[-70.4995,-14.9515],[-70.5077,-14.9467],[-70.5089,-14.9258],[-70.5007,-14.9139],[-70.4919,-14.9134],[-70.4952,-14.9244],[-70.4767,-14.9381],[-70.4655,-14.9282],[-70.461,-14.8911],[-70.4364,-14.8579],[-70.4422,-14.8328],[-70.4542,-14.8249],[-70.4455,-14.788],[-70.4269,-14.7706],[-70.4171,-14.7313],[-70.4002,-14.7167],[-70.3821,-14.6679],[-70.3877,-14.6367],[-70.4172,-14.6149],[-70.4124,-14.601],[-70.4308,-14.5791],[-70.404,-14.5623],[-70.3655,-14.5974],[-70.3426,-14.5793],[-70.3692,-14.5411],[-70.3526,-14.5304],[-70.3528,-14.5077],[-70.3295,-14.4681],[-70.334,-14.4526],[-70.3152,-14.38],[-70.3278,-14.3528],[-70.2811,-14.3294],[-70.2665,-14.2905],[-70.2728,-14.2672],[-70.2859,-14.2677],[-70.2904,-14.2583],[-70.2894,-14.2183],[-70.3163,-14.2058],[-70.3295,-14.1752],[-70.3566,-14.1706],[-70.3635,-14.1882],[-70.3877,-14.1962],[-70.4252,-14.1781],[-70.475,-14.221],[-70.496,-14.2204],[-70.503,-14.2039],[-70.5412,-14.1897],[-70.551,-14.1553],[-70.57,-14.1446],[-70.6072,-14.1615],[-70.6293,-14.1533],[-70.6524,-14.1209],[-70.692,-14.1239],[-70.7034,-14.0856],[-70.7132,-14.0797],[-70.7147,-14.0783]]]}},{"type":"Feature","id":"2109","properties":{"ubigeo":"2109","nombre_departamento":"puno","nombre_provincia":"moho","nombre_distrito":"","capital":"moho"},"geometry":{"type":"Polygon","coordinates":[[[-69.2839,-15.1702],[-69.2928,-15.1622],[-69.3506,-15.1872],[-69.3657,-15.2155],[-69.4011,-15.2128],[-69.4115,-15.2292],[-69.4434,-15.2444],[-69.4473,-15.2668],[-69.4861,-15.2716],[-69.5082,-15.2488],[-69.5195,-15.2486],[-69.5269,-15.2706],[-69.5475,-15.285],[-69.5431,-15.3085],[-69.6389,-15.2612],[-69.6559,-15.2716],[-69.6687,-15.2682],[-69.6403,-15.286],[-69.6333,-15.313],[-69.6539,-15.2979],[-69.6301,-15.3307],[-69.6405,-15.3342],[-69.6298,-15.3437],[-69.6343,-15.3532],[-69.6233,-15.3535],[-69.6294,-15.3463],[-69.6223,-15.3444],[-69.5891,-15.373],[-69.5682,-15.3623],[-69.5732,-15.3509],[-69.5666,-15.3476],[-69.5532,-15.376],[-69.5221,-15.37],[-69.5161,-15.3787],[-69.5317,-15.3868],[-69.5124,-15.4074],[-69.4974,-15.4049],[-69.4991,-15.4138],[-69.4403,-15.4626],[-69.4418,-15.4911],[-69.4321,-15.5056],[-69.415,-15.498],[-69.4331,-15.4783],[-69.3982,-15.4827],[-69.3761,-15.4715],[-69.3584,-15.4829],[-69.3591,-15.5027],[-69.35,-15.5108],[-69.3631,-15.5141],[-69.3618,-15.4992],[-69.3726,-15.5025],[-69.3771,-15.482],[-69.3748,-15.4915],[-69.3911,-15.5073],[-69.3311,-15.5379],[-69.3089,-15.5051],[-69.3134,-15.4925],[-69.3006,-15.4863],[-69.3117,-15.473],[-69.2901,-15.4369],[-69.2535,-15.4692],[-69.2408,-15.4604],[-69.2323,-15.4418],[-69.2498,-15.4267],[-69.2603,-15.374],[-69.2486,-15.3708],[-69.2156,-15.3172],[-69.2066,-15.3243],[-69.1948,-15.315],[-69.1732,-15.2558],[-69.1912,-15.2297],[-69.2269,-15.2153],[-69.2406,-15.1868],[-69.2776,-15.1793],[-69.2839,-15.1702]]]}},{"type":"Feature","id":"2110","properties":{"ubigeo":"2110","nombre_departamento":"puno","nombre_provincia":"san antonio de putina","nombre_distrito":"","capital":"putina"},"geometry":{"type":"Polygon","coordinates":[[[-69.2472,-14.3154],[-69.2635,-14.3063],[-69.2741,-14.3113],[-69.2708,-14.3474],[-69.3031,-14.3991],[-69.2892,-14.425],[-69.2964,-14.4855],[-69.3153,-14.5225],[-69.3133,-14.5521],[-69.3332,-14.5764],[-69.3283,-14.6136],[-69.3478,-14.6235],[-69.3726,-14.6102],[-69.4127,-14.6211],[-69.4416,-14.6131],[-69.447,-14.5974],[-69.4663,-14.5875],[-69.4928,-14.5927],[-69.5061,-14.6076],[-69.5246,-14.6037],[-69.5489,-14.6269],[-69.5818,-14.6272],[-69.6135,-14.6618],[-69.6571,-14.6086],[-69.6603,-14.5432],[-69.6721,-14.5236],[-69.7274,-14.5087],[-69.7319,-14.4928],[-69.7657,-14.4724],[-69.7777,-14.4486],[-69.7951,-14.4464],[-69.7961,-14.4566],[-69.8103,-14.4594],[-69.817,-14.4487],[-69.8701,-14.4447],[-69.8899,-14.4343],[-69.8949,-14.4783],[-69.9498,-14.4916],[-69.9542,-14.5041],[-69.9909,-14.529],[-70.0118,-14.5589],[-69.9886,-14.5833],[-69.9336,-14.5687],[-69.9139,-14.5797],[-69.9008,-14.5659],[-69.8774,-14.6025],[-69.8671,-14.5855],[-69.8611,-14.5904],[-69.857,-14.647],[-69.8486,-14.6558],[-69.8587,-14.6863],[-69.8362,-14.7384],[-69.8542,-14.7608],[-69.8583,-14.7776],[-69.8496,-14.7901],[-69.9008,-14.8273],[-69.8977,-14.8518],[-69.9116,-14.8653],[-69.9382,-14.8429],[-69.9695,-14.852],[-69.9886,-14.8731],[-69.9659,-14.9254],[-69.9761,-14.944],[-69.9582,-14.9644],[-69.9669,-15.0296],[-69.9473,-15.055],[-69.9219,-15.0594],[-69.9173,-15.0979],[-69.9099,-15.0946],[-69.8999,-15.1104],[-69.8843,-15.1026],[-69.8766,-15.1088],[-69.8746,-15.0878],[-69.8857,-15.0813],[-69.8514,-15.0428],[-69.8473,-15.0049],[-69.8275,-14.9818],[-69.8158,-14.9872],[-69.7985,-14.9788],[-69.8002,-14.9581],[-69.7824,-14.9546],[-69.7649,-14.9634],[-69.7459,-14.9945],[-69.7309,-14.9977],[-69.7294,-14.9759],[-69.7124,-14.9542],[-69.6588,-14.9432],[-69.6365,-14.955],[-69.6217,-14.9496],[-69.6121,-14.9132],[-69.568,-14.9157],[-69.5418,-14.9294],[-69.5177,-14.8762],[-69.5297,-14.843],[-69.4995,-14.8024],[-69.5125,-14.7757],[-69.4975,-14.7637],[-69.463,-14.7726],[-69.4494,-14.788],[-69.438,-14.8341],[-69.4135,-14.855],[-69.4038,-14.8257],[-69.3399,-14.7956],[-69.3026,-14.7658],[-69.2709,-14.7696],[-69.2399,-14.7595],[-69.2249,-14.739],[-69.2584,-14.684],[-69.2449,-14.6613],[-69.2279,-14.6542],[-69.231,-14.6087],[-69.2216,-14.5823],[-69.1792,-14.5905],[-69.15,-14.5803],[-69.1435,-14.5303],[-69.1542,-14.5221],[-69.1213,-14.5102],[-69.1126,-14.4912],[-69.1488,-14.4513],[-69.1817,-14.4384],[-69.2205,-14.4393],[-69.2185,-14.3925],[-69.232,-14.3829],[-69.235,-14.357],[-69.2284,-14.3426],[-69.2466,-14.3158],[-69.2472,-14.3154]]]}},{"type":"Feature","id":"2111","properties":{"ubigeo":"2111","nombre_departamento":"puno","nombre_provincia":"san roman","nombre_distrito":"","capital":"juliaca"},"geometry":{"type":"Polygon","coordinates":[[[-70.2369,-15.3366],[-70.2757,-15.3139],[-70.2764,-15.3349],[-70.2924,-15.3542],[-70.2669,-15.3749],[-70.2687,-15.3955],[-70.2791,-15.4021],[-70.3063,-15.386],[-70.3154,-15.3958],[-70.3282,-15.3931],[-70.3408,-15.4116],[-70.3206,-15.4533],[-70.301,-15.4681],[-70.2888,-15.4643],[-70.2967,-15.4887],[-70.2708,-15.5109],[-70.2592,-15.5553],[-70.3191,-15.603],[-70.3763,-15.6701],[-70.4358,-15.6768],[-70.4662,-15.6541],[-70.4941,-15.6778],[-70.5284,-15.6882],[-70.5468,-15.739],[-70.5582,-15.7388],[-70.5716,-15.7194],[-70.6086,-15.7588],[-70.6382,-15.7464],[-70.6578,-15.7608],[-70.6625,-15.7794],[-70.6871,-15.7945],[-70.7461,-15.7761],[-70.7693,-15.7873],[-70.8003,-15.7816],[-70.8136,-15.7933],[-70.8139,-15.8144],[-70.8448,-15.8059],[-70.8692,-15.8373],[-70.8884,-15.8415],[-70.8963,-15.8774],[-70.8859,-15.8935],[-70.8658,-15.8894],[-70.8433,-15.9233],[-70.8322,-15.9491],[-70.8413,-15.9718],[-70.8075,-15.988],[-70.8,-15.976],[-70.776,-16.0134],[-70.7412,-16.0162],[-70.7221,-16.0342],[-70.6683,-16.0134],[-70.6408,-15.9876],[-70.6248,-16.003],[-70.5515,-15.9769],[-70.5166,-15.9762],[-70.4808,-15.9465],[-70.4793,-15.9112],[-70.4462,-15.8957],[-70.4453,-15.8676],[-70.4277,-15.8489],[-70.4315,-15.8335],[-70.4191,-15.8194],[-70.4384,-15.7871],[-70.4158,-15.7366],[-70.3959,-15.7298],[-70.3743,-15.741],[-70.3414,-15.7261],[-70.3128,-15.7369],[-70.2613,-15.6737],[-70.2462,-15.6755],[-70.2051,-15.6423],[-70.2012,-15.6169],[-70.1679,-15.6322],[-70.1455,-15.6699],[-70.1234,-15.6375],[-70.0837,-15.6425],[-70.0857,-15.6344],[-70.0257,-15.5655],[-69.9982,-15.5597],[-70.0148,-15.5581],[-70.0107,-15.5522],[-69.994,-15.542],[-69.9885,-15.5537],[-69.9618,-15.5468],[-69.9966,-15.5061],[-69.9914,-15.4866],[-70.0282,-15.4582],[-70.0254,-15.4379],[-70.084,-15.4552],[-70.0711,-15.4252],[-70.0813,-15.3988],[-70.0706,-15.3974],[-70.0788,-15.3876],[-70.0908,-15.39],[-70.1071,-15.3453],[-70.132,-15.3338],[-70.1807,-15.377],[-70.2353,-15.3368],[-70.2369,-15.3366]]]}},{"type":"Feature","id":"2112","properties":{"ubigeo":"2112","nombre_departamento":"puno","nombre_provincia":"sandia","nombre_distrito":"","capital":"sandia"},"geometry":{"type":"Polygon","coordinates":[[[-68.8676,-13.0107],[-68.8719,-13.0039],[-69.6499,-13.3417],[-69.6541,-13.3798],[-69.6323,-13.4083],[-69.6418,-13.4084],[-69.6512,-13.4267],[-69.6544,-13.4586],[-69.6792,-13.4577],[-69.669,-13.4752],[-69.6836,-13.5015],[-69.7131,-13.5056],[-69.7238,-13.4922],[-69.7371,-13.5057],[-69.7146,-13.521],[-69.6962,-13.5217],[-69.7109,-13.5373],[-69.707,-13.5493],[-69.726,-13.592],[-69.7185,-13.6043],[-69.7263,-13.6347],[-69.7524,-13.6765],[-69.746,-13.6906],[-69.7537,-13.7379],[-69.7691,-13.7456],[-69.7787,-13.7389],[-69.7857,-13.7507],[-69.7617,-13.7922],[-69.7325,-13.8117],[-69.7285,-13.8411],[-69.6645,-13.8824],[-69.6649,-13.9049],[-69.7022,-13.9358],[-69.7232,-13.977],[-69.7254,-14.0192],[-69.7527,-14.0349],[-69.7647,-14.0308],[-69.7975,-14.0667],[-69.8211,-14.1311],[-69.8329,-14.1382],[-69.8233,-14.1619],[-69.8504,-14.2122],[-69.8433,-14.2212],[-69.8535,-14.2565],[-69.8401,-14.2746],[-69.8005,-14.2682],[-69.7853,-14.2759],[-69.7832,-14.312],[-69.7574,-14.3356],[-69.7363,-14.3338],[-69.7283,-14.3482],[-69.7331,-14.3651],[-69.7222,-14.4209],[-69.689,-14.4208],[-69.6816,-14.4413],[-69.6605,-14.4519],[-69.691,-14.5178],[-69.6666,-14.531],[-69.6571,-14.6086],[-69.6135,-14.6618],[-69.5818,-14.6272],[-69.5489,-14.6269],[-69.5389,-14.6114],[-69.5162,-14.6016],[-69.5061,-14.6076],[-69.4817,-14.59],[-69.4606,-14.5874],[-69.4447,-14.6116],[-69.4127,-14.6211],[-69.3726,-14.6102],[-69.3478,-14.6235],[-69.3285,-14.6139],[-69.3249,-14.6003],[-69.3332,-14.5764],[-69.3133,-14.5521],[-69.3153,-14.5225],[-69.307,-14.5175],[-69.2906,-14.4515],[-69.2892,-14.425],[-69.3031,-14.3991],[-69.2708,-14.3474],[-69.269,-14.3071],[-69.2458,-14.3163],[-69.2284,-14.3426],[-69.235,-14.357],[-69.232,-14.3829],[-69.2185,-14.3925],[-69.2205,-14.4393],[-69.1817,-14.4384],[-69.1427,-14.4551],[-69.1181,-14.4861],[-69.0988,-14.4861],[-69.0819,-14.4444],[-69.0284,-14.4248],[-69.0248,-14.4068],[-69.0053,-14.4043],[-69.004,-14.3912],[-68.9852,-14.3743],[-69.0152,-14.3147],[-68.9792,-14.2656],[-68.985,-14.2371],[-68.9689,-14.2352],[-68.9624,-14.2201],[-68.8278,-14.2194],[-68.8311,-14.2053],[-68.8463,-14.1969],[-68.8562,-14.1627],[-68.8337,-14.1539],[-68.8333,-14.1449],[-68.8711,-14.1111],[-68.8903,-14.0466],[-68.9179,-14.0274],[-68.9363,-14.0263],[-68.9463,-14.0045],[-68.9789,-13.9765],[-68.9633,-13.9487],[-68.9828,-13.9301],[-68.9825,-13.8947],[-68.9728,-13.8822],[-68.951,-13.8787],[-68.941,-13.8395],[-68.9172,-13.8142],[-68.9586,-13.7905],[-68.9743,-13.7962],[-68.9942,-13.7875],[-68.9924,-13.778],[-68.9804,-13.783],[-68.9745,-13.7606],[-69.0078,-13.7385],[-69.0259,-13.7393],[-69.0355,-13.7162],[-69.0672,-13.6868],[-69.0632,-13.6594],[-69.0468,-13.645],[-69.0356,-13.6405],[-69.033,-13.6539],[-69.0203,-13.6576],[-68.9958,-13.6524],[-68.9902,-13.6349],[-69.005,-13.6241],[-68.9724,-13.6111],[-68.9722,-13.6014],[-68.9525,-13.6044],[-68.9581,-13.5898],[-68.9458,-13.5686],[-68.9495,-13.5515],[-68.9356,-13.5347],[-68.9408,-13.5223],[-68.9352,-13.5291],[-68.9221,-13.5173],[-68.9193,-13.5253],[-68.9145,-13.5125],[-68.9219,-13.5101],[-68.9074,-13.4891],[-68.9168,-13.4843],[-68.9014,-13.4704],[-68.906,-13.4567],[-68.8961,-13.4613],[-68.906,-13.4371],[-68.8988,-13.4467],[-68.9005,-13.4352],[-68.8895,-13.4354],[-68.8977,-13.4133],[-68.8853,-13.4044],[-68.8947,-13.4017],[-68.8846,-13.3931],[-68.8917,-13.3832],[-68.8688,-13.3592],[-68.8754,-13.3539],[-68.867,-13.3508],[-68.879,-13.3444],[-68.868,-13.3335],[-68.8788,-13.3294],[-68.8594,-13.3123],[-68.8684,-13.2998],[-68.8569,-13.294],[-68.8619,-13.2713],[-68.849,-13.2696],[-68.8593,-13.2672],[-68.8529,-13.2614],[-68.8595,-13.256],[-68.8453,-13.2467],[-68.8575,-13.235],[-68.8538,-13.2221],[-68.8627,-13.225],[-68.8614,-13.2124],[-68.8522,-13.2107],[-68.8721,-13.1814],[-68.8611,-13.1835],[-68.8568,-13.17],[-68.8709,-13.168],[-68.8581,-13.1505],[-68.8699,-13.1489],[-68.8677,-13.1344],[-68.878,-13.1362],[-68.866,-13.1193],[-68.8731,-13.1131],[-68.8592,-13.1133],[-68.8664,-13.111],[-68.8598,-13.0957],[-68.8691,-13.0815],[-68.8542,-13.0599],[-68.863,-13.0474],[-68.8501,-13.048],[-68.8517,-13.0325],[-68.8668,-13.0309],[-68.8535,-13.0152],[-68.8705,-13.019],[-68.8692,-13.0112],[-68.8676,-13.0107]]]}},{"type":"Feature","id":"2113","properties":{"ubigeo":"2113","nombre_departamento":"puno","nombre_provincia":"yunguyo","nombre_distrito":"","capital":"yunguyo"},"geometry":{"type":"MultiPolygon","coordinates":[[[[-68.9774,-16.1892],[-69.007,-16.2054],[-69.0128,-16.2198],[-69.0553,-16.1974],[-69.0815,-16.2214],[-69.1025,-16.2241],[-69.0973,-16.2438],[-69.1147,-16.2373],[-69.1483,-16.2543],[-69.2002,-16.2642],[-69.2033,-16.3006],[-69.1898,-16.3155],[-69.1413,-16.3316],[-69.1365,-16.3546],[-69.1451,-16.374],[-69.1363,-16.3972],[-69.1255,-16.3967],[-69.1243,-16.3656],[-69.1167,-16.3654],[-69.0542,-16.3926],[-69.0606,-16.4028],[-69.0472,-16.4203],[-69.0232,-16.4041],[-69.0308,-16.3758],[-69.022,-16.3319],[-69.05,-16.2831],[-69.0781,-16.2759],[-69.0771,-16.2605],[-69.0551,-16.2491],[-69.0314,-16.2747],[-69.0266,-16.2638],[-69.0068,-16.2601],[-68.9905,-16.2363],[-69.0065,-16.2714],[-68.9959,-16.2737],[-68.9869,-16.2579],[-68.9831,-16.2654],[-68.9719,-16.2361],[-68.966,-16.2398],[-68.9701,-16.2302],[-68.9587,-16.2266],[-68.9654,-16.2188],[-68.9566,-16.1966],[-68.9759,-16.1907],[-68.9774,-16.1892]]],[[[-68.8142,-16.348],[-68.8142,-16.3198],[-68.9184,-16.2333],[-68.9184,-16.4037],[-68.8142,-16.348]]],[[[-68.9387,-16.2338],[-68.9533,-16.2265],[-68.9449,-16.2448],[-68.9382,-16.2343],[-68.9387,-16.2338]]]]}},{"type":"Feature","id":"2201","properties":{"ubigeo":"2201","nombre_departamento":"san martin","nombre_provincia":"moyobamba","nombre_distrito":"","capital":"moyobamba"},"geometry":{"type":"Polygon","coordinates":[[[-77.7168,-5.416],[-77.7448,-5.4069],[-77.7325,-5.4354],[-77.6418,-5.5227],[-77.659,-5.572],[-77.6242,-5.6299],[-77.6205,-5.6557],[-77.5829,-5.6867],[-77.5872,-5.6982],[-77.5717,-5.7072],[-77.5754,-5.7128],[-77.5333,-5.7044],[-77.5334,-5.6927],[-77.5252,-5.6981],[-77.5081,-5.6862],[-77.516,-5.6776],[-77.5089,-5.6734],[-77.4617,-5.6792],[-77.4461,-5.6897],[-77.439,-5.68],[-77.4204,-5.6787],[-77.4016,-5.7102],[-77.3814,-5.7071],[-77.384,-5.7159],[-77.3751,-5.7113],[-77.3729,-5.7252],[-77.3598,-5.7198],[-77.3606,-5.7337],[-77.3512,-5.7306],[-77.3403,-5.7594],[-77.3324,-5.7537],[-77.3147,-5.767],[-77.3151,-5.7546],[-77.307,-5.764],[-77.2989,-5.7555],[-77.2996,-5.7674],[-77.2849,-5.7767],[-77.2793,-5.769],[-77.2823,-5.7801],[-77.2674,-5.7784],[-77.263,-5.7921],[-77.2706,-5.799],[-77.2514,-5.8042],[-77.2475,-5.8325],[-77.2564,-5.829],[-77.2545,-5.8418],[-77.2378,-5.8607],[-77.2465,-5.8828],[-77.2127,-5.9076],[-77.2189,-5.9199],[-77.2053,-5.9242],[-77.2029,-5.94],[-77.1889,-5.9363],[-77.1823,-5.9471],[-77.1614,-5.9358],[-77.153,-5.9401],[-77.154,-5.9328],[-77.1484,-5.9421],[-77.142,-5.9365],[-77.1388,-5.9536],[-77.1484,-5.9595],[-77.1404,-5.9603],[-77.1404,-5.9718],[-77.1492,-5.9779],[-77.1396,-5.9801],[-77.1422,-5.9971],[-77.1481,-5.994],[-77.1573,-6.0089],[-77.1479,-6.0179],[-77.156,-6.0393],[-77.1442,-6.0562],[-77.152,-6.0704],[-77.1436,-6.0804],[-77.1394,-6.0733],[-77.1369,-6.0862],[-77.146,-6.0869],[-77.1464,-6.108],[-77.1339,-6.1097],[-77.1327,-6.1285],[-77.1235,-6.1329],[-77.1311,-6.1464],[-77.1198,-6.1625],[-77.1245,-6.2034],[-77.1531,-6.2097],[-77.1778,-6.2335],[-77.1973,-6.2334],[-77.1741,-6.2465],[-77.1708,-6.2652],[-77.1327,-6.3024],[-77.1466,-6.3511],[-77.1271,-6.3889],[-77.1155,-6.3992],[-77.0975,-6.3874],[-77.0518,-6.4099],[-77.0437,-6.4027],[-77.0061,-6.4133],[-76.9716,-6.3832],[-76.9571,-6.399],[-76.9345,-6.3843],[-76.9441,-6.3543],[-76.9718,-6.3225],[-76.9539,-6.2803],[-76.9007,-6.2877],[-76.8852,-6.2694],[-76.8671,-6.2646],[-76.8351,-6.2852],[-76.8154,-6.2445],[-76.8169,-6.2031],[-76.829,-6.2003],[-76.8313,-6.1901],[-76.8375,-6.1104],[-76.8476,-6.0996],[-76.8707,-6.0978],[-76.8841,-6.0811],[-76.8719,-6.0762],[-76.8471,-6.0307],[-76.8194,-6.0332],[-76.7609,-6.0101],[-76.7456,-5.9749],[-76.7467,-5.954],[-76.7661,-5.9447],[-76.7777,-5.9006],[-76.8202,-5.8593],[-76.8263,-5.8178],[-76.8163,-5.8076],[-76.8294,-5.7773],[-76.8246,-5.7573],[-76.8375,-5.7444],[-76.8618,-5.7397],[-76.8928,-5.7478],[-76.9344,-5.7115],[-76.9729,-5.699],[-76.9956,-5.6671],[-77.0621,-5.6676],[-77.1099,-5.6479],[-77.1269,-5.651],[-77.1424,-5.6254],[-77.1619,-5.6246],[-77.1787,-5.6414],[-77.2022,-5.6345],[-77.2319,-5.5955],[-77.2658,-5.614],[-77.2799,-5.6011],[-77.337,-5.604],[-77.3718,-5.5671],[-77.4042,-5.5744],[-77.4106,-5.5898],[-77.4608,-5.5847],[-77.4728,-5.5548],[-77.4902,-5.5625],[-77.5074,-5.5527],[-77.4923,-5.5197],[-77.5181,-5.4655],[-77.5581,-5.4256],[-77.5795,-5.4598],[-77.5948,-5.4642],[-77.607,-5.4486],[-77.66,-5.4247],[-77.6719,-5.4088],[-77.7127,-5.4164],[-77.7168,-5.416]]]}},{"type":"Feature","id":"2202","properties":{"ubigeo":"2202","nombre_departamento":"san martin","nombre_provincia":"bellavista","nombre_distrito":"","capital":"bellavista"},"geometry":{"type":"Polygon","coordinates":[[[-76.5008,-6.7876],[-76.5043,-6.7536],[-76.5239,-6.7254],[-76.5345,-6.7488],[-76.595,-6.7943],[-76.6209,-6.7758],[-76.6836,-6.8099],[-76.6973,-6.7991],[-76.7362,-6.8062],[-76.7055,-6.8818],[-76.6339,-6.9863],[-76.6535,-7.009],[-76.6321,-7.0423],[-76.6326,-7.099],[-76.6481,-7.1026],[-76.669,-7.1281],[-76.6331,-7.1493],[-76.6138,-7.208],[-76.6239,-7.2319],[-76.5833,-7.2585],[-76.5574,-7.3067],[-76.5711,-7.33],[-76.5646,-7.3641],[-76.5744,-7.3852],[-76.5645,-7.3961],[-76.5686,-7.4154],[-76.5577,-7.4424],[-76.5645,-7.4622],[-76.5512,-7.504],[-76.5571,-7.5486],[-76.5742,-7.5577],[-76.5798,-7.6092],[-76.568,-7.6233],[-76.5657,-7.6581],[-76.5773,-7.6788],[-76.5917,-7.681],[-76.61,-7.7029],[-76.6304,-7.7491],[-76.616,-7.778],[-76.6368,-7.8541],[-76.615,-7.8519],[-76.6057,-7.8741],[-76.6245,-7.9059],[-76.628,-7.9438],[-76.6153,-7.9548],[-76.6147,-7.9854],[-76.5952,-8.0013],[-76.5554,-7.9955],[-76.52,-8.0314],[-76.4558,-8.0555],[-76.4488,-8.0735],[-76.4305,-8.0782],[-76.3766,-8.1292],[-76.3764,-8.145],[-76.3534,-8.137],[-76.335,-8.1487],[-76.3283,-8.1581],[-76.3334,-8.2039],[-76.3037,-8.2068],[-76.2975,-8.2181],[-76.2605,-8.2083],[-76.2316,-8.214],[-76.2274,-8.2387],[-76.2026,-8.2646],[-76.1967,-8.2957],[-76.1658,-8.3112],[-76.1514,-8.3576],[-76.1321,-8.3773],[-76.107,-8.3318],[-76.0563,-8.3293],[-76.0426,-8.3416],[-76.0044,-8.3056],[-75.9843,-8.3222],[-75.9487,-8.3183],[-75.9208,-8.2997],[-75.9129,-8.2561],[-75.9265,-8.2062],[-75.9412,-8.1862],[-75.934,-8.1344],[-75.9518,-8.1013],[-75.9294,-8.0893],[-75.921,-8.0731],[-75.8873,-8.0749],[-75.8449,-8.0596],[-75.8295,-7.9735],[-75.8588,-7.9211],[-75.9278,-7.9573],[-75.9395,-7.9461],[-75.967,-7.9604],[-75.9929,-7.9543],[-75.9795,-7.9008],[-76.006,-7.8906],[-76.0085,-7.856],[-76.0373,-7.8169],[-76.0438,-7.7923],[-76.0606,-7.7878],[-76.0671,-7.7693],[-76.0844,-7.7626],[-76.0867,-7.7292],[-76.1016,-7.7227],[-76.1013,-7.6505],[-76.0824,-7.6319],[-76.0939,-7.6097],[-76.0797,-7.5843],[-76.0914,-7.5604],[-76.1157,-7.5625],[-76.1219,-7.526],[-76.1673,-7.493],[-76.2149,-7.4023],[-76.1959,-7.3344],[-76.2131,-7.3101],[-76.1667,-7.2676],[-76.1593,-7.2306],[-76.1433,-7.2087],[-76.1594,-7.1957],[-76.1578,-7.1027],[-76.169,-7.0823],[-76.2372,-7.0745],[-76.2573,-7.0613],[-76.3136,-7.0609],[-76.3693,-7.017],[-76.4159,-7.0209],[-76.4191,-7.0014],[-76.4243,-7.0135],[-76.4501,-7.0059],[-76.4546,-7.0139],[-76.4656,-7.0089],[-76.465,-6.9922],[-76.4709,-6.9987],[-76.4779,-6.9867],[-76.4816,-6.9955],[-76.4868,-6.9871],[-76.4986,-6.9925],[-76.5056,-6.9684],[-76.5237,-6.9759],[-76.5196,-6.9622],[-76.5283,-6.9616],[-76.527,-6.9504],[-76.5454,-6.9469],[-76.5388,-6.9402],[-76.5493,-6.9283],[-76.5381,-6.9134],[-76.5141,-6.9056],[-76.5085,-6.8892],[-76.4728,-6.8587],[-76.4742,-6.8266],[-76.4631,-6.8211],[-76.5001,-6.7925],[-76.5008,-6.7876]]]}},{"type":"Feature","id":"2203","properties":{"ubigeo":"2203","nombre_departamento":"san martin","nombre_provincia":"el dorado","nombre_distrito":"","capital":"san jose de sisa"},"geometry":{"type":"Polygon","coordinates":[[[-76.8364,-6.2872],[-76.8671,-6.2646],[-76.8852,-6.2694],[-76.9007,-6.2877],[-76.9539,-6.2803],[-76.9718,-6.3225],[-76.9441,-6.3543],[-76.9345,-6.3843],[-76.9525,-6.3972],[-76.9445,-6.4391],[-76.921,-6.4713],[-76.8773,-6.4927],[-76.8408,-6.5498],[-76.7954,-6.6493],[-76.7808,-6.7007],[-76.786,-6.7282],[-76.7345,-6.8027],[-76.6973,-6.7991],[-76.6836,-6.8099],[-76.6209,-6.7758],[-76.5942,-6.794],[-76.5242,-6.7338],[-76.5242,-6.6929],[-76.5585,-6.6714],[-76.5346,-6.6255],[-76.5379,-6.6099],[-76.5526,-6.5957],[-76.5912,-6.595],[-76.6398,-6.5482],[-76.641,-6.5198],[-76.655,-6.5149],[-76.6575,-6.4862],[-76.6838,-6.4255],[-76.6975,-6.4154],[-76.6994,-6.4255],[-76.7146,-6.4275],[-76.7803,-6.4182],[-76.8317,-6.3886],[-76.8439,-6.3668],[-76.8366,-6.2879],[-76.8364,-6.2872]]]}},{"type":"Feature","id":"2204","properties":{"ubigeo":"2204","nombre_departamento":"san martin","nombre_provincia":"huallaga","nombre_distrito":"","capital":"saposoa"},"geometry":{"type":"Polygon","coordinates":[[[-77.2594,-6.3299],[-77.2867,-6.331],[-77.2755,-6.3847],[-77.252,-6.388],[-77.2214,-6.4193],[-77.1991,-6.4198],[-77.1982,-6.4315],[-77.177,-6.4495],[-77.1582,-6.5012],[-77.1228,-6.5086],[-77.0857,-6.5502],[-77.0466,-6.5657],[-77.0494,-6.5937],[-77.0644,-6.601],[-77.0754,-6.6366],[-77.0414,-6.6757],[-77.0254,-6.7135],[-77.0392,-6.7303],[-77.0312,-6.7827],[-77.0136,-6.8039],[-77.0153,-6.8357],[-76.9674,-6.9358],[-76.957,-6.9915],[-76.9026,-7.0097],[-76.8973,-7.0467],[-76.9058,-7.0542],[-76.9071,-7.0862],[-76.885,-7.0947],[-76.8745,-7.0784],[-76.8527,-7.0699],[-76.816,-7.1663],[-76.8054,-7.1748],[-76.7839,-7.1629],[-76.7794,-7.1302],[-76.759,-7.1309],[-76.7153,-7.0977],[-76.7014,-7.1024],[-76.6818,-7.0891],[-76.6704,-7.1272],[-76.6481,-7.1026],[-76.6326,-7.099],[-76.6321,-7.0423],[-76.6535,-7.009],[-76.6339,-6.9863],[-76.7108,-6.8722],[-76.7379,-6.788],[-76.786,-6.7282],[-76.7808,-6.7007],[-76.7961,-6.6472],[-76.8408,-6.5498],[-76.8772,-6.4929],[-76.921,-6.4713],[-76.9445,-6.4391],[-76.9525,-6.3972],[-76.9689,-6.3834],[-77.0018,-6.4126],[-77.0437,-6.4027],[-77.0592,-6.4094],[-77.0956,-6.3876],[-77.1155,-6.3992],[-77.1466,-6.3511],[-77.1659,-6.3794],[-77.2215,-6.3811],[-77.2437,-6.3381],[-77.258,-6.3331],[-77.2594,-6.3299]]]}},{"type":"Feature","id":"2205","properties":{"ubigeo":"2205","nombre_departamento":"san martin","nombre_provincia":"lamas","nombre_distrito":"","capital":"lamas"},"geometry":{"type":"Polygon","coordinates":[[[-76.3548,-6.0034],[-76.3728,-5.9738],[-76.4002,-5.9536],[-76.4302,-6.0028],[-76.4809,-6.014],[-76.518,-6.0034],[-76.5489,-6.0128],[-76.563,-6.0016],[-76.6043,-6.0172],[-76.64,-6.0026],[-76.7108,-6.0137],[-76.7544,-5.9984],[-76.7868,-6.0239],[-76.8471,-6.0307],[-76.8719,-6.0762],[-76.8841,-6.0811],[-76.8707,-6.0978],[-76.839,-6.1075],[-76.8292,-6.2001],[-76.8169,-6.2031],[-76.8154,-6.2445],[-76.8366,-6.2879],[-76.8386,-6.3786],[-76.7803,-6.4182],[-76.7146,-6.4275],[-76.6994,-6.4255],[-76.6975,-6.4154],[-76.6833,-6.4259],[-76.6575,-6.4862],[-76.655,-6.5149],[-76.641,-6.5198],[-76.6398,-6.5482],[-76.5912,-6.595],[-76.5526,-6.5957],[-76.5379,-6.6099],[-76.5346,-6.6255],[-76.5585,-6.6714],[-76.5242,-6.6929],[-76.4784,-6.6938],[-76.4328,-6.6684],[-76.4079,-6.6356],[-76.3737,-6.6184],[-76.4253,-6.5733],[-76.4184,-6.5618],[-76.4606,-6.5309],[-76.4562,-6.5161],[-76.4916,-6.4872],[-76.4591,-6.4617],[-76.4476,-6.413],[-76.4255,-6.3813],[-76.3824,-6.3949],[-76.3589,-6.3394],[-76.3158,-6.3657],[-76.2699,-6.4265],[-76.2469,-6.4317],[-76.2324,-6.4194],[-76.1845,-6.4274],[-76.1807,-6.4596],[-76.1976,-6.4748],[-76.1828,-6.4825],[-76.1836,-6.4984],[-76.1676,-6.5057],[-76.1326,-6.4995],[-76.1128,-6.4762],[-76.0707,-6.4724],[-76.0073,-6.4986],[-75.9791,-6.4995],[-75.9693,-6.4888],[-75.9541,-6.4905],[-75.9415,-6.4644],[-75.9001,-6.4561],[-75.9106,-6.4161],[-75.9258,-6.4001],[-75.9227,-6.3673],[-75.9785,-6.2941],[-75.9728,-6.2667],[-75.934,-6.2148],[-75.9309,-6.1824],[-75.9155,-6.1565],[-75.9166,-6.1408],[-75.9547,-6.1014],[-76.0058,-6.0952],[-76.0135,-6.0836],[-76.0427,-6.101],[-76.0885,-6.1076],[-76.146,-6.1467],[-76.2471,-6.1261],[-76.3183,-6.0861],[-76.3153,-6.0541],[-76.3332,-6.0431],[-76.3518,-6.0096],[-76.3548,-6.0034]]]}},{"type":"Feature","id":"2206","properties":{"ubigeo":"2206","nombre_departamento":"san martin","nombre_provincia":"mariscal caceres","nombre_distrito":"","capital":"juanjui"},"geometry":{"type":"Polygon","coordinates":[[[-77.259,-6.385],[-77.2774,-6.3861],[-77.2732,-6.4065],[-77.2977,-6.4247],[-77.3059,-6.4537],[-77.3264,-6.468],[-77.3352,-6.5223],[-77.3549,-6.5606],[-77.3805,-6.5692],[-77.3939,-6.6027],[-77.4379,-6.6025],[-77.3817,-6.6976],[-77.4001,-6.7085],[-77.4056,-6.7262],[-77.4565,-6.6805],[-77.5441,-6.677],[-77.5688,-6.6382],[-77.6123,-6.6123],[-77.6281,-6.6126],[-77.6512,-6.6298],[-77.6627,-6.6599],[-77.6884,-6.6774],[-77.7019,-6.6768],[-77.7403,-6.6475],[-77.7481,-6.7449],[-77.7319,-6.7835],[-77.7647,-6.7984],[-77.7233,-6.8935],[-77.7072,-6.9082],[-77.7589,-6.9645],[-77.74,-7.0354],[-77.707,-7.0685],[-77.718,-7.0876],[-77.7134,-7.1079],[-77.6413,-7.1507],[-77.6343,-7.1694],[-77.6155,-7.178],[-77.621,-7.1916],[-77.6074,-7.2061],[-77.6055,-7.2192],[-77.6381,-7.2434],[-77.6474,-7.2415],[-77.6451,-7.2535],[-77.6372,-7.2535],[-77.6469,-7.27],[-77.6284,-7.3208],[-77.6392,-7.3437],[-77.6217,-7.397],[-77.6309,-7.4139],[-77.6137,-7.4199],[-77.599,-7.4485],[-77.5919,-7.4435],[-77.5597,-7.4642],[-77.5391,-7.5074],[-77.5214,-7.5096],[-77.5401,-7.5774],[-77.4969,-7.5827],[-77.4858,-7.604],[-77.4952,-7.6141],[-77.5284,-7.6159],[-77.5227,-7.6334],[-77.5384,-7.6502],[-77.5116,-7.6574],[-77.5095,-7.6765],[-77.4979,-7.6864],[-77.4672,-7.6747],[-77.4607,-7.6803],[-77.4613,-7.6914],[-77.484,-7.6984],[-77.4829,-7.7193],[-77.4961,-7.738],[-77.5262,-7.7539],[-77.5255,-7.7683],[-77.5065,-7.7704],[-77.4786,-7.8042],[-77.4429,-7.8136],[-77.4316,-7.8417],[-77.4384,-7.8501],[-77.4108,-7.9005],[-77.3769,-7.9088],[-77.3874,-7.9629],[-77.4072,-7.9928],[-77.3749,-8.0315],[-77.3857,-8.0547],[-77.3724,-8.0649],[-77.3493,-8.0544],[-77.2967,-8.0626],[-77.2813,-8.0488],[-77.2601,-8.0484],[-77.2319,-8.0117],[-77.1662,-8.0216],[-77.1505,-8.032],[-77.1105,-8.0252],[-77.0687,-8.0395],[-77.0744,-7.9923],[-77.1028,-7.9513],[-77.0881,-7.9146],[-77.0909,-7.8733],[-77.0763,-7.8478],[-77.0208,-7.8059],[-77.0059,-7.8029],[-76.9409,-7.8317],[-76.9003,-7.8635],[-76.8706,-7.9033],[-76.8556,-7.8987],[-76.8211,-7.9192],[-76.797,-7.9194],[-76.7594,-7.8942],[-76.7491,-7.8752],[-76.7276,-7.8759],[-76.7189,-7.861],[-76.7314,-7.827],[-76.7432,-7.8221],[-76.7477,-7.8059],[-76.74,-7.7966],[-76.7549,-7.8001],[-76.7672,-7.7862],[-76.7602,-7.7747],[-76.774,-7.7768],[-76.7694,-7.7642],[-76.7535,-7.7621],[-76.7728,-7.7369],[-76.7562,-7.7288],[-76.742,-7.7391],[-76.6931,-7.7367],[-76.6578,-7.7264],[-76.6335,-7.6863],[-76.6063,-7.6913],[-76.5773,-7.6788],[-76.5656,-7.6572],[-76.568,-7.6233],[-76.5798,-7.61],[-76.5742,-7.5577],[-76.5571,-7.5486],[-76.5512,-7.504],[-76.5645,-7.4622],[-76.5577,-7.4424],[-76.5686,-7.4154],[-76.5645,-7.3961],[-76.5744,-7.3852],[-76.5646,-7.3641],[-76.5711,-7.33],[-76.5575,-7.3062],[-76.5833,-7.2585],[-76.6239,-7.2319],[-76.6138,-7.208],[-76.6331,-7.1493],[-76.6704,-7.1272],[-76.6818,-7.0891],[-76.6983,-7.1015],[-76.7179,-7.0988],[-76.759,-7.1309],[-76.779,-7.1299],[-76.7839,-7.1629],[-76.8103,-7.174],[-76.8527,-7.0699],[-76.8745,-7.0784],[-76.885,-7.0947],[-76.9071,-7.0862],[-76.9058,-7.0542],[-76.8973,-7.0467],[-76.9026,-7.0097],[-76.957,-6.9915],[-76.9674,-6.9358],[-77.0153,-6.8357],[-77.0136,-6.8039],[-77.0312,-6.7827],[-77.0392,-6.7303],[-77.0254,-6.7135],[-77.0414,-6.6757],[-77.0754,-6.6366],[-77.0644,-6.601],[-77.0494,-6.5937],[-77.0466,-6.5657],[-77.0857,-6.5502],[-77.1228,-6.5086],[-77.1582,-6.5012],[-77.177,-6.4495],[-77.1982,-6.4315],[-77.1979,-6.421],[-77.2214,-6.4193],[-77.257,-6.3859],[-77.259,-6.385]]]}},{"type":"Feature","id":"2207","properties":{"ubigeo":"2207","nombre_departamento":"san martin","nombre_provincia":"picota","nombre_distrito":"","capital":"picota"},"geometry":{"type":"Polygon","coordinates":[[[-76.3716,-6.6812],[-76.4088,-6.6899],[-76.4168,-6.681],[-76.4574,-6.6796],[-76.4811,-6.6945],[-76.5242,-6.6929],[-76.5239,-6.7254],[-76.5043,-6.7536],[-76.5001,-6.7925],[-76.4631,-6.8211],[-76.4742,-6.8266],[-76.4728,-6.8587],[-76.5085,-6.8892],[-76.5141,-6.9056],[-76.5381,-6.9134],[-76.5492,-6.9283],[-76.5388,-6.9402],[-76.5454,-6.9469],[-76.5268,-6.9506],[-76.5236,-6.9761],[-76.5029,-6.97],[-76.4953,-6.995],[-76.4868,-6.9871],[-76.485,-6.9957],[-76.4783,-6.9868],[-76.4713,-6.9987],[-76.465,-6.9922],[-76.4656,-7.0089],[-76.4549,-7.0138],[-76.4501,-7.0059],[-76.4243,-7.0135],[-76.4191,-7.0014],[-76.4162,-7.0207],[-76.3693,-7.017],[-76.3136,-7.0609],[-76.2573,-7.0613],[-76.2372,-7.0745],[-76.1698,-7.0816],[-76.1578,-7.1027],[-76.1579,-7.1983],[-76.1435,-7.204],[-76.1118,-7.1831],[-76.0768,-7.1744],[-76.059,-7.16],[-76.0466,-7.1214],[-76.0226,-7.1133],[-76.0107,-7.0784],[-76.0081,-7.0022],[-76.0205,-6.9897],[-76.0356,-6.9931],[-76.0518,-6.9379],[-76.0464,-6.9249],[-76.0157,-6.9137],[-76.0105,-6.8922],[-76.035,-6.865],[-76.0509,-6.8109],[-76.0729,-6.7941],[-76.1034,-6.7288],[-76.0954,-6.7149],[-76.1268,-6.688],[-76.1902,-6.7158],[-76.208,-6.761],[-76.2568,-6.7726],[-76.275,-6.6921],[-76.3233,-6.6804],[-76.3511,-6.6892],[-76.3696,-6.6816],[-76.3716,-6.6812]]]}},{"type":"Feature","id":"2208","properties":{"ubigeo":"2208","nombre_departamento":"san martin","nombre_provincia":"rioja","nombre_distrito":"","capital":"rioja"},"geometry":{"type":"Polygon","coordinates":[[[-77.7269,-5.4388],[-77.7448,-5.4069],[-77.7685,-5.438],[-77.7488,-5.4599],[-77.7706,-5.4782],[-77.7716,-5.4939],[-77.757,-5.5139],[-77.7658,-5.539],[-77.7364,-5.6093],[-77.7751,-5.6897],[-77.7751,-5.7108],[-77.7594,-5.7298],[-77.7724,-5.7534],[-77.7606,-5.7705],[-77.7704,-5.7881],[-77.7639,-5.8197],[-77.7461,-5.8351],[-77.7264,-5.844],[-77.6948,-5.8402],[-77.6815,-5.8495],[-77.6831,-5.8776],[-77.6655,-5.8922],[-77.6519,-5.9353],[-77.672,-5.9647],[-77.6692,-5.9804],[-77.6391,-6.0011],[-77.5977,-6.0044],[-77.5964,-6.0333],[-77.5668,-6.0281],[-77.5366,-6.0637],[-77.5188,-6.0559],[-77.5098,-6.0325],[-77.489,-6.0285],[-77.4871,-6.0102],[-77.4741,-5.9998],[-77.4321,-6.0619],[-77.4193,-6.0324],[-77.3955,-6.0394],[-77.3805,-6.08],[-77.3587,-6.0728],[-77.3464,-6.1143],[-77.3324,-6.1122],[-77.2805,-6.1422],[-77.2244,-6.1455],[-77.2021,-6.1797],[-77.2191,-6.1957],[-77.1973,-6.2334],[-77.1778,-6.2335],[-77.1531,-6.2097],[-77.1253,-6.2042],[-77.1198,-6.1625],[-77.1311,-6.1464],[-77.1235,-6.1329],[-77.1327,-6.1285],[-77.1339,-6.1097],[-77.1464,-6.108],[-77.146,-6.0869],[-77.1369,-6.0862],[-77.1394,-6.0733],[-77.1436,-6.0804],[-77.152,-6.0704],[-77.1442,-6.0562],[-77.156,-6.0393],[-77.1479,-6.0179],[-77.1573,-6.0089],[-77.1481,-5.994],[-77.1422,-5.9971],[-77.1396,-5.9801],[-77.1492,-5.9779],[-77.1404,-5.9718],[-77.1404,-5.9603],[-77.1484,-5.9595],[-77.1388,-5.9536],[-77.142,-5.9365],[-77.1484,-5.9421],[-77.154,-5.9328],[-77.153,-5.9401],[-77.1614,-5.9358],[-77.1823,-5.9471],[-77.1889,-5.9363],[-77.2029,-5.94],[-77.2053,-5.9242],[-77.2189,-5.9199],[-77.2127,-5.9076],[-77.2465,-5.8828],[-77.2378,-5.8607],[-77.2545,-5.8418],[-77.2564,-5.829],[-77.2475,-5.8325],[-77.2514,-5.8042],[-77.2706,-5.799],[-77.263,-5.7921],[-77.2674,-5.7784],[-77.2823,-5.7801],[-77.2793,-5.769],[-77.2849,-5.7767],[-77.2996,-5.7674],[-77.2989,-5.7555],[-77.307,-5.764],[-77.3151,-5.7546],[-77.3147,-5.767],[-77.3324,-5.7537],[-77.3403,-5.7594],[-77.3512,-5.7306],[-77.3606,-5.7337],[-77.3598,-5.7198],[-77.3729,-5.7252],[-77.3751,-5.7113],[-77.384,-5.7159],[-77.3814,-5.7071],[-77.4016,-5.7102],[-77.4204,-5.6787],[-77.439,-5.68],[-77.4461,-5.6897],[-77.4617,-5.6792],[-77.5089,-5.6734],[-77.516,-5.6776],[-77.5081,-5.6862],[-77.5252,-5.6981],[-77.5334,-5.6927],[-77.5333,-5.7044],[-77.5754,-5.7128],[-77.5717,-5.7072],[-77.5872,-5.6982],[-77.5829,-5.6867],[-77.6205,-5.6557],[-77.6242,-5.6299],[-77.659,-5.572],[-77.6418,-5.5227],[-77.7265,-5.4389],[-77.7269,-5.4388]]]}},{"type":"Feature","id":"2209","properties":{"ubigeo":"2209","nombre_departamento":"san martin","nombre_provincia":"san martin","nombre_distrito":"","capital":"tarapoto"},"geometry":{"type":"Polygon","coordinates":[[[-75.5454,-6.0638],[-75.5689,-6.0004],[-75.6211,-6.0294],[-75.6292,-6.083],[-75.6517,-6.0979],[-75.68,-6.0953],[-75.7188,-6.1412],[-75.7712,-6.1476],[-75.7677,-6.1276],[-75.7748,-6.1204],[-75.8277,-6.0986],[-75.8347,-6.107],[-75.8515,-6.1017],[-75.838,-6.1405],[-75.8959,-6.132],[-75.9166,-6.1408],[-75.934,-6.2148],[-75.9728,-6.2667],[-75.9789,-6.2905],[-75.9227,-6.3673],[-75.9258,-6.4001],[-75.9106,-6.4161],[-75.9,-6.4553],[-75.9415,-6.4644],[-75.9546,-6.4908],[-76.0073,-6.4986],[-76.073,-6.4726],[-76.1128,-6.4762],[-76.1326,-6.4995],[-76.1676,-6.5057],[-76.1836,-6.4984],[-76.1828,-6.4825],[-76.1976,-6.4748],[-76.1807,-6.4596],[-76.1845,-6.4274],[-76.2324,-6.4194],[-76.2469,-6.4317],[-76.2699,-6.4265],[-76.3377,-6.3469],[-76.361,-6.3412],[-76.3843,-6.3957],[-76.4236,-6.3795],[-76.4476,-6.413],[-76.4591,-6.4617],[-76.4916,-6.4872],[-76.4562,-6.5161],[-76.4606,-6.5309],[-76.4184,-6.5618],[-76.4253,-6.5733],[-76.3737,-6.6184],[-76.4079,-6.6356],[-76.4276,-6.6637],[-76.4563,-6.68],[-76.4168,-6.681],[-76.4088,-6.6899],[-76.3833,-6.6782],[-76.3511,-6.6892],[-76.3233,-6.6804],[-76.275,-6.6921],[-76.2568,-6.7726],[-76.208,-6.761],[-76.1841,-6.7083],[-76.1562,-6.707],[-76.1268,-6.688],[-76.0954,-6.7149],[-76.1034,-6.7288],[-76.0685,-6.8015],[-76.0509,-6.8109],[-76.0116,-6.806],[-76.0006,-6.7951],[-75.9802,-6.8001],[-75.965,-6.7884],[-75.8775,-6.8023],[-75.8439,-6.7973],[-75.8139,-6.8172],[-75.814,-6.8255],[-75.7942,-6.8214],[-75.7805,-6.8484],[-75.7461,-6.8565],[-75.7248,-6.8509],[-75.7008,-6.8691],[-75.6597,-6.8193],[-75.6427,-6.8156],[-75.6334,-6.8431],[-75.6169,-6.8412],[-75.5768,-6.821],[-75.5618,-6.8016],[-75.5127,-6.7865],[-75.5004,-6.7594],[-75.5002,-6.6403],[-75.5093,-6.583],[-75.503,-6.5522],[-75.5096,-6.4921],[-75.539,-6.4351],[-75.5337,-6.4163],[-75.5434,-6.4069],[-75.5364,-6.3915],[-75.5501,-6.3477],[-75.4963,-6.281],[-75.4872,-6.2034],[-75.5256,-6.1651],[-75.5328,-6.0956],[-75.5454,-6.0638]]]}},{"type":"Feature","id":"2210","properties":{"ubigeo":"2210","nombre_departamento":"san martin","nombre_provincia":"tocache","nombre_distrito":"","capital":"tocache nuevo"},"geometry":{"type":"Polygon","coordinates":[[[-76.6187,-7.6913],[-76.6335,-7.6863],[-76.6569,-7.7257],[-76.6928,-7.7367],[-76.742,-7.7391],[-76.7562,-7.7288],[-76.7718,-7.7352],[-76.773,-7.7457],[-76.7535,-7.7621],[-76.7694,-7.7642],[-76.774,-7.7768],[-76.7602,-7.7747],[-76.7672,-7.7862],[-76.7549,-7.8001],[-76.74,-7.7966],[-76.7477,-7.8059],[-76.7432,-7.8221],[-76.7314,-7.827],[-76.7187,-7.8627],[-76.728,-7.8761],[-76.7495,-7.8755],[-76.7594,-7.8942],[-76.8003,-7.9206],[-76.8211,-7.9192],[-76.8556,-7.8987],[-76.8706,-7.9033],[-76.9003,-7.8635],[-76.9409,-7.8317],[-77.0059,-7.8029],[-77.077,-7.8486],[-77.0909,-7.8733],[-77.0881,-7.9146],[-77.1028,-7.9513],[-77.0744,-7.9923],[-77.0687,-8.0395],[-77.0209,-8.0516],[-76.9849,-8.1139],[-76.947,-8.1399],[-76.9322,-8.1371],[-76.9118,-8.1589],[-76.907,-8.1714],[-76.9256,-8.2185],[-76.9012,-8.2835],[-76.9137,-8.3261],[-76.9319,-8.3426],[-76.927,-8.3593],[-76.9427,-8.3599],[-76.9512,-8.3757],[-76.9684,-8.3712],[-76.9769,-8.3961],[-76.9917,-8.3963],[-77.0004,-8.3824],[-77.034,-8.4047],[-77.0699,-8.3975],[-77.0866,-8.4071],[-77.1046,-8.4448],[-77.1338,-8.44],[-77.1311,-8.4543],[-77.1426,-8.4758],[-77.0808,-8.4882],[-77.0917,-8.517],[-77.0498,-8.5537],[-77.0116,-8.5377],[-76.9773,-8.5606],[-76.9489,-8.5457],[-76.9367,-8.5666],[-76.9192,-8.5701],[-76.8971,-8.5688],[-76.8874,-8.5548],[-76.8647,-8.5663],[-76.8625,-8.5525],[-76.8468,-8.5458],[-76.8427,-8.5252],[-76.8044,-8.5106],[-76.7901,-8.5236],[-76.7684,-8.5268],[-76.7284,-8.515],[-76.6971,-8.5325],[-76.6784,-8.5213],[-76.6433,-8.5237],[-76.6367,-8.5147],[-76.5663,-8.5081],[-76.5478,-8.4976],[-76.4948,-8.5496],[-76.4925,-8.5758],[-76.4662,-8.5697],[-76.4443,-8.4896],[-76.4175,-8.4437],[-76.3667,-8.4115],[-76.3561,-8.4251],[-76.3323,-8.4318],[-76.3217,-8.4698],[-76.3274,-8.4799],[-76.3123,-8.501],[-76.3251,-8.5243],[-76.2997,-8.5569],[-76.3058,-8.5732],[-76.2804,-8.5736],[-76.2873,-8.5854],[-76.2641,-8.6103],[-76.2695,-8.6525],[-76.2527,-8.6654],[-76.2483,-8.683],[-76.2569,-8.6838],[-76.2574,-8.7066],[-76.2287,-8.745],[-76.245,-8.7515],[-76.2309,-8.7565],[-76.2406,-8.7698],[-76.2231,-8.7855],[-76.1986,-8.7697],[-76.2034,-8.7533],[-76.1954,-8.7618],[-76.1669,-8.7565],[-76.1646,-8.7318],[-76.1568,-8.7337],[-76.1453,-8.7114],[-76.1395,-8.6666],[-76.1071,-8.6488],[-76.1211,-8.6338],[-76.1202,-8.5896],[-76.135,-8.5673],[-76.1264,-8.5454],[-76.1307,-8.4679],[-76.1087,-8.416],[-76.1092,-8.3796],[-76.1282,-8.3605],[-76.1321,-8.3773],[-76.1458,-8.3675],[-76.1658,-8.3112],[-76.1967,-8.2957],[-76.2026,-8.2646],[-76.2274,-8.2387],[-76.2316,-8.214],[-76.2605,-8.2083],[-76.2975,-8.2181],[-76.3037,-8.2068],[-76.3334,-8.2039],[-76.3283,-8.1581],[-76.335,-8.1487],[-76.3534,-8.137],[-76.3764,-8.145],[-76.3766,-8.1292],[-76.4305,-8.0782],[-76.4488,-8.0735],[-76.4558,-8.0555],[-76.52,-8.0314],[-76.5554,-7.9955],[-76.5931,-8.0024],[-76.6147,-7.9854],[-76.6143,-7.9589],[-76.6278,-7.9445],[-76.6283,-7.9282],[-76.6059,-7.8708],[-76.615,-7.8519],[-76.6368,-7.8541],[-76.616,-7.778],[-76.6304,-7.7491],[-76.5977,-7.6893],[-76.6123,-7.6916],[-76.6187,-7.6913]]]}},{"type":"Feature","id":"2301","properties":{"ubigeo":"2301","nombre_departamento":"tacna","nombre_provincia":"tacna","nombre_distrito":"","capital":"tacna"},"geometry":{"type":"Polygon","coordinates":[[[-69.5881,-17.4019],[-69.6006,-17.3941],[-69.6154,-17.4183],[-69.6542,-17.4123],[-69.6904,-17.4435],[-69.6799,-17.4576],[-69.7034,-17.4741],[-69.7283,-17.46],[-69.8383,-17.4601],[-69.8498,-17.4894],[-69.8463,-17.5057],[-69.8721,-17.5464],[-69.8757,-17.5848],[-69.931,-17.5902],[-69.9431,-17.5778],[-69.9576,-17.5907],[-69.9671,-17.5862],[-70.0144,-17.6255],[-70.0073,-17.6421],[-70.015,-17.6551],[-70.0486,-17.6728],[-70.055,-17.6945],[-70.0947,-17.725],[-70.1103,-17.7606],[-70.1376,-17.7727],[-70.1807,-17.7782],[-70.1944,-17.7749],[-70.2012,-17.7583],[-70.1537,-17.6934],[-70.1432,-17.6354],[-70.1518,-17.6241],[-70.15,-17.5975],[-70.1608,-17.5995],[-70.1733,-17.5869],[-70.2362,-17.5901],[-70.2597,-17.5783],[-70.2812,-17.5607],[-70.2876,-17.5376],[-70.3032,-17.539],[-70.3129,-17.5196],[-70.3322,-17.5088],[-70.3458,-17.4607],[-70.3922,-17.4643],[-70.404,-17.4777],[-70.429,-17.4839],[-70.4468,-17.5159],[-70.5089,-17.5453],[-70.6084,-17.6563],[-70.6809,-17.7156],[-70.6979,-17.768],[-70.7293,-17.7851],[-70.8068,-17.8896],[-70.8393,-17.9115],[-70.8633,-17.9668],[-70.8895,-17.9765],[-70.8877,-18.0093],[-70.8132,-18.0405],[-70.8117,-18.0502],[-70.7606,-18.0787],[-70.6795,-18.1618],[-70.4983,-18.2627],[-70.3767,-18.3509],[-70.3539,-18.3262],[-70.3175,-18.3097],[-70.1972,-18.3222],[-70.1497,-18.3184],[-70.0507,-18.2688],[-69.9802,-18.2703],[-69.9605,-18.2629],[-69.8543,-18.1653],[-69.8131,-18.1145],[-69.7515,-17.9856],[-69.7472,-17.9439],[-69.7767,-17.9082],[-69.7957,-17.8623],[-69.8,-17.7623],[-69.8217,-17.7438],[-69.8212,-17.6864],[-69.796,-17.6462],[-69.6654,-17.6599],[-69.4683,-17.5042],[-69.4684,-17.4648],[-69.4878,-17.4377],[-69.5191,-17.4239],[-69.527,-17.4097],[-69.5872,-17.402],[-69.5881,-17.4019]]]}},{"type":"Feature","id":"2302","properties":{"ubigeo":"2302","nombre_departamento":"tacna","nombre_provincia":"candarave","nombre_distrito":"","capital":"candarave"},"geometry":{"type":"Polygon","coordinates":[[[-70.266,-16.7796],[-70.2683,-16.7704],[-70.2919,-16.7813],[-70.3179,-16.7753],[-70.4416,-16.8412],[-70.451,-16.8618],[-70.4416,-16.8924],[-70.4518,-16.9],[-70.4537,-16.9297],[-70.465,-16.9444],[-70.4432,-16.9643],[-70.4632,-17.0044],[-70.4392,-17.0504],[-70.4483,-17.0798],[-70.4896,-17.0884],[-70.5278,-17.1683],[-70.555,-17.1977],[-70.5725,-17.1941],[-70.4543,-17.3006],[-70.4403,-17.3353],[-70.3634,-17.3744],[-70.4026,-17.3959],[-70.4042,-17.4085],[-70.4,-17.4218],[-70.3504,-17.4499],[-70.3458,-17.4607],[-70.2921,-17.4097],[-70.2775,-17.4086],[-70.2822,-17.3952],[-70.2646,-17.3881],[-70.2446,-17.3591],[-70.2256,-17.3578],[-70.2097,-17.3334],[-70.1692,-17.3163],[-70.1213,-17.3191],[-70.1004,-17.3049],[-70.0933,-17.29],[-70.1148,-17.2372],[-70.0991,-17.2173],[-70.1014,-17.2002],[-70.0864,-17.1961],[-70.096,-17.1878],[-70.0977,-17.1386],[-70.0841,-17.094],[-70.07,-17.0812],[-70.0732,-17.0349],[-70.0998,-17.0057],[-70.0958,-16.9852],[-70.1511,-16.9348],[-70.1484,-16.9219],[-70.1737,-16.9122],[-70.1813,-16.9321],[-70.218,-16.9464],[-70.2251,-16.9586],[-70.2498,-16.9493],[-70.2594,-16.9037],[-70.2438,-16.8602],[-70.1841,-16.8347],[-70.1813,-16.8179],[-70.2473,-16.8025],[-70.2647,-16.7815],[-70.266,-16.7796]]]}},{"type":"Feature","id":"2303","properties":{"ubigeo":"2303","nombre_departamento":"tacna","nombre_provincia":"jorge basadre","nombre_distrito":"","capital":"locumba"},"geometry":{"type":"Polygon","coordinates":[[[-70.5725,-17.1941],[-70.61,-17.2145],[-70.6511,-17.2092],[-70.6841,-17.2243],[-70.7043,-17.2672],[-70.7159,-17.2737],[-70.7057,-17.2912],[-70.7467,-17.3514],[-70.7524,-17.3806],[-70.7367,-17.4083],[-70.7546,-17.4376],[-70.78,-17.4506],[-70.88,-17.5557],[-70.9039,-17.6226],[-70.9125,-17.6874],[-70.9563,-17.676],[-70.9832,-17.6846],[-70.993,-17.6791],[-71.0171,-17.7092],[-71.0269,-17.7039],[-71.0579,-17.7181],[-71.0791,-17.7152],[-71.083,-17.7358],[-71.1011,-17.7395],[-71.1214,-17.8033],[-71.1394,-17.8215],[-71.1055,-17.8434],[-71.0968,-17.8677],[-71.0295,-17.8849],[-71.0078,-17.8774],[-70.9431,-17.9138],[-70.9354,-17.9293],[-70.9253,-17.9267],[-70.8895,-17.9765],[-70.8735,-17.9729],[-70.8529,-17.9519],[-70.8393,-17.9115],[-70.8068,-17.8896],[-70.7601,-17.8182],[-70.7293,-17.7851],[-70.6979,-17.768],[-70.6809,-17.7156],[-70.6084,-17.6563],[-70.5089,-17.5453],[-70.4468,-17.5159],[-70.429,-17.4839],[-70.404,-17.4777],[-70.3922,-17.4643],[-70.3458,-17.4607],[-70.3504,-17.4499],[-70.4,-17.4218],[-70.4042,-17.4085],[-70.4026,-17.3959],[-70.3634,-17.3744],[-70.4403,-17.3353],[-70.4543,-17.3006],[-70.513,-17.2474],[-70.5725,-17.1941]]]}},{"type":"Feature","id":"2304","properties":{"ubigeo":"2304","nombre_departamento":"tacna","nombre_provincia":"tarata","nombre_distrito":"","capital":"tarata"},"geometry":{"type":"Polygon","coordinates":[[[-70.0724,-17.0353],[-70.07,-17.0812],[-70.0841,-17.094],[-70.0977,-17.1386],[-70.096,-17.1878],[-70.0864,-17.1961],[-70.1014,-17.2002],[-70.0991,-17.2173],[-70.1148,-17.2372],[-70.0933,-17.29],[-70.1004,-17.3049],[-70.1229,-17.3196],[-70.1692,-17.3163],[-70.2097,-17.3334],[-70.2256,-17.3578],[-70.2446,-17.3591],[-70.2646,-17.3881],[-70.2822,-17.3952],[-70.2775,-17.4086],[-70.2921,-17.4097],[-70.3458,-17.4607],[-70.3322,-17.5088],[-70.3129,-17.5196],[-70.3032,-17.539],[-70.2876,-17.5376],[-70.2812,-17.5607],[-70.2597,-17.5783],[-70.2362,-17.5901],[-70.1733,-17.5869],[-70.1608,-17.5995],[-70.15,-17.5975],[-70.1518,-17.6241],[-70.1432,-17.6354],[-70.1537,-17.6934],[-70.2012,-17.7583],[-70.1953,-17.7739],[-70.1827,-17.7781],[-70.1103,-17.7606],[-70.0947,-17.725],[-70.055,-17.6945],[-70.0486,-17.6728],[-70.015,-17.6551],[-70.0073,-17.6421],[-70.0144,-17.6255],[-69.9671,-17.5862],[-69.9576,-17.5907],[-69.9431,-17.5778],[-69.931,-17.5902],[-69.8757,-17.5848],[-69.8721,-17.5464],[-69.8463,-17.5057],[-69.8498,-17.4894],[-69.8375,-17.4596],[-69.7283,-17.46],[-69.7034,-17.4741],[-69.6799,-17.4576],[-69.6904,-17.4435],[-69.655,-17.4129],[-69.6144,-17.418],[-69.5985,-17.393],[-69.5881,-17.4019],[-69.5266,-17.4099],[-69.5191,-17.4239],[-69.4878,-17.4377],[-69.4684,-17.4648],[-69.4673,-17.3735],[-69.5752,-17.2926],[-69.6446,-17.2875],[-69.6554,-17.2707],[-69.6952,-17.2744],[-69.7311,-17.2955],[-69.7618,-17.2804],[-69.7653,-17.2634],[-69.7905,-17.2353],[-69.8499,-17.2442],[-69.8755,-17.2223],[-69.8986,-17.2209],[-69.9579,-17.1866],[-69.9725,-17.1659],[-69.9814,-17.1686],[-69.9876,-17.1514],[-70.0132,-17.1416],[-70.0251,-17.1222],[-70.0403,-17.1277],[-70.0423,-17.0587],[-70.0714,-17.0356],[-70.0724,-17.0353]]]}},{"type":"Feature","id":"2401","properties":{"ubigeo":"2401","nombre_departamento":"tumbes","nombre_provincia":"tumbes","nombre_distrito":"","capital":"tumbes"},"geometry":{"type":"Polygon","coordinates":[[[-80.4036,-3.4854],[-80.4285,-3.4879],[-80.461,-3.5059],[-80.4579,-3.5002],[-80.4749,-3.5065],[-80.4981,-3.4995],[-80.5588,-3.6105],[-80.5817,-3.6355],[-80.6047,-3.6372],[-80.6041,-3.6701],[-80.5759,-3.7083],[-80.5808,-3.7271],[-80.5535,-3.7345],[-80.5522,-3.7722],[-80.559,-3.784],[-80.5777,-3.7854],[-80.59,-3.8312],[-80.5468,-3.8352],[-80.5398,-3.8432],[-80.5506,-3.8826],[-80.5232,-3.9081],[-80.5334,-3.9289],[-80.5205,-3.9792],[-80.5281,-4.0032],[-80.5152,-4.0212],[-80.5393,-4.0292],[-80.5568,-4.0521],[-80.5835,-4.1389],[-80.6125,-4.1719],[-80.6356,-4.1793],[-80.6445,-4.2053],[-80.6665,-4.2151],[-80.6452,-4.2296],[-80.6227,-4.2319],[-80.6044,-4.2107],[-80.5898,-4.2141],[-80.5181,-4.099],[-80.4754,-4.0815],[-80.4799,-4.0549],[-80.4679,-4.035],[-80.4511,-4.031],[-80.4562,-4.0174],[-80.4453,-4.0159],[-80.4451,-3.9961],[-80.4302,-3.9895],[-80.4245,-3.9965],[-80.3983,-3.9803],[-80.3771,-3.9896],[-80.3656,-3.9818],[-80.3528,-3.9948],[-80.3386,-3.9922],[-80.3237,-4.0112],[-80.2981,-4.0173],[-80.2623,-3.9994],[-80.235,-3.9488],[-80.2168,-3.957],[-80.1807,-3.9258],[-80.2125,-3.9026],[-80.2588,-3.9021],[-80.2579,-3.8257],[-80.305,-3.7726],[-80.2971,-3.666],[-80.313,-3.6435],[-80.3423,-3.6251],[-80.3788,-3.4946],[-80.421,-3.5128],[-80.416,-3.4964],[-80.4411,-3.4948],[-80.4023,-3.4859],[-80.4036,-3.4854]]]}},{"type":"Feature","id":"2402","properties":{"ubigeo":"2402","nombre_departamento":"tumbes","nombre_provincia":"contralmirante villar","nombre_distrito":"","capital":"zorritos"},"geometry":{"type":"Polygon","coordinates":[[[-80.602,-3.6657],[-80.6047,-3.6372],[-80.6263,-3.6622],[-80.6566,-3.6668],[-80.7266,-3.7108],[-80.7542,-3.7186],[-80.7946,-3.7602],[-80.8287,-3.8373],[-80.8336,-3.8758],[-80.9631,-3.9579],[-81.0419,-4.0829],[-81.0193,-4.1128],[-81,-4.1114],[-80.9713,-4.1271],[-80.9617,-4.1482],[-80.9676,-4.1726],[-80.9441,-4.1685],[-80.9357,-4.1784],[-80.9237,-4.1695],[-80.8828,-4.1928],[-80.763,-4.1749],[-80.7447,-4.1843],[-80.7351,-4.178],[-80.7197,-4.1942],[-80.6949,-4.1901],[-80.6654,-4.2152],[-80.6445,-4.2053],[-80.6356,-4.1793],[-80.6125,-4.1719],[-80.5835,-4.1389],[-80.5568,-4.0521],[-80.5393,-4.0292],[-80.5152,-4.0203],[-80.5281,-4.0032],[-80.5205,-3.9792],[-80.5334,-3.9289],[-80.5232,-3.9081],[-80.5506,-3.8826],[-80.5398,-3.8432],[-80.5468,-3.8352],[-80.5863,-3.8355],[-80.5907,-3.8278],[-80.5777,-3.7854],[-80.559,-3.784],[-80.5522,-3.7722],[-80.5536,-3.7339],[-80.5808,-3.7271],[-80.5759,-3.7083],[-80.6025,-3.667],[-80.602,-3.6657]]]}},{"type":"Feature","id":"2403","properties":{"ubigeo":"2403","nombre_departamento":"tumbes","nombre_provincia":"zarumilla","nombre_distrito":"","capital":"zarumilla"},"geometry":{"type":"Polygon","coordinates":[[[-80.2852,-3.4128],[-80.3185,-3.3818],[-80.3132,-3.4045],[-80.3371,-3.4561],[-80.3263,-3.4363],[-80.3719,-3.4857],[-80.395,-3.4924],[-80.3767,-3.4921],[-80.3423,-3.6251],[-80.313,-3.6435],[-80.2971,-3.666],[-80.305,-3.7726],[-80.2579,-3.8257],[-80.2588,-3.9021],[-80.2125,-3.9026],[-80.1716,-3.9256],[-80.1588,-3.9135],[-80.14,-3.9127],[-80.1272,-3.8881],[-80.1585,-3.8698],[-80.1514,-3.8548],[-80.1631,-3.8277],[-80.1604,-3.8024],[-80.1926,-3.7754],[-80.1919,-3.7485],[-80.1836,-3.7517],[-80.1884,-3.7433],[-80.1802,-3.7352],[-80.1987,-3.6894],[-80.1856,-3.659],[-80.1866,-3.6291],[-80.1972,-3.6177],[-80.1882,-3.5984],[-80.2111,-3.5922],[-80.2186,-3.5739],[-80.205,-3.5522],[-80.2157,-3.5],[-80.228,-3.5016],[-80.2324,-3.4892],[-80.245,-3.4858],[-80.2401,-3.4612],[-80.2211,-3.4377],[-80.2567,-3.4132],[-80.2841,-3.413],[-80.2852,-3.4128]]]}},{"type":"Feature","id":"2501","properties":{"ubigeo":"2501","nombre_departamento":"ucayali","nombre_provincia":"coronel portillo","nombre_distrito":"","capital":"pucallpa"},"geometry":{"type":"Polygon","coordinates":[[[-74.4714,-7.2762],[-74.5001,-7.262],[-74.5355,-7.2938],[-74.5347,-7.3182],[-74.566,-7.3597],[-74.5795,-7.4099],[-74.6161,-7.435],[-74.6429,-7.5001],[-74.6431,-7.5623],[-74.5762,-7.6372],[-74.5708,-7.6685],[-74.5835,-7.6851],[-74.5821,-7.706],[-74.5589,-7.7475],[-74.5243,-7.7571],[-74.5156,-7.7778],[-74.5697,-7.816],[-74.628,-7.9398],[-74.6684,-7.9456],[-74.7113,-7.979],[-74.7279,-7.981],[-74.779,-8.0424],[-74.8404,-8.0584],[-74.8879,-8.0842],[-74.9823,-7.969],[-75.0055,-7.9702],[-75.0333,-7.9501],[-75.0922,-7.9737],[-75.1441,-7.9791],[-75.1494,-8.0018],[-75.1857,-8.0184],[-75.1959,-8.0527],[-75.1893,-8.079],[-75.2125,-8.1005],[-75.2124,-8.1239],[-75.2357,-8.1401],[-75.2354,-8.1505],[-75.2473,-8.1548],[-75.2879,-8.1255],[-75.3235,-8.1393],[-75.3466,-8.1297],[-75.3761,-8.1388],[-75.3981,-8.1685],[-75.4301,-8.1666],[-75.4393,-8.1749],[-75.4377,-8.195],[-75.453,-8.2104],[-75.4157,-8.2437],[-75.3911,-8.2362],[-75.2718,-8.2636],[-75.2417,-8.2427],[-75.2178,-8.2401],[-75.203,-8.2573],[-75.1726,-8.2671],[-75.132,-8.2732],[-75.1299,-8.2655],[-75.1103,-8.2656],[-75.0721,-8.2781],[-75.0404,-8.3126],[-75.0266,-8.3629],[-75.004,-8.3825],[-75.0162,-8.3929],[-75.0125,-8.4068],[-75.0298,-8.4163],[-75.025,-8.4426],[-75.0137,-8.4492],[-74.9991,-8.5055],[-74.9774,-8.5232],[-74.9392,-8.5923],[-74.9668,-8.6658],[-74.9415,-8.7216],[-74.9463,-8.7798],[-74.9659,-8.8085],[-74.9545,-8.8636],[-74.8522,-8.7631],[-74.8408,-8.6791],[-74.8471,-8.6615],[-74.6303,-8.5504],[-74.583,-8.5511],[-74.5471,-8.5846],[-74.5266,-8.755],[-74.5322,-8.7761],[-74.5729,-8.7926],[-74.6183,-8.832],[-74.6242,-8.8887],[-74.6443,-8.9188],[-74.6479,-8.9958],[-74.6692,-9.0203],[-74.6514,-9.0488],[-74.6781,-9.094],[-74.6719,-9.1105],[-74.6365,-9.1255],[-74.6396,-9.1597],[-74.6245,-9.2156],[-74.5899,-9.2672],[-74.5871,-9.2966],[-74.6274,-9.3648],[-74.6543,-9.3688],[-74.6847,-9.4089],[-74.7094,-9.4222],[-74.6626,-9.4549],[-74.5811,-9.4766],[-74.5832,-9.4984],[-74.5935,-9.5074],[-74.5744,-9.5458],[-74.5748,-9.5727],[-74.5317,-9.5921],[-74.4938,-9.5922],[-74.4901,-9.6852],[-74.4472,-9.7771],[-74.4533,-9.8636],[-74.4148,-9.9012],[-74.4123,-9.954],[-74.3608,-9.9012],[-74.3759,-9.871],[-74.3701,-9.848],[-74.3383,-9.8659],[-74.317,-9.8016],[-74.2955,-9.8065],[-74.2877,-9.7901],[-74.2534,-9.7717],[-74.186,-9.7653],[-74.1444,-9.7046],[-74.1038,-9.7123],[-74.0658,-9.7055],[-74.0695,-9.6866],[-74.0494,-9.6569],[-73.9858,-9.6352],[-73.9598,-9.6108],[-73.8755,-9.5966],[-73.8172,-9.5296],[-73.7648,-9.5309],[-73.7434,-9.5403],[-73.6905,-9.5277],[-73.6604,-9.5461],[-73.6653,-9.572],[-73.6414,-9.5923],[-73.6092,-9.6444],[-73.5687,-9.6583],[-73.5363,-9.7096],[-73.4694,-9.7508],[-73.4593,-9.7956],[-73.3726,-9.8252],[-73.3704,-9.8616],[-73.3092,-9.893],[-73.268,-9.9523],[-73.2214,-9.9722],[-73.2187,-10.0002],[-73.1872,-10.0183],[-73.197,-10.0476],[-73.1948,-10.0791],[-73.1795,-10.0939],[-73.1519,-10.038],[-73.103,-10.0107],[-73.0985,-9.9871],[-73.0799,-9.9884],[-73.0668,-9.9697],[-73.1113,-9.9207],[-73.114,-9.9028],[-73.0974,-9.89],[-73.1007,-9.8767],[-73.1645,-9.8636],[-73.1985,-9.8702],[-73.2094,-9.8536],[-73.2281,-9.8475],[-73.2178,-9.8271],[-73.2386,-9.7874],[-73.2466,-9.7198],[-73.2766,-9.6842],[-73.2676,-9.6789],[-73.2743,-9.666],[-73.2355,-9.656],[-73.2193,-9.6634],[-73.2155,-9.6529],[-73.225,-9.6324],[-73.2134,-9.5763],[-73.2001,-9.5684],[-73.2029,-9.5456],[-73.1896,-9.5268],[-73.2075,-9.4813],[-73.1936,-9.4629],[-73.2046,-9.4444],[-73.1912,-9.4266],[-73.2038,-9.4072],[-73.1869,-9.399],[-73.1888,-9.3632],[-73.1484,-9.3541],[-73.1481,-9.3367],[-73.1338,-9.3306],[-73.1314,-9.3183],[-73.1014,-9.3081],[-73.1073,-9.2753],[-73.0944,-9.2693],[-73.0735,-9.2346],[-73.0626,-9.2271],[-73.0364,-9.2348],[-73.0237,-9.2204],[-73.0093,-9.2224],[-73.0033,-9.1954],[-73.0268,-9.1788],[-72.9584,-9.1432],[-72.9601,-9.1331],[-72.9461,-9.1191],[-72.94,-9.0932],[-72.95,-9.0684],[-72.943,-9.0529],[-72.948,-9.0289],[-72.9631,-9.0125],[-72.9409,-8.9849],[-72.968,-8.981],[-72.9997,-8.9175],[-73.0589,-8.9058],[-73.0711,-8.8624],[-73.08,-8.8603],[-73.0777,-8.8422],[-73.112,-8.8193],[-73.1146,-8.7844],[-73.1346,-8.7667],[-73.136,-8.7391],[-73.1672,-8.6983],[-73.2045,-8.6877],[-73.2555,-8.6902],[-73.2657,-8.6713],[-73.2849,-8.6643],[-73.3001,-8.632],[-73.3119,-8.6319],[-73.3193,-8.6109],[-73.341,-8.6168],[-73.3288,-8.5231],[-73.3318,-8.474],[-73.3716,-8.4727],[-73.3762,-8.4638],[-73.3881,-8.4702],[-73.4067,-8.4313],[-73.4413,-8.4254],[-73.4853,-8.3842],[-73.5199,-8.373],[-73.5218,-8.3601],[-73.5423,-8.3496],[-73.5264,-8.3211],[-73.5376,-8.2968],[-73.5263,-8.2708],[-73.563,-8.2455],[-73.5874,-8.2409],[-73.5714,-8.2237],[-73.5957,-8.1646],[-73.5845,-8.1287],[-73.6263,-8.0575],[-73.6169,-8.0342],[-73.6392,-8.0065],[-73.668,-8.0131],[-73.6811,-7.9839],[-73.6999,-7.9763],[-73.7056,-7.9547],[-73.7268,-7.9658],[-73.7305,-7.9526],[-73.7479,-7.9474],[-73.7403,-7.9297],[-73.7723,-7.9092],[-73.7552,-7.8923],[-73.7615,-7.8606],[-73.7583,-7.8707],[-73.7355,-7.8788],[-73.7036,-7.876],[-73.6782,-7.858],[-73.6828,-7.8179],[-73.6762,-7.8005],[-73.6885,-7.7671],[-73.7117,-7.7609],[-73.7148,-7.7424],[-73.7341,-7.7448],[-73.7414,-7.7333],[-73.8018,-7.7137],[-73.8178,-7.7173],[-73.8225,-7.7005],[-73.8361,-7.6922],[-73.8392,-7.6669],[-73.8681,-7.6753],[-73.9005,-7.6402],[-73.889,-7.6036],[-73.9786,-7.5615],[-73.983,-7.5344],[-74.0365,-7.4812],[-74.0391,-7.4489],[-74.1329,-7.4008],[-74.1416,-7.3778],[-74.1809,-7.3587],[-74.2337,-7.36],[-74.2537,-7.3437],[-74.284,-7.3542],[-74.3443,-7.3447],[-74.3616,-7.3366],[-74.3702,-7.3173],[-74.4138,-7.3149],[-74.4313,-7.3016],[-74.4444,-7.3071],[-74.4635,-7.2986],[-74.4705,-7.2773],[-74.4714,-7.2762]]]}},{"type":"Feature","id":"2502","properties":{"ubigeo":"2502","nombre_departamento":"ucayali","nombre_provincia":"atalaya","nombre_distrito":"","capital":"atalaya"},"geometry":{"type":"Polygon","coordinates":[[[-73.1815,-9.4117],[-73.2008,-9.4122],[-73.1912,-9.4266],[-73.2046,-9.4444],[-73.1936,-9.4629],[-73.2075,-9.4813],[-73.1896,-9.5268],[-73.2029,-9.5456],[-73.2001,-9.5684],[-73.2134,-9.5763],[-73.2252,-9.6351],[-73.2149,-9.6485],[-73.2189,-9.663],[-73.2355,-9.656],[-73.2728,-9.6643],[-73.2676,-9.6789],[-73.2766,-9.6842],[-73.243,-9.7304],[-73.2386,-9.7874],[-73.2178,-9.8275],[-73.2279,-9.8478],[-73.2094,-9.8536],[-73.1985,-9.8702],[-73.1645,-9.8636],[-73.1007,-9.8767],[-73.0974,-9.89],[-73.114,-9.9028],[-73.1115,-9.9202],[-73.0666,-9.9714],[-73.0799,-9.9884],[-73.0985,-9.9871],[-73.103,-10.0107],[-73.1519,-10.038],[-73.1795,-10.0939],[-73.1948,-10.0791],[-73.197,-10.0476],[-73.1872,-10.0183],[-73.2187,-10.0002],[-73.2214,-9.9722],[-73.268,-9.9523],[-73.3092,-9.893],[-73.3704,-9.8616],[-73.3726,-9.8252],[-73.4593,-9.7956],[-73.4694,-9.7508],[-73.5363,-9.7096],[-73.5687,-9.6583],[-73.6092,-9.6444],[-73.6414,-9.5923],[-73.6653,-9.572],[-73.6604,-9.5461],[-73.6905,-9.5277],[-73.7434,-9.5403],[-73.7648,-9.5309],[-73.8172,-9.5296],[-73.8755,-9.5966],[-73.9598,-9.6108],[-73.9858,-9.6352],[-74.0494,-9.6569],[-74.0695,-9.6866],[-74.0658,-9.7055],[-74.1038,-9.7123],[-74.1444,-9.7046],[-74.186,-9.7653],[-74.2534,-9.7717],[-74.2877,-9.7901],[-74.2955,-9.8065],[-74.317,-9.8016],[-74.3385,-9.866],[-74.3692,-9.8466],[-74.3759,-9.871],[-74.3593,-9.8959],[-74.4123,-9.954],[-74.4246,-9.9853],[-74.4124,-10.0082],[-74.4188,-10.0257],[-74.4043,-10.0506],[-74.3899,-10.0513],[-74.367,-10.1129],[-74.315,-10.1132],[-74.3029,-10.1648],[-74.2306,-10.1863],[-74.2272,-10.2773],[-74.2344,-10.2954],[-74.2522,-10.3051],[-74.2369,-10.3216],[-74.2627,-10.3637],[-74.242,-10.3832],[-74.2442,-10.4104],[-74.2529,-10.4171],[-74.2393,-10.4412],[-74.2258,-10.4439],[-74.1787,-10.4886],[-74.1823,-10.5033],[-74.1341,-10.5991],[-74.1394,-10.6252],[-74.132,-10.6609],[-74.1386,-10.6707],[-74.1405,-10.6568],[-74.1698,-10.6369],[-74.2297,-10.6346],[-74.2276,-10.6518],[-74.2528,-10.6595],[-74.2589,-10.6804],[-74.2869,-10.6704],[-74.3164,-10.7259],[-74.337,-10.7339],[-74.3503,-10.7547],[-74.3597,-10.7594],[-74.3839,-10.7475],[-74.3744,-10.7886],[-74.3868,-10.8131],[-74.4311,-10.813],[-74.4673,-10.8367],[-74.4827,-10.8354],[-74.4919,-10.8446],[-74.4845,-10.8559],[-74.4871,-10.889],[-74.5067,-10.8995],[-74.548,-10.891],[-74.5692,-10.904],[-74.57,-10.9152],[-74.5084,-10.9503],[-74.4965,-11.0002],[-74.4503,-11.0019],[-74.3732,-11.0566],[-74.3416,-11.0548],[-74.3164,-11.0367],[-74.2815,-11.0331],[-74.2564,-11.0182],[-74.2028,-11.021],[-74.1909,-10.986],[-74.1557,-10.9988],[-74.1029,-10.9864],[-74.0614,-10.9957],[-74.0072,-10.9913],[-73.9788,-11.069],[-73.9837,-11.0924],[-73.9759,-11.1255],[-73.9546,-11.1504],[-73.9165,-11.1431],[-73.8906,-11.1697],[-73.8631,-11.1691],[-73.8527,-11.1643],[-73.8656,-11.0987],[-73.8622,-10.9788],[-73.8557,-10.957],[-73.8237,-10.9216],[-73.8267,-10.9114],[-73.813,-10.8892],[-73.8222,-10.8361],[-73.8142,-10.7999],[-73.7869,-10.7941],[-73.7784,-10.7745],[-73.782,-10.7506],[-73.7421,-10.734],[-73.7317,-10.7538],[-73.668,-10.7911],[-73.6666,-10.8026],[-73.6104,-10.8466],[-73.5609,-10.8593],[-73.5726,-10.9545],[-73.5588,-10.975],[-73.553,-11.0141],[-73.541,-11.0221],[-73.5426,-11.0474],[-73.4826,-11.0652],[-73.4711,-11.0885],[-73.4668,-11.1191],[-73.4752,-11.1284],[-73.4498,-11.2368],[-73.4632,-11.2844],[-73.4592,-11.3009],[-73.4841,-11.3185],[-73.4795,-11.354],[-73.4679,-11.3437],[-73.4498,-11.3681],[-73.4149,-11.3869],[-73.3863,-11.3713],[-73.3787,-11.3507],[-73.353,-11.3342],[-73.3417,-11.311],[-73.256,-11.3125],[-73.206,-11.2902],[-73.1317,-11.2939],[-73.0821,-11.2733],[-73.065,-11.2844],[-73.0256,-11.2642],[-73.0157,-11.2314],[-72.9771,-11.2123],[-72.9662,-11.2173],[-72.9755,-11.2244],[-72.9679,-11.2662],[-72.9559,-11.2634],[-72.9356,-11.2908],[-72.9528,-11.2933],[-72.9556,-11.3046],[-72.9325,-11.3073],[-72.9404,-11.3227],[-72.9444,-11.3099],[-72.9595,-11.3142],[-72.9509,-11.3246],[-72.9649,-11.3295],[-72.9617,-11.3349],[-72.9495,-11.3305],[-72.9447,-11.3399],[-72.9244,-11.3274],[-72.9328,-11.3504],[-72.9209,-11.3554],[-72.9264,-11.3483],[-72.9199,-11.3436],[-72.8947,-11.3583],[-72.8904,-11.3432],[-72.8771,-11.3643],[-72.8592,-11.3554],[-72.834,-11.3743],[-72.8425,-11.3868],[-72.8227,-11.3896],[-72.8162,-11.3751],[-72.7997,-11.3856],[-72.797,-11.3644],[-72.7895,-11.3686],[-72.795,-11.3846],[-72.7633,-11.3716],[-72.7382,-11.3474],[-72.7177,-11.3621],[-72.7124,-11.3474],[-72.7097,-11.3788],[-72.6986,-11.3804],[-72.6923,-11.3957],[-72.6657,-11.3859],[-72.6456,-11.4128],[-72.6342,-11.4051],[-72.6319,-11.4157],[-72.6172,-11.4178],[-72.6243,-11.4256],[-72.6075,-11.4293],[-72.6087,-11.4401],[-72.6011,-11.4184],[-72.5941,-11.4408],[-72.5808,-11.4308],[-72.5818,-11.4391],[-72.5537,-11.4321],[-72.5471,-11.4483],[-72.5488,-11.4369],[-72.5363,-11.4348],[-72.5337,-11.4248],[-72.5342,-11.4385],[-72.516,-11.4307],[-72.5178,-11.4177],[-72.5072,-11.4207],[-72.499,-11.395],[-72.4931,-11.404],[-72.4811,-11.3876],[-72.449,-11.3858],[-72.4498,-11.3715],[-72.4251,-11.3685],[-72.4236,-11.3552],[-72.4034,-11.3571],[-72.3993,-11.3432],[-72.3871,-11.3477],[-72.3812,-11.334],[-72.361,-11.3339],[-72.3383,-11.3171],[-72.315,-11.3218],[-72.3077,-11.307],[-72.2838,-11.3169],[-72.2801,-11.3396],[-72.255,-11.3299],[-72.246,-11.3462],[-72.2046,-11.3474],[-72.2189,-11.2969],[-72.1994,-11.2642],[-72.1994,-11.1978],[-72.1865,-11.1849],[-72.2068,-11.1723],[-72.1939,-11.1567],[-72.1879,-11.1637],[-72.1843,-11.1555],[-72.1765,-11.1591],[-72.167,-11.1422],[-72.1353,-11.1357],[-72.1214,-11.122],[-72.1214,-11.1071],[-72.1518,-11.0864],[-72.1833,-11.0926],[-72.1825,-11.0578],[-72.1931,-11.0497],[-72.1744,-11.0324],[-72.1852,-11.0089],[-72.2163,-11.0131],[-72.24,-10.9835],[-72.2621,-10.9717],[-72.3159,-10.9828],[-72.398,-10.9327],[-72.4008,-10.9159],[-72.419,-10.9063],[-72.4297,-10.886],[-72.4372,-10.8426],[-72.4723,-10.8171],[-72.4843,-10.7922],[-72.4814,-10.7676],[-72.4668,-10.7505],[-72.4669,-10.7163],[-72.4458,-10.6383],[-72.4061,-10.6495],[-72.3879,-10.5947],[-72.3923,-10.5745],[-72.3788,-10.5477],[-72.4094,-10.5163],[-72.4644,-10.509],[-72.4277,-10.4896],[-72.4198,-10.4723],[-72.4233,-10.4439],[-72.4772,-10.3787],[-72.4652,-10.3472],[-72.4782,-10.331],[-72.4724,-10.2998],[-72.4447,-10.255],[-72.4189,-10.2334],[-72.3681,-10.2135],[-72.3645,-10.2005],[-72.3343,-10.1782],[-72.2425,-10.1888],[-72.2294,-10.1631],[-72.1557,-10.164],[-72.1427,-10.1395],[-72.1411,-10.0905],[-72.1629,-10.0761],[-72.19,-10.0075],[-72.1772,-9.9855],[-72.1499,-9.966],[-72.162,-9.9536],[-72.1558,-9.9422],[-72.1744,-9.9316],[-72.1359,-9.8749],[-72.1482,-9.8722],[-72.1543,-9.8353],[-72.1628,-9.8304],[-72.1514,-9.7973],[-72.1869,-9.7782],[-72.2149,-9.7788],[-72.2456,-9.7508],[-72.263,-9.7509],[-72.2454,-9.6587],[-72.2596,-9.6457],[-72.2531,-9.6158],[-72.2684,-9.6208],[-72.2883,-9.6028],[-72.2813,-9.5423],[-72.2982,-9.5331],[-72.3186,-9.5438],[-72.3425,-9.5205],[-72.3405,-9.5069],[-72.367,-9.4897],[-72.3781,-9.4952],[-72.4075,-9.4772],[-72.4265,-9.4857],[-72.4405,-9.477],[-72.4546,-9.4898],[-72.4881,-9.4795],[-72.5195,-9.4913],[-72.5421,-9.467],[-72.5613,-9.4725],[-72.5678,-9.46],[-72.5773,-9.4642],[-72.5768,-9.4559],[-72.62,-9.4535],[-72.6278,-9.4424],[-72.655,-9.452],[-72.6826,-9.4335],[-72.6951,-9.4394],[-72.6989,-9.4292],[-72.7116,-9.43],[-72.7163,-9.4122],[-73.1347,-9.4118],[-73.1815,-9.4117]]]}},{"type":"Feature","id":"2503","properties":{"ubigeo":"2503","nombre_departamento":"ucayali","nombre_provincia":"padre abad","nombre_distrito":"","capital":"aguaytia"},"geometry":{"type":"Polygon","coordinates":[[[-75.4366,-8.23],[-75.4551,-8.2107],[-75.4717,-8.2526],[-75.5029,-8.2894],[-75.4913,-8.3121],[-75.4938,-8.3287],[-75.5101,-8.3348],[-75.4988,-8.3459],[-75.4827,-8.3455],[-75.4772,-8.3864],[-75.4196,-8.4515],[-75.4576,-8.4498],[-75.477,-8.4354],[-75.5108,-8.432],[-75.5273,-8.44],[-75.5464,-8.4324],[-75.5723,-8.4446],[-75.5835,-8.4412],[-75.5977,-8.4129],[-75.6181,-8.4083],[-75.6873,-8.4233],[-75.7072,-8.4437],[-75.7165,-8.4869],[-75.7845,-8.4943],[-75.7834,-8.5052],[-75.7992,-8.5122],[-75.7822,-8.5254],[-75.7783,-8.5464],[-75.7951,-8.593],[-75.8177,-8.6173],[-75.8168,-8.636],[-75.8337,-8.6522],[-75.8913,-8.6602],[-75.9478,-8.7207],[-75.9216,-8.7808],[-75.9279,-8.8445],[-75.9105,-8.8963],[-75.9013,-8.8982],[-75.8838,-8.9727],[-75.8945,-8.9837],[-75.8915,-9.003],[-75.86,-9.0501],[-75.8379,-9.0619],[-75.8379,-9.0849],[-75.825,-9.0901],[-75.8215,-9.119],[-75.8025,-9.1518],[-75.7961,-9.2027],[-75.7751,-9.2197],[-75.7638,-9.2171],[-75.764,-9.2378],[-75.7202,-9.2772],[-75.7057,-9.3363],[-75.6886,-9.3494],[-75.695,-9.3639],[-75.6715,-9.3849],[-75.669,-9.4184],[-75.6167,-9.4141],[-75.6114,-9.4061],[-75.6007,-9.4138],[-75.4936,-9.377],[-75.4563,-9.325],[-75.452,-9.2963],[-75.4185,-9.2926],[-75.3722,-9.3102],[-75.3495,-9.3045],[-75.3341,-9.2888],[-75.3139,-9.3021],[-75.3043,-9.297],[-75.2723,-9.268],[-75.2719,-9.2334],[-75.2422,-9.2209],[-75.2119,-9.1764],[-75.2413,-9.1011],[-75.2065,-9.1013],[-75.2049,-9.0803],[-75.1947,-9.0731],[-75.2012,-9.0638],[-75.1624,-9.034],[-75.1757,-9.0247],[-75.1739,-9.0116],[-75.1568,-9.0103],[-75.1543,-8.9991],[-75.1392,-8.9995],[-75.1376,-8.9884],[-75.1198,-8.9836],[-75.1201,-8.9607],[-75.1348,-8.946],[-75.1084,-8.9223],[-75.1226,-8.881],[-75.0729,-8.8731],[-75.0647,-8.8823],[-75.0224,-8.8585],[-74.9888,-8.8715],[-74.9545,-8.8636],[-74.9659,-8.8085],[-74.9463,-8.7798],[-74.9415,-8.7216],[-74.9668,-8.6658],[-74.9392,-8.5923],[-74.9774,-8.5232],[-74.9991,-8.5055],[-75.0137,-8.4492],[-75.025,-8.4426],[-75.0298,-8.4163],[-75.0125,-8.4068],[-75.0162,-8.3929],[-75.004,-8.3825],[-75.0266,-8.3629],[-75.0404,-8.3126],[-75.0814,-8.2739],[-75.1105,-8.2655],[-75.1299,-8.2655],[-75.132,-8.2732],[-75.1726,-8.2671],[-75.203,-8.2573],[-75.2178,-8.2401],[-75.2417,-8.2427],[-75.2722,-8.2635],[-75.3911,-8.2362],[-75.4168,-8.2434],[-75.4365,-8.23],[-75.4366,-8.23]]]}},{"type":"Feature","id":"2504","properties":{"ubigeo":"2504","nombre_departamento":"ucayali","nombre_provincia":"purus","nombre_distrito":"","capital":"puerto esperanza"},"geometry":{"type":"Polygon","coordinates":[[[-70.6138,-9.8734],[-70.6231,-9.8199],[-70.6082,-9.8011],[-70.5909,-9.803],[-70.5778,-9.7778],[-70.5596,-9.7895],[-70.5459,-9.7788],[-70.5252,-9.715],[-70.5426,-9.6799],[-70.5666,-9.6674],[-70.5847,-9.6408],[-70.5982,-9.6076],[-70.588,-9.5983],[-70.5856,-9.5756],[-70.5992,-9.5561],[-70.5891,-9.5489],[-70.5875,-9.5673],[-70.5553,-9.5719],[-70.5563,-9.5608],[-70.5691,-9.5543],[-70.564,-9.5407],[-70.5706,-9.5329],[-70.5421,-9.5377],[-70.5443,-9.5141],[-70.531,-9.5155],[-70.5315,-9.5035],[-70.5219,-9.5055],[-70.5137,-9.4928],[-70.5057,-9.5046],[-70.5249,-9.4612],[-70.5048,-9.4633],[-70.5116,-9.4477],[-70.4959,-9.4409],[-70.4967,-9.4249],[-70.5105,-9.4247],[-70.526,-9.4383],[-70.5267,-9.4289],[-70.5385,-9.4384],[-70.5465,-9.4279],[-70.5497,-9.4357],[-70.5619,-9.43],[-70.5708,-9.4404],[-70.5958,-9.4425],[-70.5964,-9.4591],[-70.6115,-9.4574],[-70.616,-9.4761],[-70.6233,-9.4706],[-70.6319,-9.4802],[-70.6358,-9.5016],[-70.653,-9.5003],[-70.6632,-9.526],[-70.6661,-9.5194],[-70.6797,-9.5345],[-70.7148,-9.5471],[-70.7298,-9.5703],[-70.7383,-9.559],[-70.7507,-9.5604],[-70.7572,-9.6043],[-70.7678,-9.6007],[-70.7657,-9.607],[-70.7861,-9.6143],[-70.7933,-9.6385],[-70.8361,-9.6432],[-70.8382,-9.6564],[-70.8685,-9.6648],[-70.9238,-9.7413],[-70.9634,-9.7489],[-70.9924,-9.795],[-70.9939,-9.8172],[-71.0512,-9.8158],[-71.1022,-9.8532],[-71.1397,-9.857],[-71.1712,-9.8905],[-71.1926,-9.9418],[-71.2205,-9.9697],[-71.2532,-9.9629],[-71.254,-9.9766],[-71.2911,-9.9819],[-71.2982,-9.9922],[-71.3124,-9.9916],[-71.3428,-9.9668],[-71.3501,-9.9852],[-71.36,-9.9837],[-71.375,-10.0001],[-72.181,-9.9998],[-72.1892,-10.0221],[-72.1629,-10.0761],[-72.1411,-10.0905],[-72.1427,-10.1395],[-72.1565,-10.165],[-72.2294,-10.1631],[-72.2425,-10.1888],[-72.3343,-10.1782],[-72.3645,-10.2005],[-72.3681,-10.2135],[-72.4189,-10.2334],[-72.4447,-10.255],[-72.4724,-10.2998],[-72.4782,-10.3316],[-72.4651,-10.3495],[-72.4772,-10.3787],[-72.4233,-10.4439],[-72.4197,-10.4736],[-72.4277,-10.4896],[-72.4644,-10.509],[-72.4094,-10.5163],[-72.3788,-10.5477],[-72.3923,-10.5745],[-72.3879,-10.5947],[-72.4061,-10.6495],[-72.4458,-10.6383],[-72.4669,-10.7163],[-72.4668,-10.7505],[-72.4839,-10.7809],[-72.4723,-10.8171],[-72.4372,-10.8426],[-72.4214,-10.903],[-72.3718,-10.9536],[-72.3126,-10.9835],[-72.2621,-10.9717],[-72.2137,-11.0137],[-72.1852,-11.0089],[-72.1735,-10.9955],[-72.1582,-11.0053],[-72.1279,-10.9798],[-72.125,-10.9956],[-72.1047,-10.9929],[-72.0544,-11.0111],[-72.0437,-10.9969],[-72.0108,-10.9877],[-71.9384,-11.0039],[-71.9233,-10.9961],[-71.847,-10.9957],[-71.8285,-11.0119],[-71.809,-10.9938],[-71.7802,-10.9878],[-71.7511,-10.9938],[-71.7293,-10.9837],[-71.716,-10.9978],[-71.7017,-10.9738],[-71.6936,-10.9797],[-71.6807,-10.9716],[-71.6617,-10.9832],[-71.5589,-10.9648],[-71.532,-10.9521],[-71.5081,-10.9661],[-71.4725,-10.9537],[-71.3552,-10.9506],[-71.3361,-10.9168],[-71.3173,-10.9096],[-71.3083,-10.8778],[-71.2947,-10.8763],[-71.2727,-10.8528],[-71.2587,-10.7849],[-71.2216,-10.7767],[-71.2289,-10.765],[-71.2187,-10.7602],[-71.2246,-10.7307],[-71.2155,-10.7149],[-71.2313,-10.6852],[-71.2063,-10.6522],[-71.2208,-10.6367],[-71.1962,-10.5799],[-71.1653,-10.5696],[-71.1646,-10.5313],[-71.1468,-10.531],[-71.1285,-10.5047],[-71.0785,-10.5014],[-71.0245,-10.4782],[-71.0006,-10.4422],[-71.005,-10.4308],[-70.9584,-10.3896],[-70.968,-10.3356],[-70.8895,-10.3351],[-70.874,-10.3007],[-70.8808,-10.262],[-70.8669,-10.253],[-70.8032,-10.2512],[-70.7507,-10.191],[-70.7064,-10.1614],[-70.7082,-10.1368],[-70.6982,-10.118],[-70.6499,-10.0795],[-70.6445,-10.0687],[-70.66,-10.0515],[-70.6521,-10.0401],[-70.6723,-10.0231],[-70.6569,-9.9997],[-70.6676,-9.9707],[-70.6485,-9.9516],[-70.6509,-9.932],[-70.6335,-9.899],[-70.6395,-9.8844],[-70.6214,-9.8781],[-70.6138,-9.8734]]]}}]}